ImageId,EncodedPixels
0114f484a16c152baa2d82fdd43740880a762c93f436c8988ac461c5c9dbe7d5,44849 7 45103 11 45358 13 45613 14 45869 15 46124 16 46380 15 46636 15 46893 13 47149 11 47406 9 47664 5
0114f484a16c152baa2d82fdd43740880a762c93f436c8988ac461c5c9dbe7d5,50023 8 50278 10 50532 13 50787 15 51042 16 51297 18 51553 18 51808 19 52064 19 52319 20 52575 19 52832 18 53088 17 53345 15 53601 14 53858 12 54115 9 54373 4
0114f484a16c152baa2d82fdd43740880a762c93f436c8988ac461c5c9dbe7d5,10891 7 11146 9 11400 12 11655 13 11910 15 12166 15 12421 15 12677 15 12932 15 13188 15 13444 14 13700 13 13957 11 14213 10 14470 8 14727 5
0114f484a16c152baa2d82fdd43740880a762c93f436c8988ac461c5c9dbe7d5,31376 6 31629 11 31883 14 32138 16 32393 17 32648 19 32903 20 33159 20 33414 21 33670 21 33926 20 34182 20 34438 19 34695 16 34951 15 35208 13 35465 10 35722 8
0114f484a16c152baa2d82fdd43740880a762c93f436c8988ac461c5c9dbe7d5,51350 2 51605 2 51860 3 52115 4 52370 5 52626 6 52881 7 53137 7 53392 8 53648 9 53904 9 54160 11 54417 9 54673 8 54931 4
0114f484a16c152baa2d82fdd43740880a762c93f436c8988ac461c5c9dbe7d5,50841 6 51096 8 51352 8 51607 10 51863 10 52119 10 52375 9 52632 8 52888 7 53144 7 53400 6 53657 4 53913 3
0114f484a16c152baa2d82fdd43740880a762c93f436c8988ac461c5c9dbe7d5,31133 4 31388 6 31644 6 31900 7 32156 7 32410 1 32412 7 32669 6 32925 5 33182 3
0114f484a16c152baa2d82fdd43740880a762c93f436c8988ac461c5c9dbe7d5,38309 3 38564 5 38819 7 39073 10 39326 13 39582 14 39837 14 40093 14 40348 15 40604 15 40861 13 41117 13 41374 11 41630 11 41887 9 42144 7 42401 4
0999dab07b11bc85fb8464fc36c947fbd8b5d6ec49817361cb780659ca805eac,45057 2 45313 3 45569 4 45825 4 46081 5 46337 5 46593 5 46849 5 47105 6 47361 6 47617 6 47873 5 48129 5 48385 4 48641 4 48897 5 49153 5 49409 5 49665 6 49921 6 50177 6 50433 5 50689 5 50945 4 51201 4 51457 3 51713 3
0999dab07b11bc85fb8464fc36c947fbd8b5d6ec49817361cb780659ca805eac,7431 4 7686 5 7942 6 8197 6 8453 6 8709 8 8965 8 9222 8 9478 7 9735 6 9993 3
0999dab07b11bc85fb8464fc36c947fbd8b5d6ec49817361cb780659ca805eac,23050 4 23304 7 23559 8 23814 10 24070 10 24325 11 24581 12 24837 12 25093 11 25350 10 25606 9 25863 7 26121 3
0999dab07b11bc85fb8464fc36c947fbd8b5d6ec49817361cb780659ca805eac,3342 1 3597 2 3853 2 4107 3 4363 3
0999dab07b11bc85fb8464fc36c947fbd8b5d6ec49817361cb780659ca805eac,2065 1 2320 2 2576 2 2832 1 3087 2 3343 1 3599 1
0999dab07b11bc85fb8464fc36c947fbd8b5d6ec49817361cb780659ca805eac,45327 7 45582 9 45838 10 46093 11 46349 12 46604 13 46860 13 47116 13 47372 13 47629 12 47885 11 48142 2 48150 2 48398 1 48406 1
0999dab07b11bc85fb8464fc36c947fbd8b5d6ec49817361cb780659ca805eac,48144 6 48399 7 48655 8 48910 9 49166 10 49421 11 49677 12 49932 13 50188 13 50444 13 50701 12 50957 12 51213 11 51470 10 51726 9 51983 6 52241 3
0999dab07b11bc85fb8464fc36c947fbd8b5d6ec49817361cb780659ca805eac,24602 1 24857 2 25113 2 25368 3 25624 3 25880 4 26136 4 26392 5 26649 4
0999dab07b11bc85fb8464fc36c947fbd8b5d6ec49817361cb780659ca805eac,23583 7 23839 8 24094 9 24350 10 24607 9 24863 8 25119 8 25375 7 25631 6 25888 4 26144 3
0999dab07b11bc85fb8464fc36c947fbd8b5d6ec49817361cb780659ca805eac,7200 3 7456 4 7711 7 7967 8 8223 8 8479 9 8735 9 8991 9 9247 8 9504 7 9760 5
0999dab07b11bc85fb8464fc36c947fbd8b5d6ec49817361cb780659ca805eac,27686 5 27940 10 28195 12 28450 13 28705 15 28961 15 29216 16 29472 15 29729 14 29985 13 30243 9
0999dab07b11bc85fb8464fc36c947fbd8b5d6ec49817361cb780659ca805eac,3107 9 3362 12 3618 13 3873 14 4129 15 4385 15 4642 13 4898 13 5155 11 5413 7
0999dab07b11bc85fb8464fc36c947fbd8b5d6ec49817361cb780659ca805eac,10537 3 10792 6 11047 7 11302 9 11558 9 11813 9 12069 9 12324 10 12579 11 12834 11 13090 11 13345 12 13602 10 13858 10 14115 8 14371 7 14629 4
0999dab07b11bc85fb8464fc36c947fbd8b5d6ec49817361cb780659ca805eac,18724 5 18979 7 19234 9 19490 10 19745 11 20001 6 20012 1 20258 3 20514 3
0999dab07b11bc85fb8464fc36c947fbd8b5d6ec49817361cb780659ca805eac,20007 5 20261 8 20517 8 20772 10 21029 9 21285 9 21542 9 21798 9 22055 7 22311 7 22568 5 22825 3
0999dab07b11bc85fb8464fc36c947fbd8b5d6ec49817361cb780659ca805eac,42 11 298 12 554 11 811 10 1068 8 1325 5
0999dab07b11bc85fb8464fc36c947fbd8b5d6ec49817361cb780659ca805eac,15916 3 16171 5 16426 6 16682 6 16938 6 17195 5 17451 4
0999dab07b11bc85fb8464fc36c947fbd8b5d6ec49817361cb780659ca805eac,31790 3 32044 7 32299 9 32554 11 32810 11 33065 13 33321 13 33576 14 33832 15 34088 15 34344 15 34601 13 34857 13 35114 12 35370 11 35627 10 35883 9 36140 7 36397 5
0999dab07b11bc85fb8464fc36c947fbd8b5d6ec49817361cb780659ca805eac,60718 3 60972 6 61228 7 61483 9 61739 10 61994 11 62250 12 62505 13 62761 13 63016 14 63272 14 63529 13 63785 13 64041 13 64298 11 64554 11 64811 9 65068 7 65325 5
0999dab07b11bc85fb8464fc36c947fbd8b5d6ec49817361cb780659ca805eac,64065 1 64319 5 64574 8 64829 9 65085 10 65341 10
0999dab07b11bc85fb8464fc36c947fbd8b5d6ec49817361cb780659ca805eac,64 3 319 5 574 7 830 8 1085 10 1341 10 1596 12 1852 12 2108 13 2364 14 2621 13 2877 14 3134 13 3391 12 3647 12 3904 10 4162 8 4419 6
0999dab07b11bc85fb8464fc36c947fbd8b5d6ec49817361cb780659ca805eac,6979 4 7233 7 7488 9 7743 11 7998 10 8254 10 8509 10 8765 10 9021 10 9276 10 9532 10 9788 10 10044 9 10301 9 10557 8 10814 6 11071 4
0999dab07b11bc85fb8464fc36c947fbd8b5d6ec49817361cb780659ca805eac,7755 6 8008 11 8264 11 8519 13 8775 13 9031 14 9286 15 9542 15 9798 14 10053 15 10310 14 10566 13 10823 12 11079 11 11336 9 11593 6 11850 4
0999dab07b11bc85fb8464fc36c947fbd8b5d6ec49817361cb780659ca805eac,22335 4 22590 6 22845 8 23101 8 23356 9 23612 9 23868 10 24124 10 24381 9 24637 9 24894 9 25150 9 25407 11 25664 9 25921 8 26178 6
0999dab07b11bc85fb8464fc36c947fbd8b5d6ec49817361cb780659ca805eac,21578 4 21832 8 22087 10 22343 11 22598 13 22854 13 23109 15 23365 15 23621 15 23878 15 24134 15 24390 15 24646 15 24903 13 25159 13 25419 8 25676 5
0999dab07b11bc85fb8464fc36c947fbd8b5d6ec49817361cb780659ca805eac,28740 4 28994 8 29249 9 29504 11 29759 12 30014 13 30270 13 30525 13 30781 13 31036 13 31292 13 31548 12 31804 12 32061 10 32317 9 32574 8 32830 7 33088 3
0999dab07b11bc85fb8464fc36c947fbd8b5d6ec49817361cb780659ca805eac,39231 5 39485 8 39741 9 39996 11 40252 11 40508 12 40764 13 41020 13 41276 14 41533 13 41789 13 42046 12 42303 10 42560 9 42817 7
0999dab07b11bc85fb8464fc36c947fbd8b5d6ec49817361cb780659ca805eac,54594 6 54848 9 55102 11 55358 12 55613 13 55869 13 56124 13 56380 13 56636 12 56892 12 57148 11 57405 10 57661 9 57918 7 58175 4
0999dab07b11bc85fb8464fc36c947fbd8b5d6ec49817361cb780659ca805eac,14404 6 14659 8 14914 10 15169 11 15424 13 15679 14 15935 14 16190 15 16446 15 16702 15 16958 15 17215 14 17471 14 17728 13 17984 12 18241 11 18498 9 18756 6 19013 4
0999dab07b11bc85fb8464fc36c947fbd8b5d6ec49817361cb780659ca805eac,43849 3 44101 6 44356 7 44611 7 44867 7 45122 8 45378 8 45634 8 45891 7 46147 7 46404 7 46662 5
0999dab07b11bc85fb8464fc36c947fbd8b5d6ec49817361cb780659ca805eac,44107 6 44363 8 44618 10 44874 10 45130 11 45386 11 45642 11 45898 10 46154 10 46411 7 46667 6
0999dab07b11bc85fb8464fc36c947fbd8b5d6ec49817361cb780659ca805eac,50505 7 50757 13 51011 16 51267 17 51522 18 51778 19 52034 19 52290 18 52547 17 52803 16 53060 14 53318 10
0999dab07b11bc85fb8464fc36c947fbd8b5d6ec49817361cb780659ca805eac,38481 5 38734 8 38989 10 39244 11 39500 13 39755 15 40011 18 40268 17 40524 17 40781 15 41037 15 41294 13 41551 11 41809 8
0999dab07b11bc85fb8464fc36c947fbd8b5d6ec49817361cb780659ca805eac,36187 3 36441 7 36696 9 36952 10 37207 11 37463 12 37719 12 37975 13 38231 13 38486 13 38742 13 38999 11 39255 11 39513 8 39770 4
0999dab07b11bc85fb8464fc36c947fbd8b5d6ec49817361cb780659ca805eac,55378 6 55632 9 55887 12 56142 13 56397 15 56652 16 56908 17 57163 18 57419 18 57675 15 57932 13 58188 11 58446 9 58703 7 58963 3
0999dab07b11bc85fb8464fc36c947fbd8b5d6ec49817361cb780659ca805eac,57690 5 57945 8 58199 11 58455 11 58710 13 58966 13 59223 12 59479 12 59735 12 59991 11 60248 10 60504 9 60761 8 61018 5
0999dab07b11bc85fb8464fc36c947fbd8b5d6ec49817361cb780659ca805eac,15443 1 15699 2 15954 3 16210 6 16465 12 16721 11 16977 12 17234 6 17490 3 17747 2 18003 1
0999dab07b11bc85fb8464fc36c947fbd8b5d6ec49817361cb780659ca805eac,13401 4 13656 7 13911 8 14166 10 14422 10 14677 11 14933 11 15188 12 15444 11 15701 10 15957 9 16216 5
0999dab07b11bc85fb8464fc36c947fbd8b5d6ec49817361cb780659ca805eac,17240 5 17493 9 17749 10 18004 11 18260 12 18517 11 18773 11 19030 10 19286 9 19543 8 19800 6 20057 4
0999dab07b11bc85fb8464fc36c947fbd8b5d6ec49817361cb780659ca805eac,86 11 342 12 598 13 853 14 1109 15 1365 15 1622 14 1878 13 2135 12 2392 10 2649 8 2907 4
0999dab07b11bc85fb8464fc36c947fbd8b5d6ec49817361cb780659ca805eac,30554 6 30809 9 31063 12 31319 12 31574 14 31830 14 32085 15 32341 14 32597 14 32854 12 33110 11 33367 8
0999dab07b11bc85fb8464fc36c947fbd8b5d6ec49817361cb780659ca805eac,63833 3 64087 9 64342 11 64598 13 64853 14 65109 15 65365 15
0999dab07b11bc85fb8464fc36c947fbd8b5d6ec49817361cb780659ca805eac,38248 3 38502 7 38757 9 39013 10 39268 12 39524 13 39780 14 40036 14 40292 15 40548 15 40805 15 41061 15 41318 14 41575 12 41832 11 42089 9 42346 7 42604 4
0999dab07b11bc85fb8464fc36c947fbd8b5d6ec49817361cb780659ca805eac,54891 5 55146 8 55401 9 55656 11 55911 12 56166 13 56421 14 56677 14 56932 15 57188 14 57444 14 57700 13 57956 12 58213 10 58469 9 58726 7 58983 5
0999dab07b11bc85fb8464fc36c947fbd8b5d6ec49817361cb780659ca805eac,105 11 361 11 617 11 874 9 1130 9 1387 6 1645 2
0999dab07b11bc85fb8464fc36c947fbd8b5d6ec49817361cb780659ca805eac,4970 7 5225 10 5480 12 5736 13 5991 14 6247 15 6504 14 6760 14 7017 13 7273 12 7530 11 7787 9 8043 8 8301 5
0999dab07b11bc85fb8464fc36c947fbd8b5d6ec49817361cb780659ca805eac,25197 5 25452 7 25707 9 25962 10 26218 11 26473 12 26729 13 26984 14 27240 14 27496 13 27752 13 28009 11 28265 10 28522 7
0999dab07b11bc85fb8464fc36c947fbd8b5d6ec49817361cb780659ca805eac,31853 3 32107 6 32362 8 32618 9 32873 10 33129 11 33384 12 33640 12 33896 13 34152 13 34408 13 34664 13 34920 13 35176 12 35432 12 35688 12 35945 11 36201 10 36458 9 36714 8 36971 6 37228 3
0999dab07b11bc85fb8464fc36c947fbd8b5d6ec49817361cb780659ca805eac,60268 4 60523 6 60778 8 61034 9 61289 10 61545 11 61800 12 62056 12 62312 1 62323 1 62568 1 62579 1
0999dab07b11bc85fb8464fc36c947fbd8b5d6ec49817361cb780659ca805eac,62313 10 62569 10 62824 12 63081 11 63337 11 63593 11 63849 11 64105 11 64361 10 64617 10 64874 8 65130 8 65387 6
0999dab07b11bc85fb8464fc36c947fbd8b5d6ec49817361cb780659ca805eac,12918 3 13172 7 13427 10 13682 12 13938 12 14193 14 14449 14 14705 15 14960 16 15216 16 15471 17 15727 17 15983 17 16239 1 16254 2 16495 1 16510 1
0999dab07b11bc85fb8464fc36c947fbd8b5d6ec49817361cb780659ca805eac,16240 14 16496 14 16751 16 17007 16 17263 17 17519 17 17775 17 18032 16 18288 16 18545 15 18801 15 19057 14 19314 13 19570 12 19827 10 20083 9 20340 7
0999dab07b11bc85fb8464fc36c947fbd8b5d6ec49817361cb780659ca805eac,44413 5 44668 7 44923 9 45178 10 45433 12 45687 14 45941 16 46197 16 46452 18 46708 21 46963 24 47219 25 47475 26 47732 26 47988 26 48245 26 48502 25 48759 24 49014 25 49269 25 49524 26 49780 25 50035 26 50291 24 50547 22 50804 19 51060 17 51317 16 51574 15 51832 13 52089 12 52346 10 52603 9 52860 7 53118 3
0999dab07b11bc85fb8464fc36c947fbd8b5d6ec49817361cb780659ca805eac,6268 4 6522 8 6777 10 7033 11 7288 12 7544 13 7799 14 8055 14 8311 13 8566 14 8822 13 9078 12 9335 10 9591 9 9848 6
0999dab07b11bc85fb8464fc36c947fbd8b5d6ec49817361cb780659ca805eac,23417 4 23671 8 23927 9 24182 11 24438 12 24694 13 24950 14 25207 13 25463 14 25719 14 25976 13 26232 12 26489 11 26746 9 27003 6
0999dab07b11bc85fb8464fc36c947fbd8b5d6ec49817361cb780659ca805eac,36988 4 37242 8 37497 11 37753 12 38008 14 38264 15 38520 15 38776 16 39033 15 39289 15 39546 13 39803 12 40060 10 40318 6
0999dab07b11bc85fb8464fc36c947fbd8b5d6ec49817361cb780659ca805eac,57214 6 57468 10 57723 11 57978 13 58233 14 58489 14 58744 15 59000 15 59256 14 59513 13 59769 12 60026 10 60283 7
0999dab07b11bc85fb8464fc36c947fbd8b5d6ec49817361cb780659ca805eac,29570 8 29824 12 30079 15 30335 16 30590 18 30846 18 31101 20 31358 19 31614 19 31871 18 32127 17 32384 16 32641 14 32899 10 33159 3
0999dab07b11bc85fb8464fc36c947fbd8b5d6ec49817361cb780659ca805eac,131 8 386 10 642 12 897 14 1152 16 1407 17 1663 18 1918 19 2174 19 2430 18 2686 18 2943 16 3199 15 3456 13 3713 10 3972 4
0999dab07b11bc85fb8464fc36c947fbd8b5d6ec49817361cb780659ca805eac,64388 1 64642 3 64897 4 65152 5 65408 5
0999dab07b11bc85fb8464fc36c947fbd8b5d6ec49817361cb780659ca805eac,64389 3 64645 3 64901 3 65157 3 65413 3
0999dab07b11bc85fb8464fc36c947fbd8b5d6ec49817361cb780659ca805eac,64392 5 64648 6 64904 8 65160 8 65416 8
0999dab07b11bc85fb8464fc36c947fbd8b5d6ec49817361cb780659ca805eac,7054 6 7309 9 7564 11 7819 14 8075 14 8330 16 8586 16 8842 17 9098 17 9354 17 9611 16 9867 16 10124 14 10381 13 10638 11 10896 8
0999dab07b11bc85fb8464fc36c947fbd8b5d6ec49817361cb780659ca805eac,22417 6 22671 9 22925 12 23180 14 23436 14 23691 16 23947 16 24202 17 24458 17 24714 17 24970 16 25227 15 25483 14 25740 12 25997 10 26254 7
0999dab07b11bc85fb8464fc36c947fbd8b5d6ec49817361cb780659ca805eac,35983 6 36238 9 36494 10 36749 13 37005 14 37261 15 37517 15 37773 16 38030 15 38286 14 38543 13 38800 11 39058 7
0999dab07b11bc85fb8464fc36c947fbd8b5d6ec49817361cb780659ca805eac,58514 7 58768 11 59023 13 59278 14 59534 15 59789 15 60045 15 60301 14 60557 13 60813 12 61070 10 61326 8 61583 5
0999dab07b11bc85fb8464fc36c947fbd8b5d6ec49817361cb780659ca805eac,44185 3 44439 7 44694 9 44949 8 45205 8 45460 8 45716 8 45972 7 46228 7 46485 5 46741 5 46998 4 47255 3
0999dab07b11bc85fb8464fc36c947fbd8b5d6ec49817361cb780659ca805eac,49825 2 50073 3 50081 3 50327 6 50336 4 50582 15 50837 16 51093 16 51348 16 51604 16 51860 15 52117 13 52373 12 52630 10 52886 9 53143 7
0999dab07b11bc85fb8464fc36c947fbd8b5d6ec49817361cb780659ca805eac,44957 4 45213 5 45468 7 45724 7 45979 9 46235 9 46490 11 46746 11 47002 11 47258 2 47264 4 47514 1 47522 2 47778 1
0999dab07b11bc85fb8464fc36c947fbd8b5d6ec49817361cb780659ca805eac,47260 4 47515 7 47771 7 48025 10 48281 10 48536 12 48792 11 49049 10 49305 9 49563 7 49820 5 50076 5 50333 3
0999dab07b11bc85fb8464fc36c947fbd8b5d6ec49817361cb780659ca805eac,19871 2 19883 1 20127 2 20139 2 20382 15 20638 16 20894 16 21150 16 21406 16 21662 16 21919 14 22175 14 22432 12 22689 10 22946 8 23205 3
0999dab07b11bc85fb8464fc36c947fbd8b5d6ec49817361cb780659ca805eac,10403 6 10658 9 10913 11 11167 13 11423 14 11678 15 11934 16 12190 16 12445 17 12702 16 12958 16 13215 14 13471 3 13483 2 13728 2 13739 1
0999dab07b11bc85fb8464fc36c947fbd8b5d6ec49817361cb780659ca805eac,13474 9 13730 9 13985 11 14241 11 14495 14 14750 16 15006 16 15261 18 15517 18 15774 16 16030 16 16287 4 16298 3 16545 1 16555 1
0999dab07b11bc85fb8464fc36c947fbd8b5d6ec49817361cb780659ca805eac,16291 7 16546 9 16802 9 17057 11 17311 14 17566 16 17822 16 18077 18 18333 18 18590 16 18846 16 19103 14 19361 11 19616 12 19873 10 20129 10
0999dab07b11bc85fb8464fc36c947fbd8b5d6ec49817361cb780659ca805eac,33959 6 34213 10 34468 12 34723 13 34978 15 35233 16 35488 18 35743 19 35999 18 36254 19 36510 18 36766 18 37022 17 37279 15 37535 13 37792 11 38049 8 38307 3
0999dab07b11bc85fb8464fc36c947fbd8b5d6ec49817361cb780659ca805eac,59298 6 59552 10 59807 13 60063 14 60318 16 60574 17 60830 18 61086 18 61343 18 61599 18 61856 17 62112 17 62369 16 62626 14 62883 13 63140 11 63398 8
0999dab07b11bc85fb8464fc36c947fbd8b5d6ec49817361cb780659ca805eac,40872 5 41126 9 41382 10 41637 12 41893 12 42149 13 42404 14 42660 14 42916 14 43172 14 43428 13 43684 13 43941 11 44197 11 44454 9 44711 7 44968 4
0999dab07b11bc85fb8464fc36c947fbd8b5d6ec49817361cb780659ca805eac,52648 4 52902 8 53157 10 53413 11 53668 12 53924 13 54180 13 54436 13 54692 14 54948 14 55205 13 55461 13 55717 12 55974 11 56230 10 56487 7
0999dab07b11bc85fb8464fc36c947fbd8b5d6ec49817361cb780659ca805eac,4008 4 4262 12 4518 14 4773 16 5029 16 5285 17 5541 17 5798 16 6054 15 6311 14 6567 13 6825 9
0999dab07b11bc85fb8464fc36c947fbd8b5d6ec49817361cb780659ca805eac,26537 8 26792 11 27047 14 27302 15 27558 16 27813 17 28069 17 28325 17 28581 16 28838 15 29094 14 29351 11
0999dab07b11bc85fb8464fc36c947fbd8b5d6ec49817361cb780659ca805eac,47284 5 47539 7 47794 9 48049 10 48305 11 48560 12 48816 12 49072 12 49329 11 49585 10 49842 9 50099 7 50356 5
0999dab07b11bc85fb8464fc36c947fbd8b5d6ec49817361cb780659ca805eac,10424 4 10678 8 10934 10 11189 12 11445 13 11700 15 11956 15 12213 15 12469 15 12725 15 12982 14 13238 14 13495 13 13752 11 14009 10 14267 7 14525 4
0999dab07b11bc85fb8464fc36c947fbd8b5d6ec49817361cb780659ca805eac,19131 6 19385 10 19641 10 19896 12 20151 13 20406 15 20662 15 20917 15 21173 15 21429 14 21685 14 21941 13 22197 12 22454 10 22710 9 22967 7
0999dab07b11bc85fb8464fc36c947fbd8b5d6ec49817361cb780659ca805eac,40889 6 41144 7 41400 7 41655 9 41911 9 42167 11 42423 11 42678 12 42934 12 43190 12 43446 11 43701 12 43957 11 44213 11 44469 10 44726 9 44982 8 45239 5
0999dab07b11bc85fb8464fc36c947fbd8b5d6ec49817361cb780659ca805eac,52407 5 52662 7 52918 8 53173 10 53429 11 53685 11 53942 11 54198 5 54454 1 54465 1 54710 1
0999dab07b11bc85fb8464fc36c947fbd8b5d6ec49817361cb780659ca805eac,54203 6 54455 10 54711 11 54966 12 55223 12 55479 10 55735 9 55991 9 56248 7 56504 7 56761 6 57019 3
0999dab07b11bc85fb8464fc36c947fbd8b5d6ec49817361cb780659ca805eac,55489 8 55744 10 56000 11 56255 12 56511 13 56767 13 57024 13 57280 13 57536 13 57792 12 58048 12 58304 11 58561 9 58817 8 59075 4
0999dab07b11bc85fb8464fc36c947fbd8b5d6ec49817361cb780659ca805eac,38594 6 38849 9 39105 10 39360 11 39616 12 39872 12 40128 13 40384 13 40640 13 40896 13 41151 13 41407 13 41664 11 41920 10 42180 5
0999dab07b11bc85fb8464fc36c947fbd8b5d6ec49817361cb780659ca805eac,14793 6 15047 9 15301 12 15557 12 15812 14 16068 14 16323 15 16579 15 16835 15 17091 15 17347 15 17604 14 17860 14 18117 12 18374 11 18631 9 18889 6
0999dab07b11bc85fb8464fc36c947fbd8b5d6ec49817361cb780659ca805eac,2761 10 3015 13 3271 14 3526 16 3782 16 4038 17 4294 16 4551 15 4807 14 5064 12 5321 10 5581 4
0999dab07b11bc85fb8464fc36c947fbd8b5d6ec49817361cb780659ca805eac,28107 7 28361 11 28615 14 28871 15 29126 16 29382 17 29638 17 29894 17 30151 15 30407 15 30664 12 30921 10
0999dab07b11bc85fb8464fc36c947fbd8b5d6ec49817361cb780659ca805eac,48838 1 49094 1 49101 2 49350 10 49606 11 49862 11 50118 6 50129 1 50374 2 50631 1
0999dab07b11bc85fb8464fc36c947fbd8b5d6ec49817361cb780659ca805eac,44493 5 44748 7 45003 8 45258 10 45514 10 45769 11 46025 10 46280 11 46536 11 46791 12 47047 11 47302 12 47558 11 47814 11 48070 10 48326 10 48582 8 48839 7 49095 6
0999dab07b11bc85fb8464fc36c947fbd8b5d6ec49817361cb780659ca805eac,50124 5 50376 10 50632 10 50887 12 51144 11 51400 11 51657 11 51913 11 52170 10 52427 9 52683 8 52940 7 53198 3
0999dab07b11bc85fb8464fc36c947fbd8b5d6ec49817361cb780659ca805eac,7884 3 8138 8 8393 10 8649 11 8904 13 9160 14 9416 14 9672 15 9929 14 10185 14 10442 13 10698 13 10955 12 11211 11 11468 10 11725 8 11983 4
0999dab07b11bc85fb8464fc36c947fbd8b5d6ec49817361cb780659ca805eac,21455 3 21710 6 21964 10 22219 11 22475 12 22730 13 22986 13 23241 14 23497 14 23752 15 24008 14 24264 14 24520 13 24776 13 25033 11 25289 10 25547 6
0999dab07b11bc85fb8464fc36c947fbd8b5d6ec49817361cb780659ca805eac,47577 5 47830 11 48085 12 48340 14 48596 14 48851 15 49108 15 49364 14 49621 13 49878 11 50137 7
0999dab07b11bc85fb8464fc36c947fbd8b5d6ec49817361cb780659ca805eac,62424 3 62679 4 62934 4 63189 5 63445 5 63700 7 63957 6 64213 6 64470 6 64727 5
0999dab07b11bc85fb8464fc36c947fbd8b5d6ec49817361cb780659ca805eac,62427 8 62683 10 62938 12 63194 12 63450 13 63707 12 63963 11 64219 11 64476 9 64732 7
0999dab07b11bc85fb8464fc36c947fbd8b5d6ec49817361cb780659ca805eac,32983 5 33238 6 33494 5 33749 6 34005 6 34261 6 34518 5 34774 5 35031 5 35289 3
0999dab07b11bc85fb8464fc36c947fbd8b5d6ec49817361cb780659ca805eac,32988 8 33244 9 33499 11 33755 11 34011 12 34267 12 34523 11 34779 11 35036 9 35292 7
0999dab07b11bc85fb8464fc36c947fbd8b5d6ec49817361cb780659ca805eac,43228 4 43483 6 43738 7 43994 8 44249 9 44505 9 44761 9 45018 8 45274 8 45531 7 45787 7 46045 4 46302 3
0999dab07b11bc85fb8464fc36c947fbd8b5d6ec49817361cb780659ca805eac,50660 3 50913 7 51167 9 51422 11 51676 13 51931 14 52187 13 52442 14 52698 14 52953 14 53209 14 53465 13 53722 11 53978 10 54235 7 54493 3
0999dab07b11bc85fb8464fc36c947fbd8b5d6ec49817361cb780659ca805eac,39902 2 40157 4 40413 4 40669 3 40926 2 41183 1
0999dab07b11bc85fb8464fc36c947fbd8b5d6ec49817361cb780659ca805eac,14562 3 14817 6 15071 9 15327 10 15582 11 15838 12 16093 13 16349 13 16605 13 16861 13 17117 13 17373 13 17630 12 17886 12 18142 11 18399 10 18655 9 18913 6
0999dab07b11bc85fb8464fc36c947fbd8b5d6ec49817361cb780659ca805eac,55529 3 55780 11 56034 15 56287 19 56542 21 56798 21 57053 23 57309 23 57566 11 57822 11 58079 4
0999dab07b11bc85fb8464fc36c947fbd8b5d6ec49817361cb780659ca805eac,57577 11 57833 15 58088 17 58345 16 58601 17 58855 19 59110 20 59366 19 59621 20 59877 19 60133 17 60389 16 60646 13 60902 11 61159 9 61418 4
0999dab07b11bc85fb8464fc36c947fbd8b5d6ec49817361cb780659ca805eac,6884 6 6893 1 7138 11 7394 11 7649 12 7905 12 8161 12 8417 12 8674 12 8930 12 9186 12 9443 11 9699 12 9956 11 10213 12 10470 10 10729 5
0999dab07b11bc85fb8464fc36c947fbd8b5d6ec49817361cb780659ca805eac,6384 7 6638 11 6894 12 7149 14 7405 14 7661 15 7917 15 8173 15 8429 15 8686 14 8942 14 9198 14 9454 13 9711 12 9967 11 10228 5
0999dab07b11bc85fb8464fc36c947fbd8b5d6ec49817361cb780659ca805eac,23015 8 23269 9 23524 10 23780 9 24035 10 24291 10 24546 11 24802 11 25057 12 25313 12 25569 12 25825 12 26082 11 26338 11 26595 10 26852 6 26861 1
0999dab07b11bc85fb8464fc36c947fbd8b5d6ec49817361cb780659ca805eac,23278 3 23283 5 23534 12 23789 14 24045 14 24301 15 24557 15 24813 15 25069 15 25325 15 25581 15 25837 15 26093 15 26349 14 26605 14 26862 12 27118 10 27376 5
0999dab07b11bc85fb8464fc36c947fbd8b5d6ec49817361cb780659ca805eac,36329 6 36583 10 36838 12 37094 10 37349 11 37605 10 37861 10 38118 8 38374 8 38631 7
0999dab07b11bc85fb8464fc36c947fbd8b5d6ec49817361cb780659ca805eac,37104 4 37360 5 37615 7 37871 9 38126 11 38382 11 38638 12 38895 11 39151 10 39407 10 39663 9 39919 5 40176 3 40432 3
0999dab07b11bc85fb8464fc36c947fbd8b5d6ec49817361cb780659ca805eac,1270 4 1525 5 1781 6 2036 7 2292 7 2547 8 2803 7 3059 7 3315 7 3571 6 3828 5 4084 4
0999dab07b11bc85fb8464fc36c947fbd8b5d6ec49817361cb780659ca805eac,29428 4 29684 5 29939 6 30195 7 30451 3 30707 2 30714 1 30963 2
0999dab07b11bc85fb8464fc36c947fbd8b5d6ec49817361cb780659ca805eac,30454 4 30709 5 30965 6 31220 7 31476 7 31732 7 31989 6 32245 5 32502 4
0999dab07b11bc85fb8464fc36c947fbd8b5d6ec49817361cb780659ca805eac,16377 5 16632 7 16888 7 17144 6 17401 4
0999dab07b11bc85fb8464fc36c947fbd8b5d6ec49817361cb780659ca805eac,3583 1 3837 4 4093 4 4349 4 4604 5 4861 4 5117 4 5373 4 5630 3
0999dab07b11bc85fb8464fc36c947fbd8b5d6ec49817361cb780659ca805eac,27902 3 28157 4 28413 4 28668 5 28924 5 29180 5 29437 4 29693 4 29950 3 30207 2
0a849e0eb15faa8a6d7329c3dd66aabe9a294cccb52ed30a90c8ca99092ae732,1281 4 1537 5 1793 6 1806 6 2049 7 2059 10 2305 22 2561 23 2817 25 3073 26 3329 26 3585 26 3841 26 4097 26 4353 26 4609 26 4865 26 5121 26 5377 26 5633 27 5889 27 6145 27 6401 27 6657 27 6914 26 7170 26 7430 22 7686 23 7943 22 8199 24 8458 17 8715 15 8977 5
0a849e0eb15faa8a6d7329c3dd66aabe9a294cccb52ed30a90c8ca99092ae732,1312 13 1567 15 1822 18 2077 20 2332 22 2588 24 2843 26 3099 26 3355 27 3611 27 3867 28 4123 28 4379 29 4635 29 4891 30 5147 30 5403 30 5660 29 5916 28 6172 28 6428 26 6684 24 6940 24 7196 23 7452 22 7709 20 7965 19 8226 10
0a849e0eb15faa8a6d7329c3dd66aabe9a294cccb52ed30a90c8ca99092ae732,13577 1 13834 1 14089 2 14345 3 14603 1 14859 1
0a849e0eb15faa8a6d7329c3dd66aabe9a294cccb52ed30a90c8ca99092ae732,11778 4 12033 5 12289 6 12545 6 12801 6 13057 7 13313 8 13569 8 13825 9 14081 8 14337 8 14593 10 14849 10 15105 11 15361 11 15617 11 15873 11 16129 11 16385 11 16641 12 16897 12 17153 12 17409 11 17665 11 17921 10 18177 10 18433 11 18689 11 18945 11 19201 10 19457 10 19713 9 19969 6 20226 4
0a849e0eb15faa8a6d7329c3dd66aabe9a294cccb52ed30a90c8ca99092ae732,33026 3 33281 5 33537 6 33793 6 34049 7 34305 7 34561 8 34817 8 35073 8 35329 9 35585 9 35841 9 36097 10 36353 10 36609 9 36865 9 37121 8 37377 8 37633 7 37889 7 38145 6 38401 6 38657 5
0a849e0eb15faa8a6d7329c3dd66aabe9a294cccb52ed30a90c8ca99092ae732,42753 5 43009 7 43265 8 43521 10 43777 11 44033 11 44289 12 44545 12 44801 13 45057 12 45313 12 45569 11 45826 9 46082 4 46339 3
0a849e0eb15faa8a6d7329c3dd66aabe9a294cccb52ed30a90c8ca99092ae732,49665 6 49921 8 50177 10 50433 12 50689 12 50945 13 51201 13 51457 16 51713 17 51969 17 52225 18 52481 18 52737 19 52993 19 53249 19 53505 19 53761 19 54017 19 54273 18 54529 6 54536 11 54785 3 54792 10 55041 3 55049 9 55297 2 55306 7 55553 3 55560 1 55563 5 55809 3 56065 7 56321 6 56577 6 56833 6 57089 5 57345 5 57601 4 57857 4 58113 4 58369 3 58625 3
0a849e0eb15faa8a6d7329c3dd66aabe9a294cccb52ed30a90c8ca99092ae732,54788 4 55044 4 55299 6 55556 4 55812 4
0a849e0eb15faa8a6d7329c3dd66aabe9a294cccb52ed30a90c8ca99092ae732,58881 5 59137 6 59393 6 59649 7 59905 7 60161 6 60417 6 60677 1
0a849e0eb15faa8a6d7329c3dd66aabe9a294cccb52ed30a90c8ca99092ae732,60673 4 60929 5 61185 5 61441 6 61697 6 61953 6 62209 7 62465 7 62721 7 62977 6 63233 6 63489 6 63745 6 64001 5 64257 5 64513 5 64769 4 65025 4
0a849e0eb15faa8a6d7329c3dd66aabe9a294cccb52ed30a90c8ca99092ae732,36644 1 36899 1 37154 2 37409 3 37663 5 37919 5 38167 13 38419 17 38673 19 38928 20 39183 22 39439 22 39694 25 39950 35 40205 36 40461 35 40716 36 40972 35 41228 34 41484 33 41741 32 41997 30 42253 30 42509 29 42765 29 43022 27 43278 27 43535 25 43791 25 44048 23 44306 20 44562 19 44820 16 45077 14 45334 12 45592 7 45849 5
0a849e0eb15faa8a6d7329c3dd66aabe9a294cccb52ed30a90c8ca99092ae732,35880 7 36134 12 36389 15 36645 17 36900 19 37156 20 37412 21 37668 18 37924 18 38180 17 38436 15 38692 15 38709 1 38948 15 39205 14 39461 13 39719 11
0a849e0eb15faa8a6d7329c3dd66aabe9a294cccb52ed30a90c8ca99092ae732,37437 8 37686 17 37942 18 38197 20 38453 20 38710 20 38966 3 38970 16 39225 18 39481 18 39735 21 39990 22 40245 23 40501 23 40756 24 41012 24 41267 25 41523 24 41779 24 42035 23 42291 23 42548 21 42804 20 43061 18 43318 17 43575 14 43832 12 44089 10 44347 6
0a849e0eb15faa8a6d7329c3dd66aabe9a294cccb52ed30a90c8ca99092ae732,9510 5 9764 10 10018 14 10273 17 10529 18 10784 19 11039 21 11295 21 11549 24 11804 25 12060 25 12315 26 12571 27 12826 28 13081 29 13337 29 13592 30 13848 29 14104 29 14360 29 14616 29 14872 28 15128 28 15384 28 15640 27 15896 27 16153 25 16409 24 16667 21 16926 15 17183 12 17440 10 17699 3
0a849e0eb15faa8a6d7329c3dd66aabe9a294cccb52ed30a90c8ca99092ae732,51745 7 51998 12 52253 14 52508 16 52763 17 53018 19 53274 19 53529 21 53785 21 54041 22 54297 23 54552 25 54808 26 55064 15 55320 14 55576 13 55832 11 56089 9 56345 8 56601 7 56858 6 57114 5 57371 4
0a849e0eb15faa8a6d7329c3dd66aabe9a294cccb52ed30a90c8ca99092ae732,63264 2 63287 1 63520 11 63542 2 63776 24 63810 1 64032 25 64062 1 64066 2 64287 31 64323 4 64543 32 64578 6 64799 32 64834 7 65055 42 65311 43
0a849e0eb15faa8a6d7329c3dd66aabe9a294cccb52ed30a90c8ca99092ae732,55079 12 55334 14 55589 16 55843 18 56098 20 56353 21 56608 22 56864 23 57119 24 57375 25 57631 25 57888 24 58144 25 58400 25 58656 26 58912 26 59168 26 59424 26 59680 27 59936 27 60192 27 60448 27 60704 27 60959 28 61215 28 61471 27 61727 27 61983 26 62240 25 62496 24 62753 23 63009 22 63266 21 63531 11
0a849e0eb15faa8a6d7329c3dd66aabe9a294cccb52ed30a90c8ca99092ae732,63807 3 64063 3 64318 5 64575 3 64831 3
0a849e0eb15faa8a6d7329c3dd66aabe9a294cccb52ed30a90c8ca99092ae732,28449 9 28704 11 28959 13 29215 13 29470 15 29726 15 29982 15 30237 16 30493 17 30750 16 31006 17 31262 17 31518 17 31775 16 32031 16 32288 14 32545 13 32802 11 33059 9 33317 5
0a849e0eb15faa8a6d7329c3dd66aabe9a294cccb52ed30a90c8ca99092ae732,45362 4 45617 5 45872 8 46128 12 46382 15 46637 16 46891 19 47147 20 47402 21 47658 22 47913 23 48169 23 48425 24 48681 23 48937 23 49194 22 49450 22 49706 22 49963 21 50219 20 50476 19 50732 19 50989 18 51245 18 51502 17 51759 15 52016 14 52273 12 52531 10 52790 6 53048 3
0a849e0eb15faa8a6d7329c3dd66aabe9a294cccb52ed30a90c8ca99092ae732,19504 5 19757 9 20012 10 20267 13 20523 14 20778 15 21034 16 21290 16 21546 16 21802 16 22059 15 22315 15 22572 14 22828 14 23085 12 23342 11 23599 9 23856 7 24114 4
0a849e0eb15faa8a6d7329c3dd66aabe9a294cccb52ed30a90c8ca99092ae732,25156 4 25410 7 25666 8 25921 11 26176 13 26431 15 26687 16 26942 17 27198 18 27453 19 27709 19 27964 20 28220 20 28476 20 28732 21 28988 21 29245 19 29501 19 29758 16 30015 14 30272 5
0a849e0eb15faa8a6d7329c3dd66aabe9a294cccb52ed30a90c8ca99092ae732,26230 5 26484 10 26738 15 26993 18 27249 20 27504 22 27760 23 28015 25 28271 25 28526 27 28782 27 29038 27 29294 26 29550 26 29806 26 30063 24 30319 24 30576 22 30833 20 31090 19 31347 17 31604 14 31862 11 32119 7
0a849e0eb15faa8a6d7329c3dd66aabe9a294cccb52ed30a90c8ca99092ae732,4214 4 4469 9 4724 12 4979 15 5235 16 5490 19 5746 19 6001 21 6257 21 6512 23 6768 23 7024 24 7280 23 7536 23 7792 23 8048 23 8304 23 8561 22 8817 22 9074 21 9330 20 9587 19 9844 17 10101 15 10358 13 10615 11
0a849e0eb15faa8a6d7329c3dd66aabe9a294cccb52ed30a90c8ca99092ae732,19338 9 19592 13 19846 17 20102 18 20357 20 20612 21 20867 23 21123 23 21378 25 21634 25 21890 26 22146 26 22402 26 22658 25 22913 26 23170 25 23426 24 23682 24 23939 22 24195 21 24452 19 24710 16 24966 15 25224 11
0a849e0eb15faa8a6d7329c3dd66aabe9a294cccb52ed30a90c8ca99092ae732,9627 1 9882 1 10137 2 10392 3 10646 5 10898 9 11151 12 11406 13 11661 14 11917 14 12172 15 12428 15 12683 16 12939 17 13194 18 13450 18 13706 18 13962 18 14217 19 14473 19 14730 18 14986 18 15243 17 15500 16 15756 16 16013 16 16269 16 16526 17 16784 14 17048 3
0a849e0eb15faa8a6d7329c3dd66aabe9a294cccb52ed30a90c8ca99092ae732,8614 6 8868 9 9121 14 9372 19 9628 21 9883 22 10139 23 10395 24 10651 24 10907 25 11163 25 11419 25 11675 25 11931 25 12187 26 12443 25 12699 25 12956 23 13212 23 13468 22 13724 22 13980 21 14236 19 14492 17 14748 16 15004 13 15260 8 15516 7 15772 6 16029 4 16285 3
0a849e0eb15faa8a6d7329c3dd66aabe9a294cccb52ed30a90c8ca99092ae732,1935 5 2190 8 2445 11 2700 13 2955 15 3211 16 3466 19 3722 19 3978 21 4234 22 4490 23 4746 23 5003 24 5259 24 5515 25 5771 25 6028 25 6284 25 6541 25 6798 24 7054 24 7311 23 7568 22 7825 20 8083 18 8342 14 8600 11 8860 5 9118 3
0a849e0eb15faa8a6d7329c3dd66aabe9a294cccb52ed30a90c8ca99092ae732,150 21 406 22 663 20 919 20 1176 18 1432 17 1690 15 1947 13 2210 4
0a849e0eb15faa8a6d7329c3dd66aabe9a294cccb52ed30a90c8ca99092ae732,29097 6 29352 9 29607 12 29862 15 30118 16 30373 18 30628 20 30884 20 31139 22 31395 22 31651 23 31907 23 32162 24 32418 25 32674 25 32930 25 33186 25 33442 25 33698 26 33955 24 34211 24 34468 22 34724 22 34981 20 35238 18 35496 13 35753 12 36012 7
0a849e0eb15faa8a6d7329c3dd66aabe9a294cccb52ed30a90c8ca99092ae732,20908 9 21162 13 21417 17 21672 19 21928 21 22183 23 22439 24 22695 25 22950 26 23206 27 23462 27 23718 27 23974 28 24231 27 24487 27 24743 27 24999 27 25255 26 25511 26 25768 25 26024 25 26281 23 26538 22 26795 19 27052 18 27310 13 27571 3
0a849e0eb15faa8a6d7329c3dd66aabe9a294cccb52ed30a90c8ca99092ae732,15030 4 15282 11 15537 13 15791 16 16045 18 16300 20 16555 22 16810 23 17066 24 17321 25 17577 26 17832 27 18089 26 18345 26 18601 26 18857 26 19114 24 19370 24 19627 22 19883 21 20140 19 20402 12 20659 8 20918 3
0a849e0eb15faa8a6d7329c3dd66aabe9a294cccb52ed30a90c8ca99092ae732,4022 6 4278 7 4532 11 4788 13 5043 18 5298 21 5554 26 5809 27 6065 28 6320 29 6576 30 6832 30 7089 30 7345 29 7602 28 7858 27 8115 26 8372 24 8628 23 8885 20 9141 19 9398 17 9654 13 9914 4
0a849e0eb15faa8a6d7329c3dd66aabe9a294cccb52ed30a90c8ca99092ae732,189 25 445 25 701 25 957 25 1213 24 1469 24 1726 22 1982 21 2239 19 2496 17 2754 14 3012 11
0a849e0eb15faa8a6d7329c3dd66aabe9a294cccb52ed30a90c8ca99092ae732,24786 4 25040 11 25295 13 25549 17 25804 19 26059 21 26315 23 26570 26 26826 26 27082 27 27338 27 27593 29 27850 27 28106 27 28362 27 28618 27 28875 25 29131 25 29387 24 29644 23 29900 22 30157 21 30414 19 30671 17 30928 15 31185 13
0a849e0eb15faa8a6d7329c3dd66aabe9a294cccb52ed30a90c8ca99092ae732,39378 13 39632 16 39888 18 40143 20 40398 21 40654 21 40909 22 41165 23 41420 24 41676 24 41931 25 42187 25 42443 25 42699 26 42955 26 43211 28 43467 28 43723 28 43980 27 44236 27 44493 26 44750 24 45006 24 45264 21 45521 19 45778 17 46035 14 46292 11 46552 6
0a849e0eb15faa8a6d7329c3dd66aabe9a294cccb52ed30a90c8ca99092ae732,30960 4 31208 14 31462 17 31716 20 31970 22 32225 24 32480 25 32734 27 32990 27 33245 27 33501 27 33756 28 34012 27 34268 27 34524 27 34780 27 35037 25 35293 25 35550 24 35806 23 36063 22 36319 21 36576 19 36834 10 36848 3 37094 5 37353 1
0a849e0eb15faa8a6d7329c3dd66aabe9a294cccb52ed30a90c8ca99092ae732,36844 4 37099 5 37354 11 37610 15 37864 19 38119 21 38375 23 38630 26 38885 28 39141 28 39396 29 39652 29 39908 29 40164 29 40419 30 40675 30 40931 30 41188 29 41444 29 41700 29 41956 29 42212 29 42468 29 42725 27 42981 27 43241 22 43498 3 43502 16 43761 12 44022 6
0a849e0eb15faa8a6d7329c3dd66aabe9a294cccb52ed30a90c8ca99092ae732,60902 7 61156 9 61407 16 61663 16 61918 18 62172 21 62426 24 62682 25 62937 26 63193 27 63449 27 63705 27 63961 28 64217 28 64473 28 64729 28 64984 29 65240 29 65497 27
0a849e0eb15faa8a6d7329c3dd66aabe9a294cccb52ed30a90c8ca99092ae732,46575 4 46829 7 47084 9 47335 14 47588 18 47843 19 48098 20 48353 21 48608 23 48864 24 49119 25 49375 26 49631 26 49887 26 50142 28 50398 28 50654 28 50910 28 51167 27 51423 27 51679 28 51936 27 52192 26 52449 25 52705 21 52962 18 53219 16 53476 13 53735 9 53993 5
0a849e0eb15faa8a6d7329c3dd66aabe9a294cccb52ed30a90c8ca99092ae732,7415 5 7669 9 7923 12 8178 14 8433 16 8688 17 8944 17 9199 18 9455 18 9710 19 9966 19 10222 19 10478 19 10735 18 10991 18 11247 18 11503 18 11759 18 12015 18 12272 17 12528 17 12785 16 13042 15 13299 14 13556 13 13814 11 14072 8 14329 6
0a849e0eb15faa8a6d7329c3dd66aabe9a294cccb52ed30a90c8ca99092ae732,29695 2 29950 3 30205 4 30460 5 30715 6 30971 6 31226 7 31482 2 31738 1
0a849e0eb15faa8a6d7329c3dd66aabe9a294cccb52ed30a90c8ca99092ae732,31484 5 31739 6 31995 6 32250 7 32507 6 32763 6 33019 6 33275 6 33531 6 33787 6 34043 6 34299 6 34555 6 34811 6 35067 6 35323 6 35579 6 35835 6 36091 6 36348 5 36604 5 36861 4 37118 3
0a849e0eb15faa8a6d7329c3dd66aabe9a294cccb52ed30a90c8ca99092ae732,25343 1 25599 2 25854 3 26110 3 26366 3 26621 4 26877 4 27133 4 27390 3 27646 3 27902 3 28159 2 28415 2 28671 2
0e132f71c8b4875c3c2dd7a22997468a3e842b46aa9bd47cf7b0e8b7d63f0925,47369 5 47624 8 47879 11 48135 11 48390 13 48646 13 48901 15 49157 14 49413 14 49669 13 49926 12 50182 11 50439 9 50696 7 50953 5
0e132f71c8b4875c3c2dd7a22997468a3e842b46aa9bd47cf7b0e8b7d63f0925,28168 7 28423 10 28679 12 28934 14 29190 14 29446 15 29703 14 29959 14 30216 13 30473 11 30730 10 30988 7 31245 5 31502 3
0e132f71c8b4875c3c2dd7a22997468a3e842b46aa9bd47cf7b0e8b7d63f0925,9514 9 9766 14 10020 17 10275 19 10531 20 10786 23 11043 22 11299 23 11556 22 11813 20 12072 17 12332 12 12591 8 12850 3
0e132f71c8b4875c3c2dd7a22997468a3e842b46aa9bd47cf7b0e8b7d63f0925,34869 3 35123 7 35378 9 35634 10 35889 12 36145 13 36400 14 36656 15 36912 15 37168 15 37425 13 37681 13 37938 11 38195 8 38452 5
0e132f71c8b4875c3c2dd7a22997468a3e842b46aa9bd47cf7b0e8b7d63f0925,45627 6 45882 8 46137 10 46393 11 46648 13 46904 13 47159 15 47415 15 47671 15 47928 14 48184 14 48441 13 48699 10 48958 7 49216 4
0e132f71c8b4875c3c2dd7a22997468a3e842b46aa9bd47cf7b0e8b7d63f0925,19006 4 19261 6 19516 8 19772 9 20027 13 20283 15 20539 16 20795 17 21051 17 21308 17 21564 17 21822 15 22078 15 22334 15 22591 13 22847 13 23104 11 23361 9 23619 6
0e132f71c8b4875c3c2dd7a22997468a3e842b46aa9bd47cf7b0e8b7d63f0925,37458 3 37713 6 37968 8 38223 9 38479 10 38734 10 38991 9 39247 7 39504 5 39761 3
0e132f71c8b4875c3c2dd7a22997468a3e842b46aa9bd47cf7b0e8b7d63f0925,22620 3 22874 7 23129 9 23384 10 23639 12 23895 11 24150 12 24406 10 24662 6 24919 4 25175 3
0e132f71c8b4875c3c2dd7a22997468a3e842b46aa9bd47cf7b0e8b7d63f0925,213 1 217 8 467 14 730 6
0ed3555a4bd48046d3b63d8baf03a5aa97e523aa483aaa07459e7afa39fb96c6,34052 3 34306 7 34561 9 34817 10 35073 10 35329 11 35585 11 35841 11 36097 10 36353 10 36609 9 36865 7 37121 5
0ed3555a4bd48046d3b63d8baf03a5aa97e523aa483aaa07459e7afa39fb96c6,57869 5 58123 9 58378 11 58633 12 58888 14 59144 14 59399 15 59655 14 59911 14 60168 12 60424 12 60681 10 60938 9 61195 7
0ed3555a4bd48046d3b63d8baf03a5aa97e523aa483aaa07459e7afa39fb96c6,28274 5 28528 8 28784 8 29039 10 29295 10 29551 10 29808 9 30064 8 30321 7 30579 3
0ed3555a4bd48046d3b63d8baf03a5aa97e523aa483aaa07459e7afa39fb96c6,31098 5 31353 7 31608 9 31864 9 32119 11 32375 11 32632 10 32888 9 33145 8 33402 5
0ed3555a4bd48046d3b63d8baf03a5aa97e523aa483aaa07459e7afa39fb96c6,39098 1 39352 3 39607 4 39862 6 40118 6 40373 10 40629 10 40885 9 41142 8 41398 7 41655 5
0ed3555a4bd48046d3b63d8baf03a5aa97e523aa483aaa07459e7afa39fb96c6,37823 4 38078 7 38333 9 38588 10 38844 11 39099 11 39355 11 39611 10 39868 8 40124 6
0ed3555a4bd48046d3b63d8baf03a5aa97e523aa483aaa07459e7afa39fb96c6,40143 2 40398 3 40654 16 40909 17 41165 18 41421 18 41677 18 41934 17 42190 16 42447 15 42705 12 42961 11 43218 8 43476 4
0ed3555a4bd48046d3b63d8baf03a5aa97e523aa483aaa07459e7afa39fb96c6,37585 10 37839 14 38095 15 38350 16 38606 17 38862 17 39119 16 39375 16 39632 15 39888 14 40145 13 40401 12
0ed3555a4bd48046d3b63d8baf03a5aa97e523aa483aaa07459e7afa39fb96c6,43988 6 44242 9 44497 10 44753 11 45008 12 45264 12 45520 12 45776 12 46032 13 46288 13 46545 11 46801 11 47058 9 47315 7
0ed3555a4bd48046d3b63d8baf03a5aa97e523aa483aaa07459e7afa39fb96c6,34537 4 34792 7 34802 4 35047 9 35057 6 35303 9 35313 7 35558 19 35814 19 36070 20 36327 19 36583 19 36840 18 37097 17 37353 17 37609 16 37866 15 38122 14 38379 11 38635 10 38893 7
0ed3555a4bd48046d3b63d8baf03a5aa97e523aa483aaa07459e7afa39fb96c6,19198 3 19453 4 19709 4 19965 4 20222 3 20479 2 20735 2 20990 2 21245 3 21501 3 21757 4 22014 3 22271 2
0f1f896d9ae5a04752d3239c690402c022db4d72c0d2c087d73380896f72c466,38937 1 39192 3 39448 4 39705 3
0f1f896d9ae5a04752d3239c690402c022db4d72c0d2c087d73380896f72c466,39961 3 40217 3 40473 3 40729 3 40985 3 41241 3 41497 3 41753 2
0f1f896d9ae5a04752d3239c690402c022db4d72c0d2c087d73380896f72c466,26907 1 27162 2 27418 2 27674 2 27930 3 28186 3
0f1f896d9ae5a04752d3239c690402c022db4d72c0d2c087d73380896f72c466,28442 3 28698 3 28954 4 29210 3 29466 3 29722 2
0f1f896d9ae5a04752d3239c690402c022db4d72c0d2c087d73380896f72c466,47900 3 47906 4 48155 11 48411 11 48666 13 48922 13 49177 14 49433 14 49689 14 49945 14 50201 14 50457 14 50713 14 50970 14 51226 14 51482 16 51738 15 51994 15 52250 14 52506 15 52762 15 53019 14 53274 14 53531 13 53787 13 54043 14 54299 14 54556 12 54812 12 55069 7 55326 5 55582 5 55839 3
0f1f896d9ae5a04752d3239c690402c022db4d72c0d2c087d73380896f72c466,45111 2 45361 7 45614 11 45869 12 46123 15 46377 19 46632 19 46888 18 47143 19 47399 19 47655 18 47910 19 48166 19 48422 19 48679 18 48935 17 49191 17 49447 17 49703 17 49959 17 50215 18 50471 18 50727 18 50984 17 51240 3 51245 12 51504 9 51762 6 52019 5 52276 3
0f1f896d9ae5a04752d3239c690402c022db4d72c0d2c087d73380896f72c466,42803 5 43057 7 43313 7 43568 7 43824 8 44081 7 44337 8 44594 6 44852 3 45108 3
0f1f896d9ae5a04752d3239c690402c022db4d72c0d2c087d73380896f72c466,42046 3 42300 6 42556 6 42810 9 43064 10 43320 12 43575 11 43832 10 44088 9 44346 7 44602 7 44857 7 45113 7 45368 8 45625 6 45881 6 46138 3
0f1f896d9ae5a04752d3239c690402c022db4d72c0d2c087d73380896f72c466,43586 4 43842 5 44097 7 44353 9 44609 10 44864 12 45120 13 45376 14 45631 15 45887 16 46144 15 46400 16 46654 18 46908 20 47162 22 47418 22 47673 23 47929 23 48185 22 48441 22 48697 21 48952 22 49208 22 49464 21 49720 22 49976 23 50233 22 50489 23 50746 21 51003 20 51259 6 51267 6 51516 5
0f1f896d9ae5a04752d3239c690402c022db4d72c0d2c087d73380896f72c466,6428 3 6684 3 6939 5 7195 5 7451 5 7706 6 7962 6 8218 2 8223 1 8474 1 8479 1 8730 1
0f1f896d9ae5a04752d3239c690402c022db4d72c0d2c087d73380896f72c466,8220 3 8475 4 8731 5 8986 6 9242 7 9498 6 9754 6 10010 7 10266 7 10522 8 10778 7 11034 7 11290 7 11546 6 11802 7 12058 6 12315 5 12571 3
0f1f896d9ae5a04752d3239c690402c022db4d72c0d2c087d73380896f72c466,35356 9 35612 10 35867 11 36123 12 36378 13 36634 14 36890 13 37146 13 37403 11 37659 11 37916 9 38173 6
0f1f896d9ae5a04752d3239c690402c022db4d72c0d2c087d73380896f72c466,57375 10 57631 12 57886 13 58142 14 58397 15 58651 18 58907 18 59162 19 59418 20 59674 20 59930 20 60186 19 60442 19 60698 18 60955 15 61211 4 61218 7 61475 6 61732 4 61989 3
0f1f896d9ae5a04752d3239c690402c022db4d72c0d2c087d73380896f72c466,31016 3 31270 7 31526 8 31781 10 32037 10 32293 11 32550 10 32806 10 33067 4 33323 4
0f1f896d9ae5a04752d3239c690402c022db4d72c0d2c087d73380896f72c466,32308 3 32563 5 32818 7 33074 7 33329 9 33348 1 33585 9 33597 7 33840 20 34093 23 34348 24 34600 28 34856 28 35111 29 35367 29 35624 28 35880 29 36136 29 36393 8 36402 19 36649 28 36906 27 37163 26 37419 26 37675 27 37932 3 37936 22 38188 3 38194 22 38450 21 38707 19 38963 19 39222 15 39478 15 39734 14 39990 13 40246 13 40502 12 40758 11 41014 9 41270 7 41527 5 41783 6 42040 5 42296 4 42553 3
0f1f896d9ae5a04752d3239c690402c022db4d72c0d2c087d73380896f72c466,32585 7 32838 12 33093 14 33349 15 33604 17 33860 17 34116 17 34372 16 34628 16 34884 16 35140 17 35396 17 35652 18 35909 17 36165 17 36421 16 36677 16 36933 15 37189 14 37445 12 37702 10 37958 9 38219 1
0f1f896d9ae5a04752d3239c690402c022db4d72c0d2c087d73380896f72c466,33624 4 33877 7 34133 8 34388 9 34644 9 34900 9 35157 8 35413 7 35671 5
0f1f896d9ae5a04752d3239c690402c022db4d72c0d2c087d73380896f72c466,61486 6 61742 7 61994 11 62250 12 62505 13 62762 12 63018 11 63275 10 63531 9 63789 7
0f1f896d9ae5a04752d3239c690402c022db4d72c0d2c087d73380896f72c466,25143 4 25397 6 25652 8 25907 9 26162 10 26418 10 26673 10 26929 10 27184 9 27440 8 27695 8 27952 7 28208 6 28465 3
0f1f896d9ae5a04752d3239c690402c022db4d72c0d2c087d73380896f72c466,56374 3 56630 4 56885 5 57141 1 57146 1 57397 1
0f1f896d9ae5a04752d3239c690402c022db4d72c0d2c087d73380896f72c466,57142 4 57398 4 57653 7 57909 7 58165 8 58421 8 58678 8 58934 8 59189 8 59445 8 59700 8 59957 4 60213 4
0f1f896d9ae5a04752d3239c690402c022db4d72c0d2c087d73380896f72c466,28478 2 28733 3 28989 6 29244 11 29500 11 29757 11 30013 10 30272 7 30529 4
0f1f896d9ae5a04752d3239c690402c022db4d72c0d2c087d73380896f72c466,26438 6 26692 10 26947 11 27202 13 27457 14 27712 15 27968 15 28223 15 28480 14 28736 13 28995 9
0f1f896d9ae5a04752d3239c690402c022db4d72c0d2c087d73380896f72c466,3657 6 3909 11 4165 12 4420 15 4676 15 4932 16 5186 19 5441 21 5697 21 5952 23 6208 22 6464 22 6720 21 6976 20 7232 18 7488 18 7743 14 8000 12 8256 9 8514 6
0f1f896d9ae5a04752d3239c690402c022db4d72c0d2c087d73380896f72c466,40518 2 40773 3 41029 4 41284 9 41540 8 41796 7 42053 6 42309 4
0f1f896d9ae5a04752d3239c690402c022db4d72c0d2c087d73380896f72c466,38220 3 38476 3 38730 6 38986 6 39241 8 39497 8 39752 8 40008 8 40263 8 40520 7 40776 6 41033 4
0f1f896d9ae5a04752d3239c690402c022db4d72c0d2c087d73380896f72c466,21321 4 21577 7 21832 8 22088 9 22344 9 22600 10 22857 9 23113 10 23370 9 23629 5 23887 3
0f1f896d9ae5a04752d3239c690402c022db4d72c0d2c087d73380896f72c466,13643 3 13652 1 13898 5 13908 1 14154 11 14409 12 14665 11 14921 11 15178 9 15434 9 15691 6 15948 5 16204 4 16461 3
0f1f896d9ae5a04752d3239c690402c022db4d72c0d2c087d73380896f72c466,11855 2 12110 3 12117 1 12366 7 12621 8 12878 7 13133 8 13390 7 13646 6 13903 5
0f1f896d9ae5a04752d3239c690402c022db4d72c0d2c087d73380896f72c466,7508 6 7764 6 8019 8 8275 8 8530 10 8786 10 9042 10 9297 10 9553 10 9809 10 10065 9 10321 9 10577 8 10832 8 11088 8 11344 7 11600 7 11857 4 12113 4
0f1f896d9ae5a04752d3239c690402c022db4d72c0d2c087d73380896f72c466,12126 7 12382 7 12637 9 12893 9 13148 11 13404 11 13660 12 13916 12 14170 14 14426 14 14681 15 14936 16 15191 16 15447 16 15702 17 15959 17 16215 17 16472 12 16727 12 16984 10 17240 10 17497 6 17754 3
0f1f896d9ae5a04752d3239c690402c022db4d72c0d2c087d73380896f72c466,14696 2 14952 2 15207 5 15463 6 15719 11 15976 9 16232 9 16492 4
0f1f896d9ae5a04752d3239c690402c022db4d72c0d2c087d73380896f72c466,10356 7 10610 9 10866 10 11121 11 11376 12 11632 12 11887 12 12143 12 12398 13 12653 13 12909 13 13164 13 13419 14 13675 12 13930 12 14186 11 14441 12 14698 10 14954 9 15212 6 15469 4
0f1f896d9ae5a04752d3239c690402c022db4d72c0d2c087d73380896f72c466,94 3 349 6 605 7 860 8 1116 9 1371 10 1628 8 1884 8 2142 5 2398 5 2655 3 2911 3
0f1f896d9ae5a04752d3239c690402c022db4d72c0d2c087d73380896f72c466,7523 3 7779 3 8032 7 8288 9 8543 13 8799 15 9055 15 9310 17 9564 18 9820 18 10075 18 10332 12 10588 13 10845 11 11101 11
0f1f896d9ae5a04752d3239c690402c022db4d72c0d2c087d73380896f72c466,31069 6 31324 8 31580 9 31835 10 32091 11 32347 6 32357 1 32604 4 32860 3 33117 2
0f1f896d9ae5a04752d3239c690402c022db4d72c0d2c087d73380896f72c466,32353 4 32608 5 32863 7 33119 7 33374 9 33630 9 33886 9 34141 10 34398 8 34654 8 34911 6 35167 5 35424 4
0f1f896d9ae5a04752d3239c690402c022db4d72c0d2c087d73380896f72c466,24426 1 24672 3 24680 3 24928 3 24934 4 25183 12 25439 12 25695 13 25951 14 26207 13 26463 13 26720 11 26976 11 27233 9 27492 5
0f1f896d9ae5a04752d3239c690402c022db4d72c0d2c087d73380896f72c466,22642 1 22896 3 23151 5 23407 5 23661 10 23916 11 24172 11 24427 11 24683 11 24938 10 25195 8 25451 8 25708 3
0f1f896d9ae5a04752d3239c690402c022db4d72c0d2c087d73380896f72c466,21110 1 21364 2 21620 2 21876 3 22132 3 22387 7 22643 7 22899 7 23156 5 23412 5
0f1f896d9ae5a04752d3239c690402c022db4d72c0d2c087d73380896f72c466,13690 3 13945 4 14199 7 14454 8 14709 10 14964 13 15219 13 15475 13 15730 13 15986 13 16241 12 16497 9 16753 6 17010 5 17266 4 17524 2
0f1f896d9ae5a04752d3239c690402c022db4d72c0d2c087d73380896f72c466,20344 1 20600 2 20855 3 21111 5 21366 6 21622 5 21879 4 22135 3
0f1f896d9ae5a04752d3239c690402c022db4d72c0d2c087d73380896f72c466,16253 3 16506 8 16759 10 17015 10 17270 12 17526 12 17782 13 18039 13 18295 15 18552 14 18808 15 19065 15 19321 15 19576 17 19833 16 20089 16 20345 15 20602 14 20858 3 20862 9 21116 11 21372 10 21627 9 21883 9 22140 6 22396 4
0f1f896d9ae5a04752d3239c690402c022db4d72c0d2c087d73380896f72c466,7039 1 7294 2 7550 2 7805 4 8061 4 8317 5 8572 7 8828 8 9083 13 9340 18 9596 18 9852 21 10108 21 10365 20 10621 20 10878 19 11134 19 11391 17 11647 17 11903 18 12160 18 12415 19 12671 18 12926 19 13182 19 13438 19 13693 11 13707 3 13949 10 14206 8 14462 7 14719 3
0f1f896d9ae5a04752d3239c690402c022db4d72c0d2c087d73380896f72c466,13704 3 13960 4 14214 6 14469 8 14725 8 14980 10 15236 10 15492 10 15747 10 16003 11 16258 11 16514 11 16769 11 17025 11 17282 9 17538 9 17795 7 18052 5
0f1f896d9ae5a04752d3239c690402c022db4d72c0d2c087d73380896f72c466,5254 5 5507 13 5763 12 6018 13 6274 12 6529 13 6785 13 7040 14 7296 14 7552 14 7809 14 8065 14 8322 13 8579 12 8836 11 9096 7 9358 2 9614 2
0f1f896d9ae5a04752d3239c690402c022db4d72c0d2c087d73380896f72c466,5271 2 5521 3 5527 2 5775 10 6031 10 6286 13 6307 3 6542 15 6561 5 6798 15 6816 7 7054 16 7071 8 7310 25 7566 25 7823 24 8079 23 8335 23 8591 22 8847 22 9103 21 9360 20 9616 20 9876 17 10133 16 10151 3 10390 21 10647 20 10906 18 11162 18 11422 14 11680 11 11936 11 12193 9 12450 7 12707 6 12963 7 13220 6 13476 6 13733 4 13989 4
0f1f896d9ae5a04752d3239c690402c022db4d72c0d2c087d73380896f72c466,11416 6 11671 9 11927 9 12178 3 12182 11 12434 15 12689 15 12945 15 13201 14 13458 13 13713 13 13970 12 14226 5 14234 3
0f1f896d9ae5a04752d3239c690402c022db4d72c0d2c087d73380896f72c466,875 4 1129 8 1384 10 1640 11 1895 12 2150 14 2406 13 2661 14 2916 15 3172 15 3427 16 3683 17 3939 17 4195 19 4451 15 4467 3 4708 13 4964 12 5221 10 5477 8 5734 5
0f1f896d9ae5a04752d3239c690402c022db4d72c0d2c087d73380896f72c466,19558 3 19814 3 20069 5 20325 5 20581 8 20837 9 21094 13 21350 13 21608 11 21865 11 22122 9 22379 8 22637 4
0f1f896d9ae5a04752d3239c690402c022db4d72c0d2c087d73380896f72c466,18028 7 18283 10 18539 11 18794 12 19050 13 19306 13 19561 14 19817 14 20074 12 20330 12 20589 8 20846 6
0f1f896d9ae5a04752d3239c690402c022db4d72c0d2c087d73380896f72c466,118 11 373 14 630 13 886 13 1142 13 1398 13 1653 14 1908 16 2164 16 2419 17 2676 16 2932 15 3187 16 3443 15 3700 13 3956 3 3962 6 4221 3
0f1f896d9ae5a04752d3239c690402c022db4d72c0d2c087d73380896f72c466,133 2 387 4 643 4 899 4 1155 4 1411 4 1667 4 1924 4 2180 4
0f1f896d9ae5a04752d3239c690402c022db4d72c0d2c087d73380896f72c466,135 11 391 12 647 12 903 11 1159 12 1415 11 1671 11 1928 9 2184 7
0f1f896d9ae5a04752d3239c690402c022db4d72c0d2c087d73380896f72c466,2197 5 2450 9 2704 11 2957 15 3213 15 3468 16 3724 16 3980 15 4235 16 4492 14 4748 12 5011 5 5268 3 5524 3
0f1f896d9ae5a04752d3239c690402c022db4d72c0d2c087d73380896f72c466,416 4 671 7 927 7 1183 6 1440 2
0f1f896d9ae5a04752d3239c690402c022db4d72c0d2c087d73380896f72c466,42189 2 42445 3 42702 2 42958 4 43216 3 43473 2 43730 1
0f1f896d9ae5a04752d3239c690402c022db4d72c0d2c087d73380896f72c466,6885 1 7141 2 7396 3 7650 5 7906 5 8165 2 8421 1
1747f62148a919c8feb6d607faeebdf504b5e2ad42b6b1710b1189c37ebcdb2c,36125 4 36378 8 36634 9 36889 11 37145 13 37401 14 37657 15 37913 16 38169 17 38425 17 38681 18 38937 18 39193 18 39449 1 39465 1 39705 1 39721 1
1747f62148a919c8feb6d607faeebdf504b5e2ad42b6b1710b1189c37ebcdb2c,39450 15 39706 15 39961 17 40217 1 40473 1
1747f62148a919c8feb6d607faeebdf504b5e2ad42b6b1710b1189c37ebcdb2c,40218 16 40474 16 40729 18 40985 18 41241 17 41497 17 41753 17 42009 17 42265 16 42521 16 42778 14 43034 14 43293 9 43552 4
1747f62148a919c8feb6d607faeebdf504b5e2ad42b6b1710b1189c37ebcdb2c,27438 3 27688 10 27942 15 28198 16 28453 18 28709 19 28965 20 29221 20 29476 22 29732 22 29988 23 30244 23 30500 23 30756 23 31013 21 31269 21 31526 20 31782 19 32039 18 32296 16 32553 14 32810 12 33068 9
1747f62148a919c8feb6d607faeebdf504b5e2ad42b6b1710b1189c37ebcdb2c,41576 2 41831 3 42087 3 42342 4 42597 6 42852 7 43107 9 43363 11 43618 12 43874 11 44131 9 44387 8 44644 5
1747f62148a919c8feb6d607faeebdf504b5e2ad42b6b1710b1189c37ebcdb2c,35946 6 36199 10 36454 13 36710 14 36965 16 37221 16 37477 17 37732 18 37988 18 38243 16 38499 15 38755 12 39012 4 39268 4 39525 2 39783 1
1747f62148a919c8feb6d607faeebdf504b5e2ad42b6b1710b1189c37ebcdb2c,38259 12 38514 14 38767 18 39016 26 39272 27 39527 29 39784 28 40040 29 40297 28 40554 27 40810 27 41067 26 41323 26 41578 27 41834 26 42090 26 42346 25 42603 22 42859 21 43116 18 43376 12 43632 12 43889 10 44146 8 44403 6
1747f62148a919c8feb6d607faeebdf504b5e2ad42b6b1710b1189c37ebcdb2c,6504 5 6758 7 7013 9 7269 9 7524 13 7780 14 8035 15 8292 15 8548 15 8805 14 9061 13 9318 12 9576 9 9835 5
1747f62148a919c8feb6d607faeebdf504b5e2ad42b6b1710b1189c37ebcdb2c,1138 7 1393 10 1648 12 1904 14 2159 16 2415 17 2670 18 2926 19 3182 19 3438 19 3694 19 3951 18 4207 17 4465 15 4722 13 4979 12 5236 10 5493 4
1747f62148a919c8feb6d607faeebdf504b5e2ad42b6b1710b1189c37ebcdb2c,17790 3 18045 10 18299 14 18554 17 18809 19 19063 23 19319 24 19574 26 19829 28 20085 29 20340 30 20597 30 20852 31 21108 32 21365 28 21621 27 21878 25 22134 25 22391 23 22647 23 22903 22 23160 21 23416 21 23673 20 23930 19 24188 17 24447 8 24458 3 24715 2 24973 1
1747f62148a919c8feb6d607faeebdf504b5e2ad42b6b1710b1189c37ebcdb2c,21393 5 21648 8 21903 10 22159 11 22414 13 22670 15 22925 16 23181 17 23437 17 23693 17 23949 17 24205 18 24461 18 24717 17 24974 16 25230 15 25487 14 25744 12 26002 9 26261 5 26518 3
1747f62148a919c8feb6d607faeebdf504b5e2ad42b6b1710b1189c37ebcdb2c,44436 6 44689 10 44943 13 45198 15 45453 17 45700 6 45708 19 45955 28 46210 30 46464 32 46719 34 46975 33 47230 34 47486 35 47742 35 47998 34 48254 34 48510 33 48766 30 49022 29 49279 27 49535 28 49792 27 50049 26 50307 23 50563 24 50821 21 51077 21 51334 19 51591 18 51847 17 52104 15 52361 13 52619 10 52879 5
1747f62148a919c8feb6d607faeebdf504b5e2ad42b6b1710b1189c37ebcdb2c,2697 5 2952 8 3207 11 3463 14 3718 18 3974 19 4229 21 4486 21 4742 21 4998 22 5255 21 5511 21 5769 18 6026 17 6284 14 6542 11 6803 5
1747f62148a919c8feb6d607faeebdf504b5e2ad42b6b1710b1189c37ebcdb2c,10135 6 10389 9 10643 12 10897 15 11152 16 11408 17 11663 19 11918 20 12174 21 12429 22 12685 22 12941 22 13196 23 13451 25 13707 25 13962 27 14218 27 14473 28 14729 28 14985 28 15241 28 15497 28 15753 28 16009 28 16265 28 16522 27 16778 26 17035 25 17291 25 17548 23 17804 23 18061 21 18318 20 18576 17 18834 15 19091 13 19347 13 19605 9 19863 3
1747f62148a919c8feb6d607faeebdf504b5e2ad42b6b1710b1189c37ebcdb2c,50600 5 50856 6 51111 9 51367 10 51623 11 51878 13 52134 14 52390 15 52646 15 52902 16 53158 16 53414 16 53670 15 53927 14 54183 13 54440 12 54696 11 54953 10 55210 7
1747f62148a919c8feb6d607faeebdf504b5e2ad42b6b1710b1189c37ebcdb2c,18360 8 18615 11 18871 13 19126 15 19382 16 19638 16 19894 17 20149 18 20405 18 20660 20 20916 20 21173 19 21429 18 21686 17 21942 16 22199 15 22456 13 22712 13 22968 12 23225 10 23481 9 23739 4
1747f62148a919c8feb6d607faeebdf504b5e2ad42b6b1710b1189c37ebcdb2c,38847 4 39101 10 39355 13 39611 13 39866 17 40122 22 40377 24 40633 25 40889 27 41145 28 41400 30 41656 31 41911 32 42167 33 42424 32 42680 32 42937 31 43194 30 43452 28 43709 27 43967 25 44225 23 44482 22 44739 20 44997 18 45254 16 45514 11
1747f62148a919c8feb6d607faeebdf504b5e2ad42b6b1710b1189c37ebcdb2c,35788 7 36042 11 36297 13 36552 16 36807 18 37063 19 37318 21 37574 21 37830 22 38086 22 38343 21 38599 21 38856 20 39111 20 39368 19 39624 18 39883 15 40146 7 40404 4
1747f62148a919c8feb6d607faeebdf504b5e2ad42b6b1710b1189c37ebcdb2c,26056 6 26310 9 26564 11 26820 12 27075 13 27331 14 27587 14 27843 14 28099 1 28111 1 28355 1 28367 1
1747f62148a919c8feb6d607faeebdf504b5e2ad42b6b1710b1189c37ebcdb2c,28100 11 28356 11 28611 13 28867 13 29122 15 29378 15 29633 17 29889 18 30145 19 30400 20 30656 21 30912 21 31167 22 31424 21 31680 21 31937 19 32193 19 32450 18 32706 17 32964 15 33221 13 33478 11 33735 9 33993 7
17b9bf4356db24967c4677b8376ac38f826de73a88b93a8d73a8b452e399cdff,19994 2 20250 2 20508 1
17b9bf4356db24967c4677b8376ac38f826de73a88b93a8d73a8b452e399cdff,18205 1 18460 2 18716 3 18972 3 19228 2 19483 2 19739 1
17b9bf4356db24967c4677b8376ac38f826de73a88b93a8d73a8b452e399cdff,19743 1 19996 5 20252 5 20509 1
17b9bf4356db24967c4677b8376ac38f826de73a88b93a8d73a8b452e399cdff,3610 4 3866 4 3875 5 4121 6 4131 5 4377 7 4386 7 4634 15 4890 16 5146 15 5402 15 5657 16 5914 14 6170 14 6426 15 6682 15 6938 16 7194 15 7450 15 7706 14 7962 14 8218 11 8475 11 8731 10 8987 10 9243 6 9499 6 9755 6 10012 4 10268 4
17b9bf4356db24967c4677b8376ac38f826de73a88b93a8d73a8b452e399cdff,40733 1 40989 1 40996 1 41245 3 41252 1 41500 9 41756 10 42011 11 42267 11 42522 13 42778 13 43034 12 43290 13 43546 12 43802 12 44059 11 44315 10 44572 9 44829 7 45086 5 45343 3
17b9bf4356db24967c4677b8376ac38f826de73a88b93a8d73a8b452e399cdff,35104 1 35360 1 35611 7 35867 7 36122 13 36378 20 36634 20 36890 20 37146 20 37402 20 37657 21 37913 20 38169 21 38426 20 38682 21 38938 21 39194 22 39451 20 39707 20 39965 16 40221 9 40477 8 40734 7 40990 6 41248 4
17b9bf4356db24967c4677b8376ac38f826de73a88b93a8d73a8b452e399cdff,26398 4 26653 10 26908 12 27164 14 27419 17 27675 18 27930 20 28186 21 28442 26 28698 27 28954 29 29210 30 29466 30 29722 30 29978 30 30234 30 30490 29 30746 29 31002 28 31258 28 31514 27 31769 28 32026 26 32282 26 32538 26 32794 26 33050 26 33307 25 33563 25 33824 19 34080 19 34337 18 34593 18 34850 16 35105 17 35361 16 35618 14 35874 14 36135 8
17b9bf4356db24967c4677b8376ac38f826de73a88b93a8d73a8b452e399cdff,24118 1 24373 2 24627 4 24883 4 25138 5 25394 2 25650 1
17b9bf4356db24967c4677b8376ac38f826de73a88b93a8d73a8b452e399cdff,24907 5 25162 7 25408 17 25664 18 25919 18 26176 17 26432 16 26688 15 26943 15 27199 14 27454 13 27709 13 27964 12 28219 11 28472 13 28728 12 28983 11 29240 8 29496 7
17b9bf4356db24967c4677b8376ac38f826de73a88b93a8d73a8b452e399cdff,15715 9 15725 11 15971 21 16226 23 16482 23 16737 23 16993 23 17248 23 17504 23 17760 22 18015 23 18269 24 18525 23 18780 23 19036 22 19290 23 19545 23 19801 21 20056 21 20311 21 20566 21 20821 20 21075 21 21331 18 21586 19 21843 17 22099 16 22356 13 22613 9 22869 6
17b9bf4356db24967c4677b8376ac38f826de73a88b93a8d73a8b452e399cdff,3470 3 3724 5 3979 7 4234 8 4489 9 4744 11 4999 12 5254 13 5508 15 5763 17 6019 17 6274 18 6530 18 6785 19 7041 18 7296 19 7552 18 7808 18 8064 17 8320 17 8576 16 8832 16 9089 14 9345 13 9601 12 9856 13 10113 11 10369 11 10627 8 10886 3
17b9bf4356db24967c4677b8376ac38f826de73a88b93a8d73a8b452e399cdff,27102 6 27358 6 27613 8 27870 7 28126 6 28382 7 28639 6 28895 6 29152 5 29408 4 29665 3
1879f4f4f05e2bada0ffeb46c128b8df7a79b14c84f38c3e216a69653495153b,8628 7 8881 11 9136 13 9391 15 9646 16 9902 17 10157 19 10413 20 10669 21 10924 22 11180 23 11436 23 11692 24 11949 23 12205 23 12462 21 12718 21 12976 18 13233 16 13490 12 13751 5
1879f4f4f05e2bada0ffeb46c128b8df7a79b14c84f38c3e216a69653495153b,17594 5 17848 8 18103 11 18357 14 18612 16 18867 17 19123 18 19378 19 19634 19 19889 21 20145 21 20400 22 20655 24 20911 23 21166 24 21421 25 21677 26 21932 27 22188 27 22444 26 22700 26 22956 25 23212 25 23468 25 23724 25 23981 24 24237 24 24494 23 24750 23 25007 22 25263 22 25520 20 25777 19 26034 17 26291 15 26548 13 26805 9
191b2b2205f2f5cc9da04702c5d422bc249faf8bca1107af792da63cccfba829,37149 6 37403 9 37658 11 37913 13 38169 13 38424 15 38680 15 38935 16 39191 16 39447 16 39703 16 39959 16 40215 16 40471 16 40727 16 40984 15 41240 14 41497 13 41753 12 42010 11 42267 9 42524 7
191b2b2205f2f5cc9da04702c5d422bc249faf8bca1107af792da63cccfba829,54609 4 54863 8 55117 12 55372 13 55627 15 55881 17 56137 18 56392 19 56647 20 56903 20 57158 21 57414 21 57670 20 57925 21 58181 20 58437 20 58694 18 58950 18 59207 16 59463 15 59720 12 59978 9 60235 6
191b2b2205f2f5cc9da04702c5d422bc249faf8bca1107af792da63cccfba829,39763 7 40017 10 40272 12 40527 14 40783 14 41038 16 41294 16 41549 17 41805 17 42061 17 42317 16 42573 16 42829 15 43085 15 43341 14 43598 13 43854 12 44111 10 44368 8 44626 3
191b2b2205f2f5cc9da04702c5d422bc249faf8bca1107af792da63cccfba829,21099 6 21354 8 21609 9 21865 10 22120 11 22376 11 22632 11 22887 12 23143 12 23399 12 23655 12 23911 11 24167 11 24423 10 24679 10 24936 8 25192 8 25449 6
191b2b2205f2f5cc9da04702c5d422bc249faf8bca1107af792da63cccfba829,48530 5 48784 9 49038 12 49294 13 49549 14 49805 15 50060 16 50316 16 50572 16 50827 16 51083 16 51339 15 51596 14 51852 13 52108 12 52365 11 52621 10 52878 8 53135 6
191b2b2205f2f5cc9da04702c5d422bc249faf8bca1107af792da63cccfba829,12995 5 13249 8 13504 10 13759 12 14015 12 14270 14 14526 14 14782 14 15038 14 15294 14 15550 14 15806 14 16062 14 16318 13 16575 12 16831 11 17088 10 17346 7 17604 3
191b2b2205f2f5cc9da04702c5d422bc249faf8bca1107af792da63cccfba829,44257 5 44511 8 44765 11 45019 14 45274 15 45529 17 45784 18 46040 18 46295 19 46551 19 46806 20 47062 19 47318 19 47574 18 47830 18 48087 16 48343 15 48600 13 48856 12 49114 8 49372 3
191b2b2205f2f5cc9da04702c5d422bc249faf8bca1107af792da63cccfba829,28658 6 28912 9 29166 12 29422 13 29677 15 29933 15 30189 16 30445 16 30701 16 30957 15 31213 15 31469 15 31725 15 31982 13 32238 13 32495 11 32751 11 33008 9 33265 7 33523 3
1962d0c5faf3e85cda80e0578e0cb7aca50826d781620e5c1c4cc586bc69f81a,20228 3 20482 6 20737 8 20993 8 21249 9 21505 9 21761 8 22017 8 22273 7 22529 6 22785 7 23041 3 23297 3 23553 2 23809 2 24065 2 24322 2
1962d0c5faf3e85cda80e0578e0cb7aca50826d781620e5c1c4cc586bc69f81a,23044 4 23300 5 23555 6 23811 7 24067 6 24324 5 24580 3
1962d0c5faf3e85cda80e0578e0cb7aca50826d781620e5c1c4cc586bc69f81a,61442 6 61697 8 61953 8 62209 9 62465 9 62721 8 62977 8 63233 6 63489 6 63745 5 64001 5 64257 4 64513 4 64769 3
1962d0c5faf3e85cda80e0578e0cb7aca50826d781620e5c1c4cc586bc69f81a,11020 5 11275 6 11530 6 11782 10 12036 13 12291 14 12547 15 12802 16 13059 15 13315 15 13572 13 13829 11 14086 9 14342 9 14600 5
1962d0c5faf3e85cda80e0578e0cb7aca50826d781620e5c1c4cc586bc69f81a,9239 5 9494 6 9749 8 10004 8 10259 10 10514 10 10770 10 11025 10 11281 10 11536 11 11792 11 12049 9 12305 9 12562 7 12818 5
1962d0c5faf3e85cda80e0578e0cb7aca50826d781620e5c1c4cc586bc69f81a,51980 5 52235 6 52490 6 52742 10 52996 13 53251 14 53507 15 53762 16 54019 15 54275 15 54532 13 54789 11 55046 9 55302 8 55560 5
1962d0c5faf3e85cda80e0578e0cb7aca50826d781620e5c1c4cc586bc69f81a,50199 5 50454 6 50709 8 50964 8 51219 9 51474 10 51730 10 51985 10 52241 10 52496 11 52752 11 53009 9 53265 9 53522 7 53778 5
1962d0c5faf3e85cda80e0578e0cb7aca50826d781620e5c1c4cc586bc69f81a,30215 5 30470 8 30726 9 30981 11 31237 12 31492 13 31748 14 32003 16 32259 15 32516 14 32772 13 33029 12 33288 8 33546 6 33803 6 34061 4
1962d0c5faf3e85cda80e0578e0cb7aca50826d781620e5c1c4cc586bc69f81a,32021 3 32274 7 32530 8 32785 9 33041 10 33296 11 33552 11 33809 10 34065 10 34322 10 34578 10 34835 9 35092 8 35349 7 35607 4 35864 3
1962d0c5faf3e85cda80e0578e0cb7aca50826d781620e5c1c4cc586bc69f81a,6665 3 6920 4 7176 4 7432 2
1962d0c5faf3e85cda80e0578e0cb7aca50826d781620e5c1c4cc586bc69f81a,7434 2 7689 3 7945 4 8201 4 8458 4 8715 3
1962d0c5faf3e85cda80e0578e0cb7aca50826d781620e5c1c4cc586bc69f81a,47625 2 47880 3 48136 3 48392 3 48649 3 48905 3 49161 4 49418 3 49675 2
1962d0c5faf3e85cda80e0578e0cb7aca50826d781620e5c1c4cc586bc69f81a,21260 2 21516 2 21521 1 21771 7 22027 7 22283 3 22539 1 22546 1 22795 1
1962d0c5faf3e85cda80e0578e0cb7aca50826d781620e5c1c4cc586bc69f81a,19471 1 19727 1 19982 1 20238 2 20493 3 20749 6 21005 5 21262 4 21518 3
1962d0c5faf3e85cda80e0578e0cb7aca50826d781620e5c1c4cc586bc69f81a,22286 4 22540 6 22796 7 23051 8 23307 8 23563 5 23820 2 24076 2
1962d0c5faf3e85cda80e0578e0cb7aca50826d781620e5c1c4cc586bc69f81a,23568 4 23822 6 24078 7 24333 8 24589 9 24846 8 25102 9 25359 7 25615 7
1962d0c5faf3e85cda80e0578e0cb7aca50826d781620e5c1c4cc586bc69f81a,19217 4 19472 5 19728 6 19983 6 20240 5 20496 4
1962d0c5faf3e85cda80e0578e0cb7aca50826d781620e5c1c4cc586bc69f81a,61709 3 61965 3 62220 5 62476 5 62731 6 62987 7 63243 7 63499 7 63755 8 64011 8 64268 6 64524 6 64781 3
1962d0c5faf3e85cda80e0578e0cb7aca50826d781620e5c1c4cc586bc69f81a,21782 1 22038 1 22047 1 22294 1 22550 1 22558 1
1962d0c5faf3e85cda80e0578e0cb7aca50826d781620e5c1c4cc586bc69f81a,22295 3 22551 7 22806 9 23062 9 23318 10 23574 10 23831 10 24087 10 24343 10 24600 8 24856 8 25113 6
1962d0c5faf3e85cda80e0578e0cb7aca50826d781620e5c1c4cc586bc69f81a,19735 8 19991 9 20246 10 20503 10 20759 10 21015 10 21271 10 21526 10 21783 9 22039 8 22298 5
1962d0c5faf3e85cda80e0578e0cb7aca50826d781620e5c1c4cc586bc69f81a,62998 2 63254 2 63510 4 63766 9 64022 9 64278 10 64534 10 64791 10 65047 10 65303 9
1962d0c5faf3e85cda80e0578e0cb7aca50826d781620e5c1c4cc586bc69f81a,60697 6 60952 8 61208 8 61463 10 61719 10 61975 10 62231 10 62487 9 62743 9 63000 8 63256 7 63514 5
1962d0c5faf3e85cda80e0578e0cb7aca50826d781620e5c1c4cc586bc69f81a,40730 4 40986 5 41241 8 41497 9 41753 9 42009 10 42265 10 42520 12 42776 12 43032 12 43288 12 43544 12 43801 10 44057 10 44316 6 44572 6 44829 3
1962d0c5faf3e85cda80e0578e0cb7aca50826d781620e5c1c4cc586bc69f81a,285 4 541 5 796 6 1052 7 1306 9 1562 10 1817 11 2073 11 2329 11 2586 9 2842 9 3100 7 3356 6 3613 5 3869 3
1962d0c5faf3e85cda80e0578e0cb7aca50826d781620e5c1c4cc586bc69f81a,5156 4 5411 5 5666 7 5921 8 6175 12 6429 13 6685 12 6940 12 7197 10 7453 8
1962d0c5faf3e85cda80e0578e0cb7aca50826d781620e5c1c4cc586bc69f81a,37661 8 37917 10 38172 13 38429 13 38685 14 38942 13 39201 7 39457 7 39714 5 39971 5
1962d0c5faf3e85cda80e0578e0cb7aca50826d781620e5c1c4cc586bc69f81a,46116 4 46370 5 46626 6 46881 7 47134 13 47389 13 47645 12 47900 13 48157 10 48413 9
1962d0c5faf3e85cda80e0578e0cb7aca50826d781620e5c1c4cc586bc69f81a,35630 6 35883 10 36138 11 36394 12 36649 12 36905 12 37160 12 37417 11 37673 6 37682 1 37930 4 38187 3 38444 1
1962d0c5faf3e85cda80e0578e0cb7aca50826d781620e5c1c4cc586bc69f81a,47660 1 47915 2 48169 6 48425 11 48680 12 48936 13 49193 12 49449 13 49706 12 49963 10 50220 9 50480 4
1962d0c5faf3e85cda80e0578e0cb7aca50826d781620e5c1c4cc586bc69f81a,37679 3 37934 4 38190 6 38445 9 38701 10 38956 12 39208 17 39464 23 39719 26 39976 25 40232 26 40489 26 40745 26 41002 26 41258 26 41515 24 41771 24 42027 23 42284 1 42304 1 42540 1 42560 1
1962d0c5faf3e85cda80e0578e0cb7aca50826d781620e5c1c4cc586bc69f81a,42285 19 42541 19 42796 21 43052 21 43308 21 43564 21 43820 21 44075 23 44331 24 44587 24 44842 26 45098 26 45353 26 45609 26 45864 26 46120 25 46375 25 46632 17 46651 4 46888 16 47149 11 47404 11 47661 9 47917 7 48175 4
1962d0c5faf3e85cda80e0578e0cb7aca50826d781620e5c1c4cc586bc69f81a,21796 3 22050 6 22305 7 22561 8 22817 7 23074 6 23332 2
1962d0c5faf3e85cda80e0578e0cb7aca50826d781620e5c1c4cc586bc69f81a,62756 3 63010 6 63265 8 63521 8 63777 8 64035 5 64293 1
1962d0c5faf3e85cda80e0578e0cb7aca50826d781620e5c1c4cc586bc69f81a,6700 2 6955 3 7209 6 7465 11 7720 12 7976 13 8233 12 8489 13 8746 12 9003 10 9260 9 9520 4
1962d0c5faf3e85cda80e0578e0cb7aca50826d781620e5c1c4cc586bc69f81a,44 3 48 19 299 24 555 23 811 23 1068 21 1324 21 1580 21 1836 21 2092 21 2348 21 2604 21 2860 21 3116 22 3371 24 3627 24 3882 26 4138 26 4393 26 4649 26 4905 25 5160 25 5416 24 5673 16 5691 4 5929 3 5933 11 6189 11 6445 10 6702 8 6958 6 7215 4
1962d0c5faf3e85cda80e0578e0cb7aca50826d781620e5c1c4cc586bc69f81a,10034 7 10290 7 10545 9 10802 8 11058 9 11316 7 11573 5 11829 5 12086 3 12342 3
1962d0c5faf3e85cda80e0578e0cb7aca50826d781620e5c1c4cc586bc69f81a,50994 7 51250 7 51505 9 51762 8 52018 9 52276 7 52533 5 52789 5 53046 3 53302 3
1962d0c5faf3e85cda80e0578e0cb7aca50826d781620e5c1c4cc586bc69f81a,32822 3 33077 5 33333 5 33588 7 33844 7 34099 8 34355 7 34610 8 34867 6 35123 5
1962d0c5faf3e85cda80e0578e0cb7aca50826d781620e5c1c4cc586bc69f81a,12875 4 13130 6 13383 11 13637 15 13891 18 14147 19 14402 20 14657 22 14913 22 15168 23 15424 24 15679 25 15935 25 16190 26 16446 25 16701 26 16957 26 17213 26 17468 27 17724 26 17980 26 18236 25 18493 24 18749 23 19006 19 19263 17 19520 15 19777 9 20034 7
1962d0c5faf3e85cda80e0578e0cb7aca50826d781620e5c1c4cc586bc69f81a,24903 4 25153 10 25409 12 25664 15 25919 18 25938 3 26174 23 26429 25 26685 25 26940 25 27196 26 27452 26 27709 26 27965 26 28221 27 28477 27 28734 26 28990 26 29247 25 29503 25 29760 24 30017 22 30273 22 30530 20 30786 20 31043 18 31299 17 31556 15 31814 10 32075 4
1962d0c5faf3e85cda80e0578e0cb7aca50826d781620e5c1c4cc586bc69f81a,53836 3 54090 6 54343 11 54597 15 54851 18 55107 19 55362 20 55617 22 55873 22 56128 23 56384 24 56639 25 56895 25 57150 26 57406 25 57661 26 57917 26 58173 26 58428 27 58684 26 58940 26 59196 25 59453 24 59709 23 59966 19 60223 17 60480 15 60737 9 60994 7
1962d0c5faf3e85cda80e0578e0cb7aca50826d781620e5c1c4cc586bc69f81a,586 1 842 1 1097 3 1353 3 1609 6 1865 9 2121 10 2377 10 2633 11 2889 11 3145 12 3402 12 3658 14 3914 13 4171 11 4427 1 4683 1 4694 1
1962d0c5faf3e85cda80e0578e0cb7aca50826d781620e5c1c4cc586bc69f81a,1616 3
1962d0c5faf3e85cda80e0578e0cb7aca50826d781620e5c1c4cc586bc69f81a,4428 10 4684 10 4939 12 5195 12 5451 12 5707 13 5963 13 6220 12 6476 11 6733 10 6989 9 7247 7 7504 4
1962d0c5faf3e85cda80e0578e0cb7aca50826d781620e5c1c4cc586bc69f81a,76 7 85 1 91 5 331 12 346 6 587 13 602 5 843 13 858 5 1100 16 1356 3 1360 12 1620 7 1876 7 2131 7 2387 7 2644 5 2900 5 3157 4 3414 3
1962d0c5faf3e85cda80e0578e0cb7aca50826d781620e5c1c4cc586bc69f81a,16222 1 16477 2 16732 4 16988 4 17243 8 17499 7 17755 6 18012 4 18268 3
1962d0c5faf3e85cda80e0578e0cb7aca50826d781620e5c1c4cc586bc69f81a,12380 5 12635 6 12891 7 13146 8 13402 11 13658 11 13670 1 13914 17 14170 17 14426 17 14683 15 14939 15 15196 13 15456 8 15712 8 15967 8 16223 7 16479 6 16736 4 16992 3
1962d0c5faf3e85cda80e0578e0cb7aca50826d781620e5c1c4cc586bc69f81a,101 16 356 17 612 17 868 16 1116 24 1372 22 1627 22 1883 20 2138 17 2394 16 2649 17 2905 16 3161 16 3418 15 3674 15 3930 14 4186 14 4442 14 4698 14 4954 15 5211 14 5467 15 5724 13 5981 4 5991 1 6238 3
1962d0c5faf3e85cda80e0578e0cb7aca50826d781620e5c1c4cc586bc69f81a,5985 6 6241 6 6496 11 6752 13 7005 17 7261 18 7516 20 7772 20 8027 22 8283 22 8539 22 8795 23 9051 14 9308 12 9564 6 9821 5 10077 4 10334 3 10592 1
1962d0c5faf3e85cda80e0578e0cb7aca50826d781620e5c1c4cc586bc69f81a,9065 11 9320 12 9570 19 9826 19 10081 20 10337 19 10593 19 10850 17 11106 17 11362 16 11618 16 11874 15 12130 15 12385 15 12641 15 12898 13 13154 11 13415 3 13671 3
1962d0c5faf3e85cda80e0578e0cb7aca50826d781620e5c1c4cc586bc69f81a,2410 6 2666 8 2921 9 3177 9 3433 10 3689 10 3944 14 4200 14 4456 14 4712 15 4969 14 5225 15 5483 13 5740 12 5996 12 6253 11 6510 9 6767 8 7025 5
1962d0c5faf3e85cda80e0578e0cb7aca50826d781620e5c1c4cc586bc69f81a,380 5 633 8 643 4 886 12 899 4 1141 19 1396 20 1651 21 1907 21 2162 22 2418 22 2675 20 2930 17 2948 3 3186 16 3443 14 3699 3 3704 7
1962d0c5faf3e85cda80e0578e0cb7aca50826d781620e5c1c4cc586bc69f81a,21840 1 22094 3 22350 4 22357 1 22605 9 22862 4 22869 1 23118 3 23376 1
1962d0c5faf3e85cda80e0578e0cb7aca50826d781620e5c1c4cc586bc69f81a,20306 5 20561 6 20817 7 21072 8 21328 7 21584 7 21841 5 22097 5 22354 3
1962d0c5faf3e85cda80e0578e0cb7aca50826d781620e5c1c4cc586bc69f81a,22866 3 23121 5 23377 5 23632 7 23888 7 24144 8 24401 7 24657 7 24914 6 25172 3 25428 3
1962d0c5faf3e85cda80e0578e0cb7aca50826d781620e5c1c4cc586bc69f81a,62800 1 63054 3 63310 4 63317 1 63565 9 63822 8 64078 8 64336 6 64592 7 64848 7 65104 7 65361 6
1962d0c5faf3e85cda80e0578e0cb7aca50826d781620e5c1c4cc586bc69f81a,61266 5 61521 6 61777 7 62032 8 62288 7 62544 7 62801 5 63057 5 63314 3
1962d0c5faf3e85cda80e0578e0cb7aca50826d781620e5c1c4cc586bc69f81a,34386 4 34639 1 34641 5 34897 5 35154 2
1962d0c5faf3e85cda80e0578e0cb7aca50826d781620e5c1c4cc586bc69f81a,10067 1 10322 4 10578 4 10834 4 11091 2
1962d0c5faf3e85cda80e0578e0cb7aca50826d781620e5c1c4cc586bc69f81a,19552 4 19807 7 20062 10 20318 11 20573 13 20830 12 21086 13 21346 8 21602 8 21859 6 22116 4
1962d0c5faf3e85cda80e0578e0cb7aca50826d781620e5c1c4cc586bc69f81a,60512 4 60767 7 61022 10 61278 11 61533 13 61790 12 62046 13 62306 8 62562 8 62819 6 63076 4
1962d0c5faf3e85cda80e0578e0cb7aca50826d781620e5c1c4cc586bc69f81a,23139 5 23395 6 23650 7 23906 8 24161 9 24415 11 24671 10 24926 11 25183 8 25439 6 25696 4
1962d0c5faf3e85cda80e0578e0cb7aca50826d781620e5c1c4cc586bc69f81a,63845 2 64099 5 64355 6 64610 8 64865 9 65120 10 65376 10
1962d0c5faf3e85cda80e0578e0cb7aca50826d781620e5c1c4cc586bc69f81a,25959 4 26215 3 26470 4 26727 2 26983 2 27240 2
1962d0c5faf3e85cda80e0578e0cb7aca50826d781620e5c1c4cc586bc69f81a,24953 4 25199 4 25207 8 25454 17 25709 19 25965 19 26218 23 26474 23 26729 24 26985 23 27242 22 27498 21 27756 17 28013 15 28270 13 28527 10 28784 7 29041 6 29297 7 29554 6 29810 6 30066 6 30323 4 30579 4
1962d0c5faf3e85cda80e0578e0cb7aca50826d781620e5c1c4cc586bc69f81a,56945 2 57201 2 57456 7 57711 10 57966 10 58221 11 58475 12 58730 13 58984 15 59239 16 59495 15 59750 16 60007 15 60263 4 60269 9 60526 9 60782 7 60790 1
1962d0c5faf3e85cda80e0578e0cb7aca50826d781620e5c1c4cc586bc69f81a,55667 4 55923 4 56178 6 56434 6 56690 6 56947 4 57203 4
1962d0c5faf3e85cda80e0578e0cb7aca50826d781620e5c1c4cc586bc69f81a,57976 4 58232 5 58487 7 58743 8 58999 9 59255 9 59510 11 59766 11 60022 11 60278 11 60535 9 60791 9 61048 7 61305 5
1962d0c5faf3e85cda80e0578e0cb7aca50826d781620e5c1c4cc586bc69f81a,15985 2 16241 2 16496 7 16751 10 17006 10 17261 11 17515 12 17770 13 18024 15 18280 15 18535 15 18792 14 19048 14 19309 9 19566 9 19822 7 19830 1
1962d0c5faf3e85cda80e0578e0cb7aca50826d781620e5c1c4cc586bc69f81a,14707 4 14963 4 15218 6 15474 6 15730 6 15987 4 16243 4
1962d0c5faf3e85cda80e0578e0cb7aca50826d781620e5c1c4cc586bc69f81a,17016 3 17272 5 17527 7 17783 8 18039 9 18295 9 18550 11 18806 11 19062 11 19318 11 19575 9 19831 9 20088 7 20345 5
1962d0c5faf3e85cda80e0578e0cb7aca50826d781620e5c1c4cc586bc69f81a,21882 2 22136 5 22391 6 22646 6 22903 4 23160 4
1962d0c5faf3e85cda80e0578e0cb7aca50826d781620e5c1c4cc586bc69f81a,62842 2 63096 5 63351 6 63606 7 63862 8 64119 7 64377 5
1962d0c5faf3e85cda80e0578e0cb7aca50826d781620e5c1c4cc586bc69f81a,9082 5 9337 7 9593 7 9848 9 10104 13 10360 13 10616 14 10872 14 11128 14 11384 14 11640 13 11897 12 12153 11 12409 10 12666 8 12922 8 13179 6
1962d0c5faf3e85cda80e0578e0cb7aca50826d781620e5c1c4cc586bc69f81a,3715 4 3969 6 4224 8 4479 12 4735 12 4990 14 5246 14 5502 15 5757 17 6013 18 6268 19 6524 20 6780 20 7036 20 7293 20 7549 19 7805 19 8062 18 8318 18 8575 16 8832 15 9087 15 9344 13 9600 4 9607 4 9857 3
1962d0c5faf3e85cda80e0578e0cb7aca50826d781620e5c1c4cc586bc69f81a,31869 3 32122 8 32378 8 32633 10 32889 11 33145 12 33401 12 33656 14 33912 14 34168 14 34424 14 34680 14 34936 14 35192 14 35448 9 35705 5 35961 5 36219 2
1962d0c5faf3e85cda80e0578e0cb7aca50826d781620e5c1c4cc586bc69f81a,35457 5 35710 13 35966 15 36221 17 36478 17 36734 17 36990 18 37245 19 37501 19 37757 20 38013 20 38268 20 38524 20 38780 19 39037 18 39293 17 39549 16 39806 14 40062 14 40318 13 40575 12 40831 11 41090 5 41347 4 41603 3
1962d0c5faf3e85cda80e0578e0cb7aca50826d781620e5c1c4cc586bc69f81a,50042 5 50297 7 50553 7 50808 9 51064 13 51320 13 51576 14 51832 14 52088 14 52344 14 52600 14 52857 12 53113 12 53369 10 53626 8 53882 8 54139 6
1962d0c5faf3e85cda80e0578e0cb7aca50826d781620e5c1c4cc586bc69f81a,44164 3 44420 3 44674 6 44928 8 45183 10 45439 12 45694 13 45950 14 46206 14 46461 16 46717 17 46973 18 47228 19 47484 20 47740 20 47996 20 48252 21 48509 19 48765 19 49022 18 49278 18 49535 16 49791 16 50047 15 50304 13 50560 4 50567 4 50817 3
1962d0c5faf3e85cda80e0578e0cb7aca50826d781620e5c1c4cc586bc69f81a,12687 5 12693 3 12941 16 13195 19 13450 20 13705 22 13960 23 14215 24 14470 25 14726 25 14981 26 15237 25 15493 25 15749 24 16004 25 16261 23 16517 9 16529 11 16774 8 16784 11 17030 8 17040 10 17286 7 17297 8 17543 6 17553 7 17799 5 17810 4 18056 3
1962d0c5faf3e85cda80e0578e0cb7aca50826d781620e5c1c4cc586bc69f81a,27272 4 27527 6 27537 5 27783 6 27793 7 28038 8 28048 9 28294 8 28304 10 28549 9 28560 11 28805 9 28817 11 29060 24 29317 24 29573 24 29829 25 30085 25 30341 26 30598 25 30854 25 31111 24 31368 23 31625 22 31882 20 32140 18 32398 9
1962d0c5faf3e85cda80e0578e0cb7aca50826d781620e5c1c4cc586bc69f81a,53647 5 53653 4 53901 16 54155 19 54410 20 54665 22 54920 23 55175 24 55430 25 55686 25 55941 26 56197 25 56453 25 56709 24 56964 25 57220 24 57477 9 57489 11 57733 9 57744 11 57990 8 58000 10 58246 7 58256 9 58503 6 58513 7 58759 5 58769 5 59016 3
1962d0c5faf3e85cda80e0578e0cb7aca50826d781620e5c1c4cc586bc69f81a,34712 4 34966 6 35222 7 35477 8 35733 8 35989 8 36246 6 36502 6 36759 3
1962d0c5faf3e85cda80e0578e0cb7aca50826d781620e5c1c4cc586bc69f81a,153 10 409 11 664 12 920 12 1175 13 1431 12 1687 12 1943 1 1954 1 2199 1
1962d0c5faf3e85cda80e0578e0cb7aca50826d781620e5c1c4cc586bc69f81a,1944 10 2200 10 2455 12 2711 12 2967 12 3223 13 3480 12 3736 12 3993 11 4249 11 4506 9 4763 8 5021 5
1962d0c5faf3e85cda80e0578e0cb7aca50826d781620e5c1c4cc586bc69f81a,40093 5 40347 8 40602 9 40857 11 41113 11 41368 12 41624 12 41879 13 42135 13 42391 12 42647 1 42658 1 42903 1
1962d0c5faf3e85cda80e0578e0cb7aca50826d781620e5c1c4cc586bc69f81a,42648 10 42904 10 43159 11 43415 11 43671 12 43927 12 44183 13 44440 12 44696 12 44953 11 45209 11 45466 9 45723 8 45981 5
1962d0c5faf3e85cda80e0578e0cb7aca50826d781620e5c1c4cc586bc69f81a,1702 4 1957 6 2210 1 2212 7 2469 6
1962d0c5faf3e85cda80e0578e0cb7aca50826d781620e5c1c4cc586bc69f81a,42403 1 42661 6 42914 1 42916 8 43170 1 43172 8 43426 1 43428 8 43686 4 43939 1
1962d0c5faf3e85cda80e0578e0cb7aca50826d781620e5c1c4cc586bc69f81a,3756 1 4011 1 4266 3 4521 4 4776 7 5031 12 5286 12 5542 11 5797 11 6053 11 6309 10 6564 10 6820 10 7077 8 7333 7 7590 4
1962d0c5faf3e85cda80e0578e0cb7aca50826d781620e5c1c4cc586bc69f81a,2736 1 2991 2 3246 2 3501 4 3757 4 4012 6 4269 8 4525 7 4783 4
1962d0c5faf3e85cda80e0578e0cb7aca50826d781620e5c1c4cc586bc69f81a,171 11 428 11 684 12 941 7 1198 5 1456 3 1713 1
1962d0c5faf3e85cda80e0578e0cb7aca50826d781620e5c1c4cc586bc69f81a,948 5 1203 6 1459 7 1714 8 1970 8 2227 7 2482 8 2737 9 2993 9 3248 9 3505 8 3761 7 4018 4
1962d0c5faf3e85cda80e0578e0cb7aca50826d781620e5c1c4cc586bc69f81a,37798 5 38053 7 38309 8 38564 10 38820 11 39077 10 39333 6 39589 3 39846 2 40102 1 40359 1
1962d0c5faf3e85cda80e0578e0cb7aca50826d781620e5c1c4cc586bc69f81a,44716 1 44971 1 45226 3 45481 4 45736 7 45991 12 46246 12 46502 11 46757 11 47013 11 47269 10 47524 11 47780 10 48037 8 48293 7 48550 4
1962d0c5faf3e85cda80e0578e0cb7aca50826d781620e5c1c4cc586bc69f81a,39339 5 39592 8 39848 9 40103 11 40360 11 40616 7 40873 4 41130 3 41387 1 41644 1
1962d0c5faf3e85cda80e0578e0cb7aca50826d781620e5c1c4cc586bc69f81a,40623 4 40877 7 41133 8 41388 6 41645 4 41901 4 42158 2 42415 2
1962d0c5faf3e85cda80e0578e0cb7aca50826d781620e5c1c4cc586bc69f81a,43696 1 43951 2 44206 2 44461 4 44717 4 44972 6 45229 8 45485 7 45743 4
1962d0c5faf3e85cda80e0578e0cb7aca50826d781620e5c1c4cc586bc69f81a,41394 5 41649 7 41905 8 42160 10 42417 4 42673 3 42682 1 42930 1
1962d0c5faf3e85cda80e0578e0cb7aca50826d781620e5c1c4cc586bc69f81a,42421 5 42676 6 42931 8 43187 8 43442 9 43697 9 43953 9 44208 9 44465 8 44721 7 44978 4
1962d0c5faf3e85cda80e0578e0cb7aca50826d781620e5c1c4cc586bc69f81a,15527 2 15783 2 16038 13 16294 12 16550 12 16805 13 17061 12 17317 12 17573 11 17829 10 18085 9 18341 9 18598 7 18854 6 19111 3
1962d0c5faf3e85cda80e0578e0cb7aca50826d781620e5c1c4cc586bc69f81a,13229 5 13483 8 13738 9 13994 10 14249 11 14505 11 14760 12 15016 12 15272 12 15529 10 15785 10
1962d0c5faf3e85cda80e0578e0cb7aca50826d781620e5c1c4cc586bc69f81a,26279 4 26534 6 26790 7 27045 9 27301 10 27557 11 27813 12 28069 12 28325 13 28581 13 28838 12 29094 6 29351 2 29607 2
1962d0c5faf3e85cda80e0578e0cb7aca50826d781620e5c1c4cc586bc69f81a,29100 6 29353 9 29609 10 29864 11 30120 11 30376 12 30632 12 30889 11 31145 11 31402 9 31659 8 31915 7 32173 3
1962d0c5faf3e85cda80e0578e0cb7aca50826d781620e5c1c4cc586bc69f81a,56487 2 56743 2 56998 13 57254 12 57510 12 57765 13 58021 12 58277 12 58533 11 58789 10 59045 9 59301 9 59558 7 59814 6 60071 3
1962d0c5faf3e85cda80e0578e0cb7aca50826d781620e5c1c4cc586bc69f81a,54189 5 54443 8 54698 9 54954 10 55209 11 55465 11 55720 12 55976 12 56232 12 56489 10 56745 10
1962d0c5faf3e85cda80e0578e0cb7aca50826d781620e5c1c4cc586bc69f81a,19892 4 20147 6 20403 6 20658 8 20914 8 21169 10 21425 10 21680 11 21936 12 22191 13 22447 13 22703 13 22959 13 23216 12 23472 11 23729 10 23985 10 24241 9 24498 8 24754 8 25011 7 25267 6 25524 5
1962d0c5faf3e85cda80e0578e0cb7aca50826d781620e5c1c4cc586bc69f81a,60852 5 61107 6 61363 7 61618 8 61874 8 62129 10 62385 10 62640 11 62896 12 63151 13 63407 13 63663 13 63919 13 64176 12 64432 11 64689 10 64945 9 65201 9 65458 8
1962d0c5faf3e85cda80e0578e0cb7aca50826d781620e5c1c4cc586bc69f81a,9142 1 9653 2 9908 3 10164 4 10419 6 10675 9 10930 10 11186 9 11441 10 11698 8 11954 7 12211 5 12468 3
1962d0c5faf3e85cda80e0578e0cb7aca50826d781620e5c1c4cc586bc69f81a,8122 3 8377 5 8632 6 8887 8 9143 8 9398 9 9655 7 9911 7 10168 5 10425 4
1962d0c5faf3e85cda80e0578e0cb7aca50826d781620e5c1c4cc586bc69f81a,32947 4 33202 6 33458 7 33713 9 33969 10 34226 10 34482 10 34739 10 34995 5 35252 2 35508 2
1962d0c5faf3e85cda80e0578e0cb7aca50826d781620e5c1c4cc586bc69f81a,35000 5 35254 8 35510 8 35765 10 36022 9 36278 9 36535 8 36791 8 37048 6 37306 4
1962d0c5faf3e85cda80e0578e0cb7aca50826d781620e5c1c4cc586bc69f81a,50102 1 50613 2 50868 3 51124 4 51379 6 51635 9 51890 10 52146 9 52401 10 52658 8 52914 7 53171 5 53428 3
1962d0c5faf3e85cda80e0578e0cb7aca50826d781620e5c1c4cc586bc69f81a,49082 3 49337 5 49592 6 49847 8 50103 8 50358 9 50615 7 50871 7 51128 5 51385 4
1962d0c5faf3e85cda80e0578e0cb7aca50826d781620e5c1c4cc586bc69f81a,17086 1 17341 2 17597 5 17853 9 18108 9 18364 9 18620 8 18875 8 19131 7 19388 5 19644 4
1962d0c5faf3e85cda80e0578e0cb7aca50826d781620e5c1c4cc586bc69f81a,16064 1 16319 2 16575 5 16584 1 16830 10 17087 9 17343 8 17602 4
1962d0c5faf3e85cda80e0578e0cb7aca50826d781620e5c1c4cc586bc69f81a,13508 1 13764 1 14019 3 14275 3 14530 5 14786 9 15041 10 15297 10 15553 9 15808 10 16065 8 16321 8 16580 4
1962d0c5faf3e85cda80e0578e0cb7aca50826d781620e5c1c4cc586bc69f81a,12232 3 12487 5 12742 6 12998 7 13253 8 13509 9 13765 8 14022 7 14278 6 14535 4
1962d0c5faf3e85cda80e0578e0cb7aca50826d781620e5c1c4cc586bc69f81a,25532 3 25788 4 26043 6 26299 7 26556 7 26812 8 27068 9 27324 9 27581 9 27837 9 28094 5 28350 4 28606 2 28863 1
1962d0c5faf3e85cda80e0578e0cb7aca50826d781620e5c1c4cc586bc69f81a,28099 4 28354 6 28608 8 28864 9 29119 10 29376 9 29632 10 29889 9 30145 5 30402 2 30410 1 30658 2
1962d0c5faf3e85cda80e0578e0cb7aca50826d781620e5c1c4cc586bc69f81a,30150 4 30404 6 30660 7 30915 8 31171 8 31427 10 31684 9 31940 10 32197 8 32454 7 32710 6 32967 5 33224 3
1962d0c5faf3e85cda80e0578e0cb7aca50826d781620e5c1c4cc586bc69f81a,57535 1 57790 2 58046 4 58301 6 58557 9 58813 9 59068 9 59324 9 59580 8 59835 8 60091 7 60348 5 60604 4
1962d0c5faf3e85cda80e0578e0cb7aca50826d781620e5c1c4cc586bc69f81a,54468 1 54724 1 54979 3 55235 3 55490 5 55746 9 56001 10 56257 10 56513 9 56768 10 57024 10 57279 10 57536 9 57792 8 58050 6 58307 4
1962d0c5faf3e85cda80e0578e0cb7aca50826d781620e5c1c4cc586bc69f81a,53192 3 53447 5 53702 6 53958 7 54213 8 54469 9 54725 8 54982 7 55238 6 55495 4
1962d0c5faf3e85cda80e0578e0cb7aca50826d781620e5c1c4cc586bc69f81a,191 8 446 10 702 10 959 8 1215 8 1472 6 1730 2
1962d0c5faf3e85cda80e0578e0cb7aca50826d781620e5c1c4cc586bc69f81a,2753 3 3008 6 3263 8 3519 8 3774 10 4030 10 4286 9 4543 8 4798 8 5054 7 5309 7 5566 5 5822 4
1962d0c5faf3e85cda80e0578e0cb7aca50826d781620e5c1c4cc586bc69f81a,39614 5 39870 5 40125 7 40381 9 40638 9 40894 9 41150 10 41406 10 41662 10 41919 8 42175 8 42432 6 42689 4
1962d0c5faf3e85cda80e0578e0cb7aca50826d781620e5c1c4cc586bc69f81a,43713 4 43968 6 44223 8 44479 8 44734 10 44990 10 45246 9 45503 8 45758 8 46014 7 46269 7 46526 5 46782 4
1962d0c5faf3e85cda80e0578e0cb7aca50826d781620e5c1c4cc586bc69f81a,36051 3 36305 4 36560 5 36814 7 37060 4 37070 7 37316 6 37325 9 37571 8 37581 9 37827 9 37837 9 38083 20 38339 20 38596 21 38852 22 39109 21 39365 21 39622 20 39879 18 40135 18 40393 17 40650 16 40907 15 41163 15 41420 15 41677 10 41933 9 42191 7
1962d0c5faf3e85cda80e0578e0cb7aca50826d781620e5c1c4cc586bc69f81a,44239 3 44243 3 44494 8 44749 11 45004 15 45260 15 45515 15 45770 16 46025 17 46279 18 46535 18 46790 19 47045 20 47301 20 47556 20 47812 20 48067 20 48323 20 48578 10 48589 10 48835 8 48845 10 49091 7 49101 10 49348 4 49358 7 49614 7 49871 5 50129 4 50386 3
1962d0c5faf3e85cda80e0578e0cb7aca50826d781620e5c1c4cc586bc69f81a,41687 4 41942 6 42198 7 42453 9 42710 8 42966 9 43222 9 43478 8 43734 8 43989 8 44246 7 44502 6 44760 3
1962d0c5faf3e85cda80e0578e0cb7aca50826d781620e5c1c4cc586bc69f81a,34263 5 34519 6 34774 8 35030 9 35286 11 35543 10 35798 12 36054 12 36309 13 36565 13 36821 13 37077 14 37334 12 37590 13 37846 9 38103 7 38359 5 38618 2
1962d0c5faf3e85cda80e0578e0cb7aca50826d781620e5c1c4cc586bc69f81a,37855 4 38110 6 38364 8 38620 9 38875 10 39132 9 39388 9 39644 8 39899 10 40156 8 40412 8 40669 4 40925 4
1962d0c5faf3e85cda80e0578e0cb7aca50826d781620e5c1c4cc586bc69f81a,45533 4 45789 4 46044 7 46300 7 46557 7 46813 6 47069 9 47325 9 47581 10 47836 11 48092 11 48347 13 48602 14 48857 15 49112 16 49365 19 49621 19 49876 20 50133 19 50389 19 50646 18 50902 18 51158 9 51168 8 51414 9 51425 6 51671 7 51681 6 51927 6 51938 4 52184 3
1962d0c5faf3e85cda80e0578e0cb7aca50826d781620e5c1c4cc586bc69f81a,3283 3 3534 8 3789 11 4044 15 4300 15 4555 15 4810 16 5065 17 5319 18 5575 18 5830 19 6085 20 6341 20 6596 20 6852 20 7107 21 7363 20 7619 9 7629 10 7875 8 7885 10 8132 6 8141 9 8388 4 8398 7 8654 7 8911 5 9169 4 9426 3
1962d0c5faf3e85cda80e0578e0cb7aca50826d781620e5c1c4cc586bc69f81a,728 3 984 4 1239 6 1495 7 1750 8 2006 9 2262 9 2518 8 2774 8 3029 8 3286 7 3542 6 3800 3
1962d0c5faf3e85cda80e0578e0cb7aca50826d781620e5c1c4cc586bc69f81a,4062 3 4318 3 4573 5 4829 5 5084 7 5340 7 5597 7 5853 7 6109 9 6365 9 6621 10 6876 11 7132 11 7387 13 7642 14 7897 15 8150 18 8405 19 8661 19 8916 20 9173 19 9429 19 9686 18 9942 19 10198 18 10454 9 10464 8 10711 7 10721 6 10967 6 10978 5 11224 3
1962d0c5faf3e85cda80e0578e0cb7aca50826d781620e5c1c4cc586bc69f81a,223 1 478 3 734 3 991 2 1247 3 1504 2 1761 1
1962d0c5faf3e85cda80e0578e0cb7aca50826d781620e5c1c4cc586bc69f81a,20195 3 20449 5 20704 7 20959 8 21214 10 21469 11 21725 12 21980 13 22236 7 22244 5 22492 13 22748 7 23004 4 23016 1 23260 2 23517 1
1962d0c5faf3e85cda80e0578e0cb7aca50826d781620e5c1c4cc586bc69f81a,22755 5 23008 8 23262 5 23268 5 23518 11 23773 12 24030 10 24286 10 24543 9 24800 8 25057 7 25315 4 25572 3
1962d0c5faf3e85cda80e0578e0cb7aca50826d781620e5c1c4cc586bc69f81a,61919 1 62174 1 62429 2 62685 3 62940 4 63196 7 63452 8 63708 8 63964 8 64220 7 64477 7 64733 7 64990 7 65246 7 65503 7
1962d0c5faf3e85cda80e0578e0cb7aca50826d781620e5c1c4cc586bc69f81a,61155 3 61409 5 61664 7 61920 7 62175 9 62431 9 62688 9 62944 9 63204 4 63460 4
1962d0c5faf3e85cda80e0578e0cb7aca50826d781620e5c1c4cc586bc69f81a,15588 3 15844 3 16099 5 16355 5 16610 6 16866 7 17121 8 17377 8 17633 8 17889 8 18145 8 18402 6 18658 6 18915 4 19172 3
1962d0c5faf3e85cda80e0578e0cb7aca50826d781620e5c1c4cc586bc69f81a,26340 3 26595 4 26850 6 27106 6 27361 7 27617 7 27873 7 28129 7 28385 7 28642 6 28898 6 29155 5 29412 3 29668 3
1962d0c5faf3e85cda80e0578e0cb7aca50826d781620e5c1c4cc586bc69f81a,56548 3 56804 3 57059 5 57315 5 57570 6 57826 7 58081 8 58337 8 58593 8 58849 8 59105 8 59362 7 59618 6 59875 5 60132 3
1962d0c5faf3e85cda80e0578e0cb7aca50826d781620e5c1c4cc586bc69f81a,62453 1 62708 2 62963 2 63219 2 63474 3 63730 3 63986 3 64243 2 64499 3 64756 2
1962d0c5faf3e85cda80e0578e0cb7aca50826d781620e5c1c4cc586bc69f81a,60158 1 60413 2 60668 2 60924 2 61179 2 61434 3 61690 3
1cdbfee1951356e7b0a215073828695fe1ead5f8b1add119b6645d2fdc8d844e,1 12 257 13 513 13 769 13 1025 13 1281 12 1537 12 1793 11 2049 10 2305 10 2561 9 2817 8 3073 7 3329 6 3585 4
1cdbfee1951356e7b0a215073828695fe1ead5f8b1add119b6645d2fdc8d844e,14360 5 14614 8 14870 8 15125 10 15380 11 15635 13 15890 14 16145 16 16401 17 16656 19 16912 20 17167 21 17423 22 17679 22 17935 21 18192 20 18448 18 18706 15 18968 7
1cdbfee1951356e7b0a215073828695fe1ead5f8b1add119b6645d2fdc8d844e,39 28 294 30 551 29 806 31 1062 32 1318 33 1575 33 1831 33 2088 33 2344 33 2602 31 2859 30 3115 29 3372 28 3630 25 3888 22 4145 21 4403 18 4664 12 4921 10 5178 6
1cdbfee1951356e7b0a215073828695fe1ead5f8b1add119b6645d2fdc8d844e,5459 4 5713 9 5968 11 6223 13 6478 15 6734 15 6989 17 7245 17 7501 18 7757 18 8013 18 8269 18 8525 18 8782 16 9038 16 9294 15 9550 14 9807 12 10063 11 10321 8
1cdbfee1951356e7b0a215073828695fe1ead5f8b1add119b6645d2fdc8d844e,23149 8 23404 13 23660 17 23915 19 24171 20 24427 21 24683 22 24939 23 25195 24 25451 24 25706 26 25962 26 26219 26 26475 26 26731 27 26986 28 27242 28 27498 27 27754 27 28011 26 28267 25 28524 24 28781 22 29039 20 29295 19 29552 18 29809 16 30067 13 30325 8 30582 6
1cdbfee1951356e7b0a215073828695fe1ead5f8b1add119b6645d2fdc8d844e,131 12 387 13 643 14 898 17 1154 18 1409 20 1665 20 1920 22 2177 21 2433 22 2689 21 2946 20 3202 19 3460 17 3717 15 3973 13 4230 10
1cdbfee1951356e7b0a215073828695fe1ead5f8b1add119b6645d2fdc8d844e,18059 10 18313 13 18567 15 18822 17 19077 19 19333 21 19588 23 19843 24 20099 25 20354 26 20611 26 20867 26 21123 26 21379 26 21636 25 21892 24 22149 23 22406 22 22666 17 22923 15 23180 10 23438 7
1cdbfee1951356e7b0a215073828695fe1ead5f8b1add119b6645d2fdc8d844e,22432 3 22686 7 22938 12 23194 12 23449 14 23704 15 23959 17 24214 18 24469 19 24725 19 24980 20 25236 19 25492 19 25748 20 26004 20 26261 20 26516 21 26772 21 27027 22 27283 22 27539 22 27794 23 28049 24 28305 23 28560 24 28816 24 29072 24 29328 23 29583 24 29839 23 30095 23 30352 21 30608 21 30865 17 31122 15 31382 5 31640 3
1cdbfee1951356e7b0a215073828695fe1ead5f8b1add119b6645d2fdc8d844e,54689 9 54943 12 55198 15 55453 17 55708 18 55964 19 56219 21 56475 22 56731 22 56987 23 57243 23 57499 23 57755 23 58011 23 58268 23 58524 22 58780 22 59037 21 59293 20 59550 19 59807 17 60064 16 60321 14 60578 12 60838 5
1cdbfee1951356e7b0a215073828695fe1ead5f8b1add119b6645d2fdc8d844e,43175 3 43429 6 43684 9 43939 12 44195 13 44450 16 44706 17 44962 17 45218 18 45474 15 45730 14 45986 13 46242 12 46498 11 46755 10 47011 9 47267 8 47524 6 47780 6 48038 3 48295 2 48552 1
1cdbfee1951356e7b0a215073828695fe1ead5f8b1add119b6645d2fdc8d844e,45489 4 45744 9 45999 11 46254 13 46509 15 46765 16 47020 18 47275 19 47530 21 47786 21 48041 22 48297 22 48553 22 48810 20 49066 20 49323 18 49579 18 49836 16 50093 14 50350 13 50607 11 50867 6
1cdbfee1951356e7b0a215073828695fe1ead5f8b1add119b6645d2fdc8d844e,15539 3 15794 5 16049 7 16305 7 16560 9 16816 9 17072 9 17328 9 17585 7 17841 7 18098 4
1cdbfee1951356e7b0a215073828695fe1ead5f8b1add119b6645d2fdc8d844e,62400 7 62655 10 62909 14 63163 17 63418 19 63674 20 63929 23 64185 24 64441 24 64696 26 64952 26 65207 27 65464 26
1cdbfee1951356e7b0a215073828695fe1ead5f8b1add119b6645d2fdc8d844e,2762 5 3016 8 3271 12 3527 14 3782 17 4038 18 4295 20 4551 21 4809 20 5066 19 5323 19 5579 20 5835 20 6090 22 6346 22 6602 22 6858 21 7114 21 7370 21 7627 20 7883 20 8140 18 8396 18 8653 17 8910 15 9167 14 9425 11 9682 9 9939 4
1cdbfee1951356e7b0a215073828695fe1ead5f8b1add119b6645d2fdc8d844e,26078 4 26332 7 26585 12 26839 16 27095 16 27350 18 27606 18 27862 18 28118 18 28374 18 28629 19 28884 20 29138 22 29394 22 29649 23 29905 23 30161 23 30417 22 30673 22 30930 20 31186 18 31443 10 31701 7 31959 4
1d9eacb3161f1e2b45550389ecf7c535c7199c6b44b1c6a46303f7b965e508f1,16387 1 16643 2 16900 2 17156 2 17412 3 17666 1 17669 2 17923 3
1d9eacb3161f1e2b45550389ecf7c535c7199c6b44b1c6a46303f7b965e508f1,40966 4 41222 5 41477 6 41733 6 41990 5 42247 2
1d9eacb3161f1e2b45550389ecf7c535c7199c6b44b1c6a46303f7b965e508f1,27913 6 28168 8 28424 9 28679 10 28936 10 29192 9 29449 8 29709 3
1d9eacb3161f1e2b45550389ecf7c535c7199c6b44b1c6a46303f7b965e508f1,17163 3 17418 4 17674 3 17929 5 18185 5 18442 5 18698 4
1d9eacb3161f1e2b45550389ecf7c535c7199c6b44b1c6a46303f7b965e508f1,16913 3 17166 7 17422 7 17677 9 17934 7 18190 7 18449 3
1d9eacb3161f1e2b45550389ecf7c535c7199c6b44b1c6a46303f7b965e508f1,62219 5 62475 6 62730 7 62986 8 63242 8 63498 8 63755 6 64011 6
1d9eacb3161f1e2b45550389ecf7c535c7199c6b44b1c6a46303f7b965e508f1,20238 4 20493 6 20750 5 21006 5 21263 4
1d9eacb3161f1e2b45550389ecf7c535c7199c6b44b1c6a46303f7b965e508f1,785 1 1038 5 1294 5 1550 5 1806 4 2064 1
1d9eacb3161f1e2b45550389ecf7c535c7199c6b44b1c6a46303f7b965e508f1,34319 3 34573 6 34829 6 35084 8 35340 8 35596 8 35852 8 36109 6 36365 6 36622 4
1d9eacb3161f1e2b45550389ecf7c535c7199c6b44b1c6a46303f7b965e508f1,21523 3 21779 4 22034 5 22290 1 22295 1 22546 1 22551 1
1d9eacb3161f1e2b45550389ecf7c535c7199c6b44b1c6a46303f7b965e508f1,22291 4 22547 4 22802 6 23058 6 23313 7 23569 7 23825 7 24080 7 24336 7 24593 5 24849 4
1d9eacb3161f1e2b45550389ecf7c535c7199c6b44b1c6a46303f7b965e508f1,9235 3 9491 5 9746 7 10002 8 10258 8 10514 9 10770 9 11026 9 11282 9 11538 8 11793 9 12049 8 12306 6 12562 5
1d9eacb3161f1e2b45550389ecf7c535c7199c6b44b1c6a46303f7b965e508f1,46617 2 46873 3 47129 5 47385 5 47641 5 47897 4 48153 4 48410 2
1d9eacb3161f1e2b45550389ecf7c535c7199c6b44b1c6a46303f7b965e508f1,60442 3 60697 5 60953 5 61209 5 61465 5 61721 5 61977 4 62233 2
1d9eacb3161f1e2b45550389ecf7c535c7199c6b44b1c6a46303f7b965e508f1,62751 4 63006 6 63261 6 63517 6 63772 6 64029 6 64285 6 64542 5
1d9eacb3161f1e2b45550389ecf7c535c7199c6b44b1c6a46303f7b965e508f1,61734 6 61990 6 62245 8 62501 8 62757 8 63013 8 63267 10 63523 10 63778 10 64035 9 64291 9 64548 8 64804 7 65061 6 65317 5
1d9eacb3161f1e2b45550389ecf7c535c7199c6b44b1c6a46303f7b965e508f1,25634 4 25889 6 26144 7 26400 8 26655 9 26911 8 27167 8 27422 8 27678 8 27935 6 28191 5 28448 3
1d9eacb3161f1e2b45550389ecf7c535c7199c6b44b1c6a46303f7b965e508f1,35 2 39 2 291 7 547 6 803 6 1060 5 1317 2
1d9eacb3161f1e2b45550389ecf7c535c7199c6b44b1c6a46303f7b965e508f1,15653 4 15909 5 16164 6 16420 6 16676 6 16933 5 17189 5 17445 5 17702 3
1d9eacb3161f1e2b45550389ecf7c535c7199c6b44b1c6a46303f7b965e508f1,37925 3 38180 5 38436 6 38691 7 38947 8 39202 9 39459 8 39715 7 39972 6 40228 5 40485 3
1d9eacb3161f1e2b45550389ecf7c535c7199c6b44b1c6a46303f7b965e508f1,43814 4 44069 6 44324 7 44580 8 44835 9 45092 8 45348 9 45605 8 45861 7 46117 7 46373 8 46630 7 46886 6 47143 5 47399 4
1d9eacb3161f1e2b45550389ecf7c535c7199c6b44b1c6a46303f7b965e508f1,7466 4 7721 6 7976 8 8232 8 8488 8 8744 7 9001 5
1d9eacb3161f1e2b45550389ecf7c535c7199c6b44b1c6a46303f7b965e508f1,13097 5 13352 7 13608 8 13864 8 14120 7 14377 6 14635 2
1d9eacb3161f1e2b45550389ecf7c535c7199c6b44b1c6a46303f7b965e508f1,50731 5 50986 7 51242 7 51497 9 51753 9 52010 8 52266 7 52523 6 52779 5
1d9eacb3161f1e2b45550389ecf7c535c7199c6b44b1c6a46303f7b965e508f1,56108 3 56363 5 56619 6 56874 7 57130 8 57385 9 57641 8 57898 7 58154 6 58411 4
1d9eacb3161f1e2b45550389ecf7c535c7199c6b44b1c6a46303f7b965e508f1,51770 5 52025 6 52281 7 52536 8 52792 8 53048 7 53305 6 53561 5 53818 3
1d9eacb3161f1e2b45550389ecf7c535c7199c6b44b1c6a46303f7b965e508f1,55354 4 55609 6 55865 6 56120 8 56376 8 56632 8 56889 6 57145 6 57402 4
1d9eacb3161f1e2b45550389ecf7c535c7199c6b44b1c6a46303f7b965e508f1,34108 4 34363 6 34619 7 34875 7 35131 6 35388 4 35645 1
1d9eacb3161f1e2b45550389ecf7c535c7199c6b44b1c6a46303f7b965e508f1,43838 1 44092 5 44348 5 44603 7 44859 7 45115 7 45371 7 45628 5 45885 3
1d9eacb3161f1e2b45550389ecf7c535c7199c6b44b1c6a46303f7b965e508f1,63292 5 63547 7 63803 7 64059 7 64315 7 64571 7 64828 5 65085 3
1d9eacb3161f1e2b45550389ecf7c535c7199c6b44b1c6a46303f7b965e508f1,48959 3 49214 5 49469 6 49725 6 49981 6 50237 6 50494 4 50751 2
1d9eacb3161f1e2b45550389ecf7c535c7199c6b44b1c6a46303f7b965e508f1,58430 4 58685 6 58941 6 59197 7 59453 6 59710 5 59966 3
1d9eacb3161f1e2b45550389ecf7c535c7199c6b44b1c6a46303f7b965e508f1,39485 3 39741 4 39996 6 40252 6 40508 7 40764 7 41020 8 41277 6 41533 6 41790 3 42046 3
1d9eacb3161f1e2b45550389ecf7c535c7199c6b44b1c6a46303f7b965e508f1,36672 3 36927 5 37183 6 37439 6 37695 7 37951 7 38208 6 38465 5 38722 3
1d9eacb3161f1e2b45550389ecf7c535c7199c6b44b1c6a46303f7b965e508f1,22594 5 22849 6 23105 7 23360 8 23616 8 23872 8 24128 7 24384 7 24640 6 24897 5 25153 4
1d9eacb3161f1e2b45550389ecf7c535c7199c6b44b1c6a46303f7b965e508f1,29761 4 30017 5 30272 7 30528 7 30784 8 31040 8 31297 6 31553 6 31810 4
1d9eacb3161f1e2b45550389ecf7c535c7199c6b44b1c6a46303f7b965e508f1,26436 6 26690 9 26946 10 27201 12 27457 12 27713 13 27969 12 28226 11 28482 10 28741 5
1d9eacb3161f1e2b45550389ecf7c535c7199c6b44b1c6a46303f7b965e508f1,64581 3 64836 5 65091 6 65347 3 65351 2
1d9eacb3161f1e2b45550389ecf7c535c7199c6b44b1c6a46303f7b965e508f1,8260 7 8515 8 8771 9 9026 10 9282 9 9539 8 9795 7 10052 5
1d9eacb3161f1e2b45550389ecf7c535c7199c6b44b1c6a46303f7b965e508f1,11845 4 12099 7 12355 7 12610 9 12866 9 13122 10 13379 8 13635 8 13893 5
1d9eacb3161f1e2b45550389ecf7c535c7199c6b44b1c6a46303f7b965e508f1,4421 5 4676 5 4932 4 5187 5 5444 3 5700 3 5957 3
1d9eacb3161f1e2b45550389ecf7c535c7199c6b44b1c6a46303f7b965e508f1,3152 3 3407 4 3663 5 3918 6 4173 7 4428 8 4681 10 4936 11 5192 10 5447 10 5703 10 5960 8 6216 8 6473 6
1d9eacb3161f1e2b45550389ecf7c535c7199c6b44b1c6a46303f7b965e508f1,16197 3 16452 3 16708 3 16963 5 17220 4 17476 5 17733 4
1d9eacb3161f1e2b45550389ecf7c535c7199c6b44b1c6a46303f7b965e508f1,15434 4 15689 6 15944 8 16200 9 16455 10 16711 11 16968 10 17224 11 17483 8 17741 7 17998 6 18255 4 18512 3
1d9eacb3161f1e2b45550389ecf7c535c7199c6b44b1c6a46303f7b965e508f1,38729 1 38983 4 39238 6 39493 7 39750 6 40006 6 40263 4
1d9eacb3161f1e2b45550389ecf7c535c7199c6b44b1c6a46303f7b965e508f1,49482 4 49738 5 49993 6 50249 6 50506 5 50762 5 51018 4 51274 4
1d9eacb3161f1e2b45550389ecf7c535c7199c6b44b1c6a46303f7b965e508f1,57674 4 57930 5 58185 6 58441 6 58697 6 58953 6 59209 6 59466 4 59723 2
1d9eacb3161f1e2b45550389ecf7c535c7199c6b44b1c6a46303f7b965e508f1,30539 3 30794 4 31049 6 31305 6 31560 7 31816 7 32072 7 32328 7 32585 5 32841 5 33098 3
1d9eacb3161f1e2b45550389ecf7c535c7199c6b44b1c6a46303f7b965e508f1,1106 4 1362 4 1618 4 1874 4 2131 2
1d9eacb3161f1e2b45550389ecf7c535c7199c6b44b1c6a46303f7b965e508f1,20051 3 20307 3 20562 4 20819 3 21075 2
1d9eacb3161f1e2b45550389ecf7c535c7199c6b44b1c6a46303f7b965e508f1,38748 4 39004 4 39259 6 39515 1 39520 1 39771 1 39776 1
1d9eacb3161f1e2b45550389ecf7c535c7199c6b44b1c6a46303f7b965e508f1,39516 4 39772 4 40027 6 40283 2 40288 1 40539 2 40544 1 40795 1
1d9eacb3161f1e2b45550389ecf7c535c7199c6b44b1c6a46303f7b965e508f1,40285 3 40541 3 40796 5 41052 5 41308 5 41565 3 41821 3
1d9eacb3161f1e2b45550389ecf7c535c7199c6b44b1c6a46303f7b965e508f1,47452 5 47708 5 47963 7 48219 7 48475 1 48481 1 48731 1 48737 1
1d9eacb3161f1e2b45550389ecf7c535c7199c6b44b1c6a46303f7b965e508f1,48476 5 48732 5 48987 7 49243 1 49249 1 49499 1 49505 1
1d9eacb3161f1e2b45550389ecf7c535c7199c6b44b1c6a46303f7b965e508f1,49244 5 49500 5 49755 7 50011 7 50267 7 50523 7 50779 7 51035 6 51292 5 51548 4
1d9eacb3161f1e2b45550389ecf7c535c7199c6b44b1c6a46303f7b965e508f1,53598 4 53853 5 54109 5 54365 5 54621 5 54877 5 55133 5 55389 5 55646 3
1d9eacb3161f1e2b45550389ecf7c535c7199c6b44b1c6a46303f7b965e508f1,57180 3 57436 4 57691 5 57947 6 58203 6 58459 7 58715 7 58971 1 58977 1 59227 1 59233 1
1d9eacb3161f1e2b45550389ecf7c535c7199c6b44b1c6a46303f7b965e508f1,58972 5 59228 5 59483 7 59739 7 59995 7 60251 7 60507 7 60763 7 61019 6 61276 5 61532 4
1d9eacb3161f1e2b45550389ecf7c535c7199c6b44b1c6a46303f7b965e508f1,28769 3 29024 4 29280 4 29536 4 29793 2
1d9eacb3161f1e2b45550389ecf7c535c7199c6b44b1c6a46303f7b965e508f1,29821 4 30078 2
1d9eacb3161f1e2b45550389ecf7c535c7199c6b44b1c6a46303f7b965e508f1,27520 1 27775 2 28031 2 28286 3 28542 3 28798 3 29054 3 29309 4 29565 4
1d9eacb3161f1e2b45550389ecf7c535c7199c6b44b1c6a46303f7b965e508f1,14721 4 14977 4 15232 6 15488 6 15744 5 15999 6 16255 1 16260 1 16511 1 16516 1
1d9eacb3161f1e2b45550389ecf7c535c7199c6b44b1c6a46303f7b965e508f1,16256 4 16512 4 16767 6 17023 6 17279 5 17535 5 17792 3 18048 3
1d9eacb3161f1e2b45550389ecf7c535c7199c6b44b1c6a46303f7b965e508f1,2715 1 2970 3 3226 4 3483 3 3739 3 3996 1
1d9eacb3161f1e2b45550389ecf7c535c7199c6b44b1c6a46303f7b965e508f1,4763 2 5019 3 5275 3 5531 3 5787 3 6044 2 6300 2
1d9eacb3161f1e2b45550389ecf7c535c7199c6b44b1c6a46303f7b965e508f1,7069 1
1d9eacb3161f1e2b45550389ecf7c535c7199c6b44b1c6a46303f7b965e508f1,7324 2 7580 2 7836 2 8092 2 8348 2 8603 4 8860 3 9116 3 9372 3 9628 3 9884 3 10141 1
1d9eacb3161f1e2b45550389ecf7c535c7199c6b44b1c6a46303f7b965e508f1,15261 1 15772 2 16027 3 16283 3
1d9eacb3161f1e2b45550389ecf7c535c7199c6b44b1c6a46303f7b965e508f1,16539 3 16795 3 17051 3 17307 3 17563 3 17819 2 18075 3 18331 3 18587 2 18843 2 19099 2 19355 1
1d9eacb3161f1e2b45550389ecf7c535c7199c6b44b1c6a46303f7b965e508f1,1196 4 1452 4 1707 6 1963 6 2219 7 2476 1 2481 1 2732 1 2737 1
1d9eacb3161f1e2b45550389ecf7c535c7199c6b44b1c6a46303f7b965e508f1,2477 4 2733 4 2988 6 3244 6 3500 6 3756 6 4013 5 4269 4 4526 3
1d9eacb3161f1e2b45550389ecf7c535c7199c6b44b1c6a46303f7b965e508f1,18604 1 18860 2 18865 1 19116 2 19121 1 19372 6 19627 7 19883 6 20139 6 20395 6 20652 4 20908 4
1d9eacb3161f1e2b45550389ecf7c535c7199c6b44b1c6a46303f7b965e508f1,17326 3 17582 3 17837 5 18093 5 18349 5 18605 5 18862 3 19118 3
1d9eacb3161f1e2b45550389ecf7c535c7199c6b44b1c6a46303f7b965e508f1,23980 1 23985 1 24236 1 24241 1 24491 6 24747 1 24752 1 25003 1 25008 1
1d9eacb3161f1e2b45550389ecf7c535c7199c6b44b1c6a46303f7b965e508f1,24748 4 25004 4 25259 6 25515 5 25772 4 26028 3
1d9eacb3161f1e2b45550389ecf7c535c7199c6b44b1c6a46303f7b965e508f1,22701 4 22957 4 23212 6 23468 6 23724 6 23981 4 24237 4
1d9eacb3161f1e2b45550389ecf7c535c7199c6b44b1c6a46303f7b965e508f1,52152 1 52406 4 52661 5 52916 9 53172 9 53427 10 53683 10 53939 9 54195 1 54202 2 54451 1
1d9eacb3161f1e2b45550389ecf7c535c7199c6b44b1c6a46303f7b965e508f1,54196 6 54452 7 54707 8 54963 9 55219 9 55475 9 55731 9 55988 9 56244 9 56501 5 56758 3 57015 2
1d9eacb3161f1e2b45550389ecf7c535c7199c6b44b1c6a46303f7b965e508f1,49853 3 50108 5 50363 6 50619 7 50874 8 51130 7 51385 8 51641 7 51897 6 52153 6 52410 4 52666 4
1d9eacb3161f1e2b45550389ecf7c535c7199c6b44b1c6a46303f7b965e508f1,56506 3 56761 5 57017 5 57272 7 57529 6 57785 7 58042 6 58298 7 58554 7 58811 6 59067 5 59324 4
1d9eacb3161f1e2b45550389ecf7c535c7199c6b44b1c6a46303f7b965e508f1,41922 1 42177 2 42433 3 42690 4 42946 3
1d9eacb3161f1e2b45550389ecf7c535c7199c6b44b1c6a46303f7b965e508f1,39369 3 39624 4 39879 6 40134 7 40389 7 40644 8 40900 7 41155 7 41411 7 41666 7 41923 5 42179 4 42436 3
1d9eacb3161f1e2b45550389ecf7c535c7199c6b44b1c6a46303f7b965e508f1,46025 5 46280 6 46535 8 46791 8 47046 9 47302 9 47558 8 47814 8 48071 6 48327 4
1d9eacb3161f1e2b45550389ecf7c535c7199c6b44b1c6a46303f7b965e508f1,60871 5 61127 6 61382 8 61638 8 61894 9 62151 8 62407 7 62664 6 62920 5 63177 4
1d9eacb3161f1e2b45550389ecf7c535c7199c6b44b1c6a46303f7b965e508f1,49101 4 49356 5 49611 7 49866 8 50122 8 50377 9 50633 9 50889 9 51145 9 51401 8 51658 7 51914 6
1d9eacb3161f1e2b45550389ecf7c535c7199c6b44b1c6a46303f7b965e508f1,57292 3 57546 6 57802 7 58057 8 58313 9 58569 9 58825 9 59082 8 59338 8 59595 7 59852 5 60109 4
1d9eacb3161f1e2b45550389ecf7c535c7199c6b44b1c6a46303f7b965e508f1,32464 4 32719 5 32975 6 33230 8 33486 8 33742 9 33998 9 34254 8 34510 8 34767 6 35023 5
1d9eacb3161f1e2b45550389ecf7c535c7199c6b44b1c6a46303f7b965e508f1,24787 5 25043 6 25298 7 25554 8 25810 8 26066 8 26322 7 26579 6 26835 5
1d9eacb3161f1e2b45550389ecf7c535c7199c6b44b1c6a46303f7b965e508f1,35801 4 36056 5 36311 7 36566 7 36821 8 37077 7 37332 8 37588 7 37844 7 38099 7 38355 7 38612 5 38868 4
1d9eacb3161f1e2b45550389ecf7c535c7199c6b44b1c6a46303f7b965e508f1,44506 4 44761 5 45017 6 45272 7 45528 7 45783 8 46039 7 46295 7 46552 5 46808 4
1d9eacb3161f1e2b45550389ecf7c535c7199c6b44b1c6a46303f7b965e508f1,62424 5 62680 6 62935 7 63191 8 63447 8 63704 7 63960 7 64217 6 64473 5 64730 4
1d9eacb3161f1e2b45550389ecf7c535c7199c6b44b1c6a46303f7b965e508f1,28386 6 28641 11 28897 12 29152 13 29409 13 29665 12 29922 5 29930 3 30179 4 30437 1
1d9eacb3161f1e2b45550389ecf7c535c7199c6b44b1c6a46303f7b965e508f1,29927 3 30183 4 30438 5 30694 7 30949 8 31205 9 31461 9 31717 8 31973 8 32230 6 32486 5
1d9eacb3161f1e2b45550389ecf7c535c7199c6b44b1c6a46303f7b965e508f1,23017 2 23273 2 23529 3 23785 7 24040 7 24297 6 24553 5 24810 3
1d9eacb3161f1e2b45550389ecf7c535c7199c6b44b1c6a46303f7b965e508f1,20718 3 20972 5 21228 6 21483 7 21739 7 21994 8 22250 8 22506 8 22762 8 23019 6 23275 6 23532 4
1d9eacb3161f1e2b45550389ecf7c535c7199c6b44b1c6a46303f7b965e508f1,2032 4 2288 5 2543 7 2799 7 3055 8 3310 9 3566 9 3821 10 4077 10 4333 10 4590 9 4846 10 5103 9 5359 8 5616 7
1d9eacb3161f1e2b45550389ecf7c535c7199c6b44b1c6a46303f7b965e508f1,16628 3 16879 8 17135 9 17390 10 17646 10 17902 10 18157 11 18413 10 18670 9 18926 9 19182 9 19439 7 19695 7 19952 5 20208 4
1d9eacb3161f1e2b45550389ecf7c535c7199c6b44b1c6a46303f7b965e508f1,63731 1 63986 4 64241 5 64497 5 64752 6 65008 6 65264 6 65520 3 65524 1
1d9eacb3161f1e2b45550389ecf7c535c7199c6b44b1c6a46303f7b965e508f1,42482 4 42737 5 42993 6 43248 7 43504 7 43760 7 44016 6 44272 6 44528 6 44785 5 45041 4 45298 3
1d9eacb3161f1e2b45550389ecf7c535c7199c6b44b1c6a46303f7b965e508f1,38388 3 38643 5 38899 6 39155 6 39411 6 39667 6 39923 6 40180 4 40437 2
1d9eacb3161f1e2b45550389ecf7c535c7199c6b44b1c6a46303f7b965e508f1,50163 2 50419 2 50675 5 50932 4 51188 3
1d9eacb3161f1e2b45550389ecf7c535c7199c6b44b1c6a46303f7b965e508f1,48374 3 48629 5 48885 5 49140 7 49396 7 49652 6 49908 6 50165 4 50421 4
1d9eacb3161f1e2b45550389ecf7c535c7199c6b44b1c6a46303f7b965e508f1,58356 4 58612 4 58867 6 59123 6 59379 7 59636 6 59892 7 60148 7 60404 6 60661 5 60917 4
1d9eacb3161f1e2b45550389ecf7c535c7199c6b44b1c6a46303f7b965e508f1,26617 5 26873 5 27128 7 27384 7 27639 8 27895 7 28150 8 28406 7 28662 6 28919 4 29175 3
1ef68e93964c2d9230100c1347c328f6385a7bc027879dc3d4c055e6fe80cb3c,11279 3 11532 8 11787 10 12042 12 12297 13 12553 14 12808 15 13064 16 13320 16 13576 16 13833 14 14089 14 14346 12 14602 11 14859 9 15116 7
1ef68e93964c2d9230100c1347c328f6385a7bc027879dc3d4c055e6fe80cb3c,5392 7 5647 10 5902 12 6157 13 6412 15 6668 15 6923 17 7179 17 7435 17 7691 16 7947 16 8204 14 8460 14 8717 12 8974 9
1ef68e93964c2d9230100c1347c328f6385a7bc027879dc3d4c055e6fe80cb3c,41237 6 41493 7 41743 14 41998 16 42253 18 42509 18 42764 20 43020 20 43277 19 43533 18 43789 18 44046 16 44302 16 44559 14 44816 4 44823 4
1ef68e93964c2d9230100c1347c328f6385a7bc027879dc3d4c055e6fe80cb3c,17941 11 18196 13 18452 13 18707 15 18964 14 19220 15 19476 15 19732 15 19988 15 20245 13 20501 13 20758 11 21015 9 21272 7
1ef68e93964c2d9230100c1347c328f6385a7bc027879dc3d4c055e6fe80cb3c,31263 3 31514 11 31769 12 32023 14 32279 13 32534 14 32789 15 33045 16 33300 17 33556 17 33812 18 34069 17 34325 18 34582 16 34839 15 35096 12 35354 9
1ef68e93964c2d9230100c1347c328f6385a7bc027879dc3d4c055e6fe80cb3c,31272 3 31526 6 31781 8 32037 9 32292 10 32548 11 32804 11 33061 11 33317 11 33573 11 33830 11 34086 11 34344 9 34600 9 34857 7 35114 6 35371 4
1ef68e93964c2d9230100c1347c328f6385a7bc027879dc3d4c055e6fe80cb3c,12328 4 12582 6 12837 8 13092 9 13348 10 13603 11 13859 11 14114 12 14370 12 14625 13 14881 13 15138 12 15394 12 15651 11 15907 10 16164 9 16421 7 16678 5
1ef68e93964c2d9230100c1347c328f6385a7bc027879dc3d4c055e6fe80cb3c,62534 5 62788 8 63043 10 63298 12 63554 12 63809 14 64065 14 64321 14 64577 14 64834 12 65090 12 65346 11
1ef68e93964c2d9230100c1347c328f6385a7bc027879dc3d4c055e6fe80cb3c,8021 7 8267 7 8276 9 8522 20 8777 21 9032 23 9288 23 9543 24 9799 23 10055 23 10311 22 10567 20 10824 17 11080 16 11336 17 11592 17 11848 17 12104 17 12361 16 12617 15 12874 14 13131 12 13388 10 13648 3
1ef68e93964c2d9230100c1347c328f6385a7bc027879dc3d4c055e6fe80cb3c,18518 7 18772 11 19026 14 19281 16 19536 18 19792 19 20047 20 20303 21 20559 21 20815 21 21072 20 21328 20 21585 18 21842 17 22099 15 22356 12 22615 6
1ef68e93964c2d9230100c1347c328f6385a7bc027879dc3d4c055e6fe80cb3c,11888 6 12140 10 12396 11 12651 12 12907 12 13163 13 13420 12 13676 12 13933 11 14190 9 14447 8 14706 3
1ef68e93964c2d9230100c1347c328f6385a7bc027879dc3d4c055e6fe80cb3c,12157 3 12411 7 12667 9 12922 11 13178 12 13434 13 13690 13 13946 14 14203 13 14459 13 14716 12 14973 11 15230 9 15489 6
1ef68e93964c2d9230100c1347c328f6385a7bc027879dc3d4c055e6fe80cb3c,133 4 389 4 646 3 902 3 1160 1
1ef68e93964c2d9230100c1347c328f6385a7bc027879dc3d4c055e6fe80cb3c,137 7 393 8 649 7 905 5 912 1 1161 4
1ef68e93964c2d9230100c1347c328f6385a7bc027879dc3d4c055e6fe80cb3c,1167 4 1421 7 1676 9 1931 12 2186 13 2442 14 2697 15 2953 15 3210 13 3466 13 3724 10 3986 3
1ef68e93964c2d9230100c1347c328f6385a7bc027879dc3d4c055e6fe80cb3c,23181 1 23436 3 23692 3 23947 6 24204 9 24460 8 24717 7 24974 5 25231 3
1ef68e93964c2d9230100c1347c328f6385a7bc027879dc3d4c055e6fe80cb3c,19857 4 20111 8 20366 10 20621 12 20877 12 21132 14 21388 14 21644 14 21901 13 22157 13 22414 11 22670 12 22927 10 23182 11 23439 9 23695 8 23953 4
1ef68e93964c2d9230100c1347c328f6385a7bc027879dc3d4c055e6fe80cb3c,9882 1 10137 1 10392 2 10646 4 10901 5 11157 5 11412 6 11668 6 11924 6 12179 8 12436 7 12692 7 12949 6 13205 6 13462 5 13719 5 13976 4
1ef68e93964c2d9230100c1347c328f6385a7bc027879dc3d4c055e6fe80cb3c,9118 3 9372 8 9627 10 9883 11 10138 13 10394 13 10650 14 10906 14 11162 14 11418 14 11674 14 11930 13 12187 12 12443 11 12699 10 12955 9 13211 8 13467 7 13724 5 13980 3
1ef68e93964c2d9230100c1347c328f6385a7bc027879dc3d4c055e6fe80cb3c,17568 4 17824 6 18079 8 18335 8 18591 9 18846 10 19102 9 19359 8 19615 7 19873 4
1ef68e93964c2d9230100c1347c328f6385a7bc027879dc3d4c055e6fe80cb3c,23714 5 23969 7 24224 9 24480 9 24735 11 24991 11 25247 11 25504 10 25760 9 26017 8 26274 6
1ef68e93964c2d9230100c1347c328f6385a7bc027879dc3d4c055e6fe80cb3c,166 9 421 11 677 11 932 13 1188 13 1443 15 1699 15 1955 15 2211 15 2468 13 2724 13 2981 11 3240 6
1ef68e93964c2d9230100c1347c328f6385a7bc027879dc3d4c055e6fe80cb3c,13226 3 13481 6 13736 7 13990 10 14245 11 14501 11 14756 12 15012 11 15268 11 15525 9 15781 8 16038 6
1ef68e93964c2d9230100c1347c328f6385a7bc027879dc3d4c055e6fe80cb3c,6846 3 7101 5 7354 8 7608 11 7863 12 8118 13 8374 13 8629 15 8885 15 9141 15 9397 14 9653 14 9909 13 10166 12 10422 11 10679 9 10936 7 11193 5
1ef68e93964c2d9230100c1347c328f6385a7bc027879dc3d4c055e6fe80cb3c,6137 4 6392 6 6641 3 6647 8 6897 15 7152 16 7407 18 7662 19 7918 19 8173 20 8429 20 8685 20 8941 19 9197 19 9454 17 9710 17 9967 15 10223 15 10480 13 10736 12 10993 10 11249 9 11507 4
1ef68e93964c2d9230100c1347c328f6385a7bc027879dc3d4c055e6fe80cb3c,20470 5 20479 2 20725 12 20981 12 21236 13 21492 13 21748 13 22004 13 22260 13 22516 13 22773 12 23029 12 23286 11 23543 10 23800 9 24057 8 24315 6
1ef68e93964c2d9230100c1347c328f6385a7bc027879dc3d4c055e6fe80cb3c,1788 5 2041 8 2296 9 2551 10 2807 10 3062 11 3318 11 3575 10 3831 10 4088 9 4345 8 4603 6
259b35151d4a7a5ffdd7ab7f171b142db8cfe40beeee67277fac6adca4d042c4,50461 4 50717 5 50972 8 51228 9 51483 11 51738 13 51994 13 52249 15 52505 15 52762 14 53018 14 53277 10 53532 11 53789 9 54045 8
259b35151d4a7a5ffdd7ab7f171b142db8cfe40beeee67277fac6adca4d042c4,58651 3 58907 3 59162 1 59418 1
259b35151d4a7a5ffdd7ab7f171b142db8cfe40beeee67277fac6adca4d042c4,59163 4 59419 4 59674 6 59930 5 60186 5 60442 1 60446 1 60698 1 60702 2
259b35151d4a7a5ffdd7ab7f171b142db8cfe40beeee67277fac6adca4d042c4,60443 3 60699 3 60954 5 61210 2 61466 2 61722 1
259b35151d4a7a5ffdd7ab7f171b142db8cfe40beeee67277fac6adca4d042c4,61212 3 61468 3 61723 5 61979 5 62234 6 62490 6 62746 6 63002 5 63259 4 63515 5 63772 4
259b35151d4a7a5ffdd7ab7f171b142db8cfe40beeee67277fac6adca4d042c4,62496 6 62752 6 63007 8 63263 7 63520 6 63776 3
259b35151d4a7a5ffdd7ab7f171b142db8cfe40beeee67277fac6adca4d042c4,19231 3 19486 5 19742 5 19997 7 20253 7 20509 7 20764 8 21020 7 21276 7 21532 7 21788 7 22045 5 22301 5
259b35151d4a7a5ffdd7ab7f171b142db8cfe40beeee67277fac6adca4d042c4,52524 4 52780 5 53035 6 53291 7 53547 8 53802 9 54057 11 54313 12 54568 13 54823 15 55078 16 55331 19 55587 18 55842 21 56098 25 56353 27 56609 28 56865 28 57121 26 57377 25 57633 24 57889 24 58145 23 58401 23 58657 22 58913 22 59169 22 59424 22 59680 22 59935 23 60191 23 60448 21 60704 20 60962 9 60974 6 61218 7 61233 2 61489 2
259b35151d4a7a5ffdd7ab7f171b142db8cfe40beeee67277fac6adca4d042c4,57147 3 57402 10 57657 12 57913 12 58168 14 58424 14 58679 15 58935 15 59191 15 59446 17 59702 17 59958 17 60214 18 60469 19 60724 19 60980 19 61235 19 61491 15 61748 15 62004 15 62261 15 62519 12 62776 11 63032 10 63289 9 63546 5 63804 3
259b35151d4a7a5ffdd7ab7f171b142db8cfe40beeee67277fac6adca4d042c4,37935 4 38191 6 38446 10 38702 10 38958 11 39214 11 39471 10 39727 11 39984 10 40241 9 40497 8 40753 8 41010 6 41266 6 41523 4
259b35151d4a7a5ffdd7ab7f171b142db8cfe40beeee67277fac6adca4d042c4,38202 2 38459 3 38715 4 38973 4 39231 3
259b35151d4a7a5ffdd7ab7f171b142db8cfe40beeee67277fac6adca4d042c4,5957 2 6213 2 6467 4 6723 4 6979 4 7235 1
259b35151d4a7a5ffdd7ab7f171b142db8cfe40beeee67277fac6adca4d042c4,26967 1 27223 7 27479 6 27736 4
259b35151d4a7a5ffdd7ab7f171b142db8cfe40beeee67277fac6adca4d042c4,32890 2 33146 3 33400 4 33656 4 33912 3
259b35151d4a7a5ffdd7ab7f171b142db8cfe40beeee67277fac6adca4d042c4,11914 4 12170 4 12425 6 12682 5 12938 6 13193 7 13449 8 13705 10 13960 14 14216 18 14472 19 14728 21 14984 24 15240 2 15262 1 15518 1
259b35151d4a7a5ffdd7ab7f171b142db8cfe40beeee67277fac6adca4d042c4,15242 20 15497 21 15753 22 16008 23 16264 23 16520 22 16776 22 17032 22 17285 25 17541 25 17796 25 18052 25 18309 23 18565 22 18823 20 19080 18 19335 18 19592 17 19848 16 20108 11 20364 11 20621 9 20877 8 21134 5
259b35151d4a7a5ffdd7ab7f171b142db8cfe40beeee67277fac6adca4d042c4,3738 7 3992 10 4247 11 4503 12 4758 13 5014 14 5269 15 5525 15 5781 15 6037 16 6292 17 6547 18 6803 19 7058 20 7314 20 7570 21 7826 21 8082 21 8339 21 8595 21 8850 22 9106 22 9361 23 9617 24 9873 24 10129 24 10385 24 10641 24 10896 25 11152 24 11407 25 11663 25 11918 26 12174 26 12431 25 12687 25 12944 24 13200 23 13457 22 13715 19 13974 15 14234 10 14491 9 14749 5
259b35151d4a7a5ffdd7ab7f171b142db8cfe40beeee67277fac6adca4d042c4,60565 2 60821 2 61077 5 61334 3 61590 3
259b35151d4a7a5ffdd7ab7f171b142db8cfe40beeee67277fac6adca4d042c4,58523 1 58779 1 59029 7 59285 7 59541 7 59798 6 60054 6 60310 5 60567 4 60823 3
259b35151d4a7a5ffdd7ab7f171b142db8cfe40beeee67277fac6adca4d042c4,55703 1 55958 2 56213 6 56468 12 56723 13 56977 15 57233 14 57488 15 57744 12 58001 11 58257 11 58517 6 58773 6
259b35151d4a7a5ffdd7ab7f171b142db8cfe40beeee67277fac6adca4d042c4,53657 1 53913 2 54168 5 54177 1 54424 10 54680 10 54936 10 55191 11 55447 11 55704 9 55960 9 56219 5
259b35151d4a7a5ffdd7ab7f171b142db8cfe40beeee67277fac6adca4d042c4,50593 3 50848 4 51102 7 51357 8 51611 9 51866 10 52122 10 52377 11 52634 9 52889 10 53145 10 53402 9 53658 8 53915 7 54173 4
259b35151d4a7a5ffdd7ab7f171b142db8cfe40beeee67277fac6adca4d042c4,35740 3 35995 12 36251 12 36506 14 36763 13 37018 14 37274 12 37530 12 37787 10 38043 10 38300 8 38558 4 38814 4 39071 2 39329 1
259b35151d4a7a5ffdd7ab7f171b142db8cfe40beeee67277fac6adca4d042c4,37286 4 37542 5 37797 6 38053 7 38308 9 38562 12 38818 12 39073 14 39330 13 39586 14 39843 13 40099 13 40355 13 40612 12 40868 12 41125 11 41381 10 41637 10 41893 9 42150 7 42405 8 42662 3 42918 2 43174 2
259b35151d4a7a5ffdd7ab7f171b142db8cfe40beeee67277fac6adca4d042c4,42665 3 42920 4 43176 5 43431 6 43687 7 43943 7 44199 7 44454 8 44710 8 44965 9 45221 2 45228 1 45478 1 45484 1
259b35151d4a7a5ffdd7ab7f171b142db8cfe40beeee67277fac6adca4d042c4,45223 5 45479 5 45734 7 45990 7 46246 7 46501 8 46758 7 47013 7 47270 6 47526 5 47782 5 48039 3 48295 3
295682d9eb5acb5c1976a460c085734bfaf38482b0a3f02591c2bfdcd4128549,57683 3 57937 5 58192 7 58448 7 58703 8 58959 10 59214 12 59470 13 59726 13 59982 14 60238 14 60494 14 60750 14 61007 13 61263 12 61520 11 61778 8 62036 5
295682d9eb5acb5c1976a460c085734bfaf38482b0a3f02591c2bfdcd4128549,17275 6 17531 8 17786 10 18042 10 18298 11 18554 11 18811 10 19067 9 19324 8 19581 6
295682d9eb5acb5c1976a460c085734bfaf38482b0a3f02591c2bfdcd4128549,23186 7 23440 10 23696 11 23951 13 24207 13 24463 9 24720 7 24976 6 25233 5 25490 3 25748 1
295682d9eb5acb5c1976a460c085734bfaf38482b0a3f02591c2bfdcd4128549,24472 5 24727 7 24982 8 25238 9 25493 10 25749 11 26005 11 26262 10 26518 10 26775 8 27031 8 27288 6 27544 5
295682d9eb5acb5c1976a460c085734bfaf38482b0a3f02591c2bfdcd4128549,38555 3 38810 5 39065 7 39320 9 39576 9 39831 11 40087 11 40343 12 40599 12 40855 12 41111 12 41367 13 41624 12 41880 12 42136 12 42393 11 42649 12 42906 11 43163 10 43420 8 43677 7 43934 5
295682d9eb5acb5c1976a460c085734bfaf38482b0a3f02591c2bfdcd4128549,36006 1 36261 2 36270 1 36516 12 36772 12 37027 13 37283 13 37539 13 37795 13 38051 12 38308 11 38564 10 38821 8 39079 4
295682d9eb5acb5c1976a460c085734bfaf38482b0a3f02591c2bfdcd4128549,33449 4 33703 8 33958 10 34214 10 34469 12 34725 12 34981 12 35237 11 35494 10 35750 9 36007 8 36263 7
295682d9eb5acb5c1976a460c085734bfaf38482b0a3f02591c2bfdcd4128549,10415 3 10670 5 10925 7 11181 8 11436 10 11692 10 11948 11 12204 11 12459 12 12715 12 12970 13 13226 13 13481 13 13737 13 13993 12 14249 11 14506 10 14762 8 15019 6
295682d9eb5acb5c1976a460c085734bfaf38482b0a3f02591c2bfdcd4128549,12732 7 12986 10 13240 13 13495 15 13751 15 14006 17 14262 16 14517 17 14773 16 15029 15 15285 14 15542 12 15798 10 16055 8 16312 5
295682d9eb5acb5c1976a460c085734bfaf38482b0a3f02591c2bfdcd4128549,62679 5 62932 11 63186 14 63441 17 63697 17 63952 19 64208 19 64464 20 64720 20 64976 20 65232 20 65489 19
31f1fbe85b8899258ea5bcf5f93f7ac8238660c386aeab40649c715bd2e38a0a,27176 1 27431 4 27686 5 27942 6 28198 6 28455 5 28712 4 28968 4 29225 1
31f1fbe85b8899258ea5bcf5f93f7ac8238660c386aeab40649c715bd2e38a0a,24623 3 24877 7 25133 8 25388 10 25644 12 25899 14 26156 14 26412 14 26668 15 26925 14 27181 13 27438 12 27694 11 27951 10 28207 9 28464 6
31f1fbe85b8899258ea5bcf5f93f7ac8238660c386aeab40649c715bd2e38a0a,16195 4 16450 7 16703 12 16954 17 17207 21 17461 23 17717 23 17972 23 18229 22 18485 17 18741 16 18998 14 19254 14 19511 15 19770 13 20026 13 20283 13 20541 10 20800 7 21058 3
31f1fbe85b8899258ea5bcf5f93f7ac8238660c386aeab40649c715bd2e38a0a,37203 4 37457 6 37712 8 37967 9 38222 11 38477 13 38732 15 38988 16 39243 17 39498 19 39754 19 40009 20 40265 19 40522 18 40778 17 41035 15 41294 10
31f1fbe85b8899258ea5bcf5f93f7ac8238660c386aeab40649c715bd2e38a0a,14197 9 14450 14 14705 16 14960 17 15216 18 15471 19 15727 19 15983 18 16240 17 16496 16 16753 14 17011 10 17270 4
31f1fbe85b8899258ea5bcf5f93f7ac8238660c386aeab40649c715bd2e38a0a,37262 7 37516 10 37771 12 38026 13 38281 15 38537 15 38792 15 39048 15 39304 13 39560 12 39817 10 40073 10 40330 5 40587 3
31f1fbe85b8899258ea5bcf5f93f7ac8238660c386aeab40649c715bd2e38a0a,11773 4 12029 4 12284 5 12540 5 12795 6 13051 6 13306 7 13562 7 13818 7 14075 6 14331 6 14588 5 14845 4 15102 3
336d3e4105766f8ad328a7ee9571e743f376f8cbcf6a969ca7e353fe3235c523,7173 5 7427 8 7682 10 7937 11 8193 12 8449 12 8705 12 8961 12 9217 12 9473 12 9729 11 9985 11 10241 10 10497 9 10753 8 11011 4
336d3e4105766f8ad328a7ee9571e743f376f8cbcf6a969ca7e353fe3235c523,22274 6 22529 8 22785 9 23041 10 23297 11 23553 11 23809 12 24065 12 24321 12 24577 12 24833 12 25089 12 25346 10 25603 9 25860 7 26118 3
336d3e4105766f8ad328a7ee9571e743f376f8cbcf6a969ca7e353fe3235c523,43012 3 43267 5 43522 7 43777 9 44033 10 44289 11 44545 11 44801 12 45057 12 45314 12 45570 12 45826 11 46083 10 46339 9 46597 6
336d3e4105766f8ad328a7ee9571e743f376f8cbcf6a969ca7e353fe3235c523,49665 3 49921 4 50177 8 50433 10 50689 11 50945 12 51201 12 51457 13 51713 13 51969 13 52225 13 52481 13 52737 12 52993 12 53249 11 53505 10 53761 9 54018 7 54275 5
336d3e4105766f8ad328a7ee9571e743f376f8cbcf6a969ca7e353fe3235c523,42766 2 43022 2 43278 2 43534 2 43790 2
336d3e4105766f8ad328a7ee9571e743f376f8cbcf6a969ca7e353fe3235c523,43792 1 44047 2 44303 3 44560 4 44817 4 45074 5 45331 5 45588 3
336d3e4105766f8ad328a7ee9571e743f376f8cbcf6a969ca7e353fe3235c523,1297 3 1551 6 1807 7 2062 9 2318 9 2573 11 2829 11 3085 11 3341 11 3597 11 3853 11 4109 11 4365 11 4621 10 4877 10 5134 8 5390 7 5648 3
336d3e4105766f8ad328a7ee9571e743f376f8cbcf6a969ca7e353fe3235c523,27408 3 27662 6 27918 7 28173 9 28429 10 28685 10 28941 11 29197 11 29453 11 29709 12 29965 12 30221 11 30477 11 30734 10 30990 9 31247 8 31503 7 31760 5
336d3e4105766f8ad328a7ee9571e743f376f8cbcf6a969ca7e353fe3235c523,51477 3 51731 7 51985 10 52240 11 52496 12 52751 13 53007 13 53262 14 53518 14 53773 15 54029 14 54285 7 54298 1 54542 2 54798 2
336d3e4105766f8ad328a7ee9571e743f376f8cbcf6a969ca7e353fe3235c523,54292 6 54544 11 54800 11 55055 12 55311 12 55567 11 55822 12 56078 12 56333 13 56589 14 56845 14 57101 13 57358 11 57614 10 57871 7
336d3e4105766f8ad328a7ee9571e743f376f8cbcf6a969ca7e353fe3235c523,60702 1 60710 1 60955 5 60966 1 61209 14 61464 15 61720 14 61975 15 62231 14 62488 12 62744 11 63001 9 63258 5
336d3e4105766f8ad328a7ee9571e743f376f8cbcf6a969ca7e353fe3235c523,54558 7 54812 10 55067 9 55323 9 55578 9 55834 8 56090 8 56346 7 56603 6 56859 6 57117 3
336d3e4105766f8ad328a7ee9571e743f376f8cbcf6a969ca7e353fe3235c523,57887 2 58141 4 58395 7 58650 8 58905 10 58922 1 59161 11 59416 18 59673 16 59929 15 60186 13 60447 8 60703 7 60960 6
336d3e4105766f8ad328a7ee9571e743f376f8cbcf6a969ca7e353fe3235c523,54826 1 54831 2 55076 3 55080 10 55332 14 55587 16 55842 17 56098 17 56353 17 56609 17 56865 16 57122 14 57378 13 57634 12 57889 11 58145 11 58402 9 58658 9 58915 7 59172 6
336d3e4105766f8ad328a7ee9571e743f376f8cbcf6a969ca7e353fe3235c523,47386 7 47641 10 47896 12 48152 13 48407 14 48663 15 48919 14 49176 13 49432 12 49689 9 49947 5
336d3e4105766f8ad328a7ee9571e743f376f8cbcf6a969ca7e353fe3235c523,8480 2 8735 3 8990 3 9245 4 9501 4 9756 6 10012 6 10268 6 10524 6 10781 6 11037 6 11294 6
336d3e4105766f8ad328a7ee9571e743f376f8cbcf6a969ca7e353fe3235c523,8227 5 8482 8 8738 9 8993 10 9249 11 9505 11 9762 10 10018 9 10274 9 10530 8 10787 5 11043 3
336d3e4105766f8ad328a7ee9571e743f376f8cbcf6a969ca7e353fe3235c523,22046 7 22301 10 22557 11 22812 14 23068 15 23324 15 23580 16 23837 15 24093 15 24350 13 24607 12 24864 9 25123 3
336d3e4105766f8ad328a7ee9571e743f376f8cbcf6a969ca7e353fe3235c523,34334 4 34590 6 34845 8 35101 9 35358 8 35613 10 35870 9 36126 10 36383 2 36390 1 36639 2
336d3e4105766f8ad328a7ee9571e743f376f8cbcf6a969ca7e353fe3235c523,36385 5 36641 6 36896 7 37152 8 37407 10 37663 11 37919 11 38174 13 38430 13 38686 13 38943 7 39199 4 39457 2
336d3e4105766f8ad328a7ee9571e743f376f8cbcf6a969ca7e353fe3235c523,38950 5 39203 9 39459 10 39714 12 39970 13 40227 13 40479 18 40735 19 40990 20 41247 20 41503 20 41758 21 42014 20 42271 7 42281 9 42527 6 42543 1 42784 4
336d3e4105766f8ad328a7ee9571e743f376f8cbcf6a969ca7e353fe3235c523,36 12 292 13 548 13 803 14 1059 14 1314 14 1570 14 1826 13 2082 13 2338 12 2595 10 2851 9 3108 6
336d3e4105766f8ad328a7ee9571e743f376f8cbcf6a969ca7e353fe3235c523,29989 4 30244 7 30499 9 30755 10 31010 12 31266 13 31522 14 31778 14 32034 15 32291 14 32547 14 32804 13 33061 12 33318 10 33575 9 33833 5
336d3e4105766f8ad328a7ee9571e743f376f8cbcf6a969ca7e353fe3235c523,63528 7 63783 9 64037 11 64292 13 64548 13 64803 14 65059 14 65315 14
336d3e4105766f8ad328a7ee9571e743f376f8cbcf6a969ca7e353fe3235c523,42539 4 42795 4 43049 8 43304 10 43560 10 43815 12 44071 12 44328 11 44584 8 44841 6 45097 6 45355 3
336d3e4105766f8ad328a7ee9571e743f376f8cbcf6a969ca7e353fe3235c523,52010 4 52265 6 52520 7 52776 8 53031 12 53287 12 53543 11 53800 10 54056 9 54314 6 54571 4 54827 4
336d3e4105766f8ad328a7ee9571e743f376f8cbcf6a969ca7e353fe3235c523,49198 5 49454 5 49709 7 49965 7 50221 7 50477 8 50733 8 50990 8 51246 8 51503 7 51759 8 52014 9 52271 10 52527 7 52784 3
336d3e4105766f8ad328a7ee9571e743f376f8cbcf6a969ca7e353fe3235c523,44592 3 44847 9 45103 11 45358 14 45615 14 45870 16 46126 16 46381 18 46637 18 46892 20 47148 20 47405 19 47661 19 47918 18 48175 6 48190 2 48436 1 48446 1
336d3e4105766f8ad328a7ee9571e743f376f8cbcf6a969ca7e353fe3235c523,48181 9 48437 9 48692 11 48948 11 49203 13 49459 13 49716 12 49972 12 50228 12 50485 11 50741 10 50998 9 51254 8 51510 7 51767 5 52023 3
336d3e4105766f8ad328a7ee9571e743f376f8cbcf6a969ca7e353fe3235c523,2870 6 3126 8 3381 10 3637 11 3893 11 4149 12 4406 11 4662 12 4918 12 5174 12 5431 11 5687 10 5944 9 6200 8 6457 7 6714 5
336d3e4105766f8ad328a7ee9571e743f376f8cbcf6a969ca7e353fe3235c523,26427 3 26682 6 26937 8 27192 9 27448 10 27703 11 27959 11 28214 12 28470 12 28726 12 28981 12 29237 12 29493 11 29749 10 30005 10 30262 7 30518 6
336d3e4105766f8ad328a7ee9571e743f376f8cbcf6a969ca7e353fe3235c523,36416 5 36671 7 36925 9 37177 14 37432 15 37688 15 37943 16 38199 15 38454 16 38711 14 38967 13 39224 11 39480 10 39737 8 39994 5
336d3e4105766f8ad328a7ee9571e743f376f8cbcf6a969ca7e353fe3235c523,57403 3 57657 7 57912 10 58167 12 58423 13 58678 15 58935 14 59191 15 59447 15 59704 15 59960 15 60218 13 60478 8 60735 7 60993 4
336d3e4105766f8ad328a7ee9571e743f376f8cbcf6a969ca7e353fe3235c523,59 11 315 11 573 9 832 4
336d3e4105766f8ad328a7ee9571e743f376f8cbcf6a969ca7e353fe3235c523,32573 8 32826 13 33082 14 33337 16 33593 16 33849 17 34105 17 34361 16 34618 15 34874 14 35131 12 35389 9 35646 6
336d3e4105766f8ad328a7ee9571e743f376f8cbcf6a969ca7e353fe3235c523,61758 6 62012 10 62267 12 62522 14 62778 14 63033 16 63289 16 63545 16 63801 15 64058 14 64314 13 64571 11 64831 6
336d3e4105766f8ad328a7ee9571e743f376f8cbcf6a969ca7e353fe3235c523,39240 6 39494 9 39749 11 40005 11 40260 13 40516 13 40772 12 41029 11 41285 10 41542 8 41799 6
336d3e4105766f8ad328a7ee9571e743f376f8cbcf6a969ca7e353fe3235c523,55623 6 55878 8 56133 10 56389 11 56644 12 56900 13 57157 12 57413 11 57670 10 57927 8 58186 3
336d3e4105766f8ad328a7ee9571e743f376f8cbcf6a969ca7e353fe3235c523,34635 5 34890 7 35146 8 35401 9 35657 10 35913 10 36168 11 36425 10 36681 10 36937 10 37193 10 37450 9 37706 8 37963 7 38219 6 38477 3
336d3e4105766f8ad328a7ee9571e743f376f8cbcf6a969ca7e353fe3235c523,42830 3 43083 9 43338 11 43594 12 43849 13 44105 14 44362 12 44618 12 44875 10 45133 7
336d3e4105766f8ad328a7ee9571e743f376f8cbcf6a969ca7e353fe3235c523,52301 8 52555 11 52810 12 53066 13 53321 13 53578 12 53834 11 54091 9 54349 4
336d3e4105766f8ad328a7ee9571e743f376f8cbcf6a969ca7e353fe3235c523,58957 3 59212 5 59467 6 59723 7 59978 8 60234 9 60489 10 60745 10 61001 10 61257 10 61513 10 61769 10 62026 8 62282 8 62539 6 62796 3
336d3e4105766f8ad328a7ee9571e743f376f8cbcf6a969ca7e353fe3235c523,38997 3 39252 5 39507 8 39762 10 40018 10 40273 12 40529 10 40785 10 41042 8 41298 8 41554 8 41810 8 42067 7 42323 7 42580 6 42837 6 43093 6 43351 3
336d3e4105766f8ad328a7ee9571e743f376f8cbcf6a969ca7e353fe3235c523,39776 4 40031 6 40286 8 40539 11 40795 12 41050 13 41306 13 41562 13 41818 13 42074 13 42330 12 42586 12 42843 10 43099 9 43356 7 43613 5
336d3e4105766f8ad328a7ee9571e743f376f8cbcf6a969ca7e353fe3235c523,54103 3 54358 5 54613 6 54868 6 55123 7 55379 7 55634 9 55890 9 56146 9 56402 10 56657 11 56913 12 57170 10 57426 10 57683 8 57939 7 58196 5
336d3e4105766f8ad328a7ee9571e743f376f8cbcf6a969ca7e353fe3235c523,53853 5 54108 7 54363 9 54619 10 54874 12 55130 12 55386 13 55643 12 55899 12 56155 12 56412 11 56668 10 56926 8 57183 6 57440 5 57697 3
336d3e4105766f8ad328a7ee9571e743f376f8cbcf6a969ca7e353fe3235c523,12629 5 12884 7 13139 9 13395 10 13650 12 13906 12 14162 13 14419 12 14675 13 14932 12 15189 12 15446 11 15702 10 15959 9 16217 6
336d3e4105766f8ad328a7ee9571e743f376f8cbcf6a969ca7e353fe3235c523,17241 6 17495 9 17751 9 18006 11 18261 12 18516 12 18771 13 19027 13 19282 13 19538 13 19794 12 20050 11 20307 9 20563 8 20820 6 21077 3
336d3e4105766f8ad328a7ee9571e743f376f8cbcf6a969ca7e353fe3235c523,5228 7 5483 10 5737 13 5993 14 6248 15 6504 16 6761 15 7017 15 7274 13 7531 12 7789 8 8047 3
336d3e4105766f8ad328a7ee9571e743f376f8cbcf6a969ca7e353fe3235c523,25454 6 25708 10 25963 12 26218 14 26473 15 26729 16 26984 16 27240 16 27497 14 27753 13 28010 11 28268 7
336d3e4105766f8ad328a7ee9571e743f376f8cbcf6a969ca7e353fe3235c523,10109 1 10363 3 10618 3 10873 4 11128 5 11383 7 11639 7 11894 9 12150 9 12406 10 12663 9 12919 10 13177 5
336d3e4105766f8ad328a7ee9571e743f376f8cbcf6a969ca7e353fe3235c523,9855 6 10110 8 10366 9 10621 10 10877 11 11133 11 11390 10 11646 9 11903 8 12159 7 12416 5 12672 3
336d3e4105766f8ad328a7ee9571e743f376f8cbcf6a969ca7e353fe3235c523,20344 8 20599 11 20855 13 21110 15 21366 16 21622 17 21879 16 22135 17 22392 16 22649 15 22906 13 23164 11 23421 9 23679 5
336d3e4105766f8ad328a7ee9571e743f376f8cbcf6a969ca7e353fe3235c523,13445 4 13700 5 13956 6 14211 7 14467 8 14723 11 14979 10 15234 11 15489 12 15743 14 15998 15 16254 16 16509 17 16765 17 17022 16 17278 15 17535 14 17793 3 18051 1 18060 1
336d3e4105766f8ad328a7ee9571e743f376f8cbcf6a969ca7e353fe3235c523,17796 8 18052 8 18307 10 18563 10 18819 11 19075 8 19331 7 19588 6 19844 5 20101 4
336d3e4105766f8ad328a7ee9571e743f376f8cbcf6a969ca7e353fe3235c523,19083 11 19338 14 19594 14 19849 16 20105 16 20362 16 20618 15 20873 16 21129 16 21385 15 21641 15 21897 14 22154 12 22410 12 22667 9 22925 5
336d3e4105766f8ad328a7ee9571e743f376f8cbcf6a969ca7e353fe3235c523,10636 7 10891 10 11146 12 11402 13 11657 15 11913 15 12169 16 12425 16 12681 16 12938 15 13194 15 13449 16 13705 15 13962 14 14218 13 14475 10
336d3e4105766f8ad328a7ee9571e743f376f8cbcf6a969ca7e353fe3235c523,64137 2 64391 4 64647 4 64902 5 65158 5 65414 5
336d3e4105766f8ad328a7ee9571e743f376f8cbcf6a969ca7e353fe3235c523,64139 5 64395 7 64651 8 64907 9 65163 10 65419 10
336d3e4105766f8ad328a7ee9571e743f376f8cbcf6a969ca7e353fe3235c523,135 10 391 11 646 13 902 14 1157 16 1413 17 1669 18 1925 18 2181 19 2437 19 2694 18 2950 18 3207 16 3464 15 3721 12 3978 10 4237 4
336d3e4105766f8ad328a7ee9571e743f376f8cbcf6a969ca7e353fe3235c523,29069 3 29323 9 29577 12 29832 14 30087 16 30342 17 30598 18 30853 19 31109 19 31365 19 31621 18 31877 18 32133 17 32389 16 32646 14 32902 13 33159 10 33416 6
336d3e4105766f8ad328a7ee9571e743f376f8cbcf6a969ca7e353fe3235c523,39317 3 39569 9 39821 14 40076 15 40331 17 40586 18 40842 18 41097 18 41353 18 41610 16 41866 14 42124 10 42382 3
336d3e4105766f8ad328a7ee9571e743f376f8cbcf6a969ca7e353fe3235c523,55181 6 55435 12 55690 15 55946 16 56201 18 56457 18 56713 19 56970 18 57226 18 57484 15 57741 14 58000 10 58260 4
336d3e4105766f8ad328a7ee9571e743f376f8cbcf6a969ca7e353fe3235c523,13471 6 13726 8 13981 10 14236 11 14491 13 14746 14 15001 15 15257 14 15512 15 15768 14 16023 15 16279 6 16291 2 16535 1
336d3e4105766f8ad328a7ee9571e743f376f8cbcf6a969ca7e353fe3235c523,16285 6 16536 12 16792 12 17047 14 17303 15 17560 14 17816 15 18073 14 18329 15 18586 14 18842 14 19099 13 19356 11 19613 10 19870 8 20128 4
336d3e4105766f8ad328a7ee9571e743f376f8cbcf6a969ca7e353fe3235c523,60578 5 60833 8 61089 9 61344 11 61601 11 61857 11 62114 11 62370 12 62627 11 62883 12 63140 11 63397 11 63653 11 63910 10 64167 8 64424 7 64682 3
336d3e4105766f8ad328a7ee9571e743f376f8cbcf6a969ca7e353fe3235c523,32938 4 33192 7 33447 8 33702 10 33957 11 34213 11 34468 11 34723 12 34979 11 35234 12 35490 11 35745 12 36001 11 36257 10 36513 9 36770 7 37026 6
336d3e4105766f8ad328a7ee9571e743f376f8cbcf6a969ca7e353fe3235c523,3497 8 3752 11 4007 13 4262 15 4518 15 4773 17 5029 17 5285 17 5542 15 5798 15 6055 13 6312 11 6570 6
336d3e4105766f8ad328a7ee9571e743f376f8cbcf6a969ca7e353fe3235c523,26795 4 27049 9 27304 12 27559 14 27814 15 28070 16 28325 17 28581 17 28837 17 29094 15 29350 15 29607 13 29865 10 30123 5
336d3e4105766f8ad328a7ee9571e743f376f8cbcf6a969ca7e353fe3235c523,36525 3 36780 6 37036 7 37291 10 37547 11 37802 12 38058 13 38314 13 38569 13 38825 13 39081 12 39337 11 39593 11 39849 7 40106 5 40362 5 40619 3
336d3e4105766f8ad328a7ee9571e743f376f8cbcf6a969ca7e353fe3235c523,39095 1 39350 3 39605 4 39856 11 40111 17 40367 17 40622 17 40878 17 41135 15 41391 16 41647 16 41903 16 42159 17 42416 16 42672 16 42929 15 43185 14 43442 13 43699 11 43957 7
336d3e4105766f8ad328a7ee9571e743f376f8cbcf6a969ca7e353fe3235c523,36796 3 37051 5 37306 8 37562 8 37817 10 38073 10 38329 11 38585 11 38840 12 39096 11 39353 10 39609 9 39867 6
336d3e4105766f8ad328a7ee9571e743f376f8cbcf6a969ca7e353fe3235c523,57003 4 57258 5 57514 6 57769 7 58025 10 58281 11 58537 11 58794 11 59050 11 59306 12 59562 12 59819 10 60075 10 60332 8 60588 6 60845 4
336d3e4105766f8ad328a7ee9571e743f376f8cbcf6a969ca7e353fe3235c523,53431 4 53684 9 53939 11 54194 13 54449 14 54705 15 54960 16 55216 16 55471 17 55727 16 55983 16 56239 15 56495 15 56752 14 57007 16 57263 12 57520 10 57776 3 57780 5 58039 2 58295 1
336d3e4105766f8ad328a7ee9571e743f376f8cbcf6a969ca7e353fe3235c523,57275 4 57530 6 57785 8 58041 9 58296 11 58552 11 58809 11 59065 11 59321 11 59577 10 59834 9 60090 8 60347 6 60603 5
336d3e4105766f8ad328a7ee9571e743f376f8cbcf6a969ca7e353fe3235c523,14769 5 15024 7 15280 8 15535 10 15791 10 16047 11 16303 11 16559 12 16815 12 17071 12 17327 11 17583 11 17839 10 18095 10 18352 8 18608 7 18865 5
336d3e4105766f8ad328a7ee9571e743f376f8cbcf6a969ca7e353fe3235c523,9658 4 9913 6 10169 7 10424 9 10680 10 10936 10 11192 11 11448 11 11704 11 11961 10 12217 10 12473 10 12729 10 12986 9 13242 9 13499 7 13755 7 14012 5
336d3e4105766f8ad328a7ee9571e743f376f8cbcf6a969ca7e353fe3235c523,21433 1 21689 1 21698 1 21945 4 21954 1 22200 11 22456 10 22712 10 22968 9 23224 9 23481 7 23737 6 23994 4
336d3e4105766f8ad328a7ee9571e743f376f8cbcf6a969ca7e353fe3235c523,19389 3 19643 6 19899 7 20154 8 20410 9 20665 10 20921 10 21177 10 21434 9 21690 8 21949 5
336d3e4105766f8ad328a7ee9571e743f376f8cbcf6a969ca7e353fe3235c523,49341 3 49597 3 49852 5 50108 3 50364 3 50621 1 50877 1 51134 1
336d3e4105766f8ad328a7ee9571e743f376f8cbcf6a969ca7e353fe3235c523,50111 3 50367 6 50622 7 50878 6 51135 5 51391 5 51648 4 51905 4 52162 3
336d3e4105766f8ad328a7ee9571e743f376f8cbcf6a969ca7e353fe3235c523,50373 6 50629 6 50884 8 51140 8 51396 7 51652 7 51909 5 52165 3
336d3e4105766f8ad328a7ee9571e743f376f8cbcf6a969ca7e353fe3235c523,192 2 447 3 704 2 960 2 1217 1
336d3e4105766f8ad328a7ee9571e743f376f8cbcf6a969ca7e353fe3235c523,194 9 450 10 706 9 962 8 1218 6
336d3e4105766f8ad328a7ee9571e743f376f8cbcf6a969ca7e353fe3235c523,32448 9 32703 12 32959 13 33214 14 33470 15 33727 14 33983 15 34240 14 34496 14 34753 13 35010 11 35267 10 35524 8 35782 5
336d3e4105766f8ad328a7ee9571e743f376f8cbcf6a969ca7e353fe3235c523,45251 5 45505 8 45760 10 46015 12 46271 12 46526 14 46783 13 47039 13 47304 3 47560 3
336d3e4105766f8ad328a7ee9571e743f376f8cbcf6a969ca7e353fe3235c523,61893 6 62148 8 62403 10 62658 11 62913 13 63168 14 63424 14 63679 15 63935 14 64190 15 64446 14 64703 12 64959 11 65216 10 65473 7
336d3e4105766f8ad328a7ee9571e743f376f8cbcf6a969ca7e353fe3235c523,1484 5 1739 7 1995 8 2250 10 2506 10 2761 12 3017 12 3273 13 3530 12 3786 12 4042 12 4299 11 4555 11 4812 9 5069 8 5325 7 5582 5
336d3e4105766f8ad328a7ee9571e743f376f8cbcf6a969ca7e353fe3235c523,27855 3 28109 6 28365 8 28620 9 28875 11 29131 11 29386 12 29642 12 29898 12 30153 13 30409 13 30665 12 30922 11 31178 10 31435 9 31691 8 31948 6 32205 3
336d3e4105766f8ad328a7ee9571e743f376f8cbcf6a969ca7e353fe3235c523,14560 3 14567 1 14815 10 15070 11 15325 13 15581 13 15835 15 16087 19 16342 20 16598 19 16853 20 17109 20 17366 20 17622 20 17883 15 18141 13 18397 13 18654 3 18661 4 18911 1 18919 2
336d3e4105766f8ad328a7ee9571e743f376f8cbcf6a969ca7e353fe3235c523,18657 4 18912 7 19168 8 19423 9 19677 12 19932 14 20188 14 20443 16 20699 16 20955 17 21211 17 21467 18 21724 17 21980 17 22237 16 22493 16 22750 16 23006 16 23262 16 23519 15 23775 15 24032 15 24288 15 24544 15 24800 15 25056 14 25312 14 25569 12 25825 10 26083 6
336d3e4105766f8ad328a7ee9571e743f376f8cbcf6a969ca7e353fe3235c523,30692 4 30945 9 31199 13 31454 15 31710 16 31965 17 32221 18 32477 19 32733 20 32988 21 33243 23 33498 24 33754 24 34009 24 34265 24 34521 23 34778 22 35034 21 35291 6 35300 10 35548 3 35556 8
336d3e4105766f8ad328a7ee9571e743f376f8cbcf6a969ca7e353fe3235c523,61927 3 62181 8 62427 6 62437 9 62682 8 62692 11 62938 22 63193 23 63449 24 63705 24 63962 24 64218 24 64475 23 64732 21 64988 21 65244 20 65500 19
336d3e4105766f8ad328a7ee9571e743f376f8cbcf6a969ca7e353fe3235c523,45020 5 45275 7 45531 7 45786 9 46042 9 46298 9 46555 8 46811 7 47067 7 47323 6 47580 5 47836 4
336d3e4105766f8ad328a7ee9571e743f376f8cbcf6a969ca7e353fe3235c523,219 22 476 22 732 21 989 20 1245 19 1501 18 1757 17 2014 15 2270 14 2528 11 2786 7
336d3e4105766f8ad328a7ee9571e743f376f8cbcf6a969ca7e353fe3235c523,10718 1 10974 1 11229 8 11485 15 11740 16 11996 16 12251 17 12507 17 12763 17 13019 16 13276 15 13532 14 13789 13 14046 11 14307 4 14563 4
336d3e4105766f8ad328a7ee9571e743f376f8cbcf6a969ca7e353fe3235c523,7650 8 7905 11 8161 12 8416 14 8672 14 8928 15 9184 15 9440 15 9696 15 9951 15 10207 15 10462 16 10719 15 10975 14 11237 8
336d3e4105766f8ad328a7ee9571e743f376f8cbcf6a969ca7e353fe3235c523,37361 6 37616 9 37870 12 38125 13 38380 15 38635 16 38891 16 39146 17 39402 16 39657 17 39913 16 40170 14 40426 13 40683 10 40940 7
336d3e4105766f8ad328a7ee9571e743f376f8cbcf6a969ca7e353fe3235c523,56557 6 56811 10 57066 12 57322 14 57577 15 57833 16 58089 16 58346 16 58602 16 58859 16 59115 16 59372 14 59630 12 59888 9 60147 4
336d3e4105766f8ad328a7ee9571e743f376f8cbcf6a969ca7e353fe3235c523,42225 6 42479 9 42735 10 42990 12 43245 13 43500 15 43756 15 44011 16 44267 16 44523 16 44779 16 45035 15 45292 14 45548 13 45805 11 46061 10 46318 8 46576 4
336d3e4105766f8ad328a7ee9571e743f376f8cbcf6a969ca7e353fe3235c523,51184 5 51439 8 51695 9 51950 11 52206 12 52462 12 52719 12 52975 12 53231 12 53487 13 53743 13 53999 12 54255 12 54511 11 54768 9 55024 8 55281 6 55538 3
336d3e4105766f8ad328a7ee9571e743f376f8cbcf6a969ca7e353fe3235c523,250 7 505 8 761 8 1017 8 1272 9 1529 8 1785 8 2042 7 2299 6 2556 5
336d3e4105766f8ad328a7ee9571e743f376f8cbcf6a969ca7e353fe3235c523,63487 1 63741 4 63995 6 64250 7 64505 8 64761 8 65017 8 65272 9 65529 8
336d3e4105766f8ad328a7ee9571e743f376f8cbcf6a969ca7e353fe3235c523,5374 3 5628 5 5883 6 6138 7 6393 8 6648 9 6904 9 7159 10 7415 10 7672 9 7928 9 8185 8 8441 8 8698 7 8955 6
336d3e4105766f8ad328a7ee9571e743f376f8cbcf6a969ca7e353fe3235c523,24317 4 24572 5 24827 6 25082 7 25337 8 25593 8 25848 9 26104 9 26359 10 26615 10 26872 9 27128 9 27385 8 27642 7 27899 6 28158 3
336d3e4105766f8ad328a7ee9571e743f376f8cbcf6a969ca7e353fe3235c523,30974 3 31227 6 31482 7 31737 8 31993 8 32248 9 32504 9 32760 9 33017 8 33273 8 33530 7 33787 6 34045 4 34302 3
38f5cfb55fc8b048e82a5c895b25fefae7a70c71ab9990c535d1030637bf6a1f,5 17 261 18 518 17 774 16 1031 15 1288 13 1545 11 1803 7
38f5cfb55fc8b048e82a5c895b25fefae7a70c71ab9990c535d1030637bf6a1f,48669 6 48924 8 49180 8 49435 10 49691 10 49947 11 50203 11 50459 11 50715 11 50971 11 51228 11 51484 11 51741 9 51997 9 52254 7 52511 5
38f5cfb55fc8b048e82a5c895b25fefae7a70c71ab9990c535d1030637bf6a1f,23077 5 23332 7 23587 9 23842 11 24098 11 24353 13 24609 13 24864 14 25120 14 25376 14 25632 14 25889 13 26145 12 26402 11 26658 10 26915 9 27172 6
38f5cfb55fc8b048e82a5c895b25fefae7a70c71ab9990c535d1030637bf6a1f,47925 6 48180 8 48435 10 48691 11 48946 12 49202 13 49457 14 49713 14 49969 14 50225 14 50481 13 50738 12 50994 11 51251 10 51508 8 51765 6
38f5cfb55fc8b048e82a5c895b25fefae7a70c71ab9990c535d1030637bf6a1f,25686 7 25942 8 26197 10 26453 10 26708 12 26964 12 27220 12 27476 12 27732 12 27989 11 28245 10 28502 9 28758 8 29016 5
38f5cfb55fc8b048e82a5c895b25fefae7a70c71ab9990c535d1030637bf6a1f,47967 3 48221 7 48475 10 48730 11 48986 12 49241 13 49497 13 49752 13 50008 13 50264 12 50521 10 50777 9 51034 7 51291 5
38f5cfb55fc8b048e82a5c895b25fefae7a70c71ab9990c535d1030637bf6a1f,64929 6 65184 9 65440 9
38f5cfb55fc8b048e82a5c895b25fefae7a70c71ab9990c535d1030637bf6a1f,9398 5 9652 9 9907 11 10162 12 10418 13 10673 14 10929 15 11185 15 11441 16 11697 16 11953 16 12209 16 12465 16 12722 15 12978 14 13235 13 13492 11 13749 9 14007 6
38f5cfb55fc8b048e82a5c895b25fefae7a70c71ab9990c535d1030637bf6a1f,54211 4 54465 9 54719 12 54974 14 55229 15 55485 16 55740 17 55996 17 56252 16 56508 16 56765 14 57021 13 57278 10 57534 9 57792 5
38f5cfb55fc8b048e82a5c895b25fefae7a70c71ab9990c535d1030637bf6a1f,3022 3 3276 6 3531 8 3787 9 4042 10 4298 11 4554 11 4810 11 5066 12 5322 12 5579 11 5835 10 6092 9 6349 7 6606 4
38f5cfb55fc8b048e82a5c895b25fefae7a70c71ab9990c535d1030637bf6a1f,36835 6 37090 8 37345 10 37600 11 37856 12 38111 13 38367 14 38624 13 38880 13 39136 12 39392 12 39649 10 39905 10 40162 8 40419 6
3c4c675825f7509877bc10497f498c9a2e3433bf922bd870914a2eb21a54fd26,28175 3 28429 6 28685 6 28940 8 29196 8 29452 8 29708 7 29964 7 30221 5 30477 5 30734 3
3c4c675825f7509877bc10497f498c9a2e3433bf922bd870914a2eb21a54fd26,23321 5 23576 6 23832 7 24087 8 24343 8 24599 7 24855 7 25112 5 25368 4
3c4c675825f7509877bc10497f498c9a2e3433bf922bd870914a2eb21a54fd26,51225 1 51480 2 51736 4 51743 1 51992 7 52248 7 52505 5 52761 4
3c4c675825f7509877bc10497f498c9a2e3433bf922bd870914a2eb21a54fd26,49437 4 49692 5 49947 7 50202 8 50458 8 50713 8 50969 8 51226 6 51482 6 51740 3
3c4c675825f7509877bc10497f498c9a2e3433bf922bd870914a2eb21a54fd26,56345 5 56601 5 56856 7 57112 4 57368 3 57624 2 57881 1
3c4c675825f7509877bc10497f498c9a2e3433bf922bd870914a2eb21a54fd26,57116 3 57371 5 57626 6 57882 7 58137 8 58394 7 58650 8 58907 7 59163 7 59420 5 59677 4
3c4c675825f7509877bc10497f498c9a2e3433bf922bd870914a2eb21a54fd26,3866 3 4122 4 4377 5 4633 1 4638 1 4889 1 4894 1
3c4c675825f7509877bc10497f498c9a2e3433bf922bd870914a2eb21a54fd26,4634 4 4890 4 5145 6 5401 1 5406 1 5657 1 5662 1
3c4c675825f7509877bc10497f498c9a2e3433bf922bd870914a2eb21a54fd26,5402 4 5658 4 5913 6 6169 6 6425 5 6682 4 6938 3
3c4c675825f7509877bc10497f498c9a2e3433bf922bd870914a2eb21a54fd26,14875 3 15130 4 15386 5 15641 6 15897 1 15902 1 16153 1 16158 1
3c4c675825f7509877bc10497f498c9a2e3433bf922bd870914a2eb21a54fd26,15898 4 16154 4 16409 6 16665 6 16921 6 17177 6 17433 5 17690 4 17946 3
3c4c675825f7509877bc10497f498c9a2e3433bf922bd870914a2eb21a54fd26,31010 4 31266 5 31521 6 31777 7 32033 7 32289 7 32545 7 32801 7 33058 5 33314 5 33571 3
3c4c675825f7509877bc10497f498c9a2e3433bf922bd870914a2eb21a54fd26,22311 3 22567 3 22822 5 23078 5 23334 6 23589 7 23845 7 24101 7 24357 7 24613 7 24869 6 25126 5 25382 4
3c4c675825f7509877bc10497f498c9a2e3433bf922bd870914a2eb21a54fd26,47655 6 47911 8 48166 9 48422 10 48678 10 48934 10 49189 11 49445 12 49701 12 49957 12 50213 12 50469 11 50725 11 50981 10 51238 8 51494 7 51751 5
3c4c675825f7509877bc10497f498c9a2e3433bf922bd870914a2eb21a54fd26,56871 5 57126 7 57382 8 57637 10 57893 10 58149 11 58405 11 58661 12 58917 12 59173 12 59430 11 59686 10 59942 10 60199 9 60455 8 60712 7 60969 5
3c4c675825f7509877bc10497f498c9a2e3433bf922bd870914a2eb21a54fd26,36145 1 36151 1 36400 2 36407 1 36655 9 36910 10 37165 11 37421 12 37676 13 37932 13 38187 14 38443 14 38699 14 38956 13 39212 12 39469 11 39725 10 39982 6
3c4c675825f7509877bc10497f498c9a2e3433bf922bd870914a2eb21a54fd26,34098 4 34354 5 34609 6 34865 7 35121 7 35377 7 35633 7 35889 7 36146 5 36402 5
3c4c675825f7509877bc10497f498c9a2e3433bf922bd870914a2eb21a54fd26,51765 3 52019 6 52274 8 52529 9 52784 11 53040 10 53295 11 53551 10 53807 9 54063 1 54070 2 54319 1 54326 1
3c4c675825f7509877bc10497f498c9a2e3433bf922bd870914a2eb21a54fd26,54064 6 54320 6 54575 8 54831 8 55087 9 55343 10 55599 10 55856 10 56112 10 56369 9 56625 8 56882 7 57140 4
3c4c675825f7509877bc10497f498c9a2e3433bf922bd870914a2eb21a54fd26,52 4 308 4 563 6 819 6 1074 8 1330 3 1337 1 1586 1 1593 1 1842 1
3c4c675825f7509877bc10497f498c9a2e3433bf922bd870914a2eb21a54fd26,1333 4 1587 6 1843 7 2098 8 2354 8 2611 7 2867 7 3123 6 3380 5 3636 4
3c4c675825f7509877bc10497f498c9a2e3433bf922bd870914a2eb21a54fd26,17717 3 17972 4 18227 6 18483 6 18738 8 18994 8 19250 1 19257 1 19506 1 19513 1
3c4c675825f7509877bc10497f498c9a2e3433bf922bd870914a2eb21a54fd26,19251 6 19507 6 19762 8 20018 1 20025 1 20274 1 20281 1
3c4c675825f7509877bc10497f498c9a2e3433bf922bd870914a2eb21a54fd26,20019 6 20275 6 20530 8 20786 8 21042 8 21298 7 21555 6 21811 5 22068 3
3c4c675825f7509877bc10497f498c9a2e3433bf922bd870914a2eb21a54fd26,23352 3 23607 5 23863 5 24118 7 24374 7 24629 8 24885 8 25141 8 25398 6 25654 6 25911 4
3c4c675825f7509877bc10497f498c9a2e3433bf922bd870914a2eb21a54fd26,47161 4 47415 8 47670 11 47926 12 48181 13 48437 14 48694 13 48950 14 49207 13 49464 12 49721 12 49979 9 50236 8 50493 6
3c4c675825f7509877bc10497f498c9a2e3433bf922bd870914a2eb21a54fd26,58430 6 58684 8 58938 11 59193 11 59447 13 59702 14 59958 13 60213 14 60469 14 60726 12 60982 12 61239 10 61497 6
3c4c675825f7509877bc10497f498c9a2e3433bf922bd870914a2eb21a54fd26,5945 6 6201 7 6456 8 6712 9 6968 9 7225 8 7481 7 7740 4
3c4c675825f7509877bc10497f498c9a2e3433bf922bd870914a2eb21a54fd26,11835 2 12091 3 12346 4 12602 4 12859 3 13115 3
3c4c675825f7509877bc10497f498c9a2e3433bf922bd870914a2eb21a54fd26,14394 7 14649 8 14905 9 15160 9 15416 9 15672 8 15929 6 16185 5
3c4c675825f7509877bc10497f498c9a2e3433bf922bd870914a2eb21a54fd26,9019 3 9275 3 9531 3 9787 3 10043 3 10299 2
3c4c675825f7509877bc10497f498c9a2e3433bf922bd870914a2eb21a54fd26,43071 4 43326 6 43582 7 43837 8 44093 9 44349 9 44606 9 44862 9 45118 10 45375 9 45631 9 45888 8 46144 7 46401 6
3c4c675825f7509877bc10497f498c9a2e3433bf922bd870914a2eb21a54fd26,62275 3 62529 6 62784 7 63040 8 63295 9 63551 9 63806 10 64062 9 64318 9 64574 8 64829 9 65085 8 65341 8
3c4c675825f7509877bc10497f498c9a2e3433bf922bd870914a2eb21a54fd26,30785 4 31041 5 31296 6 31552 7 31807 8 32063 8 32318 9 32574 9 32830 8 33086 8 33342 8 33598 8 33854 7 34111 6 34367 5 34624 3
3c4c675825f7509877bc10497f498c9a2e3433bf922bd870914a2eb21a54fd26,8770 4 9026 5 9281 7 9538 6 9794 6 10051 4
3c4c675825f7509877bc10497f498c9a2e3433bf922bd870914a2eb21a54fd26,11844 3 12098 6 12354 6 12609 7 12866 6 13122 5 13379 3
3c4c675825f7509877bc10497f498c9a2e3433bf922bd870914a2eb21a54fd26,49988 4 50244 6 50499 8 50755 8 51012 8 51268 8 51524 9 51780 9 52036 9 52292 10 52548 10 52805 9 53061 8 53319 6 53576 4
3c4c675825f7509877bc10497f498c9a2e3433bf922bd870914a2eb21a54fd26,55369 3 55623 6 55877 8 56132 10 56388 10 56643 10 56899 10 57155 9 57411 9 57667 8 57923 8 58179 7 58436 5 58692 4
3c4c675825f7509877bc10497f498c9a2e3433bf922bd870914a2eb21a54fd26,1349 4 1605 5 1860 6 2117 6 2373 6 2629 7 2885 7 3141 7 3398 5 3654 5 3911 3
3c4c675825f7509877bc10497f498c9a2e3433bf922bd870914a2eb21a54fd26,18246 5 18502 5 18757 7 19013 7 19269 7 19525 6 19781 6 20036 6 20293 5 20549 4
3c4c675825f7509877bc10497f498c9a2e3433bf922bd870914a2eb21a54fd26,23373 5 23627 8 23883 8 24138 10 24393 10 24648 11 24904 10 25159 11 25416 9 25672 9 25930 6 26187 4
3c4c675825f7509877bc10497f498c9a2e3433bf922bd870914a2eb21a54fd26,592 3 847 5 1103 6 1358 7 1614 8 1870 8 2127 7 2383 7 2640 6 2896 5 3153 4
3c4c675825f7509877bc10497f498c9a2e3433bf922bd870914a2eb21a54fd26,18769 4 19024 5 19280 6 19535 7 19791 7 20046 8 20302 8 20558 8 20814 7 21071 6 21327 5
3c4c675825f7509877bc10497f498c9a2e3433bf922bd870914a2eb21a54fd26,45395 2 45650 4 45906 4 46161 4 46417 4 46673 3 46930 1
3c4c675825f7509877bc10497f498c9a2e3433bf922bd870914a2eb21a54fd26,62034 2 62289 4 62545 4 62801 4 63057 5 63314 4 63570 3
3c4c675825f7509877bc10497f498c9a2e3433bf922bd870914a2eb21a54fd26,5462 3 5716 6 5972 6 6227 8 6483 8 6740 7 6996 7 7253 6 7509 5 7766 4
3c4c675825f7509877bc10497f498c9a2e3433bf922bd870914a2eb21a54fd26,14166 4 14421 5 14677 6 14932 7 15188 7 15444 7 15700 7 15956 6 16213 5 16469 4
3c4c675825f7509877bc10497f498c9a2e3433bf922bd870914a2eb21a54fd26,47963 4 48219 4 48474 5 48730 4 48985 5 49242 3 49499 1
3c4c675825f7509877bc10497f498c9a2e3433bf922bd870914a2eb21a54fd26,50268 1 50522 5 50778 6 51033 7 51289 7 51546 6 51802 5 52059 4 52315 3
3c4c675825f7509877bc10497f498c9a2e3433bf922bd870914a2eb21a54fd26,56923 3 57178 5 57434 5 57690 6 57946 6 58201 7 58458 6 58714 5 58972 1
3c4c675825f7509877bc10497f498c9a2e3433bf922bd870914a2eb21a54fd26,59738 3 59994 4 60249 5 60506 5 60762 5 61019 4 61276 2
3c4c675825f7509877bc10497f498c9a2e3433bf922bd870914a2eb21a54fd26,25181 2 25436 4 25692 4 25948 4 26204 3
3c4c675825f7509877bc10497f498c9a2e3433bf922bd870914a2eb21a54fd26,27997 4 28252 6 28508 6 28764 6 29020 6 29276 6 29532 5 29789 3
3c4c675825f7509877bc10497f498c9a2e3433bf922bd870914a2eb21a54fd26,40044 3 40299 4 40554 6 40810 6 41062 10 41316 11 41571 12 41827 11 42082 11 42338 10 42595 8 42851 6
3c4c675825f7509877bc10497f498c9a2e3433bf922bd870914a2eb21a54fd26,2407 3 2661 6 2917 6 3172 8 3428 8 3683 8 3940 7 4196 6 4453 5
3c4c675825f7509877bc10497f498c9a2e3433bf922bd870914a2eb21a54fd26,17510 3 17764 6 18020 7 18275 8 18531 9 18788 8 19044 8 19301 6 19558 5
3c4c675825f7509877bc10497f498c9a2e3433bf922bd870914a2eb21a54fd26,56423 2 56428 1 56677 4 56684 1 56932 9 57188 9 57443 10 57700 9 57956 9 58213 7 58470 6 58726 5
3c4c675825f7509877bc10497f498c9a2e3433bf922bd870914a2eb21a54fd26,55145 3 55401 3 55656 5 55912 5 56168 5 56425 3 56681 3
3c4c675825f7509877bc10497f498c9a2e3433bf922bd870914a2eb21a54fd26,50280 3 50534 6 50789 7 51045 8 51300 9 51556 9 51812 9 52069 8 52325 8 52583 6 52839 6 53096 5 53352 5 53609 3 53865 3
3c4c675825f7509877bc10497f498c9a2e3433bf922bd870914a2eb21a54fd26,4715 4 4969 6 5224 8 5479 9 5735 8 5990 9 6246 8 6502 7 6759 5 7015 5 7272 3
3c4c675825f7509877bc10497f498c9a2e3433bf922bd870914a2eb21a54fd26,14951 5 15207 6 15462 7 15718 8 15974 9 16230 9 16487 9 16743 9 17000 8 17258 5 17515 4
3c4c675825f7509877bc10497f498c9a2e3433bf922bd870914a2eb21a54fd26,37736 4 37992 5 38248 5 38504 5 38763 1
3c4c675825f7509877bc10497f498c9a2e3433bf922bd870914a2eb21a54fd26,46954 3 47209 5 47465 5 47721 5 47976 6 48232 6 48489 4 48745 3
3c4c675825f7509877bc10497f498c9a2e3433bf922bd870914a2eb21a54fd26,60267 1 60521 4 60776 5 61032 6 61288 6 61545 5 61801 5 62058 3 62315 1
3c4c675825f7509877bc10497f498c9a2e3433bf922bd870914a2eb21a54fd26,10603 2 10858 4 11113 5 11370 4 11627 2
3c4c675825f7509877bc10497f498c9a2e3433bf922bd870914a2eb21a54fd26,107 11 364 10 619 11 874 12 1130 12 1385 13 1641 13 1898 12 2154 11 2412 9 2669 7 2927 4
3c4c675825f7509877bc10497f498c9a2e3433bf922bd870914a2eb21a54fd26,19055 4 19309 7 19563 9 19819 10 20074 11 20330 12 20586 12 20841 14 21098 13 21354 12 21612 10 21869 9 22126 7 22383 6 22640 4
3c4c675825f7509877bc10497f498c9a2e3433bf922bd870914a2eb21a54fd26,34159 2 34414 4 34669 6 34925 6 35182 4 35439 2
3c4c675825f7509877bc10497f498c9a2e3433bf922bd870914a2eb21a54fd26,7025 5 7280 6 7535 8 7791 8 8046 9 8302 9 8557 10 8813 12 9070 11 9326 12 9583 11 9840 9 10096 9 10353 7
3c4c675825f7509877bc10497f498c9a2e3433bf922bd870914a2eb21a54fd26,11632 8 11888 9 12143 10 12399 11 12654 12 12910 12 13165 12 13421 12 13677 10 13934 9 14190 9 14447 8 14703 7 14961 5 15218 3
3c4c675825f7509877bc10497f498c9a2e3433bf922bd870914a2eb21a54fd26,63605 3 63860 5 64116 6 64372 6 64628 6 64884 6 65140 6 65396 3 65400 1
3c4c675825f7509877bc10497f498c9a2e3433bf922bd870914a2eb21a54fd26,2679 4 2934 5 3190 6 3445 7 3701 7 3957 7 4213 7 4469 6 4726 5 4982 4
3c4c675825f7509877bc10497f498c9a2e3433bf922bd870914a2eb21a54fd26,17014 4 17270 5 17525 6 17781 7 18037 7 18293 7 18549 7 18806 6 19062 6 19319 4 19576 3
3c4c675825f7509877bc10497f498c9a2e3433bf922bd870914a2eb21a54fd26,57976 3 58231 5 58487 6 58742 7 58998 8 59254 8 59510 8 59765 8 60022 7 60278 5
3c4c675825f7509877bc10497f498c9a2e3433bf922bd870914a2eb21a54fd26,49017 3 49272 5 49527 6 49783 7 50038 8 50294 8 50550 7 50807 6 51063 5 51320 3
3c4c675825f7509877bc10497f498c9a2e3433bf922bd870914a2eb21a54fd26,32383 3 32638 5 32894 5 33149 7 33405 4 33661 2 33918 1
3c4c675825f7509877bc10497f498c9a2e3433bf922bd870914a2eb21a54fd26,33409 3 33663 6 33919 6 34174 8 34430 8 34687 7 34943 6 35200 5
3c4c675825f7509877bc10497f498c9a2e3433bf922bd870914a2eb21a54fd26,23937 4 24192 6 24447 7 24703 8 24958 9 25214 8 25470 8 25727 6 25983 5 26240 3
3c4c675825f7509877bc10497f498c9a2e3433bf922bd870914a2eb21a54fd26,19842 6 20097 7 20352 9 20608 8 20863 9 21119 8 21376 7 21632 6
3c4c675825f7509877bc10497f498c9a2e3433bf922bd870914a2eb21a54fd26,28040 4 28295 5 28550 7 28805 8 29061 8 29316 9 29572 8 29827 9 30083 8 30339 8 30594 8 30851 6 31107 4
3c4c675825f7509877bc10497f498c9a2e3433bf922bd870914a2eb21a54fd26,35205 3 35461 4 35716 6 35972 7 36227 8 36483 9 36738 10 36994 10 37250 10 37506 9 37762 9 38018 9 38274 8 38531 7 38787 6 39044 3
3c4c675825f7509877bc10497f498c9a2e3433bf922bd870914a2eb21a54fd26,44169 3 44425 4 44680 5 44934 8 45190 8 45445 9 45701 9 45956 10 46212 9 46468 9 46723 9 46979 9 47236 7 47492 6 47749 4
3c4c675825f7509877bc10497f498c9a2e3433bf922bd870914a2eb21a54fd26,61317 4 61572 6 61828 7 62083 9 62339 9 62595 10 62852 9 63108 10 63364 10 63621 9 63877 8 64134 7 64391 5 64648 4
3c4c675825f7509877bc10497f498c9a2e3433bf922bd870914a2eb21a54fd26,49290 4 49545 5 49800 7 50056 7 50311 8 50567 7 50822 8 51078 7 51334 7 51590 6 51847 5 52103 4
3c4c675825f7509877bc10497f498c9a2e3433bf922bd870914a2eb21a54fd26,56968 3 57223 5 57479 5 57734 7 57990 7 58246 7 58502 8 58759 7 59015 7 59272 7 59528 6 59785 5
3c4c675825f7509877bc10497f498c9a2e3433bf922bd870914a2eb21a54fd26,18061 4 18316 5 18571 7 18826 7 19082 7 19337 7 19593 7 19848 7 20105 6 20361 5 20618 3
3c4c675825f7509877bc10497f498c9a2e3433bf922bd870914a2eb21a54fd26,21648 3 21904 2 22159 3 22414 3 22670 3 22925 5 23181 5 23436 7 23692 7 23948 6 24204 5 24461 3 24717 3
3c4c675825f7509877bc10497f498c9a2e3433bf922bd870914a2eb21a54fd26,21906 3 22162 4 22417 5 22673 9 22930 7 23186 7 23443 5 23699 4
3c4c675825f7509877bc10497f498c9a2e3433bf922bd870914a2eb21a54fd26,18835 9 19090 11 19346 12 19601 13 19857 14 20112 15 20369 14 20625 14 20884 10 21140 10 21397 7 21653 6 21909 6 22166 4 22422 4
3c4c675825f7509877bc10497f498c9a2e3433bf922bd870914a2eb21a54fd26,35225 3 35480 4 35735 6 35990 7 36245 8 36500 10 36755 10 37010 11 37266 10 37521 10 37777 10 38033 11 38288 12 38544 12 38799 12 39055 12 39311 11 39568 9 39824 9 40080 9 40337 7 40593 7 40848 8 41104 7 41361 3 41617 2
3c4c675825f7509877bc10497f498c9a2e3433bf922bd870914a2eb21a54fd26,149 7 402 10 657 11 913 12 1168 14 1424 14 1681 14 1937 14 2196 12 2453 10 2708 11 2964 10 3221 7 3477 6
3c4c675825f7509877bc10497f498c9a2e3433bf922bd870914a2eb21a54fd26,5014 2 5269 4 5523 7 5779 7 6036 7 6292 7 6549 6 6806 4
3c4c675825f7509877bc10497f498c9a2e3433bf922bd870914a2eb21a54fd26,15251 1 15255 1 15257 1 15510 4 15762 1 15764 7 16020 6 16273 1 16275 7 16531 7 16789 5 17047 1
3c4c675825f7509877bc10497f498c9a2e3433bf922bd870914a2eb21a54fd26,41364 3 41619 4 41875 5 42130 6 42386 7 42641 8 42897 8 43154 6 43410 6 43667 4
3c4c675825f7509877bc10497f498c9a2e3433bf922bd870914a2eb21a54fd26,26262 4 26517 6 26772 7 27027 9 27283 8 27538 9 27794 9 28050 8 28306 8 28562 7 28819 6 29075 5 29332 4 29588 3
3c4c675825f7509877bc10497f498c9a2e3433bf922bd870914a2eb21a54fd26,55446 1 55702 2 55957 3 56213 4 56470 4 56726 3 56732 1 56983 2 57239 1
3c4c675825f7509877bc10497f498c9a2e3433bf922bd870914a2eb21a54fd26,49305 4 49559 7 49814 8 50070 9 50325 10 50580 11 50836 11 51091 12 51347 13 51604 12 51860 3 51864 9 52120 8 52378 1 52383 1 52639 1
3c4c675825f7509877bc10497f498c9a2e3433bf922bd870914a2eb21a54fd26,56729 3 56985 4 57240 5 57496 6 57749 9 58005 10 58260 11 58516 11 58773 10 59029 10 59286 9 59543 7 59800 6 60058 1
3c4c675825f7509877bc10497f498c9a2e3433bf922bd870914a2eb21a54fd26,52375 3 52379 4 52630 4 52635 4 52886 10 53141 11 53397 11 53654 10 53910 10 54167 9 54424 8 54680 8 54936 7 55192 7 55447 8 55704 7 55960 6 56217 5 56474 3
3c4c675825f7509877bc10497f498c9a2e3433bf922bd870914a2eb21a54fd26,47255 1 47510 2 47765 2 48021 3 48276 4 48532 5 48788 6 49045 4 49301 4
3c4c675825f7509877bc10497f498c9a2e3433bf922bd870914a2eb21a54fd26,47001 2 47256 3 47512 4 47767 8 48024 6 48280 5 48537 3
3c4c675825f7509877bc10497f498c9a2e3433bf922bd870914a2eb21a54fd26,44958 3 45213 5 45468 6 45724 7 45979 7 46235 7 46491 7 46746 7 47003 6 47259 5 47516 4
3c4c675825f7509877bc10497f498c9a2e3433bf922bd870914a2eb21a54fd26,60053 5 60309 5 60564 7 60820 9 61076 10 61333 9 61589 10 61846 6 62103 4 62360 3
3c4c675825f7509877bc10497f498c9a2e3433bf922bd870914a2eb21a54fd26,61852 3 62107 5 62363 5 62618 7 62875 6 63131 7 63387 7 63644 7 63900 7 64157 5 64414 4
3c4c675825f7509877bc10497f498c9a2e3433bf922bd870914a2eb21a54fd26,11417 1 11425 2 11673 2 11679 4 11928 11 12184 11 12439 11 12695 11 12951 11 13206 12 13462 11 13718 11 13975 8 14231 4
3c4c675825f7509877bc10497f498c9a2e3433bf922bd870914a2eb21a54fd26,8087 4 8343 9 8598 11 8854 11 9110 12 9367 11 9623 11 9880 11 10136 11 10392 11 10649 10 10905 9 11162 8 11418 7 11675 4
3c4c675825f7509877bc10497f498c9a2e3433bf922bd870914a2eb21a54fd26,41625 1 41881 1 41886 1 42137 2 42394 3 42650 2
3c4c675825f7509877bc10497f498c9a2e3433bf922bd870914a2eb21a54fd26,40090 5 40346 5 40601 7 40857 7 41113 6 41369 6 41626 5 41882 4 42139 2
3c4c675825f7509877bc10497f498c9a2e3433bf922bd870914a2eb21a54fd26,20898 4 21152 8 21408 9 21663 10 21918 12 22174 12 22429 13 22685 14 22941 14 23197 13 23453 13 23708 13 23964 11 24221 9 24477 6
3c4c675825f7509877bc10497f498c9a2e3433bf922bd870914a2eb21a54fd26,29347 3 29602 5 29857 6 30112 8 30368 8 30621 11 30877 11 31132 12 31389 11 31645 11 31902 10 32158 10 32414 10 32670 9 32927 8 33183 3 33190 1 33441 1 33446 1
3c4c675825f7509877bc10497f498c9a2e3433bf922bd870914a2eb21a54fd26,33186 4 33442 4 33697 6 33953 6 34208 7 34464 6 34720 6 34976 6 35233 4 35489 4
3c4c675825f7509877bc10497f498c9a2e3433bf922bd870914a2eb21a54fd26,42141 4 42397 4 42652 6 42909 8 43165 7 43422 6 43678 5
3c4c675825f7509877bc10497f498c9a2e3433bf922bd870914a2eb21a54fd26,38823 3 39078 4 39333 6 39588 7 39844 7 40099 7 40355 7 40610 7 40866 7 41122 7 41377 8 41633 7 41888 8 42145 6 42401 5 42658 4
3c4c675825f7509877bc10497f498c9a2e3433bf922bd870914a2eb21a54fd26,162 7 415 11 671 11 928 10 1185 8 1442 3
3c4c675825f7509877bc10497f498c9a2e3433bf922bd870914a2eb21a54fd26,25504 3 25759 5 26015 5 26270 7 26526 7 26782 7 27038 7 27294 7 27550 7 27807 5 28063 5 28320 3
3c4c675825f7509877bc10497f498c9a2e3433bf922bd870914a2eb21a54fd26,2467 3 2722 5 2978 6 3233 7 3489 8 3746 6 4003 5 4261 1
3c4c675825f7509877bc10497f498c9a2e3433bf922bd870914a2eb21a54fd26,18084 3 18338 6 18594 6 18850 6 19105 7 19362 6 19618 5 19876 1
3c4c675825f7509877bc10497f498c9a2e3433bf922bd870914a2eb21a54fd26,5796 3 6050 6 6306 6 6561 8 6818 7 7074 7 7331 6 7587 6 7844 5 8100 5 8357 3 8613 3
3c4c675825f7509877bc10497f498c9a2e3433bf922bd870914a2eb21a54fd26,15011 1 15266 2 15522 3 15528 1 15777 8 16034 6 16290 6
3c4c675825f7509877bc10497f498c9a2e3433bf922bd870914a2eb21a54fd26,13477 4 13732 5 13988 6 14243 7 14499 7 14755 7 15012 5 15268 5 15525 3
3c4c675825f7509877bc10497f498c9a2e3433bf922bd870914a2eb21a54fd26,48546 1 48801 2 49057 4 49313 7 49569 7 49826 5 50082 5 50339 3
3c4c675825f7509877bc10497f498c9a2e3433bf922bd870914a2eb21a54fd26,46502 3 46757 5 47012 6 47268 7 47523 8 47779 8 48034 8 48290 8 48547 6 48803 6 49061 3
3c4c675825f7509877bc10497f498c9a2e3433bf922bd870914a2eb21a54fd26,52131 5 52387 6 52642 7 52898 8 53153 9 53409 9 53665 9 53921 9 54177 9 54433 1 54437 1 54441 1
3c4c675825f7509877bc10497f498c9a2e3433bf922bd870914a2eb21a54fd26,54434 3 54438 3 54690 3 54694 3 54945 9 55201 9 55457 9 55714 8 55970 8 56226 8 56482 8 56739 6 56995 6 57252 4
3c4c675825f7509877bc10497f498c9a2e3433bf922bd870914a2eb21a54fd26,59043 4 59298 5 59554 6 59809 3 60065 2 60321 2
3c4c675825f7509877bc10497f498c9a2e3433bf922bd870914a2eb21a54fd26,59812 4 60067 6 60323 6 60578 8 60834 8 61090 8 61346 8 61603 7 61859 7 62116 6 62373 4 62630 3
3c4c675825f7509877bc10497f498c9a2e3433bf922bd870914a2eb21a54fd26,33705 4 33960 5 34216 6 34471 7 34727 7 34983 7 35239 6 35495 6 35751 5 36008 5 36264 5 36521 4 36777 4
3c4c675825f7509877bc10497f498c9a2e3433bf922bd870914a2eb21a54fd26,34224 4 34480 5 34735 6 34991 7 35245 9 35501 9 35756 10 36013 10 36269 10 36527 8 36784 7 37040 6 37296 6 37553 4 37809 3
3c4c675825f7509877bc10497f498c9a2e3433bf922bd870914a2eb21a54fd26,10411 5 10666 7 10922 7 11178 7 11434 7 11691 5 11948 3
3c4c675825f7509877bc10497f498c9a2e3433bf922bd870914a2eb21a54fd26,40108 3 40364 4 40617 1 40619 5 40873 1 40875 5 41131 5 41388 4 41644 4 41901 2
3c4c675825f7509877bc10497f498c9a2e3433bf922bd870914a2eb21a54fd26,57516 3 57771 4 58027 5 58282 6 58538 7 58794 7 59050 7 59306 7 59563 5 59819 5 60076 3
3c4c675825f7509877bc10497f498c9a2e3433bf922bd870914a2eb21a54fd26,54448 3 54704 4 54959 6 55215 6 55470 9 55726 9 55982 10 56238 10 56495 10 56751 11 57008 10 57265 10 57521 10 57777 10 58034 9 58290 9 58547 7 58805 5 59062 3
3c4c675825f7509877bc10497f498c9a2e3433bf922bd870914a2eb21a54fd26,49845 4 50100 6 50356 6 50611 8 50867 8 51122 9 51378 9 51633 10 51889 10 52144 10 52400 10 52655 10 52911 9 53167 7 53424 5 53680 4 53937 3
3c4c675825f7509877bc10497f498c9a2e3433bf922bd870914a2eb21a54fd26,20916 3 21171 4 21426 6 21682 6 21937 7 22193 3 22449 1 22705 1
3c4c675825f7509877bc10497f498c9a2e3433bf922bd870914a2eb21a54fd26,22196 4 22450 6 22706 7 22961 8 23217 8 23473 9 23729 9 23986 8 24242 8 24498 8 24755 7 25011 6 25268 5 25524 5 25781 3 26037 3
3c4c675825f7509877bc10497f498c9a2e3433bf922bd870914a2eb21a54fd26,54719 1 54968 2 54975 1 55224 8 55479 9 55735 8 55992 7 56248 5
3c4c675825f7509877bc10497f498c9a2e3433bf922bd870914a2eb21a54fd26,53178 5 53433 6 53689 7 53944 8 54200 8 54457 7 54713 6 54970 5
3c4c675825f7509877bc10497f498c9a2e3433bf922bd870914a2eb21a54fd26,32443 5 32698 6 32954 7 33209 8 33465 8 33721 8 33977 8 34234 7 34490 7 34747 6 35003 6 35259 6 35516 4 35772 4
3c4c675825f7509877bc10497f498c9a2e3433bf922bd870914a2eb21a54fd26,42170 1 42425 2 42681 3 42937 7 43194 6 43450 6 43707 4 43963 4
3c4c675825f7509877bc10497f498c9a2e3433bf922bd870914a2eb21a54fd26,40636 4 40891 5 41147 6 41402 7 41658 7 41914 7 42171 6 42427 5 42684 4
3c4c675825f7509877bc10497f498c9a2e3433bf922bd870914a2eb21a54fd26,22206 1 22461 2 22717 3 22973 1 23229 1 23235 1
3c4c675825f7509877bc10497f498c9a2e3433bf922bd870914a2eb21a54fd26,22974 3 23230 5 23485 7 23741 7 23997 7 24254 5 24510 5 24767 3
3c4c675825f7509877bc10497f498c9a2e3433bf922bd870914a2eb21a54fd26,20418 1 20674 1 20679 1 20928 4 20935 1 21184 8 21439 9 21695 8 21950 9 22207 7 22463 6 22720 5 22977 3
3c4c675825f7509877bc10497f498c9a2e3433bf922bd870914a2eb21a54fd26,18883 4 19139 5 19394 6 19650 7 19906 6 20162 6 20419 5 20675 4 20932 3
3c4c675825f7509877bc10497f498c9a2e3433bf922bd870914a2eb21a54fd26,7359 5 7615 5 7870 7 8126 7 8382 7 8638 7 8894 6 9150 6 9407 4 9663 4
3c4c675825f7509877bc10497f498c9a2e3433bf922bd870914a2eb21a54fd26,11967 5 12223 6 12478 7 12734 8 12990 8 13246 7 13502 7 13758 7 14015 5 14271 5 14528 3
3c4c675825f7509877bc10497f498c9a2e3433bf922bd870914a2eb21a54fd26,28611 3 28867 3 29122 5 29378 5 29633 6 29889 6 30145 7 30400 8 30656 2 30913 1
3c4c675825f7509877bc10497f498c9a2e3433bf922bd870914a2eb21a54fd26,30658 6 30914 6 31169 8 31425 8 31681 5 31689 1 31938 4 31945 1 32194 3
3c4c675825f7509877bc10497f498c9a2e3433bf922bd870914a2eb21a54fd26,31686 3 31942 3 32197 5 32453 5 32709 5 32965 5 33222 3 33478 3
3c4c675825f7509877bc10497f498c9a2e3433bf922bd870914a2eb21a54fd26,48578 4 48834 4 49089 6 49345 6 49600 7 49856 7 50112 7 50369 1 50374 1 50625 1 50630 1
3c4c675825f7509877bc10497f498c9a2e3433bf922bd870914a2eb21a54fd26,50370 4 50626 4 50881 6 51137 6 51393 6 51650 4 51906 4
3c4c675825f7509877bc10497f498c9a2e3433bf922bd870914a2eb21a54fd26,57026 3 57282 4 57537 5 57793 6 58049 1 58054 1 58305 1 58310 1
3c4c675825f7509877bc10497f498c9a2e3433bf922bd870914a2eb21a54fd26,58050 4 58306 4 58561 6 58817 6 59073 6 59328 7 59585 6 59841 6 60098 4 60354 4
3c4c675825f7509877bc10497f498c9a2e3433bf922bd870914a2eb21a54fd26,195 3 450 5 706 5 961 7 1217 7 1474 2 1479 1 1730 2 1735 1
3c4c675825f7509877bc10497f498c9a2e3433bf922bd870914a2eb21a54fd26,1476 3 1732 3 1987 5 2243 5 2498 6 2754 6 3010 6 3267 4 3523 4
3c4c675825f7509877bc10497f498c9a2e3433bf922bd870914a2eb21a54fd26,11978 3 12232 6 12487 7 12743 8 12998 4 13006 1 13255 1 13262 1 13511 1
3c4c675825f7509877bc10497f498c9a2e3433bf922bd870914a2eb21a54fd26,13002 4 13256 6 13512 7 13767 8 14024 7 14280 7 14536 6 14793 5 15049 4
3c4c675825f7509877bc10497f498c9a2e3433bf922bd870914a2eb21a54fd26,6858 3 7113 4 7368 6 7624 6 7879 8 8135 8 8391 8 8647 8 8903 7 9160 6 9416 5 9673 4
3c4c675825f7509877bc10497f498c9a2e3433bf922bd870914a2eb21a54fd26,44494 4 44749 5 45004 7 45260 7 45515 8 45771 8 46027 1 46034 1 46283 1 46290 1
3c4c675825f7509877bc10497f498c9a2e3433bf922bd870914a2eb21a54fd26,46028 6 46284 6 46539 8 46795 8 47051 7 47307 7 47564 5 47820 4
3c4c675825f7509877bc10497f498c9a2e3433bf922bd870914a2eb21a54fd26,54988 1 55243 8 55499 8 55755 9 56011 8 56267 8 56524 6 56780 6 57037 4 57294 3
3c4c675825f7509877bc10497f498c9a2e3433bf922bd870914a2eb21a54fd26,51663 5 51670 3 51918 12 52173 13 52428 15 52684 15 52939 16 53195 16 53451 16 53707 15 53963 15 54219 10 54233 1 54476 8 54489 1 54732 7 54989 6
3c4c675825f7509877bc10497f498c9a2e3433bf922bd870914a2eb21a54fd26,54229 4 54484 5 54740 6 54995 7 55251 7 55507 7 55764 7 56020 7 56277 5 56533 5 56790 3 57046 3
3c4c675825f7509877bc10497f498c9a2e3433bf922bd870914a2eb21a54fd26,61388 5 61644 6 61899 7 62155 8 62411 1 62418 1 62667 1 62674 1
3c4c675825f7509877bc10497f498c9a2e3433bf922bd870914a2eb21a54fd26,62412 6 62668 6 62923 8 63179 8 63435 8 63691 8 63948 7 64204 7 64461 5 64717 5
3c4c675825f7509877bc10497f498c9a2e3433bf922bd870914a2eb21a54fd26,25550 1 25555 1 25806 1 25811 1 26062 6 26317 6 26573 6 26830 5 27086 5 27343 3 27599 3
3c4c675825f7509877bc10497f498c9a2e3433bf922bd870914a2eb21a54fd26,24015 3 24271 4 24526 5 24782 6 25038 6 25294 6 25551 4 25807 4
3c4c675825f7509877bc10497f498c9a2e3433bf922bd870914a2eb21a54fd26,31696 1 31952 2 32208 3 32464 6 32721 5 32977 4
3c4c675825f7509877bc10497f498c9a2e3433bf922bd870914a2eb21a54fd26,29396 3 29651 4 29907 5 30162 6 30418 6 30673 7 30929 7 31184 8 31441 7 31697 7 31954 5 32211 4
3c4c675825f7509877bc10497f498c9a2e3433bf922bd870914a2eb21a54fd26,41432 1 41688 1 41943 3 42199 3 42455 3 42711 3 42966 4 43223 3
3c4c675825f7509877bc10497f498c9a2e3433bf922bd870914a2eb21a54fd26,9179 4 9434 6 9690 6 9945 8 10201 8 10457 8 10713 8 10969 9 11225 9 11481 9 11737 9 11993 8 12249 8 12506 6 12762 6 13019 4
3c4c675825f7509877bc10497f498c9a2e3433bf922bd870914a2eb21a54fd26,28124 3 28380 5 28635 6 28891 7 29147 7 29403 8 29660 7 29916 7 30173 5 30430 4
3c4c675825f7509877bc10497f498c9a2e3433bf922bd870914a2eb21a54fd26,31971 3 32226 4 32481 6 32737 6 32992 7 33248 7 33503 7 33759 7 34015 7 34271 7 34527 6 34784 5 35040 4
3c4c675825f7509877bc10497f498c9a2e3433bf922bd870914a2eb21a54fd26,19685 1 19940 2 20195 4 20451 4 20707 4 20962 4 21218 4 21474 4 21730 4 21986 3 22243 1
3c4c675825f7509877bc10497f498c9a2e3433bf922bd870914a2eb21a54fd26,51940 3 52195 4 52451 5 52706 1 52711 1 52962 1 52967 1
3c4c675825f7509877bc10497f498c9a2e3433bf922bd870914a2eb21a54fd26,52707 4 52963 4 53218 6 53474 6 53730 7 53987 6 54243 1 54248 1 54499 1 54504 1
3c4c675825f7509877bc10497f498c9a2e3433bf922bd870914a2eb21a54fd26,54244 4 54500 4 54755 6 55011 6 55267 6 55522 7 55778 7 56034 7 56290 7 56546 7 56803 5 57059 5 57316 3
3c4c675825f7509877bc10497f498c9a2e3433bf922bd870914a2eb21a54fd26,23282 3 23537 4 23793 5 24048 6 24304 1 24309 1 24560 1 24565 1
3c4c675825f7509877bc10497f498c9a2e3433bf922bd870914a2eb21a54fd26,24305 4 24561 4 24816 6 25072 6 25328 6 25584 6 25841 5 26097 4 26354 3
3c4c675825f7509877bc10497f498c9a2e3433bf922bd870914a2eb21a54fd26,1526 3 1781 5 2036 6 2292 7 2548 7 2804 6 3060 5 3316 5 3573 2
3c4c675825f7509877bc10497f498c9a2e3433bf922bd870914a2eb21a54fd26,18933 3 19188 5 19444 6 19700 7 19956 7 20212 7 20468 6 20725 5 20982 3
432f367a4c5b5674de2e2977744d10289a064e5704b21af6607b4975be47c580,51466 3 51720 5 51975 7 52230 8 52486 8 52741 9 52997 9 53252 11 53508 12 53763 13 54019 14 54274 15 54530 15 54787 14 55043 14 55300 12 55556 12 55812 11 56069 9 56325 9 56582 9 56838 8 57095 7 57353 4
432f367a4c5b5674de2e2977744d10289a064e5704b21af6607b4975be47c580,38413 6 38666 10 38921 13 39176 15 39432 15 39687 17 39944 15 40200 15 40457 13 40716 9 40973 8 41230 7 41487 5 41744 4
432f367a4c5b5674de2e2977744d10289a064e5704b21af6607b4975be47c580,58121 4 58377 3 58632 4 58889 2 59145 3 59403 1
432f367a4c5b5674de2e2977744d10289a064e5704b21af6607b4975be47c580,58380 1 58636 2 58891 3 59148 5 59404 4 59661 3
432f367a4c5b5674de2e2977744d10289a064e5704b21af6607b4975be47c580,56337 7 56592 9 56846 12 57102 12 57357 14 57614 13 57870 13 58125 13 58381 13 58638 11 58894 3 58898 6
432f367a4c5b5674de2e2977744d10289a064e5704b21af6607b4975be47c580,6412 1 6667 4 6923 5 7179 7 7436 6 7694 3
432f367a4c5b5674de2e2977744d10289a064e5704b21af6607b4975be47c580,49421 3 49674 4 49930 4 50185 4 50441 5 50698 4 50954 4
432f367a4c5b5674de2e2977744d10289a064e5704b21af6607b4975be47c580,49678 4 49934 9 50189 12 50446 12 50702 12 50959 12 51214 13 51470 13 51725 14 51982 12 52238 12 52496 9 52753 7
432f367a4c5b5674de2e2977744d10289a064e5704b21af6607b4975be47c580,16657 3 16909 3 16913 3 17164 9 17419 10 17675 10 17930 11 18186 10 18443 9 18699 8 18958 4
432f367a4c5b5674de2e2977744d10289a064e5704b21af6607b4975be47c580,14 10 271 10 527 13 788 10 1043 11 1299 12 1554 13 1810 14 2067 13 2323 12 2580 11 2838 8 3095 5
432f367a4c5b5674de2e2977744d10289a064e5704b21af6607b4975be47c580,17944 1 18199 4 18454 7 18709 9 18964 11 19219 12 19475 13 19730 14 19987 12 20243 12 20500 10 20760 5
432f367a4c5b5674de2e2977744d10289a064e5704b21af6607b4975be47c580,46100 6 46355 6 46611 6 46866 7 47123 6 47379 7 47636 6
432f367a4c5b5674de2e2977744d10289a064e5704b21af6607b4975be47c580,45597 2 45850 5 46106 10 46361 11 46617 12 46873 11 47129 11 47386 9 47642 7
432f367a4c5b5674de2e2977744d10289a064e5704b21af6607b4975be47c580,42784 5 43040 6 43295 7 43551 8 43806 9 44062 9 44317 9 44573 9 44830 7 45086 7 45342 6 45599 4 45855 4
432f367a4c5b5674de2e2977744d10289a064e5704b21af6607b4975be47c580,61207 1 61459 5 61715 4 61970 5 62226 5 62483 4 62739 5 62996 4
432f367a4c5b5674de2e2977744d10289a064e5704b21af6607b4975be47c580,61208 7 61464 11 61719 13 61975 13 62231 14 62487 13 62744 12 63000 7 63010 1 63259 4
432f367a4c5b5674de2e2977744d10289a064e5704b21af6607b4975be47c580,42775 3 43030 6 43285 7 43541 7 43797 7 44054 6 44310 5 44568 1
432f367a4c5b5674de2e2977744d10289a064e5704b21af6607b4975be47c580,52507 3 52762 4 53017 6 53272 7 53528 6 53783 7 54037 8 54293 8 54548 8 54805 4 55061 3
432f367a4c5b5674de2e2977744d10289a064e5704b21af6607b4975be47c580,28695 7 28950 9 29206 10 29461 12 29718 11 29974 11 30230 11 30487 10 30743 9 31000 6 31256 6 31511 6 31767 6 32024 4 32280 3
432f367a4c5b5674de2e2977744d10289a064e5704b21af6607b4975be47c580,64535 3 64791 4 65047 5 65304 4
432f367a4c5b5674de2e2977744d10289a064e5704b21af6607b4975be47c580,4121 4 4376 5 4632 6 4887 7 5143 8 5398 7 5655 5 5911 5 6168 3 6424 3 6681 3 6937 3 7194 4 7450 3
432f367a4c5b5674de2e2977744d10289a064e5704b21af6607b4975be47c580,5405 8 5660 10 5916 11 6171 12 6427 13 6684 11 6940 11 7200 6
432f367a4c5b5674de2e2977744d10289a064e5704b21af6607b4975be47c580,13848 4 14104 6 14359 7 14616 7 14872 7 15128 8 15384 8 15640 9 15895 9 16151 9 16408 7 16664 6 16921 6 17176 7 17432 7 17689 5 17945 5
432f367a4c5b5674de2e2977744d10289a064e5704b21af6607b4975be47c580,32539 3 32794 7 33049 9 33305 10 33560 12 33816 12 34072 13 34329 12 34585 7 34595 2 34842 5 35099 4
432f367a4c5b5674de2e2977744d10289a064e5704b21af6607b4975be47c580,34592 3 34847 5 35103 5 35109 5 35358 13 35614 14 35869 15 36125 16 36381 16 36637 16 36889 4 36894 14 37144 20 37400 18 37655 19 37911 18 38168 17 38424 17 38681 16 38937 16 39194 15 39450 15 39707 14 39969 8 40225 9 40482 8 40739 6 40996 3
432f367a4c5b5674de2e2977744d10289a064e5704b21af6607b4975be47c580,37165 3 37170 1 37418 8 37674 9 37929 10 38185 11 38441 12 38697 15 38953 14 39209 13 39465 13 39721 13 39977 12 40234 11 40490 10 40748 6
432f367a4c5b5674de2e2977744d10289a064e5704b21af6607b4975be47c580,35895 3 36149 7 36404 9 36660 10 36915 11 37171 11 37426 12 37683 10 37939 9 38196 6 38453 4
432f367a4c5b5674de2e2977744d10289a064e5704b21af6607b4975be47c580,54809 3 55064 2 55322 4 55577 5 55833 5 56090 4 56347 2
432f367a4c5b5674de2e2977744d10289a064e5704b21af6607b4975be47c580,20765 3 21020 6 21276 7 21530 9 21785 11 22041 11 22296 12 22552 12 22808 11 23065 10 23321 9 23578 7 23835 5
432f367a4c5b5674de2e2977744d10289a064e5704b21af6607b4975be47c580,26910 1 27163 6 27419 7 27676 5 27934 2
432f367a4c5b5674de2e2977744d10289a064e5704b21af6607b4975be47c580,9759 4 10014 5 10269 6 10525 5 10780 6 11037 4 11293 4 11550 4 11807 3
432f367a4c5b5674de2e2977744d10289a064e5704b21af6607b4975be47c580,8488 7 8742 9 8997 13 9253 19 9508 20 9765 20 10019 24 10275 25 10530 26 10786 27 11041 27 11297 27 11554 24 11810 23 12068 14 12324 10 12581 9 12838 7 13096 5
432f367a4c5b5674de2e2977744d10289a064e5704b21af6607b4975be47c580,6449 6 6705 7 6960 9 7216 10 7471 11 7727 12 7982 13 8238 13 8495 12 8751 11 9010 8
432f367a4c5b5674de2e2977744d10289a064e5704b21af6607b4975be47c580,12082 6 12334 11 12590 12 12845 13 13101 14 13358 13 13614 13 13867 15 14123 15 14378 15 14635 13 14891 13 15149 9 15405 3
432f367a4c5b5674de2e2977744d10289a064e5704b21af6607b4975be47c580,63007 3 63263 3 63518 5 63774 6 64029 8 64285 9 64541 9 64797 9 65053 10 65310 9
432f367a4c5b5674de2e2977744d10289a064e5704b21af6607b4975be47c580,63785 4 64040 7 64295 8 64551 9 64806 10 65063 9 65319 8
432f367a4c5b5674de2e2977744d10289a064e5704b21af6607b4975be47c580,23844 5 24099 7 24354 10 24610 11 24865 12 25121 13 25378 12 25634 12 25891 12 26147 11 26405 9 26663 6
432f367a4c5b5674de2e2977744d10289a064e5704b21af6607b4975be47c580,28709 4 28963 7 29218 9 29474 10 29729 11 29985 12 30242 10 30498 10 30756 7
432f367a4c5b5674de2e2977744d10289a064e5704b21af6607b4975be47c580,49187 5 49443 7 49698 9 49954 8 50210 7 50467 6 50723 5 50980 5 51238 3
432f367a4c5b5674de2e2977744d10289a064e5704b21af6607b4975be47c580,49962 5 50217 7 50473 8 50728 9 50985 9 51241 8 51499 6
432f367a4c5b5674de2e2977744d10289a064e5704b21af6607b4975be47c580,57643 6 57893 12 58147 15 58403 14 58658 15 58914 14 59170 13 59427 9 59683 7 59940 5
432f367a4c5b5674de2e2977744d10289a064e5704b21af6607b4975be47c580,20270 3 20526 3 20779 8 21033 12 21288 11 21544 11 21799 11 22056 10 22312 9 22569 8 22826 7 23083 7
432f367a4c5b5674de2e2977744d10289a064e5704b21af6607b4975be47c580,21299 3 21555 3 21810 5 22066 5 22321 7 22577 8 22833 9 23090 10 23346 9 23604 4
432f367a4c5b5674de2e2977744d10289a064e5704b21af6607b4975be47c580,19260 4 19514 9 19769 12 20024 13 20280 14 20535 15 20791 16 21047 16 21302 16 21558 16 21815 14 22071 13 22328 10 22585 7 22842 3
432f367a4c5b5674de2e2977744d10289a064e5704b21af6607b4975be47c580,43560 5 43816 8 44071 9 44327 10 44583 9 44840 8 45096 7 45353 4
432f367a4c5b5674de2e2977744d10289a064e5704b21af6607b4975be47c580,32304 6 32558 10 32813 12 33068 14 33323 15 33579 16 33834 17 34091 17 34347 16 34604 5 34615 4
432f367a4c5b5674de2e2977744d10289a064e5704b21af6607b4975be47c580,46892 5 47147 7 47403 9 47658 10 47914 11 48170 11 48427 8 48683 8 48940 6 49198 3
432f367a4c5b5674de2e2977744d10289a064e5704b21af6607b4975be47c580,59949 4 60204 5 60459 7 60715 7 60970 11 61226 11 61483 9 61739 9 61996 6 62253 3
432f367a4c5b5674de2e2977744d10289a064e5704b21af6607b4975be47c580,57909 6 58163 10 58418 12 58674 14 58929 16 59186 15 59442 16 59698 16 59953 16 60209 16 60466 14 60722 14 60983 7 61241 3
432f367a4c5b5674de2e2977744d10289a064e5704b21af6607b4975be47c580,27694 6 27948 10 28204 11 28459 13 28716 13 28972 13 29229 13 29485 13 29742 11 29998 11 30255 9 30512 7 30770 3
432f367a4c5b5674de2e2977744d10289a064e5704b21af6607b4975be47c580,1586 4 1841 5 2097 6 2352 7 2608 8 2864 8 3119 9 3374 10 3630 10 3885 11 4141 11 4397 12 4653 11 4910 10 5166 9 5423 7 5681 3
432f367a4c5b5674de2e2977744d10289a064e5704b21af6607b4975be47c580,15920 5 16174 8 16430 9 16685 11 16941 11 17197 12 17454 11 17710 11 17967 9 18223 9 18479 9 18736 8 18992 8 19247 9 19504 7 19760 7 20018 4
432f367a4c5b5674de2e2977744d10289a064e5704b21af6607b4975be47c580,24879 5 25135 6 25390 7 25646 7 25903 5 26159 6 26416 5 26673 4
432f367a4c5b5674de2e2977744d10289a064e5704b21af6607b4975be47c580,25397 5 25653 5 25908 7 26165 5 26421 5
432f367a4c5b5674de2e2977744d10289a064e5704b21af6607b4975be47c580,47928 6 48182 9 48435 13 48691 14 48946 15 49203 15 49458 16 49714 16 49969 16 50226 15 50482 13 50739 11 50996 8 51254 3
432f367a4c5b5674de2e2977744d10289a064e5704b21af6607b4975be47c580,41271 6 41525 10 41779 12 42035 13 42290 14 42546 13 42803 12 43059 11 43316 6
432f367a4c5b5674de2e2977744d10289a064e5704b21af6607b4975be47c580,52278 3 52532 7 52787 9 53043 9 53298 11 53554 11 53810 15 54066 17 54322 18 54578 15 54834 15 55090 14 55346 14 55602 11 55616 1 55859 10 56115 9 56372 8 56629 6
432f367a4c5b5674de2e2977744d10289a064e5704b21af6607b4975be47c580,50507 3 50761 7 51017 8 51272 10 51527 12 51782 13 52038 14 52293 15 52549 18 52806 19 53060 21 53316 22 53571 23 53828 21 54084 2 54102 3 54359 1
432f367a4c5b5674de2e2977744d10289a064e5704b21af6607b4975be47c580,54086 16 54341 18 54593 3 54597 18 54849 23 55104 25 55360 25 55617 25 55873 24 56130 23 56389 19 56645 15 56901 15 57158 14 57414 13 57671 12 57928 10 58185 8 58442 5
432f367a4c5b5674de2e2977744d10289a064e5704b21af6607b4975be47c580,56 14 311 16 567 16 823 16 1080 14 1336 14 1593 12 1850 10 2107 7
432f367a4c5b5674de2e2977744d10289a064e5704b21af6607b4975be47c580,2621 3 2875 7 3131 8 3386 9 3642 10 3898 10 4154 2 4159 4 4415 4 4672 1
432f367a4c5b5674de2e2977744d10289a064e5704b21af6607b4975be47c580,4156 3 4411 4 4667 5 4922 6 5177 9 5432 11 5688 11 5943 13 6200 12 6456 12 6713 11 6970 9 7227 8
432f367a4c5b5674de2e2977744d10289a064e5704b21af6607b4975be47c580,14140 7 14394 9 14649 11 14904 12 15160 12 15415 13 15671 12 15928 11 16184 10 16441 3 16448 1
432f367a4c5b5674de2e2977744d10289a064e5704b21af6607b4975be47c580,16444 4 16699 5 16955 8 17210 9 17466 10 17721 11 17978 9 18234 9 18491 7 18748 4
432f367a4c5b5674de2e2977744d10289a064e5704b21af6607b4975be47c580,39228 3 39483 5 39738 7 39994 8 40250 8 40508 1
432f367a4c5b5674de2e2977744d10289a064e5704b21af6607b4975be47c580,44607 3 44862 5 45117 6 45372 8 45628 8 45883 9 46139 9 46395 8 46652 7 46908 6 47165 5
432f367a4c5b5674de2e2977744d10289a064e5704b21af6607b4975be47c580,61758 3 62013 5 62268 6 62524 7 62779 8 63035 9 63292 8 63548 8 63805 7 64061 6 64318 5 64575 3
432f367a4c5b5674de2e2977744d10289a064e5704b21af6607b4975be47c580,35908 3 36163 7 36418 9 36674 10 36928 12 37182 15 37438 15 37693 16 37950 15 38206 15 38463 13 38720 12 38977 10 39237 5
432f367a4c5b5674de2e2977744d10289a064e5704b21af6607b4975be47c580,28483 3 28737 8 28991 12 29247 13 29502 14 29758 15 30014 15 30271 15 30527 14 30784 13 31040 12 31299 7
432f367a4c5b5674de2e2977744d10289a064e5704b21af6607b4975be47c580,32075 5 32329 9 32585 9 32840 11 33090 17 33346 17 33601 18 33857 19 34114 20 34370 20 34627 19 34883 19 35140 19 35398 4 35404 11 35661 11 35918 12 36176 6
432f367a4c5b5674de2e2977744d10289a064e5704b21af6607b4975be47c580,31833 3 32088 5 32343 7 32598 8 32854 9 33109 10 33366 8 33622 2 33628 2
432f367a4c5b5674de2e2977744d10289a064e5704b21af6607b4975be47c580,33624 4 33879 6 34135 6 34390 8 34646 8 34902 8 35159 6 35415 6 35672 4
432f367a4c5b5674de2e2977744d10289a064e5704b21af6607b4975be47c580,25667 4 25923 9 26178 11 26434 12 26690 13 26947 12 27203 13 27460 11 27716 11 27973 9 28232 5
432f367a4c5b5674de2e2977744d10289a064e5704b21af6607b4975be47c580,9543 7 9798 9 10053 11 10309 11 10564 13 10820 13 11076 12 11333 11 11589 10 11846 8 12104 4
432f367a4c5b5674de2e2977744d10289a064e5704b21af6607b4975be47c580,40774 4 41029 6 41285 8 41540 7 41796 6 42052 5 42308 5 42565 3 42821 3 43078 3
432f367a4c5b5674de2e2977744d10289a064e5704b21af6607b4975be47c580,41299 4 41547 13 41802 15 42057 16 42313 17 42568 17 42824 17 43081 6 43092 4 43337 4 43595 2
432f367a4c5b5674de2e2977744d10289a064e5704b21af6607b4975be47c580,43087 5 43341 7 43597 8 43852 9 44108 9 44364 9 44618 11 44873 12 45128 13 45384 13 45639 13 45895 13 46152 10 46408 9 46666 5
432f367a4c5b5674de2e2977744d10289a064e5704b21af6607b4975be47c580,62537 8 62792 10 63048 11 63303 13 63560 12 63816 13 64073 12 64330 11 64587 10 64845 7 65101 7 65357 7
432f367a4c5b5674de2e2977744d10289a064e5704b21af6607b4975be47c580,20303 5 20559 6 20814 8 21070 7 21327 6 21584 4
432f367a4c5b5674de2e2977744d10289a064e5704b21af6607b4975be47c580,80 4 335 6 591 6 847 5 1104 3
432f367a4c5b5674de2e2977744d10289a064e5704b21af6607b4975be47c580,5202 3 5457 11 5711 15 5966 17 6222 17 6477 19 6734 18 6990 17 7247 16 7503 13 7759 12 8016 11 8272 10 8529 9 8786 6
432f367a4c5b5674de2e2977744d10289a064e5704b21af6607b4975be47c580,12627 4 12881 8 13136 10 13392 11 13647 13 13903 14 14159 16 14414 17 14670 18 14926 18 15182 17 15439 16 15695 15 15952 13 16209 11
432f367a4c5b5674de2e2977744d10289a064e5704b21af6607b4975be47c580,25684 5 25940 6 26195 8 26451 8 26708 8 26964 8 27220 9 27477 8 27733 8 27990 7 28246 6 28503 5 28759 4
432f367a4c5b5674de2e2977744d10289a064e5704b21af6607b4975be47c580,89 9 344 10 600 9 857 9 1113 12 1369 12 1624 13 1879 14 2135 14 2390 14 2646 12 2902 12 3157 12 3413 12 3668 13 3924 12 4181 11 4437 9 4694 3
432f367a4c5b5674de2e2977744d10289a064e5704b21af6607b4975be47c580,16982 4 17237 10 17493 11 17748 12 18004 13 18261 12 18517 12 18773 13 19030 6 19286 2 19542 2 20055 1
432f367a4c5b5674de2e2977744d10289a064e5704b21af6607b4975be47c580,19036 7 19288 12 19544 13 19799 14 20056 13 20312 14 20569 13 20824 14 21080 15 21335 16 21591 15 21848 14 22104 8 22361 6 22619 3
432f367a4c5b5674de2e2977744d10289a064e5704b21af6607b4975be47c580,39253 8 39509 8 39764 10 40020 10 40277 8 40533 8 40790 5
432f367a4c5b5674de2e2977744d10289a064e5704b21af6607b4975be47c580,23129 8 23383 10 23639 11 23894 11 24151 11 24407 11 24664 10 24921 8 25179 6 25436 3
432f367a4c5b5674de2e2977744d10289a064e5704b21af6607b4975be47c580,43866 7 44121 9 44377 7 44632 7 44888 6 45145 5 45401 4 45658 3 45915 2 46173 1
432f367a4c5b5674de2e2977744d10289a064e5704b21af6607b4975be47c580,44384 4 44639 6 44894 7 45150 8 45405 9 45661 10 45917 10 46174 8 46430 8 46687 5
432f367a4c5b5674de2e2977744d10289a064e5704b21af6607b4975be47c580,63068 1 63323 1 63578 2 63833 3 64089 3 64344 5 64600 5 64857 5 65113 5 65370 6
432f367a4c5b5674de2e2977744d10289a064e5704b21af6607b4975be47c580,62558 7 62813 9 63069 9 63324 11 63580 11 63836 11 64092 10 64349 9 64605 7 64862 5 65118 4
432f367a4c5b5674de2e2977744d10289a064e5704b21af6607b4975be47c580,7516 1 7771 1 8027 1 8029 4 8282 1 8284 6 8540 6 8797 4 9054 2
432f367a4c5b5674de2e2977744d10289a064e5704b21af6607b4975be47c580,36193 5 36448 7 36703 8 36958 10 37214 10 37469 10 37725 10 37981 10 38238 9 38494 9 38751 8 39008 6 39266 4
432f367a4c5b5674de2e2977744d10289a064e5704b21af6607b4975be47c580,50529 5 50784 7 51039 9 51294 11 51550 11 51805 13 52061 13 52318 11 52574 11 52831 9
432f367a4c5b5674de2e2977744d10289a064e5704b21af6607b4975be47c580,56415 10 56670 11 56926 12 57181 13 57437 13 57694 11 57950 11 58207 9 58464 7 58721 5
432f367a4c5b5674de2e2977744d10289a064e5704b21af6607b4975be47c580,27491 4 27745 7 27999 9 28255 10 28510 11 28766 11 29022 11 29279 9 29535 9 29792 7 30049 4
432f367a4c5b5674de2e2977744d10289a064e5704b21af6607b4975be47c580,47456 7 47712 8 47967 11 48223 9 48479 8 48736 7 48992 6 49249 5 49507 4
432f367a4c5b5674de2e2977744d10289a064e5704b21af6607b4975be47c580,48232 6 48487 8 48743 9 48998 9 49254 9 49511 7 49767 7 50024 7 50282 3
432f367a4c5b5674de2e2977744d10289a064e5704b21af6607b4975be47c580,48754 6 49007 10 49263 10 49518 11 49774 11 50031 10 50287 10 50544 9 50801 7 51058 5
432f367a4c5b5674de2e2977744d10289a064e5704b21af6607b4975be47c580,59746 5 60001 6 60256 6 60512 7 60767 8 61023 9 61280 9 61536 8 61793 5
432f367a4c5b5674de2e2977744d10289a064e5704b21af6607b4975be47c580,58985 4 59241 5 59496 6 59751 8 60007 8 60262 10 60519 8 60775 8 61032 6
432f367a4c5b5674de2e2977744d10289a064e5704b21af6607b4975be47c580,40289 5 40545 5 40800 5 41056 5 41313 4 41569 4 41826 4 42083 3
432f367a4c5b5674de2e2977744d10289a064e5704b21af6607b4975be47c580,40294 6 40550 8 40805 9 41061 10 41317 10 41573 9 41830 8 42086 5
432f367a4c5b5674de2e2977744d10289a064e5704b21af6607b4975be47c580,6243 1 6498 2 6754 4 6762 2 7009 11 7266 11 7522 10 7779 9 8036 7 8293 5
432f367a4c5b5674de2e2977744d10289a064e5704b21af6607b4975be47c580,3940 3 4195 6 4450 10 4706 10 4961 12 5218 11 5474 11 5731 9 5987 9 6244 7 6500 7 6758 4
432f367a4c5b5674de2e2977744d10289a064e5704b21af6607b4975be47c580,13158 3 13412 7 13667 9 13923 9 14178 11 14434 11 14689 11 14946 4 14954 2 15202 2
432f367a4c5b5674de2e2977744d10289a064e5704b21af6607b4975be47c580,14950 4 15204 7 15459 8 15715 9 15970 10 16226 11 16481 11 16737 11 16993 10 17250 8 17506 6
432f367a4c5b5674de2e2977744d10289a064e5704b21af6607b4975be47c580,31589 7 31843 10 32098 11 32354 12 32609 13 32865 13 33121 13 33378 8 33634 7 33891 6 34149 3
432f367a4c5b5674de2e2977744d10289a064e5704b21af6607b4975be47c580,33386 4 33641 6 33897 8 34152 11 34409 11 34664 12 34920 13 35177 12 35433 12 35690 10 35947 9 36205 6
432f367a4c5b5674de2e2977744d10289a064e5704b21af6607b4975be47c580,101 10 358 10 614 10 871 9 1126 9 1382 9 1637 10 1894 8 2150 8 2407 5 2663 5 2920 3
432f367a4c5b5674de2e2977744d10289a064e5704b21af6607b4975be47c580,18281 1 18536 2 18792 3 19047 4 19302 6 19558 10 19813 11 20069 11 20326 10 20582 10 20839 9 21095 9 21352 8 21608 4 21615 1 21865 2
432f367a4c5b5674de2e2977744d10289a064e5704b21af6607b4975be47c580,17004 7 17260 10 17515 12 17771 13 18026 14 18282 15 18538 14 18795 13 19051 12 19308 10
432f367a4c5b5674de2e2977744d10289a064e5704b21af6607b4975be47c580,21612 3 21867 4 22123 5 22378 6 22633 8 22889 8 23144 9 23399 10 23654 11 23910 10 24165 11 24421 12 24677 12 24933 12 25190 11 25446 10 25704 8
432f367a4c5b5674de2e2977744d10289a064e5704b21af6607b4975be47c580,8554 6 8809 9 9065 10 9320 12 9576 12 9831 14 10087 14 10343 14 10599 1 10855 1
432f367a4c5b5674de2e2977744d10289a064e5704b21af6607b4975be47c580,10600 12 10856 12 11111 14 11367 14 11623 15 11879 14 12136 13 12392 12 12649 10 12906 7 13163 3
432f367a4c5b5674de2e2977744d10289a064e5704b21af6607b4975be47c580,43113 5 43368 9 43624 11 43879 14 44135 14 44391 14 44647 14 44904 12 45160 12 45417 12 45674 10 45931 8 46188 7 46445 5 46702 3
432f367a4c5b5674de2e2977744d10289a064e5704b21af6607b4975be47c580,43897 6 44151 10 44405 12 44661 13 44916 14 45172 15 45429 16 45685 17 45942 17 46199 16 46457 15 46713 15 46969 14 47226 13 47482 12 47740 9 47997 2 48002 2
432f367a4c5b5674de2e2977744d10289a064e5704b21af6607b4975be47c580,62830 3 63085 5 63339 8 63594 10 63849 12 64104 12 64360 13 64615 14 64871 15 65127 14 65383 13
432f367a4c5b5674de2e2977744d10289a064e5704b21af6607b4975be47c580,2414 8 2670 9 2923 13 3179 13 3434 15 3690 14 3947 13 4203 12 4460 8 4716 5
432f367a4c5b5674de2e2977744d10289a064e5704b21af6607b4975be47c580,57971 3 58226 5 58481 7 58736 9 58991 9 59247 9 59502 9 59759 9 60015 9 60273 8 60530 6
432f367a4c5b5674de2e2977744d10289a064e5704b21af6607b4975be47c580,58491 7 58746 10 59000 13 59256 13 59511 15 59768 14 60024 13 60282 11 60539 9
432f367a4c5b5674de2e2977744d10289a064e5704b21af6607b4975be47c580,116 7 371 9 628 7 886 3
432f367a4c5b5674de2e2977744d10289a064e5704b21af6607b4975be47c580,20853 5 21108 7 21364 8 21619 10 21875 10 22131 11 22388 9 22644 9 22901 7 23158 5
432f367a4c5b5674de2e2977744d10289a064e5704b21af6607b4975be47c580,52345 5 52599 8 52853 11 53109 11 53364 13 53620 13 53876 13 54132 14 54389 13 54645 14 54900 14 55156 14 55412 13 55668 13 55925 12 56181 11 56438 10 56695 8 56953 5
432f367a4c5b5674de2e2977744d10289a064e5704b21af6607b4975be47c580,63095 1 63350 2 63605 4 63861 4 64116 8 64373 13 64629 12 64887 10 65144 8 65401 5
432f367a4c5b5674de2e2977744d10289a064e5704b21af6607b4975be47c580,61054 5 61308 9 61563 11 61818 12 62074 13 62329 14 62585 15 62841 14 63096 15 63352 14 63609 13 63865 11 64124 6
432f367a4c5b5674de2e2977744d10289a064e5704b21af6607b4975be47c580,8569 3 8823 7 9079 8 9334 9 9590 10 9846 10 10102 9 10358 9 10615 1 10621 1
432f367a4c5b5674de2e2977744d10289a064e5704b21af6607b4975be47c580,10616 5 10871 7 11127 7 11382 9 11638 9 11893 11 12149 11 12406 9 12662 9 12919 7
432f367a4c5b5674de2e2977744d10289a064e5704b21af6607b4975be47c580,24443 1 24697 4 24952 5 24968 1 25207 21 25463 22 25718 24 25975 24 26231 24 26488 24 26746 22 27009 14 27267 12 27527 3
432f367a4c5b5674de2e2977744d10289a064e5704b21af6607b4975be47c580,22400 5 22653 10 22909 11 23164 12 23420 12 23676 11 23932 11 24189 11 24444 12 24701 11 24957 11
432f367a4c5b5674de2e2977744d10289a064e5704b21af6607b4975be47c580,22668 4 22922 8 23176 10 23432 11 23687 12 23943 12 24200 10 24456 10 24713 8 24970 7
432f367a4c5b5674de2e2977744d10289a064e5704b21af6607b4975be47c580,32632 5 32887 6 33143 5 33398 7 33654 7 33910 8 34166 9 34423 7 34679 6 34936 5
432f367a4c5b5674de2e2977744d10289a064e5704b21af6607b4975be47c580,31872 4 32127 7 32382 9 32637 10 32893 11 33148 12 33405 11 33661 10 33918 9 34176 6
432f367a4c5b5674de2e2977744d10289a064e5704b21af6607b4975be47c580,36734 4 36988 6 37243 8 37499 8 37754 11 38011 14 38267 14 38524 12 38781 1 38789 3
432f367a4c5b5674de2e2977744d10289a064e5704b21af6607b4975be47c580,38782 7 39038 8 39292 10 39547 13 39802 14 40058 15 40313 16 40569 16 40826 15 41082 8 41339 4 41596 3
432f367a4c5b5674de2e2977744d10289a064e5704b21af6607b4975be47c580,41090 6 41343 9 41599 10 41854 11 42110 12 42366 12 42622 12 42879 11 43135 10 43392 9 43649 6 43906 4
432f367a4c5b5674de2e2977744d10289a064e5704b21af6607b4975be47c580,34947 5 35202 7 35458 9 35713 11 35970 12 36226 13 36483 12 36738 14 36994 13 37251 12 37507 11 37765 4
432f367a4c5b5674de2e2977744d10289a064e5704b21af6607b4975be47c580,47999 3 48255 3 48508 7 48763 10 49018 11 49274 12 49529 13 49785 12 50041 12 50298 10 50554 9 50812 3
432f367a4c5b5674de2e2977744d10289a064e5704b21af6607b4975be47c580,28029 5 28284 8 28540 9 28795 11 29051 11 29308 10 29564 11 29821 9 30077 9 30335 6
432f367a4c5b5674de2e2977744d10289a064e5704b21af6607b4975be47c580,4992 3 5246 9 5501 10 5757 10 6012 10 6269 10 6525 10 6782 10 7038 5 7295 1 7551 1
432f367a4c5b5674de2e2977744d10289a064e5704b21af6607b4975be47c580,7043 5 7296 9 7552 11 7807 13 8063 13 8320 13 8576 13 8833 11 9090 9 9347 8
432f367a4c5b5674de2e2977744d10289a064e5704b21af6607b4975be47c580,136 5 391 7 646 9 902 10 1157 12 1412 11 1668 10 1923 10 2175 14 2431 13 2686 14 2942 14 3199 14 3455 13 3712 12 3970 9 4228 6
432f367a4c5b5674de2e2977744d10289a064e5704b21af6607b4975be47c580,4749 2 5003 4 5257 7 5511 12 5767 11 6022 11 6279 10 6535 9 6792 8 7052 5
432f367a4c5b5674de2e2977744d10289a064e5704b21af6607b4975be47c580,1423 8 1678 11 1933 13 2189 13 2444 15 2700 15 2956 12 3213 11 3469 10 3726 9 3982 9 4239 6 4494 7 4751 6 5007 5 5264 4
432f367a4c5b5674de2e2977744d10289a064e5704b21af6607b4975be47c580,5524 5 5779 7 6033 9 6289 10 6544 11 6800 10 7057 9 7313 8
432f367a4c5b5674de2e2977744d10289a064e5704b21af6607b4975be47c580,2717 5 2968 11 3224 12 3479 13 3735 14 3992 12 4247 13 4504 11 4760 10 5017 7
432f367a4c5b5674de2e2977744d10289a064e5704b21af6607b4975be47c580,13951 1 14207 1 14462 5 14718 10 14973 11 15229 10 15484 11 15740 10 15997 10 16253 10 16511 7
432f367a4c5b5674de2e2977744d10289a064e5704b21af6607b4975be47c580,12165 3 12419 7 12673 11 12928 12 13184 13 13439 13 13695 13 13952 11 14208 10 14467 5
432f367a4c5b5674de2e2977744d10289a064e5704b21af6607b4975be47c580,14732 5 14984 8 15239 9 15495 10 15750 11 16007 11 16263 12 16522 8 16780 6
432f367a4c5b5674de2e2977744d10289a064e5704b21af6607b4975be47c580,14481 8 14737 9 14992 10 15248 11 15505 9 15761 9 16020 5 16276 3
432f367a4c5b5674de2e2977744d10289a064e5704b21af6607b4975be47c580,17284 6 17537 10 17793 11 18047 13 18303 14 18558 14 18814 14 19071 14 19327 14 19585 13 19843 12 20100 11 20356 13 20613 12 20870 10 21126 9 21383 6
432f367a4c5b5674de2e2977744d10289a064e5704b21af6607b4975be47c580,17041 4 17297 4 17551 7 17806 9 18061 11 18317 13 18572 14 18828 15 19085 14 19341 14 19598 12 19855 11 20111 9
432f367a4c5b5674de2e2977744d10289a064e5704b21af6607b4975be47c580,28042 5 28297 9 28552 10 28807 12 29063 12 29318 12 29575 11 29831 9 30088 5
432f367a4c5b5674de2e2977744d10289a064e5704b21af6607b4975be47c580,53645 5 53896 11 54151 12 54407 13 54662 14 54919 13 55175 12 55432 2 55437 6
432f367a4c5b5674de2e2977744d10289a064e5704b21af6607b4975be47c580,55434 3 55689 5 55945 5 56200 11 56456 12 56711 14 56968 13 57224 14 57482 12 57738 12 57995 12 58252 11 58509 10 58766 9 59023 7 59280 6 59537 3
432f367a4c5b5674de2e2977744d10289a064e5704b21af6607b4975be47c580,49808 5 50063 7 50318 8 50574 9 50829 10 51084 11 51339 12 51594 12 51850 12 52104 14 52360 13 52615 14 52872 12 53128 11 53385 4 53641 4
432f367a4c5b5674de2e2977744d10289a064e5704b21af6607b4975be47c580,9099 5 9355 7 9610 9 9866 9 10121 11 10377 11 10634 10 10890 9 11146 9 11401 11 11658 9 11914 9 12171 7 12428 5
432f367a4c5b5674de2e2977744d10289a064e5704b21af6607b4975be47c580,46990 5 47244 8 47499 11 47755 12 48010 13 48267 13 48523 12 48780 11 49037 9 49294 3
432f367a4c5b5674de2e2977744d10289a064e5704b21af6607b4975be47c580,60046 4 60300 13 60556 13 60811 15 61067 14 61323 14 61580 11 61836 10 62093 7 62350 4
432f367a4c5b5674de2e2977744d10289a064e5704b21af6607b4975be47c580,63629 7 63884 9 64140 9 64395 11 64652 9 64908 9 65166 6 65423 3
432f367a4c5b5674de2e2977744d10289a064e5704b21af6607b4975be47c580,32915 6 33169 9 33425 9 33680 11 33936 11 34192 11 34448 10 34704 10 34961 8 35217 7 35474 5
432f367a4c5b5674de2e2977744d10289a064e5704b21af6607b4975be47c580,36249 1 36500 5 36755 6 37011 6 37268 5 37526 3
432f367a4c5b5674de2e2977744d10289a064e5704b21af6607b4975be47c580,11671 6 11926 8 12181 12 12436 14 12692 14 12947 15 13204 13 13460 13 13718 10 13976 7
432f367a4c5b5674de2e2977744d10289a064e5704b21af6607b4975be47c580,7577 4 7832 7 8086 11 8341 12 8597 13 8852 14 9108 13 9365 12 9621 11 9878 8 10136 3
432f367a4c5b5674de2e2977744d10289a064e5704b21af6607b4975be47c580,26777 2 27030 5 27286 4 27541 5 27798 4 28054 4
432f367a4c5b5674de2e2977744d10289a064e5704b21af6607b4975be47c580,26779 3 27035 4 27290 6 27546 6 27802 9 28058 11 28315 11 28571 11 28826 13 29082 13 29337 14 29593 15 29850 14 30106 14 30363 13 30620 11 30877 5 30885 1 31135 2
432f367a4c5b5674de2e2977744d10289a064e5704b21af6607b4975be47c580,43932 1 44186 4 44440 8 44452 1 44696 13 44951 14 45208 13 45464 12 45721 11 45978 9 46235 7
432f367a4c5b5674de2e2977744d10289a064e5704b21af6607b4975be47c580,41376 8 41631 10 41886 11 42141 13 42397 13 42652 15 42908 14 43164 14 43420 13 43677 11 43933 9 44190 6 44448 4
432f367a4c5b5674de2e2977744d10289a064e5704b21af6607b4975be47c580,16793 8 17049 9 17304 11 17560 11 17817 11 18073 11 18330 9 18586 9 18844 6 19101 4
432f367a4c5b5674de2e2977744d10289a064e5704b21af6607b4975be47c580,63131 8 63386 10 63641 11 63897 12 64152 13 64408 14 64665 13 64921 12 65178 11 65437 8
432f367a4c5b5674de2e2977744d10289a064e5704b21af6607b4975be47c580,21658 8 21914 10 22169 11 22425 12 22681 12 22938 11 23194 11 23451 10 23708 8 23966 6 24224 3
432f367a4c5b5674de2e2977744d10289a064e5704b21af6607b4975be47c580,35226 9 35482 8 35737 9 35993 8 36250 7 36506 8 36763 7 37021 3
432f367a4c5b5674de2e2977744d10289a064e5704b21af6607b4975be47c580,34981 3 35236 6 35490 9 35746 9 36001 11 36257 11 36514 10 36770 10 37028 7 37285 6 37542 4
432f367a4c5b5674de2e2977744d10289a064e5704b21af6607b4975be47c580,54173 3 54427 6 54683 7 54940 5
432f367a4c5b5674de2e2977744d10289a064e5704b21af6607b4975be47c580,49823 4 50077 8 50332 9 50588 10 50843 11 51099 11 51354 11 51611 10 51867 9 52124 7 52381 4
432f367a4c5b5674de2e2977744d10289a064e5704b21af6607b4975be47c580,56989 5 57243 9 57499 10 57754 11 58011 11 58267 11 58524 10 58780 9 59037 8 59294 6 59551 3
432f367a4c5b5674de2e2977744d10289a064e5704b21af6607b4975be47c580,9886 5 10142 6 10397 7 10653 8 10908 9 11165 8 11421 7 11678 6 11934 5
432f367a4c5b5674de2e2977744d10289a064e5704b21af6607b4975be47c580,30882 3 31137 4 31393 4 31647 6 31903 6 32158 8 32414 8 32670 9 32926 12 33182 12 33439 11 33695 10 33952 9 34208 8 34465 6
432f367a4c5b5674de2e2977744d10289a064e5704b21af6607b4975be47c580,30377 7 30631 8 30886 9 31142 8 31397 9 31653 8 31909 8 32166 8 32422 8 32679 7
432f367a4c5b5674de2e2977744d10289a064e5704b21af6607b4975be47c580,33198 2 33454 2 33709 5 33965 10 34222 9 34478 9 34735 8 34992 5 35249 3
432f367a4c5b5674de2e2977744d10289a064e5704b21af6607b4975be47c580,30639 8 30895 10 31150 12 31406 12 31661 14 31917 14 32174 13 32430 13 32687 11 32943 11 33200 8 33456 7 33714 5
432f367a4c5b5674de2e2977744d10289a064e5704b21af6607b4975be47c580,4778 1 5030 6 5284 8 5538 13 5794 13 6049 14 6305 14 6562 12 6818 6 6827 2 7075 4 7333 2
432f367a4c5b5674de2e2977744d10289a064e5704b21af6607b4975be47c580,6824 3 7079 4 7335 7 7590 9 7846 9 8102 10 8359 9 8615 9 8870 10 9126 10 9383 10 9639 9 9896 8 10152 8 10409 6 10670 1
432f367a4c5b5674de2e2977744d10289a064e5704b21af6607b4975be47c580,1708 3 1963 5 2218 8 2473 11 2729 9 2984 10 3240 9 3496 9 3753 7 4009 7 4266 5 4523 4 4779 4 5036 3 5292 3
432f367a4c5b5674de2e2977744d10289a064e5704b21af6607b4975be47c580,2738 4 2994 5 3249 7 3505 7 3760 8 4016 8 4271 9 4527 9 4783 10 5040 9 5295 12 5551 12 5807 11 6064 10 6320 9 6577 7 6834 5
432f367a4c5b5674de2e2977744d10289a064e5704b21af6607b4975be47c580,2492 5 2746 7 3001 9 3257 9 3512 11 3768 11 4024 11 4280 7 4290 1 4536 6 4793 5 5049 4
432f367a4c5b5674de2e2977744d10289a064e5704b21af6607b4975be47c580,4287 3 4542 4 4798 7 5053 10 5309 10 5565 11 5820 12 6076 12 6333 11 6589 10 6846 9 7102 8 7359 6 7616 3
432f367a4c5b5674de2e2977744d10289a064e5704b21af6607b4975be47c580,14501 2 14755 4 15010 6 15019 2 15266 12 15521 14 15778 13 16034 13 16291 12 16548 11 16806 8 17066 1
432f367a4c5b5674de2e2977744d10289a064e5704b21af6607b4975be47c580,10666 4 10922 4 11177 6 11432 8 11688 8 11943 10 12199 10 12454 11 12711 10 12967 9 13223 9 13478 10 13734 10 13990 9 14246 9 14503 7 14759 4 15016 3
432f367a4c5b5674de2e2977744d10289a064e5704b21af6607b4975be47c580,51882 3 52136 5 52391 7 52645 9 52901 10 53156 12 53412 15 53669 13 53925 13 54182 4 54190 3 54439 2 54447 1
432f367a4c5b5674de2e2977744d10289a064e5704b21af6607b4975be47c580,54186 4 54441 6 54697 6 54951 9 55205 12 55460 14 55716 14 55971 16 56228 12 56484 11 56742 8 56999 7 57257 4
432f367a4c5b5674de2e2977744d10289a064e5704b21af6607b4975be47c580,49584 2 49838 4 50094 5 50349 6 50605 9 50860 14 51117 13 51373 16 51630 17 51886 17 52141 18 52398 16 52654 16 52911 16 53168 3 53172 11 53430 1
432f367a4c5b5674de2e2977744d10289a064e5704b21af6607b4975be47c580,55989 6 56240 3 56244 6 56495 11 56750 11 57006 11 57261 12 57518 12 57774 12 58029 13 58285 13 58540 10 58797 8 59053 7 59310 6 59567 4 59824 3
432f367a4c5b5674de2e2977744d10289a064e5704b21af6607b4975be47c580,47291 3 47545 5 47797 8 48053 8 48308 10 48565 9 48820 11 49075 12 49331 13 49586 14 49842 14 50099 12 50355 12 50614 8
432f367a4c5b5674de2e2977744d10289a064e5704b21af6607b4975be47c580,58550 7 58805 9 59060 11 59316 11 59571 13 59827 13 60083 13 60340 11 60596 9 60852 8 61108 8 61365 6 61621 6 61881 3 62139 1
432f367a4c5b5674de2e2977744d10289a064e5704b21af6607b4975be47c580,55998 1 56250 5 56506 4 56761 5 57017 5 57273 5 57530 5 57786 5
432f367a4c5b5674de2e2977744d10289a064e5704b21af6607b4975be47c580,55999 3 56255 5 56510 9 56766 9 57022 10 57278 10 57535 8 57791 8 58049 5
432f367a4c5b5674de2e2977744d10289a064e5704b21af6607b4975be47c580,60097 1 60352 1 60605 4 60860 6 61116 6 61371 8 61627 9 61884 11 62140 10 62400 5
432f367a4c5b5674de2e2977744d10289a064e5704b21af6607b4975be47c580,51393 5 51648 7 51903 8 52159 9 52414 10 52670 9 52927 8 53183 5
432f367a4c5b5674de2e2977744d10289a064e5704b21af6607b4975be47c580,47041 4 47294 8 47550 10 47805 12 48061 14 48318 13 48574 14 48832 12 49089 10 49345 10 49602 8 49859 6
432f367a4c5b5674de2e2977744d10289a064e5704b21af6607b4975be47c580,59332 4 59587 7 59842 9 60098 9 60353 11 60609 11 60866 9 61122 9 61379 7 61636 5
432f367a4c5b5674de2e2977744d10289a064e5704b21af6607b4975be47c580,44461 1 44712 6 44967 6 45222 7 45478 7 45733 9 45989 9 46244 10 46500 11 46756 11 47013 11 47269 11 47526 9 47784 6
432f367a4c5b5674de2e2977744d10289a064e5704b21af6607b4975be47c580,44462 1 44718 4 44973 11 45229 11 45485 12 45742 11 45998 10 46254 10 46511 7 46767 4
432f367a4c5b5674de2e2977744d10289a064e5704b21af6607b4975be47c580,42419 6 42673 10 42927 10 43183 10 43438 10 43694 10 43950 11 44207 9 44463 8 44722 5
432f367a4c5b5674de2e2977744d10289a064e5704b21af6607b4975be47c580,42937 8 43193 10 43448 12 43704 12 43961 12 44217 12 44474 10 44731 9 44988 7 45246 4 45503 3
432f367a4c5b5674de2e2977744d10289a064e5704b21af6607b4975be47c580,61608 6 61861 10 62117 11 62372 13 62628 11 62884 11 63140 10 63397 9 63652 10 63909 8 64165 8 64423 6 64680 5 64938 3
432f367a4c5b5674de2e2977744d10289a064e5704b21af6607b4975be47c580,62639 5 62895 7 63150 9 63406 10 63662 10 63917 12 64173 12 64429 11 64685 11 64941 11 65198 11 65454 11
432f367a4c5b5674de2e2977744d10289a064e5704b21af6607b4975be47c580,17067 4 17323 4 17578 6 17833 7 18089 8 18344 10 18600 11 18857 10 19113 12 19370 9 19627 6 19884 4
432f367a4c5b5674de2e2977744d10289a064e5704b21af6607b4975be47c580,15026 5 15281 7 15536 9 15792 10 16047 12 16303 12 16560 12 16816 10 17071 10 17327 10 17584 8 17840 8 18097 7 18354 6 18611 4 18867 4
432f367a4c5b5674de2e2977744d10289a064e5704b21af6607b4975be47c580,16826 3 17081 5 17337 5 17592 11 17848 11 18104 11 18360 11 18617 9 18873 9 19130 7 19388 5
432f367a4c5b5674de2e2977744d10289a064e5704b21af6607b4975be47c580,14271 5 14526 8 14782 8 15037 10 15293 10 15548 12 15804 12 16060 12 16317 11 16573 10 16829 10 17086 4 17342 4
432f367a4c5b5674de2e2977744d10289a064e5704b21af6607b4975be47c580,37295 5 37550 7 37806 5 38061 5 38317 4 38573 4 38830 2 39086 2 39343 1 39600 1
432f367a4c5b5674de2e2977744d10289a064e5704b21af6607b4975be47c580,37811 4 38066 7 38321 9 38577 9 38832 11 39088 11 39344 10 39601 9 39857 8 40114 6
432f367a4c5b5674de2e2977744d10289a064e5704b21af6607b4975be47c580,24496 4 24751 5 25007 6 25262 7 25519 8 25775 9 26032 6 26289 2 26545 2
432f367a4c5b5674de2e2977744d10289a064e5704b21af6607b4975be47c580,26038 4 26291 8 26547 10 26802 13 27059 11 27315 11 27571 10 27826 11 28082 12 28338 12 28594 12 28850 11 29107 8 29363 7 29620 4
432f367a4c5b5674de2e2977744d10289a064e5704b21af6607b4975be47c580,22967 5 23222 8 23478 9 23733 10 23989 11 24245 11 24500 12 24756 11 25013 10 25269 9 25527 6 25784 3
432f367a4c5b5674de2e2977744d10289a064e5704b21af6607b4975be47c580,26561 5 26816 6 27070 9 27326 9 27581 11 27837 16 28094 15 28350 14 28608 12 28865 10 29122 10 29380 8 29638 5
432f367a4c5b5674de2e2977744d10289a064e5704b21af6607b4975be47c580,24262 9 24516 13 24772 13 25027 14 25283 15 25540 14 25796 16 26053 15 26310 14 26567 13 26822 13 27079 12 27335 11 27592 4
432f367a4c5b5674de2e2977744d10289a064e5704b21af6607b4975be47c580,27857 4 28111 8 28364 10 28620 10 28875 10 29132 9 29388 8 29647 5 29904 5 30162 3
432f367a4c5b5674de2e2977744d10289a064e5704b21af6607b4975be47c580,28120 3 28374 7 28630 8 28885 9 29141 10 29396 11 29652 11 29909 9 30165 9 30422 7
432f367a4c5b5674de2e2977744d10289a064e5704b21af6607b4975be47c580,8627 12 8883 13 9138 14 9394 15 9650 15 9907 14 10163 14 10420 1 10431 1 10676 1 10687 1
432f367a4c5b5674de2e2977744d10289a064e5704b21af6607b4975be47c580,10421 10 10677 10 10932 12 11188 12 11443 13 11698 15 11954 15 12209 16 12465 16 12722 14 12978 14 13236 10
432f367a4c5b5674de2e2977744d10289a064e5704b21af6607b4975be47c580,181 8 436 9 692 9 947 10 1204 9 1460 8 1717 7 1974 5
432f367a4c5b5674de2e2977744d10289a064e5704b21af6607b4975be47c580,19894 5 20148 9 20404 9 20659 11 20915 11 21172 9 21428 9 21685 7 21942 6
432f367a4c5b5674de2e2977744d10289a064e5704b21af6607b4975be47c580,34997 7 35252 12 35508 13 35763 15 36019 14 36275 14 36532 12 36788 13 37046 11 37303 10 37561 5
432f367a4c5b5674de2e2977744d10289a064e5704b21af6607b4975be47c580,31171 7 31426 9 31681 10 31936 12 32192 12 32447 12 32703 12 32960 1 32968 2 33216 1
432f367a4c5b5674de2e2977744d10289a064e5704b21af6607b4975be47c580,32961 7 33217 8 33472 9 33728 7 33983 7 34239 6 34496 4 34752 4 35009 2
432f367a4c5b5674de2e2977744d10289a064e5704b21af6607b4975be47c580,38609 1 38864 4 39120 5 39373 8 39619 17 39872 20 40127 20 40382 22 40638 22 40893 21 41149 19 41406 17 41662 17 41919 12 41934 1 42176 10 42435 3 42441 1
432f367a4c5b5674de2e2977744d10289a064e5704b21af6607b4975be47c580,33735 4 33990 6 34245 7 34500 9 34756 9 35011 10 35267 11 35524 9 35780 9 36033 13 36289 14 36544 16 36801 15 37057 16 37315 13 37572 12 37830 10 38087 9 38343 9 38599 10 38856 8 39112 8 39369 4
432f367a4c5b5674de2e2977744d10289a064e5704b21af6607b4975be47c580,41931 3 42186 4 42442 5 42697 6 42953 5 43209 5 43466 4 43722 4 43979 4 44236 3
432f367a4c5b5674de2e2977744d10289a064e5704b21af6607b4975be47c580,42447 5 42703 5 42958 7 43214 7 43470 7 43726 6 43983 5 44239 3
432f367a4c5b5674de2e2977744d10289a064e5704b21af6607b4975be47c580,39383 3 39636 7 39892 7 40147 9 40404 7 40660 7 40917 5
432f367a4c5b5674de2e2977744d10289a064e5704b21af6607b4975be47c580,53431 3 53944 1 54198 5 54453 6 54709 6 54965 6 55222 5
432f367a4c5b5674de2e2977744d10289a064e5704b21af6607b4975be47c580,62912 4 63168 4 63423 6 63679 6 63935 5 64189 7 64444 8 64699 10 64954 11 65210 12 65465 12
432f367a4c5b5674de2e2977744d10289a064e5704b21af6607b4975be47c580,193 11 449 12 706 11 962 11 1219 11 1475 11 1732 9 1989 8 2246 5
432f367a4c5b5674de2e2977744d10289a064e5704b21af6607b4975be47c580,19399 3 19653 7 19909 7 20164 9 20419 10 20675 10 20930 11 21186 10 21441 11 21698 9 21954 9 22211 8 22467 7 22724 6 22981 4
432f367a4c5b5674de2e2977744d10289a064e5704b21af6607b4975be47c580,3530 4 3785 6 4040 7 4297 6 4553 5 4811 1
432f367a4c5b5674de2e2977744d10289a064e5704b21af6607b4975be47c580,45511 8 45767 11 46022 12 46279 12 46535 11 46792 10 47048 9 47306 6
432f367a4c5b5674de2e2977744d10289a064e5704b21af6607b4975be47c580,62153 2 62408 3 62663 3 62919 3 63174 5 63430 5 63687 5 63943 7
432f367a4c5b5674de2e2977744d10289a064e5704b21af6607b4975be47c580,61900 3 62155 6 62411 7 62666 8 62922 9 63179 7 63435 7 63692 5
432f367a4c5b5674de2e2977744d10289a064e5704b21af6607b4975be47c580,17099 1 17353 6 17609 6 17865 6 18121 5 18378 3
432f367a4c5b5674de2e2977744d10289a064e5704b21af6607b4975be47c580,10442 3 10698 3 10953 3 11210 3 11466 3
432f367a4c5b5674de2e2977744d10289a064e5704b21af6607b4975be47c580,10191 5 10445 7 10701 8 10956 9 11213 8 11469 7 11726 6
432f367a4c5b5674de2e2977744d10289a064e5704b21af6607b4975be47c580,64975 3 65229 6 65484 7
432f367a4c5b5674de2e2977744d10289a064e5704b21af6607b4975be47c580,51408 4 51662 8 51917 9 52173 10 52428 11 52684 11 52940 11 53197 9 53453 9 53710 6
432f367a4c5b5674de2e2977744d10289a064e5704b21af6607b4975be47c580,55757 8 56013 9 56268 10 56524 11 56780 11 57036 11 57293 9 57549 9 57806 7 58065 3
432f367a4c5b5674de2e2977744d10289a064e5704b21af6607b4975be47c580,5328 6 5583 8 5839 8 6094 10 6350 10 6606 10 6863 9 7119 9 7376 7 7632 7 7889 5
432f367a4c5b5674de2e2977744d10289a064e5704b21af6607b4975be47c580,14033 5 14288 7 14543 8 14799 9 15054 10 15310 10 15566 10 15822 10 16079 8 16335 8 16593 5
432f367a4c5b5674de2e2977744d10289a064e5704b21af6607b4975be47c580,21205 4 21458 9 21713 11 21968 13 22223 14 22479 15 22734 16 22990 17 23246 17 23503 16 23759 16 24016 15 24273 14 24530 14 24785 16 25041 16 25298 16 25554 16 25814 11 26070 11 26327 9 26584 5
432f367a4c5b5674de2e2977744d10289a064e5704b21af6607b4975be47c580,54230 5 54485 10 54740 11 54997 10 55255 3
432f367a4c5b5674de2e2977744d10289a064e5704b21af6607b4975be47c580,42461 8 42715 12 42970 13 43226 14 43481 15 43737 15 43992 16 44248 15 44505 14 44761 12 45019 9 45276 5
432f367a4c5b5674de2e2977744d10289a064e5704b21af6607b4975be47c580,64220 7 64474 10 64729 13 64985 14 65240 15 65496 16
432f367a4c5b5674de2e2977744d10289a064e5704b21af6607b4975be47c580,34012 4 34267 6 34523 7 34778 8 35034 9 35290 9 35547 8 35803 7 36060 6 36317 4
432f367a4c5b5674de2e2977744d10289a064e5704b21af6607b4975be47c580,224 11 480 12 736 12 993 10 1248 11 1502 13 1757 15 2013 15 2268 16 2524 15 2781 14 3037 13 3294 11 3552 7
432f367a4c5b5674de2e2977744d10289a064e5704b21af6607b4975be47c580,13795 4 14049 8 14302 12 14558 12 14813 14 15069 14 15325 13 15581 13 15836 13 16092 12 16349 10 16605 8 16862 4
432f367a4c5b5674de2e2977744d10289a064e5704b21af6607b4975be47c580,18399 9 18654 10 18909 12 19165 12 19420 13 19677 12 19933 11 20190 10 20447 3 20456 1 20712 1
432f367a4c5b5674de2e2977744d10289a064e5704b21af6607b4975be47c580,20450 6 20705 7 20961 8 21216 8 21471 9 21726 10 21982 10 22237 11 22494 10 22750 10 23008 8 23265 6 23523 4
432f367a4c5b5674de2e2977744d10289a064e5704b21af6607b4975be47c580,4830 4 5086 6 5341 9 5597 11 5853 12 6109 13 6365 13 6621 14 6877 14 7134 12 7390 12 7647 10 7906 6 8164 3
432f367a4c5b5674de2e2977744d10289a064e5704b21af6607b4975be47c580,47585 9 47840 11 48095 13 48351 13 48606 15 48862 15 49117 17 49373 17 49629 16 49886 15 50142 14 50399 13 50655 12 50913 8 51170 6
432f367a4c5b5674de2e2977744d10289a064e5704b21af6607b4975be47c580,58338 7 58592 10 58847 12 59102 14 59358 15 59613 16 59869 17 60125 17 60382 16 60638 15 60894 15 61151 13 61407 13 61664 10 61922 7
432f367a4c5b5674de2e2977744d10289a064e5704b21af6607b4975be47c580,9444 4 9698 6 9953 7 10208 7 10463 8 10719 8 10974 9 11231 8 11487 8 11744 7 12001 7 12258 6 12516 3
432f367a4c5b5674de2e2977744d10289a064e5704b21af6607b4975be47c580,9450 11 9704 15 9960 19 10215 22 10471 22 10727 23 10983 22 11239 22 11495 21 11751 21 12008 19 12264 14 12523 6
432f367a4c5b5674de2e2977744d10289a064e5704b21af6607b4975be47c580,52450 6 52705 7 52960 8 53216 8 53472 8 53729 6 53986 4
432f367a4c5b5674de2e2977744d10289a064e5704b21af6607b4975be47c580,25573 1 26085 2 26340 3 26595 3 26850 4 27106 3 27362 3 27619 2 27876 3 28132 4 28390 2
432f367a4c5b5674de2e2977744d10289a064e5704b21af6607b4975be47c580,45038 6 45294 8 45549 11 45806 11 46061 13 46317 11 46572 11 46828 10 47085 9 47341 8 47598 7 47855 6 48113 4
432f367a4c5b5674de2e2977744d10289a064e5704b21af6607b4975be47c580,46328 8 46583 10 46838 11 47094 11 47349 12 47605 12 47861 12 48118 11 48374 11 48631 10 48887 9 49145 4
432f367a4c5b5674de2e2977744d10289a064e5704b21af6607b4975be47c580,61424 6 61679 7 61934 8 62189 10 62445 10 62700 12 62957 12 63213 14 63470 12 63726 11 63981 10 64237 8 64493 7 64749 7 65006 5 65262 5 65519 3
432f367a4c5b5674de2e2977744d10289a064e5704b21af6607b4975be47c580,60409 7 60664 9 60919 10 61175 10 61430 11 61686 11 61942 11 62199 10 62455 10 62712 9 62969 8 63229 3
432f367a4c5b5674de2e2977744d10289a064e5704b21af6607b4975be47c580,1780 5 2035 8 2291 9 2546 10 2802 11 3059 10 3315 9 3572 8 3829 6 4086 4
432f367a4c5b5674de2e2977744d10289a064e5704b21af6607b4975be47c580,50678 3 50932 7 51187 8 51443 9 51698 10 51955 9 52211 8 52468 7 52724 6 52982 3
432f367a4c5b5674de2e2977744d10289a064e5704b21af6607b4975be47c580,56565 5 56820 7 57075 8 57331 9 57586 10 57842 10 58099 8 58355 8 58612 6
43a71aeb641faa18742cb826772a8566c6c947d7050f9ab15459de6cc2b3b6af,54049 1 54304 4 54559 6 54814 7 55070 2 55073 4 55327 6 55583 6 55841 3
43a71aeb641faa18742cb826772a8566c6c947d7050f9ab15459de6cc2b3b6af,18722 2 18975 7 19233 5 19493 1
43a71aeb641faa18742cb826772a8566c6c947d7050f9ab15459de6cc2b3b6af,63008 3 63263 5 63519 6 63774 7 64030 8 64285 9 64542 7 64798 7 65055 6 65311 5
43a71aeb641faa18742cb826772a8566c6c947d7050f9ab15459de6cc2b3b6af,46113 1 46369 2 46625 3 46881 3 47137 3 47393 3 47649 2 48161 1
43a71aeb641faa18742cb826772a8566c6c947d7050f9ab15459de6cc2b3b6af,25378 3 25634 4 25889 6 26145 7 26401 8 26657 8 26912 10 27168 9 27424 9 27680 8 27937 6 28193 4
43a71aeb641faa18742cb826772a8566c6c947d7050f9ab15459de6cc2b3b6af,15143 4 15398 6 15653 8 15908 9 16164 10 16419 10 16675 10 16930 11 17186 11 17443 9 17699 9 17957 6
43a71aeb641faa18742cb826772a8566c6c947d7050f9ab15459de6cc2b3b6af,56615 2 56870 4 57125 6 57381 6 57638 5 57896 3
43a71aeb641faa18742cb826772a8566c6c947d7050f9ab15459de6cc2b3b6af,41259 4 41514 5 41770 6 42025 4 42282 2 42538 2
43a71aeb641faa18742cb826772a8566c6c947d7050f9ab15459de6cc2b3b6af,45621 1 45866 3 45877 1 46121 13 46376 14 46631 15 46887 15 47142 16 47398 16 47654 15 47910 15 48166 14 48422 14 48678 15 48933 17 49190 16 49446 17 49703 16 49960 14 50218 12 50477 8 50735 4
43a71aeb641faa18742cb826772a8566c6c947d7050f9ab15459de6cc2b3b6af,42029 3 42284 4 42289 3 42540 10 42795 12 43051 12 43306 14 43562 14 43817 15 44073 15 44329 14 44586 13 44842 12 45099 11 45356 10 45612 9 45869 8
43a71aeb641faa18742cb826772a8566c6c947d7050f9ab15459de6cc2b3b6af,21800 9 22056 10 22311 11 22567 13 22824 12 23080 13 23337 11 23594 10 23850 8 24107 5
43a71aeb641faa18742cb826772a8566c6c947d7050f9ab15459de6cc2b3b6af,10546 5 10799 9 11053 11 11308 13 11563 14 11819 13 12074 14 12330 13 12587 11 12843 10 13100 8 13358 4
43a71aeb641faa18742cb826772a8566c6c947d7050f9ab15459de6cc2b3b6af,28717 8 28972 11 29228 12 29483 14 29739 14 29996 14 30252 14 30509 13 30766 11 31023 10 31280 9 31537 7 31794 6
43a71aeb641faa18742cb826772a8566c6c947d7050f9ab15459de6cc2b3b6af,25653 4 25908 6 26163 7 26418 9 26674 8 26929 9 27185 8 27442 7 27698 6 27955 4
43a71aeb641faa18742cb826772a8566c6c947d7050f9ab15459de6cc2b3b6af,17729 5 17974 17 18230 18 18485 19 18741 20 18998 19 19253 21 19509 21 19765 21 20021 20 20278 19 20534 18 20792 15 21048 13 21305 11 21563 7 21820 3
43a71aeb641faa18742cb826772a8566c6c947d7050f9ab15459de6cc2b3b6af,47415 4 47671 6 47926 8 48182 9 48438 9 48695 9 48951 9 49208 7 49464 7 49721 5
43a71aeb641faa18742cb826772a8566c6c947d7050f9ab15459de6cc2b3b6af,15678 1 15933 4 15938 1 16188 5 16443 7 16699 6 16955 6 17212 4 17473 1 17726 3
43a71aeb641faa18742cb826772a8566c6c947d7050f9ab15459de6cc2b3b6af,54333 6 54588 7 54843 7 55098 8 55354 8 55609 9 55865 9 56122 9 56378 9 56635 6 56892 3
43a71aeb641faa18742cb826772a8566c6c947d7050f9ab15459de6cc2b3b6af,54086 4 54339 9 54595 9 54850 11 55106 11 55362 11 55618 11 55874 10 56131 9 56387 8 56646 4
43a71aeb641faa18742cb826772a8566c6c947d7050f9ab15459de6cc2b3b6af,60732 6 60740 2 60987 10 61242 12 61498 12 61753 14 62009 15 62265 17 62521 16 62777 17 63034 16 63290 17 63547 16 63804 15 64064 12 64322 10 64578 10 64835 8 65091 8 65347 9
43a71aeb641faa18742cb826772a8566c6c947d7050f9ab15459de6cc2b3b6af,59977 7 60231 9 60486 11 60742 10 60997 11 61254 9 61510 9 61767 7 62024 5
43a71aeb641faa18742cb826772a8566c6c947d7050f9ab15459de6cc2b3b6af,38213 2 38466 8 38720 11 38975 12 39231 12 39486 13 39742 12 39999 11 40255 9 40512 5
43a71aeb641faa18742cb826772a8566c6c947d7050f9ab15459de6cc2b3b6af,48452 6 48707 10 48962 12 49218 13 49473 14 49728 16 49984 16 50239 17 50496 15 50752 15 51009 13 51266 11 51526 4
43a71aeb641faa18742cb826772a8566c6c947d7050f9ab15459de6cc2b3b6af,5955 6 6211 8 6466 10 6722 10 6978 11 7235 9 7491 9 7748 7 8005 5
43a71aeb641faa18742cb826772a8566c6c947d7050f9ab15459de6cc2b3b6af,13893 4 14147 9 14403 10 14658 11 14914 10 15170 10 15426 9 15682 10 15939 9 16195 8 16452 6 16709 3
43a71aeb641faa18742cb826772a8566c6c947d7050f9ab15459de6cc2b3b6af,16971 2 17226 4 17482 4 17737 9 17994 7 18250 7 18507 5 18763 4
43a71aeb641faa18742cb826772a8566c6c947d7050f9ab15459de6cc2b3b6af,14415 5 14671 5 14924 9 15180 9 15435 10 15692 10 15948 10 16205 10 16461 9 16717 9 16973 7 17230 4 17486 3
43a71aeb641faa18742cb826772a8566c6c947d7050f9ab15459de6cc2b3b6af,34377 3 34631 7 34886 9 35142 10 35397 11 35653 12 35908 13 36165 12 36421 12 36677 11 36933 11 37189 10 37446 8 37702 7 37959 6 38215 4
43a71aeb641faa18742cb826772a8566c6c947d7050f9ab15459de6cc2b3b6af,22855 5 23110 7 23366 8 23621 10 23877 10 24133 9 24389 9 24646 7 24902 7 25159 7 25416 5
43a71aeb641faa18742cb826772a8566c6c947d7050f9ab15459de6cc2b3b6af,24142 10 24398 9 24653 10 24909 11 25166 10 25422 11 25680 9
43a71aeb641faa18742cb826772a8566c6c947d7050f9ab15459de6cc2b3b6af,23130 3 23385 6 23641 6 23896 8 24152 8 24407 9 24663 8 24920 7 25176 6 25433 5 25689 3
43a71aeb641faa18742cb826772a8566c6c947d7050f9ab15459de6cc2b3b6af,45130 8 45383 12 45638 14 45894 15 46149 17 46405 17 46662 17 46918 17 47175 16 47432 15 47690 13 47948 10 48205 9 48463 6 48720 3
43a71aeb641faa18742cb826772a8566c6c947d7050f9ab15459de6cc2b3b6af,11593 3 11848 4 12104 6 12359 11 12615 10 12872 9 13128 8 13384 7 13641 5 13897 4
43a71aeb641faa18742cb826772a8566c6c947d7050f9ab15459de6cc2b3b6af,8526 7 8780 12 9034 15 9290 15 9545 17 9801 17 10058 16 10314 15 10571 14 10828 12 11084 12 11339 12 11596 7 11852 7 12110 4
43a71aeb641faa18742cb826772a8566c6c947d7050f9ab15459de6cc2b3b6af,1106 4 1361 6 1616 7 1871 9 2126 10 2381 11 2636 12 2891 13 3146 14 3401 15 3657 15 3912 16 4168 15 4424 15 4681 15 4937 15 5194 15 5451 14 5708 13 5965 12 6222 10 6479 9 6736 7 6994 3
43a71aeb641faa18742cb826772a8566c6c947d7050f9ab15459de6cc2b3b6af,20557 5 20812 6 21067 8 21323 8 21578 10 21835 8 22091 8 22348 6 22605 4
43a71aeb641faa18742cb826772a8566c6c947d7050f9ab15459de6cc2b3b6af,54865 7 55119 7 55374 8 55629 8 55885 8 56140 9 56396 9 56651 9 56907 9 57162 10 57418 10 57675 8 57931 8 58190 3
43a71aeb641faa18742cb826772a8566c6c947d7050f9ab15459de6cc2b3b6af,55126 8 55382 10 55637 11 55893 12 56149 12 56405 12 56660 13 56916 13 57172 13 57428 12 57683 13 57939 12 58196 10 58452 8 58707 8 58964 6 59220 6 59477 4
43a71aeb641faa18742cb826772a8566c6c947d7050f9ab15459de6cc2b3b6af,26961 9 27217 11 27472 14 27728 15 27984 16 28240 17 28497 16 28753 17 29010 16 29266 16 29523 14 29780 13 30038 10 30295 8 30554 3
43a71aeb641faa18742cb826772a8566c6c947d7050f9ab15459de6cc2b3b6af,36184 5 36439 7 36694 9 36950 9 37205 11 37461 11 37718 9 37974 9 38231 7
43a71aeb641faa18742cb826772a8566c6c947d7050f9ab15459de6cc2b3b6af,11615 3 11869 6 12121 11 12377 11 12632 13 12889 12 13145 12 13401 12 13658 11 13914 11 14171 9 14427 9 14684 7
43a71aeb641faa18742cb826772a8566c6c947d7050f9ab15459de6cc2b3b6af,20574 5 20828 8 21084 9 21339 8 21595 7 21851 7 22108 5 22364 5 22622 4
43a71aeb641faa18742cb826772a8566c6c947d7050f9ab15459de6cc2b3b6af,20839 2 21094 4 21347 7 21602 11 21858 12 22113 16 22369 16 22626 15 22882 14 23139 13 23396 11 23654 6
43a71aeb641faa18742cb826772a8566c6c947d7050f9ab15459de6cc2b3b6af,18545 5 18799 8 19054 10 19309 12 19564 13 19819 15 20074 16 20330 14 20585 15 20841 14 21098 13 21354 13 21613 10 21870 4 21876 4
43a71aeb641faa18742cb826772a8566c6c947d7050f9ab15459de6cc2b3b6af,19837 3 20092 5 20344 10 20600 11 20855 12 21111 12 21367 11 21623 12 21880 11 22136 2
43a71aeb641faa18742cb826772a8566c6c947d7050f9ab15459de6cc2b3b6af,22138 10 22393 12 22649 12 22904 15 23160 15 23416 16 23673 15 23929 14 24186 13 24442 12 24699 5
43a71aeb641faa18742cb826772a8566c6c947d7050f9ab15459de6cc2b3b6af,18570 4 18820 4 18825 7 19076 12 19331 14 19587 15 19843 16 20100 15 20356 16 20612 16 20867 17 21123 17 21378 18 21635 16 21891 16 22148 14 22407 9
43a71aeb641faa18742cb826772a8566c6c947d7050f9ab15459de6cc2b3b6af,34404 1 34658 4 34668 1 34912 14 35168 14 35423 16 35679 16 35936 14 36192 14 36449 12 36705 8 36962 4
43a71aeb641faa18742cb826772a8566c6c947d7050f9ab15459de6cc2b3b6af,32104 7 32357 11 32612 12 32868 13 33123 14 33379 13 33636 12 33892 11 34149 8 34405 7 34662 6
43a71aeb641faa18742cb826772a8566c6c947d7050f9ab15459de6cc2b3b6af,38244 7 38500 10 38755 11 39011 12 39268 11 39524 10 39781 10 40038 8 40295 7 40553 4
43a71aeb641faa18742cb826772a8566c6c947d7050f9ab15459de6cc2b3b6af,51816 2 52071 4 52326 2 52329 2 52582 2 52585 2 52839 4 53095 3
43a71aeb641faa18742cb826772a8566c6c947d7050f9ab15459de6cc2b3b6af,27498 3 27752 7 28007 9 28262 10 28518 11 28773 13 29029 13 29285 14 29541 14 29798 13 30054 14 30310 14 30567 13 30823 12 31080 11 31337 9 31598 4
43a71aeb641faa18742cb826772a8566c6c947d7050f9ab15459de6cc2b3b6af,46951 10 47206 12 47462 13 47717 14 47973 15 48229 15 48485 15 48742 14 48998 13 49256 11 49513 9 49771 5
43a71aeb641faa18742cb826772a8566c6c947d7050f9ab15459de6cc2b3b6af,54635 4 54890 6 55145 7 55400 9 55655 10 55911 10 56166 10 56423 9 56679 8 56936 6 57193 3
43a71aeb641faa18742cb826772a8566c6c947d7050f9ab15459de6cc2b3b6af,7021 7 7275 9 7530 9 7786 9 8041 10 8297 11 8554 10 8810 12 9067 8
43a71aeb641faa18742cb826772a8566c6c947d7050f9ab15459de6cc2b3b6af,6264 4 6519 6 6774 8 7028 11 7284 12 7539 13 7795 14 8051 13 8308 12 8564 11 8827 4
43a71aeb641faa18742cb826772a8566c6c947d7050f9ab15459de6cc2b3b6af,38769 3 39025 5 39280 6 39536 5 39791 6 40048 5 40304 6 40562 4 40819 5
43a71aeb641faa18742cb826772a8566c6c947d7050f9ab15459de6cc2b3b6af,39030 5 39286 5 39541 7 39797 7 40053 7 40310 4 40566 4
43a71aeb641faa18742cb826772a8566c6c947d7050f9ab15459de6cc2b3b6af,119 9 375 10 632 8 889 5
43a71aeb641faa18742cb826772a8566c6c947d7050f9ab15459de6cc2b3b6af,11132 5 11387 7 11642 9 11898 10 12153 11 12409 12 12665 12 12921 11 13178 10 13434 8
43a71aeb641faa18742cb826772a8566c6c947d7050f9ab15459de6cc2b3b6af,38783 6 39038 9 39294 8 39549 9 39805 9 40061 9 40314 13 40570 13 40825 15 41081 14 41338 12 41594 11 41851 9 42108 7 42366 3
43a71aeb641faa18742cb826772a8566c6c947d7050f9ab15459de6cc2b3b6af,38030 6 38281 12 38536 13 38791 15 39047 15 39302 16 39558 16 39814 16 40070 15 40327 12 40583 12 40844 6 41103 4
43a71aeb641faa18742cb826772a8566c6c947d7050f9ab15459de6cc2b3b6af,32388 5 32642 7 32897 9 33152 9 33407 10 33662 10 33918 10 34173 10 34429 9 34684 9 34941 7 35197 5
43a71aeb641faa18742cb826772a8566c6c947d7050f9ab15459de6cc2b3b6af,26756 2 27011 5 27266 7 27522 7 27779 6 28035 5 28293 1
43a71aeb641faa18742cb826772a8566c6c947d7050f9ab15459de6cc2b3b6af,57737 4 57990 10 58245 12 58500 14 58755 15 59010 17 59266 17 59521 18 59777 17 60034 16 60290 15 60547 14 60804 12 61062 8
43a71aeb641faa18742cb826772a8566c6c947d7050f9ab15459de6cc2b3b6af,7047 4 7300 10 7556 8 7811 8 8068 6 8324 6 8581 4 8838 3 9096 2
43a71aeb641faa18742cb826772a8566c6c947d7050f9ab15459de6cc2b3b6af,7564 4 7819 5 8074 5 8330 5 8585 6 8841 6 9098 6 9354 6
43a71aeb641faa18742cb826772a8566c6c947d7050f9ab15459de6cc2b3b6af,7568 4 7824 7 8079 8 8335 9 8591 9 8847 8 9104 7 9360 6
43a71aeb641faa18742cb826772a8566c6c947d7050f9ab15459de6cc2b3b6af,49541 4 49797 5 50052 7 50308 8 50564 10 50819 13 51075 15 51332 14 51588 15 51845 14 52101 14 52358 12 52615 11 52873 8 53130 6 53387 4
43a71aeb641faa18742cb826772a8566c6c947d7050f9ab15459de6cc2b3b6af,9613 3 9868 4 10122 9 10378 11 10633 13 10890 13 11146 13 11403 13 11660 12 11918 10 12176 7 12433 6 12691 3
43a71aeb641faa18742cb826772a8566c6c947d7050f9ab15459de6cc2b3b6af,27788 3 28043 5 28299 2 28302 2 28556 4 28812 2
43a71aeb641faa18742cb826772a8566c6c947d7050f9ab15459de6cc2b3b6af,53648 2 53902 3 54157 4 54412 5 54667 6 54922 8 55178 8 55433 10 55689 10 55945 11 56202 10 56458 12 56715 10 56973 6
43a71aeb641faa18742cb826772a8566c6c947d7050f9ab15459de6cc2b3b6af,53139 5 53394 8 53650 9 53905 10 54161 11 54417 11 54673 11 54930 10 55186 9 55443 8 55699 7 55956 5 56212 4
43a71aeb641faa18742cb826772a8566c6c947d7050f9ab15459de6cc2b3b6af,23437 6 23692 8 23947 9 24203 10 24458 11 24714 12 24970 11 25227 10 25483 9 25740 7 25998 3
43a71aeb641faa18742cb826772a8566c6c947d7050f9ab15459de6cc2b3b6af,40086 3 40339 6 40595 5 40850 6 41107 5 41363 5 41620 5 41876 5
43a71aeb641faa18742cb826772a8566c6c947d7050f9ab15459de6cc2b3b6af,39835 3 40089 8 40345 15 40600 18 40856 19 41112 19 41368 20 41625 18 41881 18 42140 14 42397 8 42654 4 42911 3 43167 2
43a71aeb641faa18742cb826772a8566c6c947d7050f9ab15459de6cc2b3b6af,42405 4 42658 8 42914 9 43169 12 43426 11 43682 12 43938 12 44194 13 44451 12 44707 12 44964 11 45220 10 45477 9 45734 7 45991 5
43a71aeb641faa18742cb826772a8566c6c947d7050f9ab15459de6cc2b3b6af,45721 5 45975 8 46231 8 46486 10 46742 9 46997 10 47253 16 47509 17 47765 17 48020 19 48276 18 48532 18 48789 16 49045 16 49302 14 49559 13 49815 12 50072 11 50329 9 50586 7 50843 5
43a71aeb641faa18742cb826772a8566c6c947d7050f9ab15459de6cc2b3b6af,63383 5 63638 6 63893 6 64149 6 64404 7 64660 7 64917 6 65173 6 65430 5
43a71aeb641faa18742cb826772a8566c6c947d7050f9ab15459de6cc2b3b6af,63388 7 63644 10 63899 11 64155 12 64411 12 64667 12 64923 11 65179 11 65435 10
43a71aeb641faa18742cb826772a8566c6c947d7050f9ab15459de6cc2b3b6af,30371 7 30623 12 30877 14 31130 18 31385 18 31640 19 31896 18 32151 18 32408 16 32664 17 32921 17 33178 17 33434 17 33689 19 33945 19 34202 17 34458 17 34715 15 34972 8 34982 3 35229 5
43a71aeb641faa18742cb826772a8566c6c947d7050f9ab15459de6cc2b3b6af,17820 11 18075 11 18331 11 18586 13 18843 12 19099 13 19358 8
43a71aeb641faa18742cb826772a8566c6c947d7050f9ab15459de6cc2b3b6af,13747 5 14000 9 14252 13 14507 15 14761 16 15017 16 15272 16 15529 15 15785 15 16042 15 16299 14 16554 15 16809 15 17064 16 17320 15 17575 15 17831 9 18086 9 18342 9 18599 6 18855 4
43a71aeb641faa18742cb826772a8566c6c947d7050f9ab15459de6cc2b3b6af,17840 5 18095 6 18351 7 18606 9 18862 9 19117 11 19373 10 19630 9 19886 8 20143 6 20400 4
43a71aeb641faa18742cb826772a8566c6c947d7050f9ab15459de6cc2b3b6af,26269 4 26524 6 26780 6 27036 6 27293 3
43a71aeb641faa18742cb826772a8566c6c947d7050f9ab15459de6cc2b3b6af,6559 6 6814 9 7069 12 7325 15 7580 13 7836 13 8093 11 8349 12 8607 10
43a71aeb641faa18742cb826772a8566c6c947d7050f9ab15459de6cc2b3b6af,7593 6 7849 6 8104 8 8361 6 8617 6 8874 4
43a71aeb641faa18742cb826772a8566c6c947d7050f9ab15459de6cc2b3b6af,50604 7 50858 11 51111 14 51366 16 51621 17 51877 16 52132 17 52388 16 52645 14 52901 13 53158 10 53417 5
43a71aeb641faa18742cb826772a8566c6c947d7050f9ab15459de6cc2b3b6af,26035 4 26289 5 26544 6 26798 8 27053 9 27308 11 27564 11 27819 12 28074 13 28330 14 28585 15 28842 15 29098 12 29356 7
43a71aeb641faa18742cb826772a8566c6c947d7050f9ab15459de6cc2b3b6af,25017 6 25272 7 25528 7 25783 9 26039 9 26294 11 26550 14 26806 13 27062 12 27319 10 27575 9 27831 9 28087 8 28344 5 28600 4
43a71aeb641faa18742cb826772a8566c6c947d7050f9ab15459de6cc2b3b6af,22721 6 22976 8 23232 9 23487 10 23743 11 23999 11 24255 12 24511 12 24768 11 25024 11 25279 11 25535 11 25792 9 26048 9 26305 3 26309 3 26565 3
43a71aeb641faa18742cb826772a8566c6c947d7050f9ab15459de6cc2b3b6af,179 11 433 14 688 15 944 14 1199 16 1455 15 1712 14 1968 13 2225 11 2482 9 2739 6
43a71aeb641faa18742cb826772a8566c6c947d7050f9ab15459de6cc2b3b6af,54711 1 54965 3 55219 4 55475 4 55730 6 55987 5 56243 6 56500 7
43a71aeb641faa18742cb826772a8566c6c947d7050f9ab15459de6cc2b3b6af,54459 6 54712 10 54968 10 55223 12 55479 11 55736 10 55992 9 56249 6
43a71aeb641faa18742cb826772a8566c6c947d7050f9ab15459de6cc2b3b6af,7612 4 7866 7 8121 9 8376 11 8632 12 8887 14 9143 14 9398 16 9655 15 9911 16 10168 15 10424 15 10681 13 10938 12 11196 9 11455 5
43a71aeb641faa18742cb826772a8566c6c947d7050f9ab15459de6cc2b3b6af,31431 3 31685 6 31939 9 32194 10 32449 12 32705 12 32960 12 33216 12 33472 11 33727 11 33982 12 34237 13 34492 14 34748 14 35003 14 35260 13 35516 12 35773 10 36030 7 36288 3
43a71aeb641faa18742cb826772a8566c6c947d7050f9ab15459de6cc2b3b6af,194 17 449 19 705 11 719 5 961 11 975 4 1217 10 1232 3 1474 8 1483 1 1487 3 1730 7 1743 1 1987 5 2244 3
43a71aeb641faa18742cb826772a8566c6c947d7050f9ab15459de6cc2b3b6af,716 3 972 3 1227 5 1484 3 1740 3
43a71aeb641faa18742cb826772a8566c6c947d7050f9ab15459de6cc2b3b6af,46026 7 46281 9 46536 10 46791 12 47046 13 47302 12 47557 13 47814 11 48070 10 48327 7
43a71aeb641faa18742cb826772a8566c6c947d7050f9ab15459de6cc2b3b6af,56013 3 56268 5 56523 7 56778 8 57033 10 57289 10 57544 10 57801 9 58057 9 58314 8 58570 7 58827 6 59084 4
43a71aeb641faa18742cb826772a8566c6c947d7050f9ab15459de6cc2b3b6af,29397 4 29647 11 29902 13 30158 11 30413 12 30669 11 30925 11 31181 10 31438 8 31694 8 31951 6 32207 6
43a71aeb641faa18742cb826772a8566c6c947d7050f9ab15459de6cc2b3b6af,30169 5 30425 5 30680 7 30936 7 31191 8 31446 10 31702 10 31957 12 32213 12 32469 12 32726 10 32982 10 33239 8 33496 6 33753 4
43a71aeb641faa18742cb826772a8566c6c947d7050f9ab15459de6cc2b3b6af,18902 9 19156 11 19411 13 19666 13 19921 14 20176 14 20432 14 20687 14 20943 13 21200 5 21209 2 21456 3 21713 1
43a71aeb641faa18742cb826772a8566c6c947d7050f9ab15459de6cc2b3b6af,21205 4 21459 7 21714 8 21970 9 22225 10 22481 11 22737 11 22993 11 23249 11 23505 11 23762 9 24018 9 24274 9 24530 8 24786 8 25042 7 25299 6 25555 5 25812 4
43a71aeb641faa18742cb826772a8566c6c947d7050f9ab15459de6cc2b3b6af,3540 4 3794 5 4050 5 4305 7 4562 6 4818 7 5075 6 5332 5
43a71aeb641faa18742cb826772a8566c6c947d7050f9ab15459de6cc2b3b6af,3288 3 3295 1 3544 4 3551 1 3799 9 4055 9 4312 8 4568 7 4825 6 5081 3
43a71aeb641faa18742cb826772a8566c6c947d7050f9ab15459de6cc2b3b6af,219 4 474 6 729 7 985 8 1240 8 1496 9 1752 9 2008 9 2265 8 2521 7 2778 6 3035 5 3291 4 3548 3
43a71aeb641faa18742cb826772a8566c6c947d7050f9ab15459de6cc2b3b6af,9428 6 9683 9 9939 10 10194 13 10450 14 10706 14 10963 14 11219 14 11476 13 11733 12 11989 12 12246 11 12503 10 12759 10 13016 9 13273 8 13530 6 13788 4
43a71aeb641faa18742cb826772a8566c6c947d7050f9ab15459de6cc2b3b6af,48859 5 49113 7 49368 9 49623 10 49879 10 50134 11 50390 11 50645 12 50901 12 51157 12 51414 11 51670 10 51927 9 52183 5 52440 3
44afae184c89e6ba55985b4d341acc1ae1e8b6ef96312064e0e6e630e022b078,1306 3 1562 3 1817 5 2073 1 2077 1 2329 1 2333 1
44afae184c89e6ba55985b4d341acc1ae1e8b6ef96312064e0e6e630e022b078,2074 3 2330 3 2585 5 2841 5 3097 5 3352 7 3608 7 3864 7 4120 6 4377 5 4633 4
44afae184c89e6ba55985b4d341acc1ae1e8b6ef96312064e0e6e630e022b078,38939 1 39195 2 39450 3 39706 2
44afae184c89e6ba55985b4d341acc1ae1e8b6ef96312064e0e6e630e022b078,38686 4 38940 5 38946 1 39197 1 39457 1
44afae184c89e6ba55985b4d341acc1ae1e8b6ef96312064e0e6e630e022b078,39204 3 39460 4 39710 10 39965 12 40220 13 40475 15 40731 15 40986 17 41242 17 41499 15 41755 15 42011 14 42267 14 42522 15 42778 15 43034 15 43290 15 43545 16 43801 16 44057 16 44314 16 44570 16 44827 14 45083 3 45090 5
44afae184c89e6ba55985b4d341acc1ae1e8b6ef96312064e0e6e630e022b078,39470 4 39726 6 39981 8 40237 9 40493 10 40749 11 41005 11 41261 12 41514 15 41770 15 42025 16 42281 16 42537 16 42793 16 43049 16 43305 16 43561 16 43817 16 44073 15 44330 14 44586 13 44845 9 45102 7 45360 4
44afae184c89e6ba55985b4d341acc1ae1e8b6ef96312064e0e6e630e022b078,63265 1 63520 2 63776 6 64032 13 64289 12 64545 12 64801 11 65058 10 65314 9
44afae184c89e6ba55985b4d341acc1ae1e8b6ef96312064e0e6e630e022b078,60202 7 60456 9 60711 11 60966 12 61221 13 61476 14 61731 14 61987 14 62242 14 62498 13 62754 12 63009 12 63266 11 63522 10 63782 6
44afae184c89e6ba55985b4d341acc1ae1e8b6ef96312064e0e6e630e022b078,3107 1 3362 2 3618 4 3626 1 3874 9 4130 8 4387 7 4643 6
44afae184c89e6ba55985b4d341acc1ae1e8b6ef96312064e0e6e630e022b078,35 10 291 10 548 9 803 10 1059 10 1314 11 1570 11 1827 10 2083 10 2339 9 2595 9 2851 8 3108 7 3364 6 3622 4
44afae184c89e6ba55985b4d341acc1ae1e8b6ef96312064e0e6e630e022b078,48431 4 48686 6 48942 7 49197 9 49454 8 49710 9 49966 9 50222 9 50477 11 50732 12 50984 16 51240 15 51495 16 51752 14 52008 13 52265 11 52521 10 52778 7 53036 3
44afae184c89e6ba55985b4d341acc1ae1e8b6ef96312064e0e6e630e022b078,56374 5 56629 7 56883 10 57137 12 57392 14 57647 15 57903 14 58158 15 58415 13 58671 13 58929 9 59186 7 59444 3
44afae184c89e6ba55985b4d341acc1ae1e8b6ef96312064e0e6e630e022b078,36155 4 36411 5 36666 7 36922 8 37178 8 37433 10 37689 10 37944 12 38200 12 38456 12 38712 12 38968 11 39224 11 39481 10 39737 10 39994 9 40250 8 40506 8 40762 7 41018 6 41275 5 41531 4
44afae184c89e6ba55985b4d341acc1ae1e8b6ef96312064e0e6e630e022b078,51778 7 52032 10 52288 12 52543 13 52799 14 53055 14 53312 12 53568 12 53825 9 54081 8 54338 5
44afae184c89e6ba55985b4d341acc1ae1e8b6ef96312064e0e6e630e022b078,33858 7 34114 9 34369 10 34625 10 34881 10 35137 11 35394 10 35650 11 35907 12 36163 13 36420 12 36677 11 36933 10 37190 9 37448 5
44afae184c89e6ba55985b4d341acc1ae1e8b6ef96312064e0e6e630e022b078,33102 5 33357 8 33612 7 33868 7 34123 7 34379 6 34635 6 34891 5 35148 4 35404 4 35661 3 35920 1
44afae184c89e6ba55985b4d341acc1ae1e8b6ef96312064e0e6e630e022b078,33619 3 33875 5 34130 7 34385 9 34641 9 34896 11 35152 5 35408 2 35664 2
44afae184c89e6ba55985b4d341acc1ae1e8b6ef96312064e0e6e630e022b078,35157 7 35410 10 35666 11 35921 12 36177 13 36434 12 36690 12 36947 10 37204 9 37461 6
44afae184c89e6ba55985b4d341acc1ae1e8b6ef96312064e0e6e630e022b078,69 7 326 6 581 7 836 8 1092 8 1349 6 1606 4
44afae184c89e6ba55985b4d341acc1ae1e8b6ef96312064e0e6e630e022b078,43090 6 43345 8 43599 10 43850 16 44104 18 44358 19 44613 20 44869 19 45124 17 45380 16 45636 15 45892 15 46149 14 46405 13 46662 12 46919 10 47178 6 47436 3
44afae184c89e6ba55985b4d341acc1ae1e8b6ef96312064e0e6e630e022b078,53844 6 54098 10 54353 11 54608 13 54863 14 55118 16 55373 16 55629 16 55884 16 56140 16 56396 16 56652 15 56908 15 57165 13 57421 13 57677 12 57933 11 58190 9 58446 8 58703 6
44afae184c89e6ba55985b4d341acc1ae1e8b6ef96312064e0e6e630e022b078,49753 4 50007 7 50262 8 50518 9 50773 10 51029 9 51039 3 51284 14 51540 15 51797 14 52053 13 52310 12 52566 11 52823 9 53080 6
44afae184c89e6ba55985b4d341acc1ae1e8b6ef96312064e0e6e630e022b078,32608 5 32863 7 33119 7 33374 9 33630 9 33886 10 34141 12 34397 13 34653 16 34909 16 35165 16 35422 15 35678 15 35935 13 36192 12 36449 10 36706 8
44afae184c89e6ba55985b4d341acc1ae1e8b6ef96312064e0e6e630e022b078,26464 5 26719 8 26975 9 27230 11 27486 12 27743 12 27999 13 28256 12 28514 11 28770 11 29026 12 29282 13 29538 14 29794 14 30050 15 30306 15 30563 8 30819 4 31076 3 31333 1
44afae184c89e6ba55985b4d341acc1ae1e8b6ef96312064e0e6e630e022b078,30571 7 30823 12 31079 12 31334 14 31590 14 31847 14 32103 15 32359 17 32615 16 32870 17 33126 16 33383 15 33639 14 33896 13 34153 11 34410 7
44afae184c89e6ba55985b4d341acc1ae1e8b6ef96312064e0e6e630e022b078,27509 4 27764 6 28019 8 28275 9 28530 12 28786 13 29042 14 29298 13 29554 14 29811 13 30067 15 30324 14 30580 13 30835 14 31091 13 31348 11 31604 10 31861 7 32118 4
44afae184c89e6ba55985b4d341acc1ae1e8b6ef96312064e0e6e630e022b078,62565 3 62819 7 63075 8 63330 10 63586 10 63842 11 64098 11 64354 12 64610 14 64866 14 65122 15 65378 15
44afae184c89e6ba55985b4d341acc1ae1e8b6ef96312064e0e6e630e022b078,61548 7 61804 8 62059 10 62315 10 62572 10 62828 10 63085 10 63341 10 63596 11 63853 10 64109 3 64114 5 64366 2 64370 6 64626 6 64880 1 64882 7 65137 1 65139 6 65393 8
44afae184c89e6ba55985b4d341acc1ae1e8b6ef96312064e0e6e630e022b078,42357 1 42868 2 43123 3 43378 5 43633 9 43893 4 44144 1 44150 3 44406 2
44afae184c89e6ba55985b4d341acc1ae1e8b6ef96312064e0e6e630e022b078,43889 4 44145 5 44400 6 44656 7 44912 7 45168 10 45423 11 45679 12 45934 13 46189 13 46445 13 46700 15 46956 16 47213 15 47469 16 47725 16 47979 19 48229 3 48234 20 48484 4 48489 21 48740 25 48995 26 49251 25 49508 23 49764 22 50019 18 50276 16 50532 15 50790 12
44afae184c89e6ba55985b4d341acc1ae1e8b6ef96312064e0e6e630e022b078,41592 8 41847 10 42102 11 42358 12 42613 13 42870 12 43126 12 43383 3 43389 4 43646 3
44afae184c89e6ba55985b4d341acc1ae1e8b6ef96312064e0e6e630e022b078,54899 3 55150 12 55404 12 55659 13 55915 12 56170 14 56426 14 56683 13 56939 13 57196 11
44afae184c89e6ba55985b4d341acc1ae1e8b6ef96312064e0e6e630e022b078,55170 4 55416 15 55672 15 55927 17 56184 17 56440 19 56697 19 56953 19 57210 19 57467 18 57723 19 57980 19 58237 18 58493 19 58750 17 59007 16 59264 14 59522 9
44afae184c89e6ba55985b4d341acc1ae1e8b6ef96312064e0e6e630e022b078,61569 5 61824 7 62079 9 62335 11 62590 13 62846 13 63102 14 63359 12 63615 12 63871 12 64128 11 64384 12 64641 11 64898 11 65154 11 65411 11
44afae184c89e6ba55985b4d341acc1ae1e8b6ef96312064e0e6e630e022b078,26242 5 26497 7 26752 8 27008 9 27263 10 27520 10 27776 10 28033 10 28289 10 28545 11 28800 11 29056 11 29311 11 29568 9 29824 7
44afae184c89e6ba55985b4d341acc1ae1e8b6ef96312064e0e6e630e022b078,42631 7 42887 14 43142 16 43398 17 43654 17 43911 17 44167 16 44424 15 44680 14 44937 12 45194 10 45451 7
44afae184c89e6ba55985b4d341acc1ae1e8b6ef96312064e0e6e630e022b078,16779 6 17035 6 17290 8 17546 8 17801 9 18058 8 18314 7 18571 6 18828 3
44afae184c89e6ba55985b4d341acc1ae1e8b6ef96312064e0e6e630e022b078,47261 6 47515 9 47771 10 48026 12 48282 13 48537 15 48791 18 49047 19 49302 20 49558 21 49806 29 50060 30 50315 31 50571 30 50826 27 51082 26 51338 27 51594 28 51851 27 52107 28 52363 28 52619 28 52876 27 53132 26 53388 26 53645 24 53901 24 54158 22 54416 19 54673 10 54684 6 54931 6
44afae184c89e6ba55985b4d341acc1ae1e8b6ef96312064e0e6e630e022b078,38553 3 38808 5 39063 6 39317 9 39572 10 39828 10 40082 11 40338 11 40593 11 40850 10 41105 10 41362 9 41618 7
44afae184c89e6ba55985b4d341acc1ae1e8b6ef96312064e0e6e630e022b078,26003 3 26008 8 26259 15 26514 18 26770 20 27026 20 27282 21 27538 21 27795 19 28051 19 28308 17 28566 14 28827 5
44afae184c89e6ba55985b4d341acc1ae1e8b6ef96312064e0e6e630e022b078,57247 7 57501 11 57756 13 58012 14 58267 16 58523 16 58779 17 59035 17 59292 16 59548 17 59804 17 60061 17 60317 17 60574 16 60831 15 61087 14 61344 13 61602 10 61860 7
44afae184c89e6ba55985b4d341acc1ae1e8b6ef96312064e0e6e630e022b078,42153 6 42407 8 42662 10 42916 12 43171 13 43426 13 43682 13 43937 13 44194 11 44450 10 44707 4
44afae184c89e6ba55985b4d341acc1ae1e8b6ef96312064e0e6e630e022b078,31143 2 31397 4 31653 3 31908 4 32164 5 32419 6 32676 6 32932 6 33189 5 33446 3
44afae184c89e6ba55985b4d341acc1ae1e8b6ef96312064e0e6e630e022b078,30896 3 31145 10 31401 11 31656 12 31912 11 32169 10 32425 9 32682 7 32938 5
44afae184c89e6ba55985b4d341acc1ae1e8b6ef96312064e0e6e630e022b078,22703 6 22958 10 23213 13 23468 15 23724 17 23979 17 24235 17 24490 18 24746 18 25002 18 25258 19 25515 18 25771 18 26028 17 26285 17 26542 16 26799 17 27061 9
44afae184c89e6ba55985b4d341acc1ae1e8b6ef96312064e0e6e630e022b078,22976 6 23230 10 23485 11 23741 11 23996 11 24252 11 24508 11 24764 11 25020 11 25277 9 25533 9 25789 9 26045 9 26302 8 26558 9 26822 1
44afae184c89e6ba55985b4d341acc1ae1e8b6ef96312064e0e6e630e022b078,23496 3 23752 5 24007 8 24263 9 24519 10 24775 11 25031 11 25286 13 25542 13 25798 12 26054 12 26310 11 26567 9 26823 8
44afae184c89e6ba55985b4d341acc1ae1e8b6ef96312064e0e6e630e022b078,32700 4 32952 11 33205 15 33460 16 33714 19 33970 19 34225 20 34480 21 34735 22 34991 22 35246 23 35502 22 35758 22 36015 20 36271 18 36528 17 36785 17 37041 17 37296 17 37551 18 37807 17 38062 16 38318 14 38575 11 38831 9 39089 4
44afae184c89e6ba55985b4d341acc1ae1e8b6ef96312064e0e6e630e022b078,47285 5 47540 7 47796 7 48051 9 48307 8 48563 8 48818 9 49074 9 49329 10 49586 9 49842 9 50099 8 50356 6 50613 5 50870 3
44afae184c89e6ba55985b4d341acc1ae1e8b6ef96312064e0e6e630e022b078,62651 3 62904 9 63158 13 63414 14 63669 16 63925 16 64181 17 64437 17 64694 17 64950 16 65208 14 65465 12
44afae184c89e6ba55985b4d341acc1ae1e8b6ef96312064e0e6e630e022b078,43197 6 43452 16 43707 18 43963 18 44218 20 44474 20 44731 18 44987 18 45244 16 45500 14 45757 11 46013 11 46270 9 46527 7 46785 3
44afae184c89e6ba55985b4d341acc1ae1e8b6ef96312064e0e6e630e022b078,55229 11 55484 13 55740 16 55995 19 56251 20 56507 21 56763 22 57019 22 57275 23 57532 21 57788 21 58044 20 58301 19 58557 19 58814 17 59070 17 59327 15 59584 13 59842 9 60101 3
44afae184c89e6ba55985b4d341acc1ae1e8b6ef96312064e0e6e630e022b078,37063 4 37317 8 37572 10 37825 13 38081 14 38336 15 38591 15 38846 16 39101 16 39357 16 39612 16 39868 16 40125 14 40381 12 40640 7
44afae184c89e6ba55985b4d341acc1ae1e8b6ef96312064e0e6e630e022b078,47819 3 48073 8 48329 10 48584 12 48839 13 49094 15 49349 16 49605 17 49860 18 50116 18 50373 17 50629 17 50885 16 51142 15 51398 14 51656 10 51913 8 52170 6 52427 4
44afae184c89e6ba55985b4d341acc1ae1e8b6ef96312064e0e6e630e022b078,21462 4 21716 7 21971 9 22227 10 22482 12 22738 13 22993 15 23249 15 23506 15 23762 15 24019 14 24276 13 24533 12 24791 9 25049 7
44afae184c89e6ba55985b4d341acc1ae1e8b6ef96312064e0e6e630e022b078,31190 2 31445 4 31701 4 31956 5 32212 4 32468 4 32725 3
44afae184c89e6ba55985b4d341acc1ae1e8b6ef96312064e0e6e630e022b078,62174 6 62428 10 62683 12 62937 14 63191 17 63445 19 63700 20 63955 20 64211 20 64466 20 64722 20 64979 18 65235 17 65491 16
44afae184c89e6ba55985b4d341acc1ae1e8b6ef96312064e0e6e630e022b078,40414 4 40669 9 40924 10 41179 12 41435 12 41690 14 41946 14 42202 14 42457 15 42712 16 42968 16 43223 17 43479 17 43735 17 43991 17 44248 16 44504 16 44760 17 45016 16 45273 15 45529 7 45540 3 45786 4
44afae184c89e6ba55985b4d341acc1ae1e8b6ef96312064e0e6e630e022b078,34783 4 35038 6 35293 7 35549 8 35804 9 36060 8 36317 7 36573 6
4727d94c6a57ed484270fdd8bbc6e3d5f2f15d5476794a4e37a40f2309a091e2,32718 5 32973 7 33228 8 33484 9 33739 10 33995 11 34251 11 34508 1 34517 1 34764 1 34773 1
4727d94c6a57ed484270fdd8bbc6e3d5f2f15d5476794a4e37a40f2309a091e2,34509 8 34765 8 35020 10 35276 10 35531 11 35787 12 36043 12 36299 11 36556 10 36812 9 37069 8 37326 6 37583 3
4727d94c6a57ed484270fdd8bbc6e3d5f2f15d5476794a4e37a40f2309a091e2,24786 5 25041 7 25296 8 25552 9 25807 10 26063 10 26319 11 26575 11 26832 9 27088 9 27345 7 27603 3
4727d94c6a57ed484270fdd8bbc6e3d5f2f15d5476794a4e37a40f2309a091e2,29653 4 29907 8 30162 9 30417 11 30673 11 30928 13 31184 12 31440 12 31697 10 31953 9 32210 7 32468 3
4727d94c6a57ed484270fdd8bbc6e3d5f2f15d5476794a4e37a40f2309a091e2,25054 5 25309 8 25565 9 25820 11 26075 12 26330 14 26586 14 26841 15 27098 14 27354 13 27611 12 27868 10 28126 6
4727d94c6a57ed484270fdd8bbc6e3d5f2f15d5476794a4e37a40f2309a091e2,34782 5 35037 7 35291 9 35546 11 35802 11 36057 12 36314 12 36570 12 36828 11 37084 11 37340 11 37596 11 37852 10 38109 9 38365 7
4727d94c6a57ed484270fdd8bbc6e3d5f2f15d5476794a4e37a40f2309a091e2,39388 6 39643 8 39899 8 40154 10 40410 10 40666 10 40923 8 41179 8 41436 6
4727d94c6a57ed484270fdd8bbc6e3d5f2f15d5476794a4e37a40f2309a091e2,36074 2 36082 1 36330 10 36586 10 36842 11 37098 11 37355 10 37611 9 37868 8 38125 6
4727d94c6a57ed484270fdd8bbc6e3d5f2f15d5476794a4e37a40f2309a091e2,29677 6 29931 9 30186 10 30442 11 30697 12 30953 12 31210 6 31466 4 31723 3 31980 1
4727d94c6a57ed484270fdd8bbc6e3d5f2f15d5476794a4e37a40f2309a091e2,32748 1 33003 2 33258 4 33514 4 33769 8 34025 13 34281 13 34537 13 34793 12 35050 11 35306 10 35563 8 35819 7 36076 6
4727d94c6a57ed484270fdd8bbc6e3d5f2f15d5476794a4e37a40f2309a091e2,31216 8 31470 11 31726 12 31981 13 32237 14 32494 13 32749 13 33005 13 33262 11 33518 10 33777 6
4727d94c6a57ed484270fdd8bbc6e3d5f2f15d5476794a4e37a40f2309a091e2,39664 4 39919 7 40174 9 40429 10 40685 11 40940 12 41196 12 41452 11 41709 10 41965 9 42222 7
4727d94c6a57ed484270fdd8bbc6e3d5f2f15d5476794a4e37a40f2309a091e2,35067 5 35322 7 35577 8 35832 9 36088 9 36343 10 36599 10 36856 8 37112 7 37369 5
472b1c5ff988dadc209faea92499bc07f305208dbda29d16262b3d543ac91c71,56859 12 57115 12 57370 14 57626 14 57882 14 58138 15 58393 15 58650 14 58905 14 59162 13 59418 12 59675 10 59931 10 60190 5
472b1c5ff988dadc209faea92499bc07f305208dbda29d16262b3d543ac91c71,54304 2 54558 6 54813 7 55072 1 55075 1
472b1c5ff988dadc209faea92499bc07f305208dbda29d16262b3d543ac91c71,21593 3 21848 4 22104 5 22359 6 22612 10 22865 13 23119 15 23375 15 23630 15 23887 14 24143 13 24400 11 24657 9 24916 5
472b1c5ff988dadc209faea92499bc07f305208dbda29d16262b3d543ac91c71,31331 1 31585 3 31840 3 32095 4 32350 5 32606 6 32861 7 33117 8 33373 8 33630 8 33886 8 34144 7
472b1c5ff988dadc209faea92499bc07f305208dbda29d16262b3d543ac91c71,30310 5 30566 5 30821 7 31077 7 31332 11 31588 12 31843 13 32099 14 32355 13 32612 12 32868 11 33125 10 33381 8 33638 5 33894 3
472b1c5ff988dadc209faea92499bc07f305208dbda29d16262b3d543ac91c71,27249 7 27504 8 27759 10 27771 5 28014 19 28270 19 28525 21 28781 21 29037 21 29292 22 29548 22 29803 23 30060 22 30315 23 30571 23 30828 21 31084 21 31344 16 31602 14 31859 2 32116 1
472b1c5ff988dadc209faea92499bc07f305208dbda29d16262b3d543ac91c71,33651 2 33905 4 34160 15 34416 15 34671 16 34927 16 35182 16 35439 15 35695 14 35954 10 36210 8 36467 6
472b1c5ff988dadc209faea92499bc07f305208dbda29d16262b3d543ac91c71,31861 10 32117 10 32372 12 32628 12 32884 13 33140 13 33396 12 33653 11 33909 10
472b1c5ff988dadc209faea92499bc07f305208dbda29d16262b3d543ac91c71,24426 6 24681 7 24936 9 25190 11 25444 12 25699 13 25955 13 26210 13 26466 13 26723 11 26979 11 27236 9 27493 7 27749 6 28005 6 28261 7 28518 6 28774 7 29031 6 29287 5 29545 3
472b1c5ff988dadc209faea92499bc07f305208dbda29d16262b3d543ac91c71,21351 3 21605 5 21861 6 22116 7 22372 8 22627 9 22883 9 23140 7 23396 7 23653 5
472b1c5ff988dadc209faea92499bc07f305208dbda29d16262b3d543ac91c71,63334 1 63589 3 63845 3 64101 4 64107 1 64358 4 64613 6 64870 5
472b1c5ff988dadc209faea92499bc07f305208dbda29d16262b3d543ac91c71,37489 4 37744 7 37999 8 38255 9 38506 14 38762 14 39017 16 39273 17 39529 17 39786 15 40042 15 40299 14 40555 14 40811 14 41066 15 41323 15 41579 15 41835 15 42091 15 42347 15 42604 14 42860 15 43117 14 43373 5 43380 8 43637 6 43894 4
472b1c5ff988dadc209faea92499bc07f305208dbda29d16262b3d543ac91c71,38016 3 38271 6 38526 8 38781 9 39035 13 39290 18 39546 17 39801 20 40057 20 40313 21 40569 20 40825 20 41081 18 41338 16 41594 16 41850 15 42106 15 42362 11 42376 1 42618 10 42875 8 43131 7 43389 4
472b1c5ff988dadc209faea92499bc07f305208dbda29d16262b3d543ac91c71,36233 5 36487 8 36743 8 36998 10 37254 10 37510 10 37766 9 38022 9 38277 9 38534 7 38790 6 39048 4
472b1c5ff988dadc209faea92499bc07f305208dbda29d16262b3d543ac91c71,41099 5 41354 6 41610 7 41865 8 42121 9 42377 9 42634 7 42890 7 43147 4
472b1c5ff988dadc209faea92499bc07f305208dbda29d16262b3d543ac91c71,47221 1 47477 1 47733 1 47986 1 47988 2 48242 4 48498 4 48754 4 49012 2
472b1c5ff988dadc209faea92499bc07f305208dbda29d16262b3d543ac91c71,25462 3 25718 3 25973 3 26230 2 26486 3 26744 1
472b1c5ff988dadc209faea92499bc07f305208dbda29d16262b3d543ac91c71,22656 4 22911 6 23166 10 23422 10 23677 12 23933 12 24189 13 24445 12 24699 14 24954 14 25210 15 25465 16 25721 16 25976 17 26232 16 26489 15 26745 3 26752 7 27010 3
472b1c5ff988dadc209faea92499bc07f305208dbda29d16262b3d543ac91c71,10629 8 10882 11 11137 13 11393 13 11648 14 11904 14 12160 13 12416 13 12673 11 12929 9 13187 4
472b1c5ff988dadc209faea92499bc07f305208dbda29d16262b3d543ac91c71,31116 4 31371 6 31627 6 31882 8 32138 8 32393 9 32650 7 32906 7 33163 6 33419 1 33675 1
472b1c5ff988dadc209faea92499bc07f305208dbda29d16262b3d543ac91c71,33420 4 33676 4 33931 6 34188 5 34444 4 34701 3
472b1c5ff988dadc209faea92499bc07f305208dbda29d16262b3d543ac91c71,27286 3 27541 4 27797 7 28052 8 28308 8 28564 9 28821 8 29077 10 29336 5
472b1c5ff988dadc209faea92499bc07f305208dbda29d16262b3d543ac91c71,27038 5 27293 6 27549 7 27804 8 28060 7 28316 7 28573 5 28829 4
472b1c5ff988dadc209faea92499bc07f305208dbda29d16262b3d543ac91c71,34715 2 34971 1 35225 3 35480 5 35735 6 35991 7 36246 11 36503 10 36759 9 37014 10 37270 9 37526 7 37783 7 38039 7 38297 4 38554 3
472b1c5ff988dadc209faea92499bc07f305208dbda29d16262b3d543ac91c71,33185 2 33440 5 33695 8 33950 10 34206 10 34461 12 34717 11 34972 12 35228 11 35485 10 35741 9 35998 6
472b1c5ff988dadc209faea92499bc07f305208dbda29d16262b3d543ac91c71,23713 2 23969 3 24224 5 24480 5 24736 5 24993 4
472b1c5ff988dadc209faea92499bc07f305208dbda29d16262b3d543ac91c71,29600 8 29856 9 30111 8 30367 8 30623 7 30879 7 31135 7 31392 6 31648 6 31905 6 32162 5 32418 5 32674 5 32931 3 33187 3
472b1c5ff988dadc209faea92499bc07f305208dbda29d16262b3d543ac91c71,27051 3 27306 5 27562 5 27817 7 28073 7 28329 7 28585 8 28842 3 29098 3 29355 1
472b1c5ff988dadc209faea92499bc07f305208dbda29d16262b3d543ac91c71,28845 4 29101 4 29356 6 29612 6 29866 11 30119 14 30375 15 30630 16 30886 16 31142 15 31398 15 31654 14 31911 12 32167 10 32425 7 32683 4
472b1c5ff988dadc209faea92499bc07f305208dbda29d16262b3d543ac91c71,20903 3 21158 4 21414 5 21668 7 21923 8 22179 8 22434 8 22690 8 22947 6 23203 4
472b1c5ff988dadc209faea92499bc07f305208dbda29d16262b3d543ac91c71,6827 3 7082 7 7338 7 7596 4
472b1c5ff988dadc209faea92499bc07f305208dbda29d16262b3d543ac91c71,19120 5 19375 7 19630 8 19886 9 20141 10 20397 10 20654 9 20910 8 21166 8 21422 7 21679 5 21935 3
472b1c5ff988dadc209faea92499bc07f305208dbda29d16262b3d543ac91c71,43959 2 44212 5 44467 7 44723 9 44978 10 45234 9 45490 9 45746 9 46001 10 46257 9 46513 5 46519 3 46770 3 47026 3
472b1c5ff988dadc209faea92499bc07f305208dbda29d16262b3d543ac91c71,41922 5 42174 9 42428 12 42683 12 42938 13 43193 15 43449 9 43463 1 43704 7 43961 5 44217 4 44474 3
472b1c5ff988dadc209faea92499bc07f305208dbda29d16262b3d543ac91c71,43458 5 43711 9 43966 10 44222 11 44477 12 44740 5 45000 2 45256 1
472b1c5ff988dadc209faea92499bc07f305208dbda29d16262b3d543ac91c71,44734 6 44989 11 45245 11 45500 13 45756 12 46012 13 46028 3 46268 13 46282 5 46524 20 46780 20 47035 21 47291 21 47547 22 47803 22 48058 24 48314 24 48570 24 48825 25 49081 25 49336 25 49592 25 49848 24 50103 25 50359 24 50615 21 50870 21 51126 19 51382 19 51639 17 51895 14 51912 1 52153 12 52409 6 52416 4
472b1c5ff988dadc209faea92499bc07f305208dbda29d16262b3d543ac91c71,50636 6 50891 8 51145 10 51401 11 51656 13 51913 14 52169 14 52426 13 52682 13 52938 13 53194 12 53450 12 53706 8 53962 7 54219 5 54475 4
472b1c5ff988dadc209faea92499bc07f305208dbda29d16262b3d543ac91c71,42712 2 42968 4 43223 6 43479 6 43734 7 43990 7 44246 8 44502 9 44758 9 45014 10 45271 9 45527 9 45783 9 46039 9 46299 5 46558 2 46814 1
472b1c5ff988dadc209faea92499bc07f305208dbda29d16262b3d543ac91c71,46291 3 46295 4 46547 11 46802 12 47058 18 47315 11 47327 5 47571 19 47828 19 48084 19 48341 18 48598 17 48854 17 49109 17 49365 17 49620 15 49876 15 50131 10 50387 7 50642 8 50899 6 51155 6 51412 5 51669 3
472b1c5ff988dadc209faea92499bc07f305208dbda29d16262b3d543ac91c71,50141 9 50394 12 50650 13 50905 14 51161 15 51418 14 51674 1 51687 1 51930 1 51943 1
472b1c5ff988dadc209faea92499bc07f305208dbda29d16262b3d543ac91c71,51675 12 51931 12 52186 14 52442 14 52698 14 52954 14 53210 14 53466 13 53723 12 53979 11 54236 9 54492 7 54749 4 55006 3
472b1c5ff988dadc209faea92499bc07f305208dbda29d16262b3d543ac91c71,12227 7 12483 8 12738 9 12994 10 13243 3 13248 12 13497 5 13503 13 13753 18 14008 19 14264 19 14287 4 14520 18 14542 6 14776 18 14797 7 15032 18 15053 8 15288 29 15544 29 15800 29 16056 29 16309 31 16564 32 16820 31 17075 32 17331 32 17588 31 17844 30 18102 28 18359 26 18616 25 18874 21 19131 15 19387 15 19642 15 19899 14 20155 13 20412 10 20668 9 20925 6 21182 4
472b1c5ff988dadc209faea92499bc07f305208dbda29d16262b3d543ac91c71,22466 4 22719 8 22973 10 23228 12 23483 13 23738 14 23993 15 24249 15 24504 16 24760 16 25016 15 25272 15 25528 14 25784 13 26040 13 26296 12 26553 10 26809 10 27066 9 27323 7 27581 5
472b1c5ff988dadc209faea92499bc07f305208dbda29d16262b3d543ac91c71,30150 5 30406 6 30661 8 30917 8 31173 9 31430 8 31686 9 31942 9 32199 8 32455 8 32712 6 32968 6
472b1c5ff988dadc209faea92499bc07f305208dbda29d16262b3d543ac91c71,15322 3 15577 4 15832 8 16088 9 16343 10 16598 11 16853 12 17109 12 17364 13 17620 14 17876 14 18132 13 18387 14 18643 12 18900 11 19156 12 19412 11 19668 11 19924 10 20181 8 20437 8 20696 4 20952 4
472b1c5ff988dadc209faea92499bc07f305208dbda29d16262b3d543ac91c71,9951 3 10206 5 10462 5 10717 7 10973 7 11228 9 11484 9 11740 9 11995 10 12251 11 12508 1 12764 1
472b1c5ff988dadc209faea92499bc07f305208dbda29d16262b3d543ac91c71,12509 8 12765 8 13020 10 13276 10 13531 11 13788 10 14044 9 14301 8 14557 7 14812 7 15068 5 15325 4 15581 3
472b1c5ff988dadc209faea92499bc07f305208dbda29d16262b3d543ac91c71,37333 5 37588 6 37844 7 38099 8 38355 9 38611 8 38867 8 39123 8 39380 7 39636 6 39893 5
472b1c5ff988dadc209faea92499bc07f305208dbda29d16262b3d543ac91c71,34006 4 34262 6 34517 7 34773 8 35029 8 35285 9 35541 9 35797 9 36053 9 36309 8 36566 7 36822 5
472b1c5ff988dadc209faea92499bc07f305208dbda29d16262b3d543ac91c71,57047 2 57303 3 57558 6 57814 6 58070 7 58326 7 58582 8 58839 7 59095 6 59352 5
472b1c5ff988dadc209faea92499bc07f305208dbda29d16262b3d543ac91c71,60380 4 60635 5 60891 6 61146 7 61401 8 61657 8 61912 9 62167 10 62423 10 62678 11 62934 11 63190 11 63447 9 63703 9
472b1c5ff988dadc209faea92499bc07f305208dbda29d16262b3d543ac91c71,55518 2 55770 2 56026 5 56281 6 56538 6 56792 1 56798 2 57049 1 57055 1 57311 1
472b1c5ff988dadc209faea92499bc07f305208dbda29d16262b3d543ac91c71,29914 1 30169 2 30425 6 30681 11 30936 12 31192 11 31449 10 31704 10 31960 9 32217 8 32473 5
472b1c5ff988dadc209faea92499bc07f305208dbda29d16262b3d543ac91c71,25566 5 25822 5 26077 7 26333 2 26338 1 26589 2 26594 1 26845 1
472b1c5ff988dadc209faea92499bc07f305208dbda29d16262b3d543ac91c71,26335 3 26591 3 26846 5 27102 5 27357 6 27611 10 27867 10 28122 12 28378 12 28635 11 28891 11 29147 11 29403 11 29658 12 29915 10 30171 10 30431 5
472b1c5ff988dadc209faea92499bc07f305208dbda29d16262b3d543ac91c71,40414 3 40670 3 40925 6 41181 6 41436 8 41690 10 41946 9 42201 10 42458 8 42714 8 42974 3
472b1c5ff988dadc209faea92499bc07f305208dbda29d16262b3d543ac91c71,21217 5 21472 6 21728 7 21982 9 22237 11 22493 11 22748 12 23005 10 23261 10
472b1c5ff988dadc209faea92499bc07f305208dbda29d16262b3d543ac91c71,56037 2 56291 5 56547 4 56800 1 56802 3 57056 1 57058 2
472b1c5ff988dadc209faea92499bc07f305208dbda29d16262b3d543ac91c71,14819 3 15075 4 15330 5 15586 6 15842 6 16098 6 16353 7 16610 1 16615 1 16866 1 16871 1
472b1c5ff988dadc209faea92499bc07f305208dbda29d16262b3d543ac91c71,16611 4 16867 4 17122 6 17378 6 17634 6 17891 5 18147 4 18404 3
472b1c5ff988dadc209faea92499bc07f305208dbda29d16262b3d543ac91c71,2790 2 3045 3 3300 3 3556 3
472b1c5ff988dadc209faea92499bc07f305208dbda29d16262b3d543ac91c71,3812 2 4068 2 4324 1 4580 1 4836 4 5092 4 5348 4 5604 4 5861 3 6118 2
472b1c5ff988dadc209faea92499bc07f305208dbda29d16262b3d543ac91c71,46051 1 46306 2 46563 2 46819 5 47076 3 47332 3
472b1c5ff988dadc209faea92499bc07f305208dbda29d16262b3d543ac91c71,44005 3 44261 3 44516 5 44772 5 45027 7 45283 7 45539 6 45795 6 46052 5 46308 4 46565 3
472b1c5ff988dadc209faea92499bc07f305208dbda29d16262b3d543ac91c71,37612 2 37868 3 38123 4 38379 4 38632 7 38890 5 39147 4 39404 3 39661 1
4be73d68f433869188fe5e7f09c7f681ed51003da6aa5d19ce368726d8e271ee,4614 3 4868 7 5122 11 5377 14 5633 14 5889 15 6145 15 6401 16 6657 16 6913 17 7169 17 7425 17 7681 17 7937 16 8193 16 8449 16 8705 15 8961 15 9217 14 9473 13 9729 12 9986 10
4be73d68f433869188fe5e7f09c7f681ed51003da6aa5d19ce368726d8e271ee,16130 1 16385 3 16641 4 16897 4 17153 5
4be73d68f433869188fe5e7f09c7f681ed51003da6aa5d19ce368726d8e271ee,17409 5 17665 5 17921 5 18177 5 18433 5 18689 5 18945 5 19201 4 19457 4 19713 4 19969 3 20226 2
4be73d68f433869188fe5e7f09c7f681ed51003da6aa5d19ce368726d8e271ee,37890 2 38146 2 38401 3 38657 3 38913 3 39170 2 39426 2
4be73d68f433869188fe5e7f09c7f681ed51003da6aa5d19ce368726d8e271ee,58113 3 58369 4 58625 4 58881 5 59137 5 59393 6 59649 7 59905 8 60161 8 60417 9 60673 9 60929 9 61193 1 61449 1
4be73d68f433869188fe5e7f09c7f681ed51003da6aa5d19ce368726d8e271ee,61185 8 61441 8 61697 9 61953 9 62209 9 62465 9 62721 8 62977 8 63233 7 63489 6 63745 4 64001 3
4be73d68f433869188fe5e7f09c7f681ed51003da6aa5d19ce368726d8e271ee,57351 6 57606 8 57863 7 58120 7 58377 5 58635 3
4be73d68f433869188fe5e7f09c7f681ed51003da6aa5d19ce368726d8e271ee,22282 10 22537 12 22792 15 23048 15 23303 17 23559 18 23814 20 24070 21 24325 23 24581 23 24837 24 25093 24 25349 24 25605 24 25861 24 26118 23 26374 23 26631 21 26887 21 27144 19 27401 18 27659 15 27916 14 28174 9
4be73d68f433869188fe5e7f09c7f681ed51003da6aa5d19ce368726d8e271ee,2828 2 3084 3 3339 3 3595 4 3850 5 4107 3
4be73d68f433869188fe5e7f09c7f681ed51003da6aa5d19ce368726d8e271ee,36632 4 36887 5 37139 10 37394 11 37648 13 37904 14 38159 17 38414 18 38669 20 38924 21 39180 21 39435 23 39691 23 39947 24 40203 24 40459 24 40715 25 40971 25 41227 25 41483 25 41739 24 41996 23 42252 22 42509 20 42765 20 43022 18 43279 16 43536 13 43794 9 44053 4
4be73d68f433869188fe5e7f09c7f681ed51003da6aa5d19ce368726d8e271ee,13 18 268 18 525 17 781 16 1037 13 1294 12 1550 11 1807 10 2064 8 2321 6
4be73d68f433869188fe5e7f09c7f681ed51003da6aa5d19ce368726d8e271ee,9237 6 9492 9 9747 12 10001 15 10257 16 10512 17 10767 19 11022 20 11277 21 11533 22 11788 23 12044 23 12300 23 12556 23 12812 23 13068 22 13325 21 13581 20 13837 20 14094 18 14350 18 14607 16 14864 14 15122 11 15380 5
4be73d68f433869188fe5e7f09c7f681ed51003da6aa5d19ce368726d8e271ee,29990 3 30244 9 30498 12 30753 14 31008 16 31025 1 31264 18 31519 18 31775 18 32030 19 32286 19 32541 20 32797 20 33053 20 33309 20 33565 20 33821 20 34077 20 34334 20 34590 20 34846 20 35103 19 35359 19 35616 18 35873 17 36130 16 36386 16 36643 15 36900 14 37157 14 37416 11 37673 11
4be73d68f433869188fe5e7f09c7f681ed51003da6aa5d19ce368726d8e271ee,30516 9 30772 11 31026 14 31282 15 31537 16 31793 17 32049 17 32305 18 32561 18 32817 18 33073 18 33329 18 33585 18 33841 18 34097 19 34354 17 34610 17 34866 17 35122 17 35378 16 35634 16 35890 15 36146 15 36402 14 36658 14 36914 12 37171 10 37427 4 37432 3
4be73d68f433869188fe5e7f09c7f681ed51003da6aa5d19ce368726d8e271ee,42283 7 42538 11 42792 14 43048 15 43303 17 43558 19 43813 20 44069 21 44324 22 44579 23 44835 24 45090 25 45346 25 45601 26 45857 26 46114 25 46370 24 46627 23 46883 23 47140 21 47396 21 47653 18 47909 18 48167 15 48424 13 48684 6
4be73d68f433869188fe5e7f09c7f681ed51003da6aa5d19ce368726d8e271ee,21295 7 21549 11 21802 15 22057 17 22312 19 22567 20 22823 21 23078 22 23334 23 23590 23 23846 23 24102 23 24358 23 24614 23 24870 23 25126 23 25383 21 25639 21 25896 19 26153 17 26410 15 26668 11 26927 5
4be73d68f433869188fe5e7f09c7f681ed51003da6aa5d19ce368726d8e271ee,79 7 333 11 590 10 847 6
4be73d68f433869188fe5e7f09c7f681ed51003da6aa5d19ce368726d8e271ee,49255 4 49510 8 49766 9 50021 12 50277 13 50532 15 50788 16 51043 17 51299 18 51554 19 51810 18 52066 18 52322 17 52578 16 52835 16 53091 16 53351 13 53608 12 53866 9 54124 7 54381 5
4be73d68f433869188fe5e7f09c7f681ed51003da6aa5d19ce368726d8e271ee,43138 9 43392 13 43647 15 43902 17 44157 18 44413 19 44668 20 44924 21 45179 22 45434 25 45690 25 45945 27 46201 26 46457 27 46713 26 46969 26 47225 25 47481 25 47737 24 47994 23 48250 22 48508 19 48764 18 49021 16 49278 13 49536 9 49795 3
4be73d68f433869188fe5e7f09c7f681ed51003da6aa5d19ce368726d8e271ee,56700 2 56718 1 56956 19 57211 20 57467 20 57722 22 57978 22 58234 23 58490 23 58745 25 59002 24 59258 24 59514 24 59771 24 60027 24 60283 24 60539 24 60796 22 61052 22 61309 20 61566 18 61824 16 62081 13 62338 12 62597 7 62855 3
4be73d68f433869188fe5e7f09c7f681ed51003da6aa5d19ce368726d8e271ee,51076 12 51331 13 51586 15 51841 16 52095 20 52351 20 52605 24 52861 24 53116 26 53372 26 53627 27 53883 27 54139 27 54395 27 54651 26 54907 26 55164 24 55420 23 55676 22 55932 21 56189 19 56445 17 56702 16
4be73d68f433869188fe5e7f09c7f681ed51003da6aa5d19ce368726d8e271ee,5788 6 6042 10 6296 13 6551 15 6807 16 7062 17 7318 18 7573 20 7829 20 8084 22 8340 22 8596 22 8853 21 9109 21 9365 21 9621 22 9878 20 10134 20 10391 19 10647 18 10904 17 11161 14 11419 11 11679 3
4be73d68f433869188fe5e7f09c7f681ed51003da6aa5d19ce368726d8e271ee,62112 5 62364 11 62618 14 62873 16 63128 18 63383 20 63638 21 63893 23 64149 23 64404 24 64660 24 64916 24 65172 24 65428 24
4be73d68f433869188fe5e7f09c7f681ed51003da6aa5d19ce368726d8e271ee,33696 6 33951 8 34206 11 34461 13 34716 15 34971 17 35227 17 35482 19 35738 19 35993 20 36249 20 36505 20 36761 21 37017 20 37273 20 37530 18 37786 18 38043 16 38299 16 38556 13 38814 10 39072 6
4be73d68f433869188fe5e7f09c7f681ed51003da6aa5d19ce368726d8e271ee,159 24 414 26 671 25 927 24 1183 24 1440 22 1696 21 1953 20 2210 18 2468 15 2728 9 2987 5
4be73d68f433869188fe5e7f09c7f681ed51003da6aa5d19ce368726d8e271ee,52148 11 52402 15 52656 19 52912 19 53167 22 53422 24 53677 26 53933 26 54188 28 54444 28 54700 29 54956 29 55212 29 55468 29 55724 29 55980 28 56236 28 56493 26 56749 26 57006 24 57263 22 57519 21 57776 20 58034 17 58290 17 58548 13 58807 8
4be73d68f433869188fe5e7f09c7f681ed51003da6aa5d19ce368726d8e271ee,3259 6 3513 10 3767 13 4021 16 4276 17 4531 19 4786 20 5041 22 5296 23 5552 24 5807 25 6063 25 6319 25 6574 26 6830 26 7086 25 7343 24 7599 23 7856 21 8112 20 8369 18 8626 16 8883 13
4be73d68f433869188fe5e7f09c7f681ed51003da6aa5d19ce368726d8e271ee,39608 7 39862 15 40117 18 40372 20 40628 22 40883 23 41139 24 41394 25 41650 25 41906 25 42162 26 42418 26 42674 26 42929 27 43185 27 43441 27 43698 27 43954 27 44210 27 44467 26 44723 26 44980 12 45236 2 45492 2
4be73d68f433869188fe5e7f09c7f681ed51003da6aa5d19ce368726d8e271ee,44992 13 45238 23 45494 24 45749 25 46005 27 46261 27 46517 28 46773 28 47029 28 47285 28 47541 28 47797 28 48053 29 48309 29 48565 29 48822 28 49078 28 49334 27 49591 26 49847 25 50104 24 50361 22 50618 21 50875 19 51132 18 51390 15 51648 12 51908 6
4be73d68f433869188fe5e7f09c7f681ed51003da6aa5d19ce368726d8e271ee,10681 10 10935 13 11189 17 11445 18 11700 20 11956 20 12211 22 12467 22 12722 24 12978 24 13234 25 13491 24 13747 24 14003 24 14260 23 14516 23 14773 21 15030 20 15287 18 15544 16 15804 11 16063 5
4be73d68f433869188fe5e7f09c7f681ed51003da6aa5d19ce368726d8e271ee,63174 7 63426 14 63681 16 63936 17 64191 19 64446 21 64702 22 64957 23 65213 24 65469 23
4be73d68f433869188fe5e7f09c7f681ed51003da6aa5d19ce368726d8e271ee,209 10 463 12 718 14 973 17 1228 19 1483 21 1739 22 1994 24 2250 24 2505 26 2761 26 3017 26 3273 26 3529 26 3785 26 4041 26 4298 24 4554 24 4810 23 5066 23 5322 22 5579 21 5835 20 6092 17 6348 16 6606 13 6863 10 7120 5
4be73d68f433869188fe5e7f09c7f681ed51003da6aa5d19ce368726d8e271ee,8672 1 8916 12 9171 14 9425 16 9680 18 9935 19 10191 19 10446 21 10702 21 10958 22 11214 23 11470 23 11726 24 11982 25 12238 25 12494 28 12750 29 13006 29 13263 28 13519 28 13775 28 14032 26 14288 27 14545 25 14802 24 15059 22 15315 23 15573 20 15829 20 16086 18 16343 15 16601 11 16859 8
4be73d68f433869188fe5e7f09c7f681ed51003da6aa5d19ce368726d8e271ee,6631 6 6886 9 7141 13 7396 14 7651 16 7906 17 8162 17 8417 18 8673 18 8928 18 9185 17 9441 18 9698 17 9954 18 10210 18 10467 18 10723 19 10980 17 11237 16 11493 15 11750 14 12007 12 12263 10
4be73d68f433869188fe5e7f09c7f681ed51003da6aa5d19ce368726d8e271ee,226 13 483 13 739 13 997 12 1254 12 1511 13 1768 12 2025 10 2283 7
4be73d68f433869188fe5e7f09c7f681ed51003da6aa5d19ce368726d8e271ee,239 18 496 17 752 17 1009 16 1266 15 1526 11 1782 11 2037 12 2292 13 2548 13 2803 14 3059 14 3315 14 3572 13 3828 13 4084 13 4341 12 4597 12 4854 11 5110 11 5367 10 5623 10 5880 9 6137 1
4be73d68f433869188fe5e7f09c7f681ed51003da6aa5d19ce368726d8e271ee,6138 7 6394 7 6649 8 6904 9 7159 10 7414 11 7670 11 7925 12 8181 12 8435 14 8691 14 8946 15 9202 15 9459 14 9715 14 9972 13 10228 13 10486 11 10743 10 11001 8 11258 7 11517 3
4be73d68f433869188fe5e7f09c7f681ed51003da6aa5d19ce368726d8e271ee,47066 5 47321 8 47575 11 47830 13 48085 15 48341 15 48596 17 48851 18 49106 20 49362 20 49617 22 49874 21 50130 21 50386 21 50642 21 50898 20 51155 19 51411 18 51668 17 51925 15 52182 13 52441 8 52699 4
4be73d68f433869188fe5e7f09c7f681ed51003da6aa5d19ce368726d8e271ee,30940 7 31194 11 31450 12 31705 14 31961 15 32216 17 32472 17 32728 18 32983 19 33239 19 33495 19 33751 18 34007 18 34263 17 34520 16 34776 17 35034 15 35290 16 35547 14 35804 12 36062 9 36320 6
4be73d68f433869188fe5e7f09c7f681ed51003da6aa5d19ce368726d8e271ee,31980 1 32236 1 32253 1 32492 18 32748 19 33004 19 33258 22 33514 22 33769 23 34025 23 34280 24 34536 24 34793 23 35049 22 35307 20 35564 18 35820 18 36076 17 36333 16 36589 15 36845 14 37102 11 37358 10 37615 7 37873 3
4be73d68f433869188fe5e7f09c7f681ed51003da6aa5d19ce368726d8e271ee,24555 4 24563 4 24810 18 25065 20 25320 21 25576 22 25831 25 26087 26 26342 27 26598 27 26854 27 27110 27 27366 27 27622 27 27878 27 28134 27 28391 26 28647 26 28904 25 29161 24 29418 23 29675 22 29931 22 30187 22 30443 22 30699 22 30956 21 31212 21 31469 18 31724 18 31981 17 32237 16
4be73d68f433869188fe5e7f09c7f681ed51003da6aa5d19ce368726d8e271ee,37606 5 37860 9 38113 14 38368 16 38623 18 38878 19 39133 21 39388 22 39644 22 39899 23 40155 22 40410 23 40666 23 40922 23 41178 22 41434 23 41690 23 41946 23 42202 23 42459 23 42715 23 42972 21 43230 19 43487 17 43744 14 44002 12 44264 4
4be73d68f433869188fe5e7f09c7f681ed51003da6aa5d19ce368726d8e271ee,56567 7 56821 12 57076 13 57331 14 57586 15 57842 15 58097 16 58353 16 58608 17 58864 17 59120 17 59376 17 59632 17 59887 18 60144 17 60399 18 60656 17 60911 18 61168 17 61424 17 61681 16 61937 16 62194 15 62450 15 62708 13 62965 12 63223 9 63483 3
4be73d68f433869188fe5e7f09c7f681ed51003da6aa5d19ce368726d8e271ee,13566 3 13818 7 14072 9 14327 10 14582 11 14838 11 15093 12 15349 12 15604 13 15860 13 16116 13 16371 14 16627 14 16882 15 17138 15 17395 14 17651 14 17908 13 18166 11 18422 11 18682 7 18939 6 19195 6 19452 5 19709 4 19966 3
4be73d68f433869188fe5e7f09c7f681ed51003da6aa5d19ce368726d8e271ee,39160 5 39413 8 39668 10 39924 10 40179 11 40435 12 40690 13 40946 14 41202 14 41458 14 41715 13 41971 12 42228 11 42484 10 42741 9 42999 6 43256 3
4f949bd8d914bbfa06f40d6a0e2b5b75c38bf53dbcbafc48c97f105bee4f8fac,63547 4 63802 7 64058 7 64313 9 64569 10 64825 10 65081 10 65338 8
4f949bd8d914bbfa06f40d6a0e2b5b75c38bf53dbcbafc48c97f105bee4f8fac,63574 3 63830 4 64078 6 64085 5 64327 5 64334 25 64582 37 64835 41 65091 41 65346 43
4f949bd8d914bbfa06f40d6a0e2b5b75c38bf53dbcbafc48c97f105bee4f8fac,58464 4 58718 8 58973 10 59228 11 59483 13 59739 13 59994 14 60251 13 60507 14 60768 10 61019 15 61275 15 61530 17 61786 17 62043 17 62299 17 62554 17 62810 17 63066 16 63322 15 63577 15 63834 14 64090 13
4f949bd8d914bbfa06f40d6a0e2b5b75c38bf53dbcbafc48c97f105bee4f8fac,42312 4 42565 8 42820 10 43076 10 43331 12 43587 11 43844 10 44100 9 44357 7 44615 4
4f949bd8d914bbfa06f40d6a0e2b5b75c38bf53dbcbafc48c97f105bee4f8fac,61254 6 61509 8 61764 9 62020 10 62275 11 62532 10 62788 9 63046 7 63304 3
4f949bd8d914bbfa06f40d6a0e2b5b75c38bf53dbcbafc48c97f105bee4f8fac,38759 5 39014 7 39270 7 39525 9 39781 9 40038 7 40294 7 40551 5 40808 3
4f949bd8d914bbfa06f40d6a0e2b5b75c38bf53dbcbafc48c97f105bee4f8fac,30061 3 30316 4 30571 6 30828 5 31084 4
4f949bd8d914bbfa06f40d6a0e2b5b75c38bf53dbcbafc48c97f105bee4f8fac,60014 1 60268 3 60523 7 60779 13 61034 14 61290 14 61547 14 61803 14 62061 11 62319 9 62575 9 62831 8 63087 8 63343 7 63600 6 63856 6 64113 4 64369 4
4f949bd8d914bbfa06f40d6a0e2b5b75c38bf53dbcbafc48c97f105bee4f8fac,57967 6 57974 4 58221 13 58477 14 58732 14 58989 13 59245 12 59502 11 59758 11 60015 10 60271 9 60530 6
4f949bd8d914bbfa06f40d6a0e2b5b75c38bf53dbcbafc48c97f105bee4f8fac,35441 2 35695 5 35951 5 36206 6 36463 4
4f949bd8d914bbfa06f40d6a0e2b5b75c38bf53dbcbafc48c97f105bee4f8fac,58499 4 58752 9 59007 11 59261 14 59517 15 59772 16 60028 17 60284 17 60540 18 60796 21 61051 22 61306 24 61562 23 61817 24 62073 22 62329 22 62586 2 62842 1
4f949bd8d914bbfa06f40d6a0e2b5b75c38bf53dbcbafc48c97f105bee4f8fac,62588 18 62843 19 63099 25 63353 28 63607 30 63863 31 64118 32 64374 33 64630 34 64885 35 64927 1 65141 43 65396 43
4f949bd8d914bbfa06f40d6a0e2b5b75c38bf53dbcbafc48c97f105bee4f8fac,61081 4 61336 6 61592 7 61847 8 62103 9 62358 10 62615 9 62870 10 63126 10 63381 12 63637 12 63894 11 64150 11 64407 9 64664 8 64920 7
4f949bd8d914bbfa06f40d6a0e2b5b75c38bf53dbcbafc48c97f105bee4f8fac,63657 4 63912 6 64167 7 64418 13 64673 14 64928 15 65184 15 65439 16
4f949bd8d914bbfa06f40d6a0e2b5b75c38bf53dbcbafc48c97f105bee4f8fac,40059 5 40313 9 40567 12 40823 12 41078 9 41334 8 41591 5 41847 5 42104 3 42362 1
4f949bd8d914bbfa06f40d6a0e2b5b75c38bf53dbcbafc48c97f105bee4f8fac,41087 5 41342 6 41596 10 41852 11 42107 13 42363 14 42620 15 42875 17 43130 18 43386 19 43641 20 43898 19 44154 19 44411 18 44669 16 44925 16 45180 16 45436 16 45692 16 45949 15 46205 14 46462 13 46720 10 46979 4
4f949bd8d914bbfa06f40d6a0e2b5b75c38bf53dbcbafc48c97f105bee4f8fac,37507 5 37762 7 38015 11 38271 11 38526 13 38782 13 39039 11 39295 11 39552 9 39810 6
4f949bd8d914bbfa06f40d6a0e2b5b75c38bf53dbcbafc48c97f105bee4f8fac,39310 3 39563 7 39817 10 39830 2 40073 15 40328 16 40585 15 40841 14 41098 13 41355 12 41611 12 41868 10 42125 9 42383 3
4f949bd8d914bbfa06f40d6a0e2b5b75c38bf53dbcbafc48c97f105bee4f8fac,36498 5 36753 7 37008 9 37264 10 37519 11 37775 12 38031 12 38287 12 38544 10 38800 10 39057 8 39313 6 39570 5 39827 3
4f949bd8d914bbfa06f40d6a0e2b5b75c38bf53dbcbafc48c97f105bee4f8fac,33688 4 33943 8 34198 10 34454 11 34709 12 34966 13 35222 13 35479 11 35736 10 35993 8 36249 8 36506 6
4f949bd8d914bbfa06f40d6a0e2b5b75c38bf53dbcbafc48c97f105bee4f8fac,41625 6 41880 7 42136 8 42391 9 42648 8 42903 9 43159 9 43415 9 43671 8 43927 8 44184 6 44440 6
4f949bd8d914bbfa06f40d6a0e2b5b75c38bf53dbcbafc48c97f105bee4f8fac,36514 6 36769 7 37024 7 37280 7 37535 8 37791 8 38046 9 38302 10 38558 10 38814 12 39070 12 39326 11 39583 10 39839 9 40096 8 40352 7 40609 6 40865 6 41122 6 41379 3
4f949bd8d914bbfa06f40d6a0e2b5b75c38bf53dbcbafc48c97f105bee4f8fac,31137 4 31146 4 31392 15 31648 16 31903 17 32159 18 32415 18 32671 18 32927 17 33184 16 33440 15 33697 14 33953 14 34208 14 34465 13 34721 13 34980 10 35237 9 35495 4
4f949bd8d914bbfa06f40d6a0e2b5b75c38bf53dbcbafc48c97f105bee4f8fac,36265 4 36520 5 36776 5 37031 5 37287 5 37543 5 37799 5 38055 5 38312 5 38568 5
4f949bd8d914bbfa06f40d6a0e2b5b75c38bf53dbcbafc48c97f105bee4f8fac,39337 3 39593 5 39848 7 40104 7 40359 9 40615 9 40871 9 41128 7 41384 7 41641 5 41897 5
4f949bd8d914bbfa06f40d6a0e2b5b75c38bf53dbcbafc48c97f105bee4f8fac,31418 4 31672 7 31928 8 32183 9 32439 10 32695 10 32944 18 33200 18 33455 19 33711 18 33967 18 34222 20 34478 22 34734 23 34990 24 35246 24 35503 24 35759 24 36015 23 36271 23 36525 23 36781 22 37036 22 37292 22 37548 22 37804 13 37818 8 38060 13 38075 6 38317 12 38333 4 38573 12 38831 10 39087 9 39344 8 39601 6 39857 4
4f949bd8d914bbfa06f40d6a0e2b5b75c38bf53dbcbafc48c97f105bee4f8fac,30899 4 31155 4 31410 5 31667 3 31671 1 31926 2 32182 1
4f949bd8d914bbfa06f40d6a0e2b5b75c38bf53dbcbafc48c97f105bee4f8fac,31940 6 32196 6 32451 8 32707 8 32963 7 33219 4 33476 2 33732 2 34245 1
4f949bd8d914bbfa06f40d6a0e2b5b75c38bf53dbcbafc48c97f105bee4f8fac,33223 3 33478 6 33734 8 33989 9 34246 9 34502 9 34760 6 35017 5
4f949bd8d914bbfa06f40d6a0e2b5b75c38bf53dbcbafc48c97f105bee4f8fac,28363 2 28618 4 28874 5 29130 6 29386 6 29642 6 29899 4 30155 3
4f949bd8d914bbfa06f40d6a0e2b5b75c38bf53dbcbafc48c97f105bee4f8fac,31441 5 31695 7 31951 6 32206 8 32462 8 32718 9 32974 9 33231 7 33487 6 33745 3
4f949bd8d914bbfa06f40d6a0e2b5b75c38bf53dbcbafc48c97f105bee4f8fac,29915 5 30169 7 30424 9 30680 9 30935 10 31191 9 31446 10 31702 9 31957 9 32214 7 32470 5
4f949bd8d914bbfa06f40d6a0e2b5b75c38bf53dbcbafc48c97f105bee4f8fac,21713 3 21969 3 22224 5 22480 2 22736 2
4f949bd8d914bbfa06f40d6a0e2b5b75c38bf53dbcbafc48c97f105bee4f8fac,22482 3 22738 4 22993 6 23249 8 23505 8 23761 9 24018 8 24274 9 24529 10 24786 8 25042 8 25299 4
4f949bd8d914bbfa06f40d6a0e2b5b75c38bf53dbcbafc48c97f105bee4f8fac,1501 3 1756 4 2011 6 2267 6 2522 7 2778 7 3033 8 3288 8 3544 8 3799 10 4055 10 4310 11 4566 11 4821 12 5076 13 5332 12 5587 13 5844 9 6100 8 6357 6
4f949bd8d914bbfa06f40d6a0e2b5b75c38bf53dbcbafc48c97f105bee4f8fac,19158 4 19413 6 19669 6 19924 8 20180 4 20437 2 20693 2
4f949bd8d914bbfa06f40d6a0e2b5b75c38bf53dbcbafc48c97f105bee4f8fac,20184 3 20439 4 20695 5 20950 7 21207 7 21463 4 21720 2 21976 2
4f949bd8d914bbfa06f40d6a0e2b5b75c38bf53dbcbafc48c97f105bee4f8fac,21467 4 21722 5 21978 6 22233 8 22490 8 22746 8 23002 9 23258 9 23513 11 23770 9 24026 9 24284 6 24541 4
4f949bd8d914bbfa06f40d6a0e2b5b75c38bf53dbcbafc48c97f105bee4f8fac,26070 5 26326 7 26581 9 26838 8 27094 9 27351 8 27607 8 27864 6 28121 5
4f949bd8d914bbfa06f40d6a0e2b5b75c38bf53dbcbafc48c97f105bee4f8fac,6367 7 6622 9 6877 11 7132 12 7388 13 7643 14 7899 14 8156 13 8412 12 8669 11 8926 9 9184 5
4f949bd8d914bbfa06f40d6a0e2b5b75c38bf53dbcbafc48c97f105bee4f8fac,12770 1 13026 1 13282 13 13538 23 13789 28 14044 29 14300 29 14555 29 14812 28 15068 23 15326 21 15585 17 15843 15 16101 12
4f949bd8d914bbfa06f40d6a0e2b5b75c38bf53dbcbafc48c97f105bee4f8fac,9192 8 9445 13 9699 15 9951 20 10205 22 10460 24 10485 4 10716 29 10971 31 11228 30 11484 30 11741 28 12002 23 12258 22 12514 22 12771 11 12784 9 13027 21 13295 9
4f949bd8d914bbfa06f40d6a0e2b5b75c38bf53dbcbafc48c97f105bee4f8fac,16350 9 16605 11 16860 12 17116 13 17371 14 17627 14 17884 13 18140 12 18397 11 18654 9 18911 7
4f949bd8d914bbfa06f40d6a0e2b5b75c38bf53dbcbafc48c97f105bee4f8fac,20199 7 20454 8 20710 9 20965 9 21221 9 21478 7 21734 7
505bc0a3928d8aef5ce441c5a611fdd32e1e8eccdc15cc3a52b88030acb50f81,15129 4 15385 6 15640 8 15896 9 16152 10 16408 10 16665 10 16921 10 17177 11 17433 10 17689 10 17945 10 18201 9 18456 10 18712 4 18720 1 18968 2 19224 2
505bc0a3928d8aef5ce441c5a611fdd32e1e8eccdc15cc3a52b88030acb50f81,18716 4 18970 7 19226 7 19481 9 19737 11 19993 12 20248 14 20504 14 20760 15 21016 15 21273 15 21529 15 21785 16 22041 16 22297 16 22553 16 22808 17 23064 17 23320 17 23576 2 23591 1 23833 1 23847 1
505bc0a3928d8aef5ce441c5a611fdd32e1e8eccdc15cc3a52b88030acb50f81,23578 13 23834 13 24089 15 24345 15 24601 15 24857 15 25112 16 25368 16 25624 15 25881 14 26137 13 26393 12 26649 11 26905 10 27161 9 27417 9 27673 8 27928 8 28185 6 28441 5
505bc0a3928d8aef5ce441c5a611fdd32e1e8eccdc15cc3a52b88030acb50f81,24710 5 24962 12 25216 15 25470 18 25725 21 25980 23 26234 25 26490 26 26745 28 26999 31 27255 31 27510 33 27766 33 28022 33 28277 34 28533 34 28789 34 29045 33 29301 33 29558 31 29814 30 30071 28 30328 26 30585 23 30844 17 31101 15 31359 11
505bc0a3928d8aef5ce441c5a611fdd32e1e8eccdc15cc3a52b88030acb50f81,34435 2 34691 4 34947 5 35203 5 35209 1 35460 2 35463 1
519dc0d672d1c295fc69b629af8721ccb1a1f136d1976685a68487e62547ffe0,57348 2 57602 3 57857 4 58113 4 58369 4 58625 4 58881 5 59137 5 59393 6 59649 6 59905 6 60161 7 60417 7 60673 9 60929 8 61186 6
519dc0d672d1c295fc69b629af8721ccb1a1f136d1976685a68487e62547ffe0,57094 8 57350 9 57605 10 57861 11 58117 11 58373 12 58629 12 58886 11 59142 11 59399 10 59655 9 59911 9 60168 6 60424 4
519dc0d672d1c295fc69b629af8721ccb1a1f136d1976685a68487e62547ffe0,33038 7 33294 9 33549 11 33805 11 34061 12 34316 13 34573 11 34829 11 35086 9 35343 6
519dc0d672d1c295fc69b629af8721ccb1a1f136d1976685a68487e62547ffe0,25655 6 25910 8 26165 10 26421 11 26676 12 26932 13 27188 13 27444 13 27701 12 27957 11 28214 10 28471 8 28728 5
519dc0d672d1c295fc69b629af8721ccb1a1f136d1976685a68487e62547ffe0,28780 8 29035 11 29290 14 29546 15 29801 17 30057 18 30313 18 30569 19 30826 18 31082 18 31339 16 31596 15 31853 13 32111 10 32369 6
519dc0d672d1c295fc69b629af8721ccb1a1f136d1976685a68487e62547ffe0,61808 7 62062 11 62316 15 62571 17 62827 17 63082 19 63338 19 63594 19 63850 18 64107 17 64363 16 64620 14 64878 10
519dc0d672d1c295fc69b629af8721ccb1a1f136d1976685a68487e62547ffe0,51581 5 51834 10 52089 12 52343 15 52599 15 52854 17 53110 17 53365 18 53621 17 53877 17 54134 15 54390 14 54648 11 54905 9
519dc0d672d1c295fc69b629af8721ccb1a1f136d1976685a68487e62547ffe0,18043 8 18297 12 18552 15 18807 17 19063 18 19318 20 19574 20 19831 20 20087 20 20344 18 20600 18 20857 16 21114 14 21371 11
519dc0d672d1c295fc69b629af8721ccb1a1f136d1976685a68487e62547ffe0,42114 11 42369 15 42624 18 42879 21 43135 22 43390 24 43646 24 43902 25 44158 25 44415 24 44671 24 44928 22 45185 21 45442 19 45699 16 45957 12 46215 6
519dc0d672d1c295fc69b629af8721ccb1a1f136d1976685a68487e62547ffe0,4267 7 4520 12 4775 14 5030 16 5286 17 5541 19 5797 20 6053 21 6309 22 6565 23 6821 23 7078 23 7334 23 7591 22 7848 20 8105 19 8361 19 8619 18 8876 17 9133 15 9392 12 9653 6
519dc0d672d1c295fc69b629af8721ccb1a1f136d1976685a68487e62547ffe0,64212 5 64466 10 64721 13 64977 14 65232 15 65488 16
51c70bb8a299943b27f8b354571272692d8f2705036a1a9562156c76da5f025b,62469 3 62723 7 62978 9 63233 12 63489 13 63745 13 64001 14 64257 13 64513 13 64770 11 65028 9 65286 6
51c70bb8a299943b27f8b354571272692d8f2705036a1a9562156c76da5f025b,64270 1 64526 1 64528 7 64781 1 64783 10 65039 10 65295 10
51c70bb8a299943b27f8b354571272692d8f2705036a1a9562156c76da5f025b,41649 3 41903 6 42158 8 42414 8 42669 10 42925 10 43182 9 43438 8 43695 7 43953 3
51c70bb8a299943b27f8b354571272692d8f2705036a1a9562156c76da5f025b,40131 5 40386 8 40641 9 40896 11 41151 12 41406 14 41662 14 41917 15 42173 14 42430 13 42686 12 42943 10 43200 7 43458 4
51c70bb8a299943b27f8b354571272692d8f2705036a1a9562156c76da5f025b,26878 3 27132 5 27387 6 27642 7 27898 7 28153 8 28409 8 28665 8 28922 7 29178 7 29435 6 29692 4
52b267e20519174e3ce1e1994b5d677804b16bc670aa5f6ffb6344a0fdf63fde,13602 5 13858 7 14113 9 14369 9 14624 11 14880 11 15136 11 15392 10 15648 10 15905 8 16161 6
52b267e20519174e3ce1e1994b5d677804b16bc670aa5f6ffb6344a0fdf63fde,19745 3 20001 4 20256 6 20512 6 20768 7 21024 7 21280 1 21536 1 21543 1
52b267e20519174e3ce1e1994b5d677804b16bc670aa5f6ffb6344a0fdf63fde,21281 6 21537 6 21792 8 22048 8 22304 7 22560 7 22816 7 23072 6 23328 6 23585 4 23841 3
52b267e20519174e3ce1e1994b5d677804b16bc670aa5f6ffb6344a0fdf63fde,46371 3 46625 7 46881 7 47136 9 47392 9 47648 10 47905 8 48161 8 48418 6 48675 3
52b267e20519174e3ce1e1994b5d677804b16bc670aa5f6ffb6344a0fdf63fde,56867 3 57121 7 57377 8 57632 10 57888 10 58144 11 58400 10 58657 9 58913 8 59171 5
52b267e20519174e3ce1e1994b5d677804b16bc670aa5f6ffb6344a0fdf63fde,2851 5 3106 7 3362 8 3617 10 3873 10 4129 11 4385 11 4641 12 4897 12 5153 13 5409 13 5665 12 5922 11 6178 10 6435 9 6691 10 6949 7
52b267e20519174e3ce1e1994b5d677804b16bc670aa5f6ffb6344a0fdf63fde,7466 3 7721 4 7975 5 8230 6 8484 8 8739 10 8995 10 9250 13 9507 10 9763 8
52b267e20519174e3ce1e1994b5d677804b16bc670aa5f6ffb6344a0fdf63fde,5171 3 5425 7 5677 11 5933 12 6188 13 6444 14 6701 12 6957 12 7214 11 7469 12 7725 12 7980 12 8236 12 8492 11 8749 9 9005 7
52b267e20519174e3ce1e1994b5d677804b16bc670aa5f6ffb6344a0fdf63fde,37672 4 37927 6 38182 8 38438 9 38693 13 38949 13 39205 14 39461 13 39717 13 39973 1 39984 1 40229 1 40240 1
52b267e20519174e3ce1e1994b5d677804b16bc670aa5f6ffb6344a0fdf63fde,39974 10 40230 10 40485 12 40741 12 40997 12 41254 11 41510 12 41766 12 42022 12 42278 11 42535 10 42791 10 43048 9 43304 8 43561 7
52b267e20519174e3ce1e1994b5d677804b16bc670aa5f6ffb6344a0fdf63fde,59179 6 59434 11 59689 12 59944 14 60199 15 60455 12 60710 13 60967 11 61223 11 61480 10 61737 7
52b267e20519174e3ce1e1994b5d677804b16bc670aa5f6ffb6344a0fdf63fde,60467 3 60723 4 60978 4 61234 4 61491 4 61747 4 62004 4 62260 5
52b267e20519174e3ce1e1994b5d677804b16bc670aa5f6ffb6344a0fdf63fde,59709 5 59964 7 60218 12 60471 16 60727 16 60982 18 61238 18 61495 17 61751 17 62008 16 62268 12 62524 12 62780 12 63037 10 63293 10 63550 8 63806 7 64063 5 64320 3
52b267e20519174e3ce1e1994b5d677804b16bc670aa5f6ffb6344a0fdf63fde,16684 5 16939 7 17195 7 17450 9 17706 9 17962 9 18217 10 18473 10 18729 10 18985 9 19242 8 19498 7 19756 4
52b267e20519174e3ce1e1994b5d677804b16bc670aa5f6ffb6344a0fdf63fde,28218 5 28471 9 28726 10 28981 12 29236 13 29491 13 29747 13 30002 13 30257 13 30513 12 30768 13 31024 12 31280 13 31536 13 31793 12 32049 9 32306 7 32565 3 32823 1
52b267e20519174e3ce1e1994b5d677804b16bc670aa5f6ffb6344a0fdf63fde,32058 3 32313 5 32568 7 32824 8 33079 10 33336 9 33592 10 33849 9 34106 8 34362 7 34619 6 34879 1
52b267e20519174e3ce1e1994b5d677804b16bc670aa5f6ffb6344a0fdf63fde,53813 3 54068 4 54323 6 54578 7 54834 6 55089 7 55345 7 55601 7 55857 6 56114 5 56370 4
52b267e20519174e3ce1e1994b5d677804b16bc670aa5f6ffb6344a0fdf63fde,34876 3 35129 6 35383 13 35638 15 35893 17 36149 17 36404 19 36660 19 36917 18 37173 17 37431 15 37688 13 37946 10 38207 3
52b267e20519174e3ce1e1994b5d677804b16bc670aa5f6ffb6344a0fdf63fde,42810 3 43066 4 43321 5 43577 6 43832 7 44087 8 44343 8 44598 8 44854 8 45111 6 45367 4
52b267e20519174e3ce1e1994b5d677804b16bc670aa5f6ffb6344a0fdf63fde,15167 3 15422 9 15677 12 15933 12 16188 14 16444 13 16700 13 16957 11 17213 10 17470 7 17728 3
52b267e20519174e3ce1e1994b5d677804b16bc670aa5f6ffb6344a0fdf63fde,25165 6 25418 9 25672 12 25926 14 26181 14 26437 14 26692 13 26949 10 27205 7
52b267e20519174e3ce1e1994b5d677804b16bc670aa5f6ffb6344a0fdf63fde,31307 5 31561 9 31816 10 32071 12 32326 13 32581 14 32837 13 33092 14 33348 13 33605 10 33861 8 34118 4
52b267e20519174e3ce1e1994b5d677804b16bc670aa5f6ffb6344a0fdf63fde,9290 5 9546 6 9801 8 10057 8 10314 8 10570 8 10827 7 11084 5 11342 3
52b267e20519174e3ce1e1994b5d677804b16bc670aa5f6ffb6344a0fdf63fde,14679 6 14935 9 14945 1 15190 13 15446 13 15701 16 15957 21 16213 21 16467 23 16721 25 16976 26 17230 28 17486 27 17741 28 17997 26 18253 24 18509 20 18765 19 19022 8 19031 8 19278 6 19290 3
52b267e20519174e3ce1e1994b5d677804b16bc670aa5f6ffb6344a0fdf63fde,10594 6 10848 9 11104 9 11359 11 11615 7 11872 4 12128 4 12385 2 12642 1
52b267e20519174e3ce1e1994b5d677804b16bc670aa5f6ffb6344a0fdf63fde,11622 4 11876 15 12132 16 12387 17 12643 18 12900 17 13156 17 13411 17 13667 17 13922 17 14178 16 14435 15 14690 15 14946 15 15203 13 15459 12 15717 8
52b267e20519174e3ce1e1994b5d677804b16bc670aa5f6ffb6344a0fdf63fde,40534 6 40788 9 41042 11 41297 13 41553 13 41808 9 42064 7 42320 6 42577 5 42833 4 43090 3
52b267e20519174e3ce1e1994b5d677804b16bc670aa5f6ffb6344a0fdf63fde,41567 2 41817 7 42071 9 42326 10 42582 11 42837 12 43093 13 43350 13 43606 13 43862 15 44118 8 44375 6 44631 4
52b267e20519174e3ce1e1994b5d677804b16bc670aa5f6ffb6344a0fdf63fde,40803 8 41058 10 41313 11 41569 12 41824 13 42080 13 42336 12 42593 11 42849 10 43106 8 43363 7 43619 3
52b267e20519174e3ce1e1994b5d677804b16bc670aa5f6ffb6344a0fdf63fde,12116 2 12371 4 12627 5 12883 5 13139 4 13396 2
52b267e20519174e3ce1e1994b5d677804b16bc670aa5f6ffb6344a0fdf63fde,1624 4 1878 8 2133 9 2389 8 2644 9 2901 7 3157 8 3414 7 3671 5
52b267e20519174e3ce1e1994b5d677804b16bc670aa5f6ffb6344a0fdf63fde,1633 8 1888 11 2142 13 2397 15 2653 14 2908 15 3165 13 3421 12 3678 9
52b267e20519174e3ce1e1994b5d677804b16bc670aa5f6ffb6344a0fdf63fde,55906 6 56161 8 56416 9 56672 10 56927 10 57183 10 57439 9 57696 8 57952 7 58210 4
52b267e20519174e3ce1e1994b5d677804b16bc670aa5f6ffb6344a0fdf63fde,30313 3 30567 7 30822 8 31077 10 31332 11 31587 12 31843 12 32098 12 32354 12 32610 11 32866 11 33121 11 33377 11 33633 10 33890 8 34146 7 34403 4
52b267e20519174e3ce1e1994b5d677804b16bc670aa5f6ffb6344a0fdf63fde,43623 4 43879 5 44134 6 44390 7 44646 7 44902 8 45158 8 45413 9 45668 10 45924 9 46179 10 46436 8 46692 7
52b267e20519174e3ce1e1994b5d677804b16bc670aa5f6ffb6344a0fdf63fde,4202 8 4456 12 4711 14 4966 16 5222 17 5477 18 5733 19 5988 20 6245 18 6501 18 6762 12 7021 8
52b267e20519174e3ce1e1994b5d677804b16bc670aa5f6ffb6344a0fdf63fde,20335 4 20588 9 20842 12 21097 13 21352 15 21608 15 21863 16 22119 18 22376 17 22631 19 22887 18 23142 19 23398 18 23654 18 23910 17 24167 15 24423 13 24681 10 24938 6
52b267e20519174e3ce1e1994b5d677804b16bc670aa5f6ffb6344a0fdf63fde,36470 7 36724 12 36980 13 37235 15 37491 15 37746 17 38002 16 38259 15 38515 13 38771 12 39027 12 39283 11 39539 10 39795 10 40051 9 40307 9 40564 7 40820 7 41077 5
52b267e20519174e3ce1e1994b5d677804b16bc670aa5f6ffb6344a0fdf63fde,24443 7 24697 10 24952 12 25207 13 25462 15 25717 16 25973 15 26228 16 26484 15 26739 16 26995 15 27251 14 27508 12 27764 11 28021 9 28278 6
52b267e20519174e3ce1e1994b5d677804b16bc670aa5f6ffb6344a0fdf63fde,50302 3 50556 7 50811 8 51067 9 51322 10 51578 9 51835 8 52091 6
52b267e20519174e3ce1e1994b5d677804b16bc670aa5f6ffb6344a0fdf63fde,10626 4 10880 8 11134 11 11389 13 11645 13 11900 16 12156 16 12413 16 12669 16 12926 14 13182 14 13439 12 13696 9 13953 6
52b267e20519174e3ce1e1994b5d677804b16bc670aa5f6ffb6344a0fdf63fde,62847 5 63102 12 63358 12 63613 14 63869 15 64125 16 64382 16 64638 16 64895 17 65150 18 65406 19
52b267e20519174e3ce1e1994b5d677804b16bc670aa5f6ffb6344a0fdf63fde,28290 5 28545 7 28800 8 29056 9 29311 10 29567 9 29824 8 30080 7 30337 6
52b267e20519174e3ce1e1994b5d677804b16bc670aa5f6ffb6344a0fdf63fde,39814 6 40069 8 40324 9 40579 10 40835 9 41090 10 41346 9 41602 9 41858 10 42114 10 42370 10 42627 6 42883 4
52b267e20519174e3ce1e1994b5d677804b16bc670aa5f6ffb6344a0fdf63fde,39316 5 39571 7 39825 9 40080 11 40333 14 40589 14 40844 15 41100 14 41355 15 41611 14 41868 13 42124 12 42382 10 42640 7
52b267e20519174e3ce1e1994b5d677804b16bc670aa5f6ffb6344a0fdf63fde,46468 5 46723 7 46979 7 47234 9 47490 9 47746 9 48002 8 48259 7 48515 6 48772 5
52b267e20519174e3ce1e1994b5d677804b16bc670aa5f6ffb6344a0fdf63fde,34441 2 34695 6 34951 6 35206 8 35462 8 35719 6 35976 4
52b267e20519174e3ce1e1994b5d677804b16bc670aa5f6ffb6344a0fdf63fde,50059 7 50314 9 50569 10 50825 9 51079 11 51335 10 51590 12 51846 12 52102 12 52358 12 52615 12 52871 13 53127 14 53381 16 53637 17 53892 17 54149 16 54405 8 54662 3 54920 1
52b267e20519174e3ce1e1994b5d677804b16bc670aa5f6ffb6344a0fdf63fde,54413 6 54665 12 54921 12 55176 14 55433 12 55689 13 55946 12 56202 11 56458 11 56715 8 56971 8 57228 6 57484 7 57742 4
52b267e20519174e3ce1e1994b5d677804b16bc670aa5f6ffb6344a0fdf63fde,50070 3 50325 6 50579 11 50834 13 51090 13 51345 15 51602 13 51858 13 52115 11 52371 10 52628 7
52b267e20519174e3ce1e1994b5d677804b16bc670aa5f6ffb6344a0fdf63fde,23954 4 24207 13 24462 14 24717 14 24973 14 25228 15 25484 15 25740 15 25996 16 26253 15 26509 15 26766 14 27021 15 27276 17 27531 18 27787 17 28042 18 28298 17 28555 16 28811 15 29068 13 29325 10 29584 4
52b267e20519174e3ce1e1994b5d677804b16bc670aa5f6ffb6344a0fdf63fde,23710 5 23966 6 24220 9 24476 9 24731 11 24987 11 25243 11 25499 11 25755 11 26012 10 26268 10 26524 10 26780 9 27036 9 27293 7 27549 6 27806 4
52b267e20519174e3ce1e1994b5d677804b16bc670aa5f6ffb6344a0fdf63fde,58252 7 58508 8 58763 10 59019 10 59276 10 59532 9 59789 8 60046 6
52b267e20519174e3ce1e1994b5d677804b16bc670aa5f6ffb6344a0fdf63fde,61072 3 61327 5 61582 7 61836 10 62092 10 62347 12 62604 11 62860 10 63117 9 63373 8 63629 7 63886 4 64142 4
52b267e20519174e3ce1e1994b5d677804b16bc670aa5f6ffb6344a0fdf63fde,16530 7 16785 8 16796 2 17040 14 17296 15 17551 16 17807 16 18062 16 18318 17 18573 19 18829 20 19086 19 19342 20 19598 20 19855 20 20111 20 20368 18 20625 4 20634 8 20891 6 21148 4
52b267e20519174e3ce1e1994b5d677804b16bc670aa5f6ffb6344a0fdf63fde,15001 4 15256 5 15512 6 15767 7 16024 6 16280 5 16537 4 16793 3
52b267e20519174e3ce1e1994b5d677804b16bc670aa5f6ffb6344a0fdf63fde,43924 5 44178 7 44433 7 44688 8 44943 10 45199 10 45454 12 45711 11 45967 11 46224 8 46481 4
52b267e20519174e3ce1e1994b5d677804b16bc670aa5f6ffb6344a0fdf63fde,43420 4 43675 7 43929 10 44185 10 44440 7 44696 6 44953 3 45209 3 45466 1 45722 1
52b267e20519174e3ce1e1994b5d677804b16bc670aa5f6ffb6344a0fdf63fde,44447 5 44702 6 44956 9 45212 8 45467 9 45723 8 45980 7 46236 7 46492 7 46749 6 47005 6 47262 5 47518 5 47775 4 48291 1
52b267e20519174e3ce1e1994b5d677804b16bc670aa5f6ffb6344a0fdf63fde,45220 7 45476 9 45731 11 45987 12 46243 13 46499 13 46755 14 47011 14 47267 13 47523 13 47779 12 48035 5 48041 5 48292 3 48548 3
52b267e20519174e3ce1e1994b5d677804b16bc670aa5f6ffb6344a0fdf63fde,61597 4 61851 7 62106 9 62361 10 62616 12 62871 13 63127 13 63382 14 63638 14 63894 13 64150 13 64402 3 64407 11 64658 16 64913 23 65169 23 65426 9 65437 12
52b267e20519174e3ce1e1994b5d677804b16bc670aa5f6ffb6344a0fdf63fde,56471 6 56723 10 56979 11 57234 11 57491 10 57747 9 58004 6
52b267e20519174e3ce1e1994b5d677804b16bc670aa5f6ffb6344a0fdf63fde,33177 4 33432 7 33687 8 33942 10 34197 11 34453 10 34708 11 34964 10 35219 10 35476 8 35732 7 35989 5
52b267e20519174e3ce1e1994b5d677804b16bc670aa5f6ffb6344a0fdf63fde,29341 8 29595 11 29848 15 30103 16 30359 17 30614 18 30870 17 31127 16 31383 15 31640 13
52b267e20519174e3ce1e1994b5d677804b16bc670aa5f6ffb6344a0fdf63fde,11678 5 11934 6 12189 8 12445 8 12700 10 12956 10 13212 10 13469 9 13725 9 13981 9 14237 9 14493 8 14749 8 15006 6 15262 4
52b267e20519174e3ce1e1994b5d677804b16bc670aa5f6ffb6344a0fdf63fde,36767 6 37023 8 37278 9 37534 10 37790 10 38045 11 38301 10 38558 9 38814 8 39071 5
52b267e20519174e3ce1e1994b5d677804b16bc670aa5f6ffb6344a0fdf63fde,7333 6 7586 11 7840 14 8096 15 8351 16 8607 17 8863 16 9119 16 9376 15 9632 15 9890 13 10148 11 10405 9 10661 9 10918 7 11175 4
52b267e20519174e3ce1e1994b5d677804b16bc670aa5f6ffb6344a0fdf63fde,55716 4 55971 7 56226 8 56482 9 56737 10 56993 10 57249 11 57505 11 57762 10 58018 10 58274 10 58531 5 58787 4 59044 3 59301 1
52b267e20519174e3ce1e1994b5d677804b16bc670aa5f6ffb6344a0fdf63fde,58536 4 58791 8 59047 11 59302 13 59559 13 59815 13 60070 15 60326 15 60582 16 60839 15 61095 15 61352 14 61609 12 61866 11 62123 9 62381 6
52b267e20519174e3ce1e1994b5d677804b16bc670aa5f6ffb6344a0fdf63fde,19885 4 20139 7 20395 8 20649 11 20904 12 21160 13 21415 14 21671 14 21927 13 22184 12 22440 11 22697 8
52b267e20519174e3ce1e1994b5d677804b16bc670aa5f6ffb6344a0fdf63fde,24490 7 24745 8 25000 10 25256 10 25511 10 25767 10 26024 9 26280 8 26537 7 26794 5
52b267e20519174e3ce1e1994b5d677804b16bc670aa5f6ffb6344a0fdf63fde,31916 5 32171 8 32426 9 32682 10 32937 11 33193 11 33448 12 33704 12 33959 13 34215 13 34471 13 34727 12 34983 12 35240 10 35496 10 35753 8 36009 7 36266 4
52b267e20519174e3ce1e1994b5d677804b16bc670aa5f6ffb6344a0fdf63fde,51891 5 52146 7 52402 8 52657 9 52913 10 53169 10 53425 10 53681 11 53937 11 54194 9 54450 9 54706 9 54962 9 55218 9 55474 8 55731 7 55987 6 56245 3
52b267e20519174e3ce1e1994b5d677804b16bc670aa5f6ffb6344a0fdf63fde,32441 4 32695 7 32951 8 33206 9 33462 12 33717 13 33973 14 34229 14 34485 13 34741 13 34997 12 35252 12 35507 13 35763 12 36018 12 36275 10 36531 9 36789 4
52b267e20519174e3ce1e1994b5d677804b16bc670aa5f6ffb6344a0fdf63fde,39351 1 39605 3 39860 3 40115 4 40371 5 40626 6 40883 6 41139 8
52b267e20519174e3ce1e1994b5d677804b16bc670aa5f6ffb6344a0fdf63fde,38846 3 39097 8 39352 10 39608 10 39863 11 40119 10 40376 9 40632 7 40889 6
52b267e20519174e3ce1e1994b5d677804b16bc670aa5f6ffb6344a0fdf63fde,185 12 441 13 696 14 952 13 1208 13 1464 12 1720 12 1976 13 2233 12 2489 13 2746 12 3002 11 3259 10 3516 8 3773 6
52b267e20519174e3ce1e1994b5d677804b16bc670aa5f6ffb6344a0fdf63fde,25284 6 25533 3 25538 9 25787 16 26042 18 26298 18 26553 18 26809 18 27065 17 27321 15 27577 14 27834 12 28090 11 28347 8 28605 3
52b267e20519174e3ce1e1994b5d677804b16bc670aa5f6ffb6344a0fdf63fde,46531 3 46787 4 47041 7 47293 11 47549 12 47803 14 48059 14 48314 15 48570 15 48826 15 49083 13 49339 13 49596 11 49853 10 50110 8 50367 6
52b267e20519174e3ce1e1994b5d677804b16bc670aa5f6ffb6344a0fdf63fde,60862 6 61117 9 61373 10 61628 12 61884 12 62140 13 62396 13 62652 14 62908 13 63165 12 63421 11 63678 10 63935 9 64192 9 64449 9 64705 10 64960 11 65216 12 65471 13
52b267e20519174e3ce1e1994b5d677804b16bc670aa5f6ffb6344a0fdf63fde,8899 5 9153 7 9409 5 9664 6 9920 5 10175 6 10431 5 10687 5 10944 3 11200 3 11457 2
52b267e20519174e3ce1e1994b5d677804b16bc670aa5f6ffb6344a0fdf63fde,9414 3 9670 6 9925 9 10181 9 10436 11 10692 10 10947 11 11203 10 11459 10 11716 8 11972 8 12229 6 12485 4
52b267e20519174e3ce1e1994b5d677804b16bc670aa5f6ffb6344a0fdf63fde,18373 4 18627 8 18881 10 19137 11 19392 12 19648 12 19905 10 20161 10 20418 8 20676 4
52b267e20519174e3ce1e1994b5d677804b16bc670aa5f6ffb6344a0fdf63fde,38089 7 38344 8 38600 7 38855 8 39110 10 39365 11 39620 13 39876 13 40131 13 40387 11 40644 9 40900 7
52b267e20519174e3ce1e1994b5d677804b16bc670aa5f6ffb6344a0fdf63fde,38096 6 38352 7 38607 8 38863 9 39120 8 39376 8 39633 6 39889 6
52b267e20519174e3ce1e1994b5d677804b16bc670aa5f6ffb6344a0fdf63fde,48590 5 48844 8 49099 9 49354 11 49609 11 49864 12 50120 11 50375 12 50631 11 50886 11 51142 10 51397 11 51653 10 51909 10 52166 8 52422 7 52679 5
52b267e20519174e3ce1e1994b5d677804b16bc670aa5f6ffb6344a0fdf63fde,40910 5 41165 7 41420 8 41676 9 41931 10 42187 10 42444 9 42700 9 42957 8 43214 6 43472 4
52b267e20519174e3ce1e1994b5d677804b16bc670aa5f6ffb6344a0fdf63fde,34000 4 34255 7 34510 9 34766 9 35021 11 35277 11 35534 10 35790 9 36048 7
52b267e20519174e3ce1e1994b5d677804b16bc670aa5f6ffb6344a0fdf63fde,54484 5 54737 10 54992 11 55248 12 55503 13 55759 13 56015 13 56271 13 56528 15 56784 15 57041 15 57297 15 57554 14 57811 14 58068 13 58328 9 58585 8 58842 7 59099 5 59356 4
52b267e20519174e3ce1e1994b5d677804b16bc670aa5f6ffb6344a0fdf63fde,20435 6 20689 9 20945 10 21200 12 21456 12 21712 13 21968 12 22225 11 22481 10 22738 9 22995 7 23253 5
52b267e20519174e3ce1e1994b5d677804b16bc670aa5f6ffb6344a0fdf63fde,8147 5 8402 4 8658 3 8913 4 9170 2 9426 2 9683 2
52b267e20519174e3ce1e1994b5d677804b16bc670aa5f6ffb6344a0fdf63fde,8406 6 8661 10 8917 10 9172 12 9428 12 9685 10 9941 10 10199 6
52b267e20519174e3ce1e1994b5d677804b16bc670aa5f6ffb6344a0fdf63fde,13273 6 13528 7 13783 9 14039 9 14294 10 14550 10 14806 10 15063 10 15319 10 15576 8 15837 3
52b267e20519174e3ce1e1994b5d677804b16bc670aa5f6ffb6344a0fdf63fde,26587 4 26842 6 27097 7 27352 9 27608 9 27863 10 28119 10 28375 10 28631 10 28887 10 29143 10 29400 9 29656 9 29913 7 30171 5
52b267e20519174e3ce1e1994b5d677804b16bc670aa5f6ffb6344a0fdf63fde,5084 4 5339 5 5594 7 5850 7 6106 7 6362 7 6618 7 6875 5
52b267e20519174e3ce1e1994b5d677804b16bc670aa5f6ffb6344a0fdf63fde,49886 2 50141 3 50396 4 50651 4 50906 6 51162 7 51418 7 51675 5 51932 2
52b267e20519174e3ce1e1994b5d677804b16bc670aa5f6ffb6344a0fdf63fde,220 5 476 4 731 5 988 4 1244 5 1501 4 1757 4 2014 3 2271 2
52b267e20519174e3ce1e1994b5d677804b16bc670aa5f6ffb6344a0fdf63fde,16347 4 16603 4 16858 6 17114 6 17369 7 17625 7 17881 7 18137 7 18394 7 18650 7 18907 5 19163 5
53df5150ee56253fe5bc91a9230d377bb21f1300f443ba45a758bcb01a15c0e4,60676 5 60929 10 61185 12 61441 13 61697 14 61953 15 62209 16 62465 17 62721 18 62977 18 63233 19 63489 19 63745 20 64001 20 64257 21 64513 21 64770 20 65026 21 65283 19
53df5150ee56253fe5bc91a9230d377bb21f1300f443ba45a758bcb01a15c0e4,21766 6 22020 9 22276 9 22531 11 22786 12 23042 12 23297 13 23553 12 23810 11 24066 10 24323 8 24580 6 24837 4
53df5150ee56253fe5bc91a9230d377bb21f1300f443ba45a758bcb01a15c0e4,12844 6 13099 8 13355 9 13610 11 13866 12 14122 13 14379 13 14635 13 14892 13 15149 12 15405 12 15663 10 15920 8 16177 7 16435 3
53df5150ee56253fe5bc91a9230d377bb21f1300f443ba45a758bcb01a15c0e4,33864 4 34119 6 34373 9 34628 10 34884 11 35139 12 35395 12 35650 12 35906 12 36162 11 36419 9 36675 9 36932 7 37189 4
53df5150ee56253fe5bc91a9230d377bb21f1300f443ba45a758bcb01a15c0e4,21091 4 21345 8 21600 10 21856 12 22111 14 22367 14 22623 15 22879 15 23136 14 23392 15 23649 13 23905 13 24162 11 24420 9 24677 7 24935 3
53df5150ee56253fe5bc91a9230d377bb21f1300f443ba45a758bcb01a15c0e4,12405 4 12660 7 12915 9 13171 10 13426 12 13682 12 13938 13 14195 12 14451 12 14708 11 14965 9 15222 8 15480 5
53df5150ee56253fe5bc91a9230d377bb21f1300f443ba45a758bcb01a15c0e4,50575 4 50829 8 51085 9 51340 11 51596 11 51851 13 52107 13 52363 13 52619 13 52874 15 53130 15 53386 15 53642 15 53898 15 54154 15 54410 14 54666 14 54922 14 55179 13 55435 12 55692 11 55948 10 56205 8 56462 6
53df5150ee56253fe5bc91a9230d377bb21f1300f443ba45a758bcb01a15c0e4,30099 6 30354 8 30610 8 30865 10 31121 10 31376 11 31632 11 31888 11 32144 11 32400 10 32656 10 32913 8 33169 7
53df5150ee56253fe5bc91a9230d377bb21f1300f443ba45a758bcb01a15c0e4,1698 3 1952 7 2207 10 2462 13 2718 14 2973 16 3229 17 3485 18 3741 19 3998 18 4254 19 4511 18 4768 16 5026 14 5284 11 5542 8
53df5150ee56253fe5bc91a9230d377bb21f1300f443ba45a758bcb01a15c0e4,28326 6 28581 9 28836 10 29092 11 29347 13 29603 14 29859 14 30115 15 30371 15 30628 14 30884 14 31141 12 31397 12 31654 10 31911 8 32167 7 32425 5
53df5150ee56253fe5bc91a9230d377bb21f1300f443ba45a758bcb01a15c0e4,19922 6 20177 8 20432 10 20688 11 20943 12 21199 13 21455 13 21711 13 21966 14 22222 15 22479 14 22735 14 22991 14 23248 13 23504 12 23761 11 24017 10 24275 8 24532 5
53df5150ee56253fe5bc91a9230d377bb21f1300f443ba45a758bcb01a15c0e4,213 11 468 13 724 14 980 15 1235 16 1491 17 1747 17 2003 17 2259 17 2516 16 2772 17 3028 17 3285 16 3541 15 3798 14 4055 12 4313 9 4573 3
53df5150ee56253fe5bc91a9230d377bb21f1300f443ba45a758bcb01a15c0e4,53987 5 54242 7 54497 10 54752 12 55007 14 55263 15 55518 17 55775 17 56031 17 56287 18 56544 18 56800 19 57057 18 57313 19 57570 18 57827 17 58084 16 58341 15 58598 14 58855 13 59112 11 59369 10 59627 7 59884 4
550450e4bff4036fd671decdc5d42fec23578198d6a2fd79179c4368b9d6da18,20225 6 20481 7 20737 8 20993 9 21249 9 21505 10 21761 10 22017 10 22273 10 22529 9 22785 9 23041 8 23297 6
550450e4bff4036fd671decdc5d42fec23578198d6a2fd79179c4368b9d6da18,2 7 258 8 514 1 517 5 772 5 1027 4
550450e4bff4036fd671decdc5d42fec23578198d6a2fd79179c4368b9d6da18,8195 6 8450 8 8706 9 8961 11 9217 11 9473 12 9730 11 9986 11 10242 12 10498 12 10754 13 11010 12 11266 12 11522 11 11777 12 12033 12 12289 11 12546 10 12802 9 13059 6
550450e4bff4036fd671decdc5d42fec23578198d6a2fd79179c4368b9d6da18,43525 3 43780 4 44036 4 44291 6 44547 6 44802 8 45058 8 45315 8 45571 8 45828 8 46085 4
550450e4bff4036fd671decdc5d42fec23578198d6a2fd79179c4368b9d6da18,41999 3 42252 5 42507 6 42762 8 43017 9 43273 10 43528 12 43784 14 44040 12 44297 9 44553 8 44810 7 45066 6 45323 5 45579 3
550450e4bff4036fd671decdc5d42fec23578198d6a2fd79179c4368b9d6da18,41237 4 41492 7 41746 9 42002 10 42257 11 42513 10 42770 9 43026 8 43283 6 43540 4
550450e4bff4036fd671decdc5d42fec23578198d6a2fd79179c4368b9d6da18,30988 2 31239 8 31493 11 31749 11 32004 13 32261 11 32517 11 32774 9 33030 8 33287 6 33543 5
550450e4bff4036fd671decdc5d42fec23578198d6a2fd79179c4368b9d6da18,27914 6 28169 8 28424 10 28679 11 28934 13 29190 12 29445 13 29701 12 29958 10 30214 9 30471 6 30729 3 30985 3
550450e4bff4036fd671decdc5d42fec23578198d6a2fd79179c4368b9d6da18,38922 4 39176 8 39431 9 39687 10 39942 11 40199 9 40455 9 40712 7
550450e4bff4036fd671decdc5d42fec23578198d6a2fd79179c4368b9d6da18,48136 5 48391 8 48647 9 48902 11 49158 11 49414 12 49671 11 49927 11 50184 9 50441 8 50699 4
550450e4bff4036fd671decdc5d42fec23578198d6a2fd79179c4368b9d6da18,58378 6 58633 8 58888 9 59143 11 59399 11 59654 11 59910 11 60167 9 60423 8 60680 6
550450e4bff4036fd671decdc5d42fec23578198d6a2fd79179c4368b9d6da18,23053 3 23309 5 23564 7 23820 7 24077 7 24333 7 24589 9 24843 10 25098 11 25354 11 25609 12 25866 12 26122 12 26379 13 26636 11 26894 4
550450e4bff4036fd671decdc5d42fec23578198d6a2fd79179c4368b9d6da18,20499 6 20754 8 21009 9 21265 10 21520 11 21776 11 22031 9 22288 7 22544 7 22801 5 23058 4
550450e4bff4036fd671decdc5d42fec23578198d6a2fd79179c4368b9d6da18,24342 2 24598 2 24853 6 24864 2 25109 13 25365 12 25621 12 25878 10 26134 3 26141 1
550450e4bff4036fd671decdc5d42fec23578198d6a2fd79179c4368b9d6da18,20254 1 20510 1 20765 3 20771 1 21021 7 21277 8 21533 8 21788 9 22040 14 22295 15 22551 15 22806 16 23062 15 23319 14 23575 13 23831 13 24087 11 24344 9 24600 9 24859 5
550450e4bff4036fd671decdc5d42fec23578198d6a2fd79179c4368b9d6da18,15140 6 15395 8 15650 9 15905 11 16161 11 16416 12 16672 12 16928 11 17184 11 17441 1 17697 1
550450e4bff4036fd671decdc5d42fec23578198d6a2fd79179c4368b9d6da18,17442 8 17698 8 17953 10 18209 10 18465 11 18720 12 18975 13 19231 12 19486 13 19742 12 19998 10 20255 5 20511 4 20768 3
550450e4bff4036fd671decdc5d42fec23578198d6a2fd79179c4368b9d6da18,51468 7 51724 7 51979 9 52235 9 52491 8 52747 8 53002 9 53258 10 53514 10 53770 10 54026 1 54034 2 54282 1
550450e4bff4036fd671decdc5d42fec23578198d6a2fd79179c4368b9d6da18,54027 7 54283 8 54538 9 54794 10 55050 10 55305 11 55561 11 55818 10 56074 10 56331 8 56587 9 56843 9 57099 9 57356 7 57612 7
550450e4bff4036fd671decdc5d42fec23578198d6a2fd79179c4368b9d6da18,16913 5 17168 7 17423 10 17678 11 17933 13 18187 15 18443 15 18698 16 18955 14 19211 14 19468 12 19726 8
550450e4bff4036fd671decdc5d42fec23578198d6a2fd79179c4368b9d6da18,1805 10 2060 13 2316 13 2571 15 2827 15 3084 15 3340 14 3597 13 3854 11 4111 9 4369 5
550450e4bff4036fd671decdc5d42fec23578198d6a2fd79179c4368b9d6da18,36109 5 36364 8 36620 9 36875 10 37131 11 37387 10 37644 9 37900 8 38157 6
550450e4bff4036fd671decdc5d42fec23578198d6a2fd79179c4368b9d6da18,17 9 273 10 530 9 786 8 1044 4
550450e4bff4036fd671decdc5d42fec23578198d6a2fd79179c4368b9d6da18,6929 4 7185 7 7440 9 7696 10 7953 10 8209 11 8465 11 8720 13 8976 13 9231 15 9487 15 9743 15 10000 14 10256 2 10268 2 10524 1
550450e4bff4036fd671decdc5d42fec23578198d6a2fd79179c4368b9d6da18,10258 10 10513 11 10769 12 11024 13 11280 14 11535 15 11791 15 12047 15 12304 14 12560 13 12816 13 13073 11 13329 10 13584 10 13840 10 14096 9 14353 6 14609 3
550450e4bff4036fd671decdc5d42fec23578198d6a2fd79179c4368b9d6da18,46614 2 46870 2 47125 4 47381 10 47636 11 47893 11 48149 11 48406 9 48662 9 48919 7 49175 7 49432 7 49689 3
550450e4bff4036fd671decdc5d42fec23578198d6a2fd79179c4368b9d6da18,44570 7 44824 10 45080 10 45335 12 45591 12 45847 11 46103 11 46359 10 46616 7 46872 6 47129 5
550450e4bff4036fd671decdc5d42fec23578198d6a2fd79179c4368b9d6da18,47652 3 47906 6 48161 8 48415 10 48671 11 48926 11 49182 11 49439 9 49695 8 49952 6 50210 3
550450e4bff4036fd671decdc5d42fec23578198d6a2fd79179c4368b9d6da18,59416 4 59671 6 59927 6 60182 8 60438 9 60693 10 60949 11 61204 12 61460 11 61717 10 61973 3 62230 2
550450e4bff4036fd671decdc5d42fec23578198d6a2fd79179c4368b9d6da18,61976 6 62232 6 62487 10 62743 11 62999 12 63255 12 63511 13 63768 11 64024 11 64281 9 64539 5
550450e4bff4036fd671decdc5d42fec23578198d6a2fd79179c4368b9d6da18,37147 4 37401 9 37656 11 37911 13 38166 14 38422 15 38677 16 38933 16 39189 17 39446 15 39702 15 39959 13 40216 12 40473 8
550450e4bff4036fd671decdc5d42fec23578198d6a2fd79179c4368b9d6da18,26137 4 26393 4 26647 8 26903 9 27158 11 27414 12 27671 11 27927 12 28184 10 28441 9 28698 6
550450e4bff4036fd671decdc5d42fec23578198d6a2fd79179c4368b9d6da18,34073 4 34328 8 34583 10 34839 11 35094 12 35351 12 35607 12 35864 10 36121 9 36378 7
550450e4bff4036fd671decdc5d42fec23578198d6a2fd79179c4368b9d6da18,29 6 284 7 540 7 797 5 1053 6 1310 6 1566 11 1822 12 2079 12 2335 12 2592 12 2848 12 3105 10 3361 1 3369 2 3625 1
550450e4bff4036fd671decdc5d42fec23578198d6a2fd79179c4368b9d6da18,3362 7 3617 8 3873 9 4128 10 4384 11 4640 11 4896 12 5153 11 5409 11 5666 10 5922 9 6179 8 6437 4
550450e4bff4036fd671decdc5d42fec23578198d6a2fd79179c4368b9d6da18,58913 5 59168 7 59424 8 59679 9 59935 10 60192 9 60448 10 60705 8 60962 7 61219 5
550450e4bff4036fd671decdc5d42fec23578198d6a2fd79179c4368b9d6da18,7459 5 7714 8 7970 9 8225 11 8481 11 8736 13 8992 13 9249 12 9505 12 9762 10 10018 10 10275 8 10533 3
550450e4bff4036fd671decdc5d42fec23578198d6a2fd79179c4368b9d6da18,11044 6 11299 8 11554 10 11810 10 12065 12 12321 12 12576 13 12832 12 13089 11 13345 10 13602 8 13859 6
550450e4bff4036fd671decdc5d42fec23578198d6a2fd79179c4368b9d6da18,25126 4 25378 10 25634 11 25889 13 26145 13 26401 14 26658 12 26914 12 27171 10 27427 9 27686 4
550450e4bff4036fd671decdc5d42fec23578198d6a2fd79179c4368b9d6da18,32550 5 32804 8 33059 10 33315 10 33570 12 33826 12 34082 12 34338 11 34595 10 34851 9 35108 7 35365 5
550450e4bff4036fd671decdc5d42fec23578198d6a2fd79179c4368b9d6da18,35883 4 36136 8 36391 10 36646 11 36902 11 37157 11 37413 11 37670 9 37926 7 38183 4
550450e4bff4036fd671decdc5d42fec23578198d6a2fd79179c4368b9d6da18,27951 4 28205 8 28460 9 28715 11 28971 11 29226 11 29482 11 29737 11 29993 11 30249 10 30506 9 30762 8 31019 7 31276 5
550450e4bff4036fd671decdc5d42fec23578198d6a2fd79179c4368b9d6da18,38955 5 39211 6 39466 8 39722 11 39978 12 40233 15 40489 15 40746 15 41002 15 41261 11 41518 10 41774 9 42032 4
550450e4bff4036fd671decdc5d42fec23578198d6a2fd79179c4368b9d6da18,48 5 304 5 561 4 818 3 1076 1
550450e4bff4036fd671decdc5d42fec23578198d6a2fd79179c4368b9d6da18,53 6 309 7 565 6 821 6 1077 5
550450e4bff4036fd671decdc5d42fec23578198d6a2fd79179c4368b9d6da18,32829 3 33082 6 33338 8 33590 13 33845 17 34100 19 34354 20 34607 23 34863 22 35118 22 35374 22 35631 21 35887 22 36146 18 36407 13 36664 11 36921 9 37178 6
550450e4bff4036fd671decdc5d42fec23578198d6a2fd79179c4368b9d6da18,28481 3 28735 3 28990 4 29245 4 29501 4 29756 5 30013 4 30269 5 30526 4 30783 3
550450e4bff4036fd671decdc5d42fec23578198d6a2fd79179c4368b9d6da18,28738 5 28994 6 29249 8 29505 9 29761 10 30017 11 30274 10 30530 11 30787 10 31043 10 31298 10 31554 8 31809 9 32064 9 32320 9 32575 9 32832 8 33088 8 33346 6 33603 4
550450e4bff4036fd671decdc5d42fec23578198d6a2fd79179c4368b9d6da18,31310 1 31562 6 31818 7 32073 9 32329 14 32584 15 32840 15 33096 14 33353 13 33609 12 33866 10
550450e4bff4036fd671decdc5d42fec23578198d6a2fd79179c4368b9d6da18,27988 5 28243 8 28498 10 28753 12 29008 13 29264 14 29519 14 29775 14 30031 13 30286 13 30542 12 30798 11 31055 10 31311 9 31568 8 31825 5 32082 4
550450e4bff4036fd671decdc5d42fec23578198d6a2fd79179c4368b9d6da18,3892 4 4146 7 4401 9 4657 10 4912 11 5168 12 5424 9 5681 8 5937 7 6194 6 6451 5
550450e4bff4036fd671decdc5d42fec23578198d6a2fd79179c4368b9d6da18,10292 3 10548 3 10803 3 11060 3 11316 3
550450e4bff4036fd671decdc5d42fec23578198d6a2fd79179c4368b9d6da18,4161 4 4416 7 4671 10 4926 13 5182 13 5433 19 5689 19 5944 19 6200 19 6456 18 6713 17 6969 15 7226 3 7483 2
550450e4bff4036fd671decdc5d42fec23578198d6a2fd79179c4368b9d6da18,13883 2 14139 2 14394 13 14650 15 14905 17 15161 18 15419 16 15675 17 15932 16 16190 13 16446 13 16703 11 16959 9 17216 5
550450e4bff4036fd671decdc5d42fec23578198d6a2fd79179c4368b9d6da18,7229 10 7485 10 7740 15 7996 15 8252 16 8507 17 8763 17 9019 17 9275 17 9531 13 9786 13 10041 13 10295 14 10551 4 10806 5 11063 3 11319 3 11577 1
550450e4bff4036fd671decdc5d42fec23578198d6a2fd79179c4368b9d6da18,10555 10 10811 8 11066 11 11322 11 11578 12 11835 12 12091 13 12347 17 12602 18 12859 17 13115 17 13372 15 13628 15 13885 12 14141 10
550450e4bff4036fd671decdc5d42fec23578198d6a2fd79179c4368b9d6da18,9544 6 9799 8 10054 9 10309 11 10567 9 10822 10 11077 1 11079 9 11333 11 11590 9 11847 8 12104 6
550450e4bff4036fd671decdc5d42fec23578198d6a2fd79179c4368b9d6da18,15155 4 15410 9 15666 9 15921 11 16177 11 16432 11 16688 11 16945 9 17201 9 17458 7 17716 3
550450e4bff4036fd671decdc5d42fec23578198d6a2fd79179c4368b9d6da18,20531 7 20786 9 21041 10 21297 11 21552 12 21808 12 22064 11 22321 10 22577 9 22834 6
550450e4bff4036fd671decdc5d42fec23578198d6a2fd79179c4368b9d6da18,37429 4 37685 6 37940 8 38196 9 38452 10 38709 9 38965 10 39222 9 39479 7 39736 6 39993 4
550450e4bff4036fd671decdc5d42fec23578198d6a2fd79179c4368b9d6da18,63 10 318 12 575 10 833 4
550450e4bff4036fd671decdc5d42fec23578198d6a2fd79179c4368b9d6da18,20801 7 21055 11 21311 12 21325 4 21566 20 21822 20 22078 21 22335 20 22591 20 22848 18 23106 16 23364 13 23620 12 23875 12 24131 11 24388 8 24644 6
550450e4bff4036fd671decdc5d42fec23578198d6a2fd79179c4368b9d6da18,37955 3 38210 5 38465 6 38720 8 38976 11 39231 11 39487 11 39744 9 40000 8
550450e4bff4036fd671decdc5d42fec23578198d6a2fd79179c4368b9d6da18,34634 6 34889 9 35144 11 35400 11 35655 13 35911 13 36167 13 36422 13 36678 13 36933 14 37189 11 37445 11 37702 9 37958 9 38215 8 38471 4 38728 3
550450e4bff4036fd671decdc5d42fec23578198d6a2fd79179c4368b9d6da18,36950 5 37200 12 37456 14 37711 17 37967 17 38224 17 38480 15 38736 14 38992 14 39249 12 39505 12 39762 11 40019 10 40276 9 40532 9 40788 9 41044 9 41300 9 41557 8 41813 7 42070 6 42327 4
550450e4bff4036fd671decdc5d42fec23578198d6a2fd79179c4368b9d6da18,37990 6 38246 6 38495 14 38750 15 39006 14 39261 15 39517 14 39773 13 40029 13 40285 13 40541 13 40798 12 41054 11 41311 10 41567 9 41824 7 42081 4
550450e4bff4036fd671decdc5d42fec23578198d6a2fd79179c4368b9d6da18,40776 4 41029 9 41285 10 41540 11 41796 12 42052 12 42309 11 42565 10 42823 8 43080 6
550450e4bff4036fd671decdc5d42fec23578198d6a2fd79179c4368b9d6da18,46922 2 47174 1 47176 6 47432 6 47689 6 47946 5 48202 4 48459 3
550450e4bff4036fd671decdc5d42fec23578198d6a2fd79179c4368b9d6da18,24917 3 25172 5 25427 7 25683 8 25938 9 26194 10 26451 9 26707 8 26964 7 27221 5
550450e4bff4036fd671decdc5d42fec23578198d6a2fd79179c4368b9d6da18,2390 5 2645 9 2901 11 3156 14 3412 14 3668 15 3924 15 4180 14 4435 15 4691 12 4947 10 5204 9 5460 9 5717 8 5975 5 6232 4
550450e4bff4036fd671decdc5d42fec23578198d6a2fd79179c4368b9d6da18,15447 5 15702 6 15957 8 16212 9 16468 9 16723 10 16979 14 17235 15 17492 14 17748 15 18004 14 18260 14 18516 13 18773 10 19029 8
550450e4bff4036fd671decdc5d42fec23578198d6a2fd79179c4368b9d6da18,42590 6 42844 9 43098 13 43353 12 43608 13 43864 12 44119 13 44375 13 44631 13 44886 14 45142 14 45398 14 45655 13 45911 13 46168 12 46426 8 46683 6
550450e4bff4036fd671decdc5d42fec23578198d6a2fd79179c4368b9d6da18,43113 4 43365 10 43621 11 43876 12 44132 13 44388 13 44644 13 44900 13 45156 13 45412 8 45668 6 45924 6 46181 4 46437 4
550450e4bff4036fd671decdc5d42fec23578198d6a2fd79179c4368b9d6da18,45420 5 45674 10 45930 12 46185 14 46442 14 46697 16 46953 14 47208 15 47464 14 47719 15 47975 15 48231 15 48487 14 48743 14 49000 12 49256 12 49513 11 49771 8
550450e4bff4036fd671decdc5d42fec23578198d6a2fd79179c4368b9d6da18,46967 3 47223 9 47478 11 47734 12 47990 12 48246 13 48501 14 48757 13 49012 14 49268 13 49524 13 49781 12 50037 11 50294 9 50550 7 50808 3
550450e4bff4036fd671decdc5d42fec23578198d6a2fd79179c4368b9d6da18,62300 4 62555 6 62809 10 63064 13 63080 1 63319 14 63336 1 63575 13 63830 14 64086 14 64342 14 64599 14 64616 2 64625 1 64855 14 64872 2 65112 25 65368 24
550450e4bff4036fd671decdc5d42fec23578198d6a2fd79179c4368b9d6da18,59488 3 59743 6 59999 7 60254 8 60510 8 60765 9 61022 7 61278 8 61535 7 61792 6 62050 3
550450e4bff4036fd671decdc5d42fec23578198d6a2fd79179c4368b9d6da18,63077 3 63333 3 63588 5 63844 5 64100 5 64356 5 64613 3 64869 3
550450e4bff4036fd671decdc5d42fec23578198d6a2fd79179c4368b9d6da18,63337 1 63593 1 63849 3 64105 8 64361 9 64618 7 64874 7
550450e4bff4036fd671decdc5d42fec23578198d6a2fd79179c4368b9d6da18,59243 6 59498 9 59753 11 60008 12 60263 13 60518 15 60774 15 61029 17 61286 17 61542 17 61800 16 62056 16 62313 17 62569 16 62826 13 63081 13 63338 11 63594 10 63852 5
550450e4bff4036fd671decdc5d42fec23578198d6a2fd79179c4368b9d6da18,58487 5 58742 8 58998 9 59253 11 59509 12 59764 13 60020 13 60276 14 60533 13 60789 14 61046 13 61303 11 61559 11 61816 9 62072 3
550450e4bff4036fd671decdc5d42fec23578198d6a2fd79179c4368b9d6da18,7003 5 7257 9 7512 11 7768 11 8023 13 8279 13 8535 13 8791 12 9048 11 9304 10 9561 8 9819 5
550450e4bff4036fd671decdc5d42fec23578198d6a2fd79179c4368b9d6da18,11866 7 12121 9 12376 11 12632 11 12887 13 13143 13 13399 13 13656 12 13912 11 14169 10 14426 7 14684 3
550450e4bff4036fd671decdc5d42fec23578198d6a2fd79179c4368b9d6da18,89 6 344 7 600 8 856 8 1112 8 1369 6 1625 6 1882 6 2139 4
550450e4bff4036fd671decdc5d42fec23578198d6a2fd79179c4368b9d6da18,95 1 97 12 351 14 608 12 864 2 867 9 1120 11 1375 12 1631 13 1888 12 2144 11 2401 10 2657 9 2914 6
550450e4bff4036fd671decdc5d42fec23578198d6a2fd79179c4368b9d6da18,19546 4 19801 5 20057 4 20312 5 20568 6 20824 6 21081 6 21337 6 21594 5
550450e4bff4036fd671decdc5d42fec23578198d6a2fd79179c4368b9d6da18,18786 7 19041 9 19296 11 19550 13 19806 14 20061 15 20317 14 20574 13 20830 7 21087 2 21343 2
550450e4bff4036fd671decdc5d42fec23578198d6a2fd79179c4368b9d6da18,23649 1 23904 2 24159 4 24414 5 24670 8 24925 13 25182 11 25438 11 25695 9 25952 6
550450e4bff4036fd671decdc5d42fec23578198d6a2fd79179c4368b9d6da18,20837 7 21089 13 21345 13 21600 15 21856 15 22113 15 22369 16 22626 16 22882 16 23139 16 23395 15 23650 16 23906 15 24163 12 24419 9 24678 5
550450e4bff4036fd671decdc5d42fec23578198d6a2fd79179c4368b9d6da18,55647 4 55902 6 56155 11 56411 12 56666 13 56923 13 57179 13 57436 11 57692 11 57949 9 58206 7
550450e4bff4036fd671decdc5d42fec23578198d6a2fd79179c4368b9d6da18,51038 7 51293 9 51548 11 51804 11 52059 13 52315 13 52572 11 52828 11 53085 9 53342 6
550450e4bff4036fd671decdc5d42fec23578198d6a2fd79179c4368b9d6da18,47201 5 47456 6 47710 9 47966 9 48221 10 48477 10 48734 8 48990 8 49247 6 49503 6
550450e4bff4036fd671decdc5d42fec23578198d6a2fd79179c4368b9d6da18,26470 3 26723 8 26978 10 27232 12 27487 14 27743 14 27998 14 28255 13 28511 11 28768 9
550450e4bff4036fd671decdc5d42fec23578198d6a2fd79179c4368b9d6da18,35680 6 35935 8 36191 8 36446 10 36702 10 36958 10 37215 8 37471 8 37728 5 37984 4
550450e4bff4036fd671decdc5d42fec23578198d6a2fd79179c4368b9d6da18,31331 4 31586 9 31840 13 32096 14 32351 16 32608 14 32864 14 33123 10 33379 10 33635 9 33891 9 34147 10 34404 9 34660 9 34917 7
550450e4bff4036fd671decdc5d42fec23578198d6a2fd79179c4368b9d6da18,32368 6 32622 10 32878 10 33133 12 33389 11 33644 12 33900 11 34157 10 34413 9 34670 6 34927 4
550450e4bff4036fd671decdc5d42fec23578198d6a2fd79179c4368b9d6da18,3943 5 4198 6 4453 6 4709 6 4964 7 5220 7 5477 6 5733 7 5990 6 6248 4
550450e4bff4036fd671decdc5d42fec23578198d6a2fd79179c4368b9d6da18,3695 1 3948 4 4204 3 4459 4 4715 4 4971 4 5227 4 5483 4 5740 4 5996 4
550450e4bff4036fd671decdc5d42fec23578198d6a2fd79179c4368b9d6da18,3696 6 3952 5 4207 6 4463 7 4719 7 4975 8 5231 10 5487 10 5744 8 6000 6
550450e4bff4036fd671decdc5d42fec23578198d6a2fd79179c4368b9d6da18,1402 4 1658 4 1913 7 2168 10 2424 11 2679 13 2935 13 3191 14 3446 15 3702 15 3957 15 4213 15 4470 8 4482 1 4726 6 4983 4
550450e4bff4036fd671decdc5d42fec23578198d6a2fd79179c4368b9d6da18,4478 4 4732 6 4987 8 5243 9 5498 11 5754 11 6009 13 6265 13 6521 13 6777 12 7033 12 7290 10 7546 9 7803 8 8060 5
550450e4bff4036fd671decdc5d42fec23578198d6a2fd79179c4368b9d6da18,8551 3 8806 5 9061 7 9317 7 9572 9 9828 9 10084 8 10340 2 10346 2 10596 1
550450e4bff4036fd671decdc5d42fec23578198d6a2fd79179c4368b9d6da18,10342 4 10597 6 10853 6 11108 8 11364 8 11620 9 11876 9 12132 9 12389 7 12645 7 12902 5 13158 5
550450e4bff4036fd671decdc5d42fec23578198d6a2fd79179c4368b9d6da18,15463 6 15717 8 15973 7 16228 8 16484 8 16740 7 16997 6 17253 6 17510 6 17767 5
550450e4bff4036fd671decdc5d42fec23578198d6a2fd79179c4368b9d6da18,15469 8 15725 10 15980 11 16236 12 16492 12 16747 11 17003 11 17259 10 17516 9 17772 10 18031 6
550450e4bff4036fd671decdc5d42fec23578198d6a2fd79179c4368b9d6da18,16506 2 16758 6 17014 7 17269 14 17525 15 17782 14 18038 15 18295 14 18551 14 18807 13 19064 12 19320 11 19577 8 19835 5 20091 4 20348 3
550450e4bff4036fd671decdc5d42fec23578198d6a2fd79179c4368b9d6da18,13692 5 13947 8 14202 10 14458 10 14713 12 14969 12 15225 13 15482 12 15738 11 15995 10 16251 9 16508 7 16764 6 17021 5
550450e4bff4036fd671decdc5d42fec23578198d6a2fd79179c4368b9d6da18,25193 3 25449 2 25704 3 25960 2 26217 2 26473 2
550450e4bff4036fd671decdc5d42fec23578198d6a2fd79179c4368b9d6da18,24434 5 24688 7 24942 10 25196 12 25451 14 25707 13 25962 14 26219 12 26475 10 26734 4
550450e4bff4036fd671decdc5d42fec23578198d6a2fd79179c4368b9d6da18,52592 3 52846 6 53098 16 53353 17 53609 18 53864 18 54120 18 54376 17 54632 16 54888 17 55144 18 55400 18 55657 18 55913 17 56171 15 56430 6 56688 3
550450e4bff4036fd671decdc5d42fec23578198d6a2fd79179c4368b9d6da18,40301 6 40554 10 40810 11 41065 12 41322 12 41578 11 41835 10 42091 9 42348 7
550450e4bff4036fd671decdc5d42fec23578198d6a2fd79179c4368b9d6da18,12656 4 12911 7 13167 8 13422 9 13678 10 13935 9 14191 8 14448 7
550450e4bff4036fd671decdc5d42fec23578198d6a2fd79179c4368b9d6da18,7026 4 7280 7 7536 7 7791 9 8047 9 8303 8 8559 8 8816 5 9072 4
550450e4bff4036fd671decdc5d42fec23578198d6a2fd79179c4368b9d6da18,35443 4 35698 6 35954 6 36209 8 36465 8 36721 9 36978 8 37234 9 37490 10 37746 11 38001 12 38257 13 38513 13 38769 13 39025 13 39282 11 39538 11 39795 10 40051 9 40309 7 40566 4
550450e4bff4036fd671decdc5d42fec23578198d6a2fd79179c4368b9d6da18,21877 2 22132 5 22388 5 22642 1 22644 5 22898 1 22900 5 23157 2
550450e4bff4036fd671decdc5d42fec23578198d6a2fd79179c4368b9d6da18,8830 3 9084 7 9339 10 9595 10 9850 12 10107 11 10363 11 10618 11 10874 11 11129 12 11386 12 11642 12 11898 11 12155 10 12411 9 12668 7
550450e4bff4036fd671decdc5d42fec23578198d6a2fd79179c4368b9d6da18,28802 10 29057 12 29312 14 29567 15 29823 16 30078 16 30333 17 30588 17 30843 18 31099 19 31354 20 31610 19 31867 18 32123 16 32380 13 32636 11 32892 11 33147 11 33402 13 33658 13 33913 13 34169 13 34425 12 34682 9 34938 8 35196 3
550450e4bff4036fd671decdc5d42fec23578198d6a2fd79179c4368b9d6da18,127 3 383 3 640 2 896 2 1153 1
550450e4bff4036fd671decdc5d42fec23578198d6a2fd79179c4368b9d6da18,130 9 386 10 642 9 898 7 1154 4
550450e4bff4036fd671decdc5d42fec23578198d6a2fd79179c4368b9d6da18,20609 7 20864 7 21119 8 21375 7 21630 8 21886 8 22142 8 22399 6 22655 6 22912 4 23168 5
550450e4bff4036fd671decdc5d42fec23578198d6a2fd79179c4368b9d6da18,20871 4 21127 5 21382 7 21638 7 21894 8 22150 9 22405 11 22661 11 22916 13 23173 12 23429 12 23686 10 23942 10 24199 1 24203 4 24459 3
550450e4bff4036fd671decdc5d42fec23578198d6a2fd79179c4368b9d6da18,24200 3 24456 3 24706 10 24961 11 25216 13 25471 14 25727 15 25982 16 26238 15 26495 14 26751 13 27008 11 27265 7
550450e4bff4036fd671decdc5d42fec23578198d6a2fd79179c4368b9d6da18,48261 3 48516 5 48770 8 49026 8 49281 10 49538 8 49793 9 50050 7 50306 5
550450e4bff4036fd671decdc5d42fec23578198d6a2fd79179c4368b9d6da18,59010 6 59266 7 59521 8 59778 8 60033 9 60290 8 60546 7 60804 5
550450e4bff4036fd671decdc5d42fec23578198d6a2fd79179c4368b9d6da18,53637 4 53892 9 54147 10 54403 11 54658 12 54915 10 55171 10 55428 8 55685 3
550450e4bff4036fd671decdc5d42fec23578198d6a2fd79179c4368b9d6da18,64654 2 64906 8 65159 12 65415 12
550450e4bff4036fd671decdc5d42fec23578198d6a2fd79179c4368b9d6da18,9865 5 10119 7 10375 8 10630 9 10886 9 11143 8 11399 7 11656 6 11913 4 12170 3
550450e4bff4036fd671decdc5d42fec23578198d6a2fd79179c4368b9d6da18,42123 4 42376 9 42631 11 42887 12 43142 13 43399 13 43655 12 43912 11 44169 9 44428 5
550450e4bff4036fd671decdc5d42fec23578198d6a2fd79179c4368b9d6da18,46994 7 47248 13 47503 15 47758 18 48014 19 48269 20 48526 20 48782 21 49038 21 49294 22 49550 22 49804 23 50059 24 50315 24 50570 25 50826 24 51082 23 51338 22 51593 23 51849 23 52106 21 52362 21 52619 19 52876 17 53134 14 53392 10 53650 5
550450e4bff4036fd671decdc5d42fec23578198d6a2fd79179c4368b9d6da18,55697 7 55951 12 56206 14 56460 17 56715 19 56971 20 57226 21 57482 22 57738 22 57994 22 58250 24 58506 25 58763 24 59019 24 59276 23 59533 21 59790 21 60046 21 60302 21 60557 22 60813 21 61069 20 61326 19 61582 17 61839 15 62097 10 62356 4
550450e4bff4036fd671decdc5d42fec23578198d6a2fd79179c4368b9d6da18,52133 1 52386 4 52641 7 52652 1 52895 14 53151 14 53406 13 53662 12 53917 13 54174 1 54430 1
550450e4bff4036fd671decdc5d42fec23578198d6a2fd79179c4368b9d6da18,54175 10 54431 10 54686 11 54942 11 55197 13 55453 13 55710 13 55966 15 56223 9 56480 6 56737 5
550450e4bff4036fd671decdc5d42fec23578198d6a2fd79179c4368b9d6da18,47788 1 48041 4 48295 7 48550 8 48805 10 49061 11 49316 15 49572 14 49827 14 50083 14 50340 14 50596 13 50853 12 51109 11 51365 11 51621 10 51877 9 52134 7 52390 7 52648 4
550450e4bff4036fd671decdc5d42fec23578198d6a2fd79179c4368b9d6da18,56232 5 56486 7 56742 8 56997 9 57253 9 57509 10 57765 11 58021 11 58277 12 58532 13 58788 14 59043 15 59299 14 59554 15 59811 15 60067 12 60325 9 60581 8 60838 7 61096 4 61353 3
550450e4bff4036fd671decdc5d42fec23578198d6a2fd79179c4368b9d6da18,53419 3 53674 5 53930 5 54185 8 54441 1 54443 10 54699 10 54953 8 55210 5 55466 5 55723 3
550450e4bff4036fd671decdc5d42fec23578198d6a2fd79179c4368b9d6da18,46002 2 46256 4 46511 5 46767 6 47022 7 47278 10 47534 10 47789 11 48045 10 48302 9 48558 8 48815 6 49072 4
550450e4bff4036fd671decdc5d42fec23578198d6a2fd79179c4368b9d6da18,60079 4 60334 6 60589 8 60845 9 61100 11 61356 11 61612 12 61869 11 62125 11 62382 7 62638 7 62895 5 63152 4 63411 1
550450e4bff4036fd671decdc5d42fec23578198d6a2fd79179c4368b9d6da18,51378 3 51633 5 51889 5 52144 7 52400 7 52655 11 52911 11 53166 11 53422 11 53679 9 53935 9 54193 6
550450e4bff4036fd671decdc5d42fec23578198d6a2fd79179c4368b9d6da18,54961 5 55215 8 55471 9 55726 10 55982 11 56239 10 56495 10 56751 10 57008 9 57264 7 57521 6 57777 5 58034 3
550450e4bff4036fd671decdc5d42fec23578198d6a2fd79179c4368b9d6da18,43193 5 43448 8 43704 8 43959 10 44214 11 44470 11 44725 12 44981 12 45237 12 45493 12 45749 11 46004 12 46260 11 46516 10 46773 8 47029 7
550450e4bff4036fd671decdc5d42fec23578198d6a2fd79179c4368b9d6da18,50616 1 50872 2 51127 3 51383 4 51638 8 51894 7 52151 6 52407 5
550450e4bff4036fd671decdc5d42fec23578198d6a2fd79179c4368b9d6da18,62389 8 62645 9 62900 11 63156 12 63412 12 63669 12 63925 12 64181 12 64437 12 64693 12 64950 11 65206 11 65463 10
550450e4bff4036fd671decdc5d42fec23578198d6a2fd79179c4368b9d6da18,48573 3 48828 3 49083 4 49339 5 49594 6 49850 7 50106 7 50361 8 50617 8 50874 6 51130 6 51387 4
550450e4bff4036fd671decdc5d42fec23578198d6a2fd79179c4368b9d6da18,47556 7 47810 11 48065 13 48320 15 48576 16 48831 14 49087 13 49344 12 49600 11 49857 4 49864 4 50113 3
550450e4bff4036fd671decdc5d42fec23578198d6a2fd79179c4368b9d6da18,47829 5 48084 8 48339 11 48594 12 48845 17 49100 17 49356 18 49611 19 49868 19 50124 19 50381 17 50637 17 50894 15 51151 14 51408 12 51670 5
550450e4bff4036fd671decdc5d42fec23578198d6a2fd79179c4368b9d6da18,47332 3 47587 4 47842 6 48097 7 48352 9 48606 11 48862 11 49117 12 49374 10 49630 10 49888 8 50145 6 50401 6 50658 4 50914 4
550450e4bff4036fd671decdc5d42fec23578198d6a2fd79179c4368b9d6da18,38542 3 38796 4 39052 5 39307 6 39563 7 39819 7 40075 8 40332 8 40588 8 40845 9 41102 6
550450e4bff4036fd671decdc5d42fec23578198d6a2fd79179c4368b9d6da18,33942 3 34197 7 34209 2 34452 15 34707 17 34962 18 35217 17 35473 17 35728 17 35984 17 36241 16 36497 16 36754 3
550450e4bff4036fd671decdc5d42fec23578198d6a2fd79179c4368b9d6da18,36757 12 37012 13 37268 13 37523 13 37778 15 38034 15 38289 18 38545 22 38800 23 39057 23 39313 23 39570 22 39826 15 40083 9 40340 8 40596 3 40600 3 40858 1
550450e4bff4036fd671decdc5d42fec23578198d6a2fd79179c4368b9d6da18,31643 5 31897 9 32152 11 32408 11 32663 13 32919 13 33175 12 33432 11 33688 10 33945 9 34204 5
550450e4bff4036fd671decdc5d42fec23578198d6a2fd79179c4368b9d6da18,39841 8 40092 14 40348 15 40603 16 40859 17 41116 16 41372 15 41627 16 41883 15 42140 9 42396 7 42653 6 42911 3
550450e4bff4036fd671decdc5d42fec23578198d6a2fd79179c4368b9d6da18,34982 4 35234 9 35490 9 35745 11 36001 11 36257 12 36513 12 36769 13 37025 12 37281 12 37536 1 37538 9 37793 10 38049 9 38307 4
550450e4bff4036fd671decdc5d42fec23578198d6a2fd79179c4368b9d6da18,42149 4 42403 8 42659 9 42914 10 43171 10 43426 11 43682 11 43937 11 44192 12 44448 11 44703 11 44959 9 45216 7 45472 6 45729 4
550450e4bff4036fd671decdc5d42fec23578198d6a2fd79179c4368b9d6da18,5798 1 6051 4 6306 4 6560 6 6816 6 7071 7 7327 7 7583 7 7840 6 8096 6 8353 6 8610 5 8868 4
550450e4bff4036fd671decdc5d42fec23578198d6a2fd79179c4368b9d6da18,144 15 160 16 401 32 657 33 914 33 1171 32 1429 31 1692 21 1952 17 2208 16 2463 17 2719 16 2974 17 3230 16 3487 15 3743 15 4000 12 4258 8
550450e4bff4036fd671decdc5d42fec23578198d6a2fd79179c4368b9d6da18,5799 5 6055 7 6310 6 6566 6 6822 5 7078 5 7334 5 7590 5 7846 4 8102 4 8359 3 8615 3 8874 1
550450e4bff4036fd671decdc5d42fec23578198d6a2fd79179c4368b9d6da18,6316 3 6572 7 6827 10 7083 10 7339 10 7595 9 7850 11 8106 11 8362 13 8618 12 8875 11 9131 9 9388 7
550450e4bff4036fd671decdc5d42fec23578198d6a2fd79179c4368b9d6da18,1713 5 1969 7 2224 9 2480 9 2735 11 2991 11 3246 12 3502 15 3758 17 4015 16 4270 18 4526 18 4783 16 5039 16 5296 14 5553 8 5564 1 5809 7 6066 6 6324 3
550450e4bff4036fd671decdc5d42fec23578198d6a2fd79179c4368b9d6da18,5561 3 5816 4 6072 9 6327 12 6584 12 6839 13 7093 16 7349 16 7604 18 7861 16 8117 16 8376 12 8633 10 8890 7
550450e4bff4036fd671decdc5d42fec23578198d6a2fd79179c4368b9d6da18,20119 6 20372 9 20627 9 20881 12 21137 12 21392 14 21648 14 21905 12 22161 11 22418 8
550450e4bff4036fd671decdc5d42fec23578198d6a2fd79179c4368b9d6da18,12963 5 13217 7 13472 7 13728 7 13983 8 14239 8 14495 8 14752 7 15008 7 15265 6 15522 6 15780 4
550450e4bff4036fd671decdc5d42fec23578198d6a2fd79179c4368b9d6da18,17317 3 17569 10 17823 13 18079 14 18334 16 18590 17 18846 17 19103 17 19359 17 19616 17 19872 18 20125 24 20381 23 20636 23 20893 22 21149 21 21406 20 21665 15 21926 8
550450e4bff4036fd671decdc5d42fec23578198d6a2fd79179c4368b9d6da18,12968 3 13224 2 13479 3 13735 3 13991 3 14247 4 14503 4 14759 4 15015 5 15271 5 15528 6 15784 5
550450e4bff4036fd671decdc5d42fec23578198d6a2fd79179c4368b9d6da18,12460 7 12715 10 12971 11 13226 12 13482 12 13738 11 13994 11 14251 9 14507 10 14763 10 15020 9 15276 6
550450e4bff4036fd671decdc5d42fec23578198d6a2fd79179c4368b9d6da18,15539 4 15794 5 16049 7 16304 14 16559 16 16815 16 17070 18 17326 18 17583 16 17839 16 18096 14 18351 11 18607 11 18863 11 19120 9 19376 9 19633 7 19890 5
550450e4bff4036fd671decdc5d42fec23578198d6a2fd79179c4368b9d6da18,11960 3 12216 4 12471 5 12727 8 12984 9 13240 11 13494 14 13749 16 14005 16 14260 18 14517 17 14773 16 15031 14 15286 14 15543 11 15799 10 16056 4
550450e4bff4036fd671decdc5d42fec23578198d6a2fd79179c4368b9d6da18,23193 5 23446 10 23700 10 23955 11 24211 10 24466 11 24722 11 24978 11 25235 10 25491 10 25748 10 26005 5 26013 1
550450e4bff4036fd671decdc5d42fec23578198d6a2fd79179c4368b9d6da18,29086 1 29342 1 29597 6 29853 11 30109 11 30366 9 30622 9 30879 7 31136 5
550450e4bff4036fd671decdc5d42fec23578198d6a2fd79179c4368b9d6da18,23710 9 23966 9 24221 11 24477 11 24733 12 24989 13 25245 15 25501 17 25758 17 26014 19 26272 18 26527 19 26783 20 27038 21 27294 20 27551 19 27807 18 28064 16 28319 16 28575 15 28830 14 29087 11 29343 10 29603 6
550450e4bff4036fd671decdc5d42fec23578198d6a2fd79179c4368b9d6da18,22447 7 22701 10 22954 14 23208 16 23464 17 23719 18 23975 18 24232 18 24488 18 24745 18 25002 17 25260 14 25520 10 25777 8 26034 5
550450e4bff4036fd671decdc5d42fec23578198d6a2fd79179c4368b9d6da18,8860 6 9114 9 9369 10 9625 11 9880 12 10136 13 10393 12 10649 1 10659 1
550450e4bff4036fd671decdc5d42fec23578198d6a2fd79179c4368b9d6da18,10650 9 10905 11 11161 11 11416 13 11672 12 11929 11 12185 10 12442 9 12699 7 12958 3
550450e4bff4036fd671decdc5d42fec23578198d6a2fd79179c4368b9d6da18,63393 3 63648 6 63904 6 64159 8 64415 10 64671 11 64927 12 65183 12 65440 12
550450e4bff4036fd671decdc5d42fec23578198d6a2fd79179c4368b9d6da18,27318 1 27573 1 27826 4 28081 6 28337 6 28592 8 28847 10 29103 12 29358 13 29614 13 29869 13 30125 13 30381 12 30638 11 30894 10 31151 8 31408 6 31665 3
550450e4bff4036fd671decdc5d42fec23578198d6a2fd79179c4368b9d6da18,26299 5 26553 8 26808 9 27063 11 27319 11 27574 11 27830 11 28087 9 28343 8 28600 6 28857 3
550450e4bff4036fd671decdc5d42fec23578198d6a2fd79179c4368b9d6da18,57271 5 57527 6 57782 8 58039 8 58295 8 58552 8 58809 4 59065 2 59322 1
550450e4bff4036fd671decdc5d42fec23578198d6a2fd79179c4368b9d6da18,58813 3 59067 6 59323 6 59578 6 59835 4 60091 4 60348 2 60604 3 60861 2
550450e4bff4036fd671decdc5d42fec23578198d6a2fd79179c4368b9d6da18,59584 5 59839 9 60095 8 60350 9 60607 9 60863 9 61120 9 61377 9 61635 9 61892 6
550450e4bff4036fd671decdc5d42fec23578198d6a2fd79179c4368b9d6da18,59338 2 59592 4 59848 5 60103 6 60359 7 60616 8 60872 8 61129 6 61386 4
550450e4bff4036fd671decdc5d42fec23578198d6a2fd79179c4368b9d6da18,57559 3 57808 11 58063 13 58318 15 58574 15 58829 17 59085 17 59340 19 59596 19 59853 20 60109 20 60366 20 60625 16 60882 15 61139 10 61396 7
550450e4bff4036fd671decdc5d42fec23578198d6a2fd79179c4368b9d6da18,31677 4 31932 7 32187 10 32443 10 32698 12 32954 12 33210 11 33466 11 33723 9 33979 7 34235 6 34492 5 34748 4
550450e4bff4036fd671decdc5d42fec23578198d6a2fd79179c4368b9d6da18,961 3 1215 7 1470 9 1725 11 1981 12 2236 13 2492 13 2749 11 3005 11 3262 11 3519 10 3776 9 4034 5
550450e4bff4036fd671decdc5d42fec23578198d6a2fd79179c4368b9d6da18,1485 9 1739 14 1995 15 2249 18 2505 18 2760 20 3016 19 3273 18 3529 17 3787 1 3797 4
550450e4bff4036fd671decdc5d42fec23578198d6a2fd79179c4368b9d6da18,3788 9 4044 10 4299 11 4553 14 4808 20 5063 23 5318 25 5574 25 5829 27 6086 26 6342 25 6599 24 6855 23 7124 8
550450e4bff4036fd671decdc5d42fec23578198d6a2fd79179c4368b9d6da18,17857 6 18112 9 18367 9 18621 11 18877 10 19132 11 19388 12 19644 12 19901 12 20157 11 20414 8 20671 6
550450e4bff4036fd671decdc5d42fec23578198d6a2fd79179c4368b9d6da18,14279 3 14535 3 14790 5 14803 10 15046 24 15301 25 15557 26 15813 26 16069 26 16326 25 16582 24 16839 22 17096 19 17353 5 17366 1 17612 1
550450e4bff4036fd671decdc5d42fec23578198d6a2fd79179c4368b9d6da18,17358 8 17613 9 17869 11 18122 16 18376 18 18632 19 18887 20 19143 21 19400 19 19656 19 19914 16 20171 13 20429 6
550450e4bff4036fd671decdc5d42fec23578198d6a2fd79179c4368b9d6da18,39105 4 39359 8 39614 9 39870 9 40125 10 40381 11 40638 10 40894 13 41151 11 41408 9 41667 3
550450e4bff4036fd671decdc5d42fec23578198d6a2fd79179c4368b9d6da18,37322 4 37577 7 37832 9 38088 9 38343 11 38599 11 38855 12 39111 12 39368 12 39623 13 39879 12 40135 7 40392 5 40648 4
550450e4bff4036fd671decdc5d42fec23578198d6a2fd79179c4368b9d6da18,40142 5 40397 6 40652 8 40908 8 41163 10 41419 10 41674 11 41930 10 42187 9 42443 7 42700 5
550450e4bff4036fd671decdc5d42fec23578198d6a2fd79179c4368b9d6da18,21966 4 22222 5 22477 6 22733 7 22981 6 22989 6 23236 15 23492 15 23747 17 24003 18 24259 19 24516 18 24772 19 25029 17 25285 17 25542 15 25798 14 26054 13 26309 14 26564 15 26819 16 27075 16 27330 16 27586 16 27843 13 28099 12 28356 9 28613 5
550450e4bff4036fd671decdc5d42fec23578198d6a2fd79179c4368b9d6da18,7625 2 7881 5 8136 7 8392 7 8647 7 8901 9 9158 6
550450e4bff4036fd671decdc5d42fec23578198d6a2fd79179c4368b9d6da18,29897 3 30152 5 30407 7 30663 7 30918 9 31174 9 31430 9 31687 2 31943 2
550450e4bff4036fd671decdc5d42fec23578198d6a2fd79179c4368b9d6da18,31689 6 31945 6 32200 8 32456 8 32712 8 32968 8 33225 5 33481 5 33738 3
550450e4bff4036fd671decdc5d42fec23578198d6a2fd79179c4368b9d6da18,43978 6 44233 7 44488 7 44744 8 44999 9 45255 10 45511 12 45767 11 46024 9 46280 8 46538 5
550450e4bff4036fd671decdc5d42fec23578198d6a2fd79179c4368b9d6da18,42965 3 43220 5 43474 9 43729 10 43984 12 44240 12 44495 13 44752 11 45008 5 45265 4
550450e4bff4036fd671decdc5d42fec23578198d6a2fd79179c4368b9d6da18,45013 6 45269 6 45524 10 45780 11 46036 11 46291 13 46547 12 46804 11 47060 10 47318 4
550450e4bff4036fd671decdc5d42fec23578198d6a2fd79179c4368b9d6da18,62667 3 62921 6 63176 8 63432 8 63687 11 63943 13 64199 13 64455 13 64474 1 64712 13 64728 3 64968 13 64984 4 65225 19 65482 17
550450e4bff4036fd671decdc5d42fec23578198d6a2fd79179c4368b9d6da18,63956 1 64212 2 64468 2 64725 3 64981 3
550450e4bff4036fd671decdc5d42fec23578198d6a2fd79179c4368b9d6da18,62165 7 62420 10 62676 12 62931 13 63188 13 63444 12 63701 11 63957 9 64214 4 64470 4
550450e4bff4036fd671decdc5d42fec23578198d6a2fd79179c4368b9d6da18,33230 9 33486 10 33741 13 33997 15 34254 15 34510 16 34767 15 35024 15 35284 11 35541 10 35798 8 36055 7 36311 6 36568 5
550450e4bff4036fd671decdc5d42fec23578198d6a2fd79179c4368b9d6da18,8917 7 8925 3 9171 14 9427 14 9682 16 9938 16 10195 15 10451 15 10708 13 10964 13 11219 14 11475 15 11730 16 11986 16 12242 16 12499 14 12755 14 13014 5
550450e4bff4036fd671decdc5d42fec23578198d6a2fd79179c4368b9d6da18,39900 3 40154 7 40409 9 40664 11 40920 9 41175 9 41431 9 41687 8 41944 7 42200 7 42457 6 42714 3
550450e4bff4036fd671decdc5d42fec23578198d6a2fd79179c4368b9d6da18,40420 3 40676 3 40929 7 41184 8 41440 8 41695 9 41951 9 42207 9 42463 9 42720 8 42976 9 43233 8 43490 6 43747 5
550450e4bff4036fd671decdc5d42fec23578198d6a2fd79179c4368b9d6da18,51427 3 51682 5 51937 7 52192 8 52448 9 52703 10 52959 11 53216 10 53472 11 53723 16 53978 17 54233 17 54489 17 54744 18 55001 17 55257 17 55514 17 55772 15 56032 11 56287 11 56543 11 56799 10 57056 8 57312 8 57569 6 57827 4
550450e4bff4036fd671decdc5d42fec23578198d6a2fd79179c4368b9d6da18,18658 4 18912 7 19167 9 19422 10 19678 11 19933 12 20189 5 20199 2 20445 2 20456 1
550450e4bff4036fd671decdc5d42fec23578198d6a2fd79179c4368b9d6da18,20194 5 20447 9 20702 10 20958 11 21213 12 21468 13 21724 13 21979 14 22235 14 22491 14 22747 14 23004 13 23260 13 23517 12 23774 11 24031 2 24039 1
550450e4bff4036fd671decdc5d42fec23578198d6a2fd79179c4368b9d6da18,24033 6 24289 7 24543 9 24799 10 25054 11 25310 11 25567 9 25823 10 26080 8 26337 7 26595 4
550450e4bff4036fd671decdc5d42fec23578198d6a2fd79179c4368b9d6da18,480 5 735 6 991 9 1246 10 1502 11 1757 12 2013 12 2270 10 2526 10 2783 8 3041 6
550450e4bff4036fd671decdc5d42fec23578198d6a2fd79179c4368b9d6da18,13793 6 14048 8 14304 8 14559 10 14815 10 15071 9 15326 10 15583 9 15839 9 16097 6 16355 4
550450e4bff4036fd671decdc5d42fec23578198d6a2fd79179c4368b9d6da18,29156 3 29411 4 29665 7 29920 8 30176 8 30431 10 30687 10 30944 3 30951 1 31200 1 31207 1 31456 1
550450e4bff4036fd671decdc5d42fec23578198d6a2fd79179c4368b9d6da18,32992 2 32999 1 33247 4 33255 1 33503 9 33758 10 34014 10 34271 10 34527 9 34785 7
550450e4bff4036fd671decdc5d42fec23578198d6a2fd79179c4368b9d6da18,30947 4 31201 6 31457 7 31712 8 31968 8 32225 7 32481 7 32738 6 32994 5 33251 4
550450e4bff4036fd671decdc5d42fec23578198d6a2fd79179c4368b9d6da18,54256 2 54510 6 54766 6 55023 4
550450e4bff4036fd671decdc5d42fec23578198d6a2fd79179c4368b9d6da18,23027 1 23281 5 23536 7 23792 2 24047 2
550450e4bff4036fd671decdc5d42fec23578198d6a2fd79179c4368b9d6da18,23798 2 24054 2 24310 2 24565 2 24821 2 25076 2 25331 2
550450e4bff4036fd671decdc5d42fec23578198d6a2fd79179c4368b9d6da18,49905 3 50159 7 50414 9 50670 10 50925 11 51181 12 51438 11 51694 10 51950 10 52207 8 52463 5
550450e4bff4036fd671decdc5d42fec23578198d6a2fd79179c4368b9d6da18,53503 1 53757 3 54012 5 54268 5 54523 6 54779 6 55035 6 55292 5 55548 5 55805 4 56062 3
5cee644e5ffbef1ba021c7f389b33bafd3b1841f04d3edd7922d5084c2c4e0c7,27437 8 27689 17 27943 20 28197 24 28452 26 28707 28 28963 29 29218 30 29474 31 29730 31 29986 31 30243 30 30499 30 30755 29 31011 29 31268 27 31524 27 31781 26 32037 26 32293 25 32549 25 32806 23 33062 23 33319 21 33575 21 33832 19 34089 17 34347 14 34605 11 34864 5
5cee644e5ffbef1ba021c7f389b33bafd3b1841f04d3edd7922d5084c2c4e0c7,49 9 305 10 561 9 819 5
5cee644e5ffbef1ba021c7f389b33bafd3b1841f04d3edd7922d5084c2c4e0c7,39486 7 39741 15 39996 18 40252 19 40507 20 40763 21 41019 21 41275 22 41531 22 41786 24 42042 24 42298 24 42554 24 42810 24 43066 24 43322 24 43579 23 43835 22 44092 21 44349 19 44606 18 44862 17 45119 16 45377 13 45635 9 45892 7
5cee644e5ffbef1ba021c7f389b33bafd3b1841f04d3edd7922d5084c2c4e0c7,7505 5 7759 10 8014 12 8269 14 8525 15 8780 17 9036 18 9285 5 9292 18 9541 26 9796 27 10052 28 10308 28 10565 27 10821 27 11078 27 11335 26 11592 25 11849 23 12106 22 12363 4 12370 13 12627 12 12884 10 13141 8 13398 6 13655 3
5cee644e5ffbef1ba021c7f389b33bafd3b1841f04d3edd7922d5084c2c4e0c7,29258 3 29512 7 29767 9 30023 9 30278 11 30534 11 30791 11 31047 10 31304 9 31562 6
5cee644e5ffbef1ba021c7f389b33bafd3b1841f04d3edd7922d5084c2c4e0c7,33612 4 33867 6 34122 8 34377 9 34632 11 34888 11 35143 13 35399 13 35654 14 35910 14 36166 14 36422 14 36678 14 36935 13 37191 12 37448 11 37704 10 37961 8 38218 6 38475 3
5cee644e5ffbef1ba021c7f389b33bafd3b1841f04d3edd7922d5084c2c4e0c7,3939 5 4194 6 4449 8 4704 10 4960 11 5215 12 5472 12 5728 12 5985 12 6242 12 6499 12 6756 12 7012 13 7268 14 7524 14 7780 15 8036 15 8292 16 8548 16 8804 16 9061 15 9317 15 9574 14 9830 14 10087 13 10344 11 10601 10 10859 7 11116 5
5cee644e5ffbef1ba021c7f389b33bafd3b1841f04d3edd7922d5084c2c4e0c7,34430 7 34685 10 34940 12 35195 14 35451 14 35706 16 35962 16 36218 16 36475 15 36731 14 36988 13 37245 11 37502 9 37759 7
5cee644e5ffbef1ba021c7f389b33bafd3b1841f04d3edd7922d5084c2c4e0c7,51891 3 51895 6 52145 13 52400 15 52656 16 52911 17 53167 18 53423 18 53678 19 53934 19 54190 19 54445 20 54701 19 54958 18 55214 17 55471 15 55727 13
5cee644e5ffbef1ba021c7f389b33bafd3b1841f04d3edd7922d5084c2c4e0c7,26045 4 26300 6 26556 6 26810 9 27059 16 27315 16 27570 17 27827 16 28083 16 28340 14 28598 12 28856 9 29114 3
5cee644e5ffbef1ba021c7f389b33bafd3b1841f04d3edd7922d5084c2c4e0c7,30412 7 30666 10 30921 12 31177 12 31432 14 31688 14 31930 5 31943 15 32186 6 32198 16 32441 9 32453 17 32697 10 32708 18 32953 28 33209 28 33464 29 33721 28 33977 28 34234 28 34490 28 34747 27 35005 24 35261 24 35518 22 35774 22 36030 21 36286 20 36542 11 36555 6 36799 10 37055 10 37312 8 37569 7 37826 4
5cee644e5ffbef1ba021c7f389b33bafd3b1841f04d3edd7922d5084c2c4e0c7,3270 6 3522 13 3777 15 4031 18 4286 19 4542 20 4797 21 5053 21 5309 21 5566 20 5822 20 6079 18 6337 16 6593 15 6850 13 7106 12 7363 11 7619 9 7876 7 8133 4
5cee644e5ffbef1ba021c7f389b33bafd3b1841f04d3edd7922d5084c2c4e0c7,26570 3 26824 6 27079 9 27334 10 27590 11 27845 12 28101 13 28357 13 28613 13 28870 11 29126 11 29383 9 29640 6
648c8ffa496e1716017906d0bf135debfc93386ae86aa3d4adbda9a505985fd9,14683 5 14938 8 15194 8 15449 10 15705 10 15961 11 16217 11 16473 12 16729 12 16986 5 17242 1 17498 1
648c8ffa496e1716017906d0bf135debfc93386ae86aa3d4adbda9a505985fd9,16991 6 17243 10 17499 11 17754 12 18011 11 18267 11 18523 11 18779 10 19035 10 19291 10 19547 10 19804 8 20060 8 20317 6
648c8ffa496e1716017906d0bf135debfc93386ae86aa3d4adbda9a505985fd9,2495 7 2750 10 3006 10 3261 12 3517 12 3773 13 4029 13 4286 12 4542 12 4798 12 5053 12 5309 12 5566 10 5822 10 6079 8 6336 5
648c8ffa496e1716017906d0bf135debfc93386ae86aa3d4adbda9a505985fd9,11751 5 12006 7 12260 10 12516 11 12771 13 13027 13 13283 14 13539 14 13795 14 14052 12 14308 12 14566 9 14826 4
697a05c6fe4a07c601d46da80885645ad574ea19b47ee795ccff216c9f1f1808,51974 7 52229 11 52484 13 52739 15 52993 17 53249 18 53505 19 53761 19 54017 20 54273 20 54529 20 54785 19 55041 19 55297 18 55553 18 55809 17 56065 17 56321 16 56577 16 56833 16 57089 16 57345 15 57601 15 57857 15 58113 16 58369 15 58625 15 58881 13 59137 13 59393 12 59649 12 59905 11 60161 11 60417 11 60673 11 60929 10 61185 10 61442 6
697a05c6fe4a07c601d46da80885645ad574ea19b47ee795ccff216c9f1f1808,41741 13 41995 16 42249 19 42504 21 42759 24 43014 25 43269 27 43525 27 43780 28 44036 29 44292 29 44547 30 44803 31 45059 31 45314 33 45570 33 45826 34 46082 34 46338 34 46594 34 46851 33 47107 33 47363 34 47620 34 47876 34 48133 34 48389 21 48646 15 48679 1 48903 13 49160 11 49417 9 49674 8 49932 5 50190 3
697a05c6fe4a07c601d46da80885645ad574ea19b47ee795ccff216c9f1f1808,48410 13 48661 18 48916 20 49171 21 49426 22 49682 22 49937 23 50193 23 50449 23 50706 22 50962 22 51218 22 51474 22 51731 20 51987 20 52244 18 52501 16 52758 15 53015 12 53274 7
697a05c6fe4a07c601d46da80885645ad574ea19b47ee795ccff216c9f1f1808,62477 1 62730 5 62983 8 63238 12 63493 19 63749 20 64004 21 64260 22 64515 22 64771 23 65026 24 65283 23
697a05c6fe4a07c601d46da80885645ad574ea19b47ee795ccff216c9f1f1808,55835 5 56090 8 56345 9 56600 11 56855 12 57110 14 57365 14 57620 15 57876 15 58131 16 58387 17 58642 18 58898 18 59154 17 59409 18 59664 19 59920 19 60175 20 60431 20 60687 20 60943 20 61199 20 61455 21 61711 21 61967 20 62222 21 62478 20 62735 19 62991 18 63250 14
697a05c6fe4a07c601d46da80885645ad574ea19b47ee795ccff216c9f1f1808,57132 7 57386 9 57641 11 57896 13 58151 14 58406 16 58660 19 58916 20 59171 21 59427 22 59683 22 59939 22 60195 23 60451 23 60707 23 60963 23 61219 23 61476 22 61732 22 61990 19 62247 2 62257 8 62504 1 62519 1
697a05c6fe4a07c601d46da80885645ad574ea19b47ee795ccff216c9f1f1808,62249 8 62505 14 62760 16 63016 16 63270 20 63526 21 63781 22 64036 24 64291 25 64547 26 64802 27 65058 27 65314 27
697a05c6fe4a07c601d46da80885645ad574ea19b47ee795ccff216c9f1f1808,20244 10 20496 17 20750 20 21006 20 21261 22 21516 24 21771 26 22027 26 22282 28 22538 28 22794 29 23050 29 23305 30 23561 30 23817 30 24074 29 24329 30 24586 28 24842 28 25099 27 25355 27 25612 16 25868 9 26125 8 26382 6 26640 4
697a05c6fe4a07c601d46da80885645ad574ea19b47ee795ccff216c9f1f1808,25628 9 25877 17 26133 21 26388 23 26644 24 26901 24 27156 25 27411 27 27667 27 27922 29 28178 29 28433 30 28690 29 28945 31 29202 29 29457 30 29714 29 29970 29 30226 28 30482 28 30738 27 30995 26 31251 25 31507 25 31764 23 32020 22 32277 20 32533 19 32790 17 33048 4
697a05c6fe4a07c601d46da80885645ad574ea19b47ee795ccff216c9f1f1808,41257 6 41511 14 41766 16 42020 18 42275 20 42531 20 42786 22 43042 22 43297 23 43554 22 43810 22 44066 22 44323 21 44579 21 44836 19 45093 18 45350 16 45607 14 45864 12 46121 10 46379 6
697a05c6fe4a07c601d46da80885645ad574ea19b47ee795ccff216c9f1f1808,47414 7 47666 13 47919 18 48174 19 48430 21 48685 22 48941 23 49197 23 49452 25 49708 25 49964 25 50220 25 50475 26 50732 24 50987 25 51243 25 51499 25 51755 24 52011 24 52267 23 52523 20 52779 18 53036 15 53292 14 53549 13 53805 12 54062 11 54320 7
697a05c6fe4a07c601d46da80885645ad574ea19b47ee795ccff216c9f1f1808,52291 4 52543 8 52797 11 53051 13 53306 14 53562 15 53817 17 54073 18 54330 18 54585 19 54840 21 55096 21 55351 23 55607 23 55863 23 56119 24 56375 24 56631 24 56887 24 57144 23 57400 23 57657 22 57913 19 58170 17 58426 12 58682 3 58939 2 59195 1
697a05c6fe4a07c601d46da80885645ad574ea19b47ee795ccff216c9f1f1808,57932 8 58187 12 58438 18 58685 28 58941 28 59196 30 59452 31 59709 30 59965 31 60222 30 60479 29 60735 29 60992 28 61248 27 61505 26 61761 25 62018 23 62274 22 62531 20 62788 18 63044 13 63302 8
697a05c6fe4a07c601d46da80885645ad574ea19b47ee795ccff216c9f1f1808,64341 1 64595 3 64849 5 65104 6 65360 6
697a05c6fe4a07c601d46da80885645ad574ea19b47ee795ccff216c9f1f1808,64342 6 64598 7 64854 8 65110 9 65366 9
697a05c6fe4a07c601d46da80885645ad574ea19b47ee795ccff216c9f1f1808,41561 7 41817 8 42072 11 42328 13 42584 14 42839 16 43095 16 43350 18 43606 18 43862 19 44118 20 44373 22 44630 21 44885 23 45141 23 45397 23 45653 23 45909 20 46166 18 46422 17 46678 16 46934 12 47190 2 47446 2
697a05c6fe4a07c601d46da80885645ad574ea19b47ee795ccff216c9f1f1808,45929 10 46184 11 46439 14 46694 15 46946 20 47192 30 47448 30 47703 32 47959 32 48216 31 48472 31 48729 30 48985 30 49242 28 49498 28 49754 27 50010 27 50266 26 50521 27 50777 27 51033 27 51290 26 51546 26 51803 24 52060 23 52316 22 52573 18 52830 13 53087 12 53344 9 53603 4
697a05c6fe4a07c601d46da80885645ad574ea19b47ee795ccff216c9f1f1808,21858 6 22112 11 22366 15 22620 18 22875 20 23130 22 23385 24 23640 25 23896 26 24151 27 24407 27 24663 27 24919 28 25175 28 25430 30 25686 30 25943 29 26199 29 26455 29 26711 29 26968 27 27224 27 27481 25 27738 23 27994 22 28251 20 28508 18 28766 15 29024 12 29284 7 29542 5 29799 3
697a05c6fe4a07c601d46da80885645ad574ea19b47ee795ccff216c9f1f1808,55655 9 55909 13 56164 15 56419 17 56674 19 56929 20 57182 25 57438 25 57693 27 57949 27 58204 28 58460 29 58717 28 58973 28 59230 28 59487 27 59743 28 59999 27 60255 27 60512 25 60768 25 61025 23 61281 23 61538 21 61795 20 62052 17 62309 15 62567 11
697a05c6fe4a07c601d46da80885645ad574ea19b47ee795ccff216c9f1f1808,32620 5 32874 13 33128 18 33383 20 33638 21 33894 22 34149 23 34405 24 34660 25 34916 26 35171 27 35427 27 35683 28 35939 28 36195 28 36451 27 36707 27 36963 27 37219 27 37476 25 37732 25 37989 24 38246 23 38502 22 38759 21 39017 15 39274 12
697a05c6fe4a07c601d46da80885645ad574ea19b47ee795ccff216c9f1f1808,61829 3 61833 2 62082 11 62337 13 62592 15 62847 17 63103 18 63358 21 63614 21 63870 22 64126 22 64381 24 64637 24 64893 24 65149 24 65406 22
697a05c6fe4a07c601d46da80885645ad574ea19b47ee795ccff216c9f1f1808,44939 6 45191 10 45444 11 45699 12 45954 12 46209 13 46465 13 46720 14 46976 14 47232 14 47487 15 47743 15 47999 15 48255 15 48511 15 48767 14 49023 14 49280 13 49536 13 49792 13 50049 12 50305 12 50562 11 50819 10 51075 10 51333 8 51591 6 51850 3 52107 3
697a05c6fe4a07c601d46da80885645ad574ea19b47ee795ccff216c9f1f1808,45455 5 45711 8 45966 13 46222 19 46478 20 46734 21 46990 21 47246 22 47502 21 47758 21 48014 21 48270 21 48526 22 48781 23 49037 24 49293 25 49549 25 49805 26 50061 26 50317 25 50573 25 50829 25 51085 26 51341 26 51597 26 51853 26 52110 25 52366 25 52623 23 52882 20 53139 18 53399 13 53656 10 53915 4
697a05c6fe4a07c601d46da80885645ad574ea19b47ee795ccff216c9f1f1808,19853 6 20107 10 20361 15 20616 17 20871 20 21127 21 21382 23 21638 23 21893 25 22149 26 22404 28 22660 28 22916 29 23172 28 23428 28 23684 26 23940 27 24196 27 24451 29 24707 28 24962 29 25218 28 25473 29 25729 28 25985 28 26242 25 26498 24 26755 22 27011 21 27268 9 27281 6 27525 8 27538 5 27783 4
697a05c6fe4a07c601d46da80885645ad574ea19b47ee795ccff216c9f1f1808,37271 9 37522 19 37771 28 38025 31 38279 34 38535 35 38790 36 39046 36 39301 36 39557 36 39812 37 40068 37 40324 37 40580 37 40836 37 41092 37 41348 37 41605 36 41860 37 42117 36 42373 36 42630 35 42886 36 43143 34 43400 32 43657 30 43914 29 44174 23 44431 21 44691 14 44953 6
697a05c6fe4a07c601d46da80885645ad574ea19b47ee795ccff216c9f1f1808,38575 8 38826 18 39082 19 39337 21 39593 22 39849 22 40105 23 40361 23 40617 24 40873 24 41129 24 41385 24 41641 24 41897 24 42153 24 42409 23 42665 23 42922 21 43178 21 43436 18 43693 16 43950 14 44206 11 44464 5
697a05c6fe4a07c601d46da80885645ad574ea19b47ee795ccff216c9f1f1808,57744 7 57998 11 58253 14 58508 16 58764 17 59019 19 59274 21 59530 21 59785 23 60042 22 60297 23 60554 22 60809 23 61066 22 61322 21 61579 20 61835 20 62094 16 62350 16 62608 13 62866 10 63123 8
697a05c6fe4a07c601d46da80885645ad574ea19b47ee795ccff216c9f1f1808,30113 8 30368 11 30622 14 30878 14 31133 17 31388 19 31643 21 31899 22 32154 24 32410 24 32665 26 32922 25 33177 29 33434 29 33690 29 33946 30 34202 30 34459 28 34715 28 34972 26 35229 22 35486 20 35743 18 36000 16 36257 14 36515 10 36775 3
697a05c6fe4a07c601d46da80885645ad574ea19b47ee795ccff216c9f1f1808,54182 8 54436 12 54691 14 54946 16 55201 18 55456 19 55712 20 55967 21 56223 21 56479 21 56736 20 56992 20 57249 19 57505 19 57762 18 58019 8 58275 3 58532 2
697a05c6fe4a07c601d46da80885645ad574ea19b47ee795ccff216c9f1f1808,58027 8 58278 13 58534 14 58789 16 59045 16 59301 17 59557 18 59812 19 60068 20 60324 20 60580 20 60836 21 61093 20 61349 20 61606 19 61862 18 62119 17 62375 16 62632 14 62888 13 63147 9 63406 4
697a05c6fe4a07c601d46da80885645ad574ea19b47ee795ccff216c9f1f1808,48564 6 48819 9 49074 13 49330 13 49585 16 49840 18 50096 18 50351 20 50607 21 50863 21 51118 23 51374 23 51630 24 51887 22 52143 22 52400 21 52657 20 52914 18 53171 17 53428 15 53685 14 53942 12 54200 10 54458 6 54715 3
697a05c6fe4a07c601d46da80885645ad574ea19b47ee795ccff216c9f1f1808,23484 9 23738 11 23992 15 24247 16 24502 18 24757 19 25012 21 25268 21 25522 24 25778 24 26033 25 26289 26 26545 26 26801 25 27057 26 27314 25 27570 25 27827 23 28083 23 28340 21 28596 20 28854 16 29111 14 29369 10 29626 3 29630 3
697a05c6fe4a07c601d46da80885645ad574ea19b47ee795ccff216c9f1f1808,63673 6 63927 10 64182 13 64437 15 64693 16 64948 19 65204 19 65460 20
697a05c6fe4a07c601d46da80885645ad574ea19b47ee795ccff216c9f1f1808,48093 8 48348 11 48603 13 48858 15 49114 17 49369 18 49625 19 49880 20 50134 22 50390 21 50638 29 50891 31 51146 32 51400 32 51656 31 51911 32 52167 33 52423 34 52678 35 52934 36 53189 37 53445 38 53701 37 53957 37 54213 37 54468 39 54722 41 54972 47 55228 47 55483 48 55739 48 55995 48 56251 48 56506 49 56762 49 57018 49 57274 48 57530 48 57786 47 58043 45 58299 44 58556 42 58812 42 59069 31 59101 7 59326 27 59582 25 59840 22 60098 19 60355 17 60613 14 60871 10 61130 5
697a05c6fe4a07c601d46da80885645ad574ea19b47ee795ccff216c9f1f1808,6846 3 7101 4 7358 3 7614 3 7871 2
697a05c6fe4a07c601d46da80885645ad574ea19b47ee795ccff216c9f1f1808,43461 6 43469 1 43714 12 43968 13 44224 13 44479 14 44734 15 44989 16 45244 17 45500 17 45755 18 46011 18 46267 18 46523 18 46779 18 47035 19 47292 18 47548 21 47805 20 48061 20 48318 19 48574 19 48830 18 49087 17 49343 16 49602 12 49859 10 50117 6
697a05c6fe4a07c601d46da80885645ad574ea19b47ee795ccff216c9f1f1808,42962 11 43216 15 43470 18 43726 18 43981 20 44237 20 44493 20 44749 20 45005 20 45261 20 45517 19 45773 19 46029 18 46285 18 46541 17 46797 16 47054 14 47310 12 47572 4
697a05c6fe4a07c601d46da80885645ad574ea19b47ee795ccff216c9f1f1808,16328 11 16583 15 16837 18 17092 20 17348 21 17603 23 17858 24 18114 25 18369 26 18625 27 18881 27 19137 28 19393 28 19648 30 19904 30 20161 28 20417 28 20673 24 20930 23 21186 21 21443 20 21700 18 21959 14 22218 10 22475 8 22734 3
697a05c6fe4a07c601d46da80885645ad574ea19b47ee795ccff216c9f1f1808,27600 3 27854 7 28109 10 28364 12 28617 16 28872 18 29127 20 29382 21 29636 24 29892 24 30147 26 30402 26 30658 27 30913 28 31169 28 31425 27 31680 29 31937 28 32193 28 32450 26 32706 26 32963 24 33219 24 33476 21 33733 19 33991 16 34248 14 34508 7
697a05c6fe4a07c601d46da80885645ad574ea19b47ee795ccff216c9f1f1808,35270 5 35526 8 35780 12 36036 13 36290 19 36546 19 36801 21 37057 21 37313 20 37568 21 37824 23 38080 23 38336 24 38593 22 38849 22 39105 21 39362 20 39618 20 39875 19 40132 18 40388 17 40645 16 40902 14 41159 12 41416 10
697a05c6fe4a07c601d46da80885645ad574ea19b47ee795ccff216c9f1f1808,3017 5 3271 10 3526 15 3782 15 3798 1 4037 17 4293 17 4549 17 4805 17 5061 17 5317 17 5572 18 5828 18 6084 18 6340 18 6596 18 6853 17 7109 17 7365 17 7621 17 7878 16 8134 17 8391 16 8647 18 8904 17 9160 16 9417 14 9676 10 9934 5
697a05c6fe4a07c601d46da80885645ad574ea19b47ee795ccff216c9f1f1808,2780 7 3034 11 3289 12 3543 15 3799 15 4054 16 4310 16 4566 16 4822 16 5078 16 5334 16 5590 16 5846 16 6102 16 6358 16 6614 16 6870 16 7126 16 7382 17 7638 17 7894 20 8151 19 8407 3 8412 12 8669 10 8926 6
697a05c6fe4a07c601d46da80885645ad574ea19b47ee795ccff216c9f1f1808,750 5 1004 9 1259 8 1514 9 1768 10 2023 11 2279 11 2534 12 2790 12 3045 13 3301 13 3558 12 3814 12 4070 12 4326 12 4582 12 4838 12 5094 12 5350 12 5606 12 5862 12 6118 12 6374 12 6630 12 6886 12 7142 13 7399 12 7655 12
697a05c6fe4a07c601d46da80885645ad574ea19b47ee795ccff216c9f1f1808,1267 4 1523 4 1778 4 2034 4 2290 4 2546 4 2802 4 3058 4 3314 4 3570 4 3826 4 4082 4 4338 4 4594 4 4850 4 5106 4 5362 4 5618 4 5874 4 6130 4 6386 4 6642 4 6898 4 7155 4 7411 4
697a05c6fe4a07c601d46da80885645ad574ea19b47ee795ccff216c9f1f1808,1018 4 1271 9 1527 10 1782 11 2038 11 2294 11 2550 11 2806 11 3062 11 3318 11 3574 11 3830 11 4086 11 4342 11 4598 11 4854 11 5110 11 5366 11 5622 11 5878 11 6134 11 6390 11 6646 11 6902 11 7159 10 7415 10 7673 8
697a05c6fe4a07c601d46da80885645ad574ea19b47ee795ccff216c9f1f1808,61139 7 61392 15 61645 20 61900 22 62154 24 62410 25 62665 26 62921 26 63177 26 63433 27 63689 27 63945 27 64201 27 64458 26 64714 26 64971 25 65227 25 65484 24
697a05c6fe4a07c601d46da80885645ad574ea19b47ee795ccff216c9f1f1808,37086 6 37341 10 37597 12 37852 13 38108 15 38363 16 38619 17 38874 18 39130 19 39385 20 39641 20 39897 21 40153 21 40409 21 40665 21 40922 20 41178 19 41435 18 41692 16 41949 14 42206 11 42463 7
697a05c6fe4a07c601d46da80885645ad574ea19b47ee795ccff216c9f1f1808,21474 5 21730 8 21985 10 22241 12 22497 13 22753 13 23008 15 23264 15 23519 16 23775 16 24031 15 24287 15 24543 14 24800 12 25056 12 25314 9
697a05c6fe4a07c601d46da80885645ad574ea19b47ee795ccff216c9f1f1808,42477 3 42731 5 42985 8 43240 10 43495 12 43750 13 44005 15 44261 15 44516 16 44772 16 45028 16 45284 15 45540 15 45797 13 46053 12 46310 8
697a05c6fe4a07c601d46da80885645ad574ea19b47ee795ccff216c9f1f1808,10992 6 11245 13 11500 15 11756 21 12011 22 12266 23 12521 24 12777 24 13032 25 13288 25 13544 25 13799 26 14055 26 14310 27 14566 27 14822 27 15079 26 15335 26 15591 26 15847 26 16103 26 16360 25 16616 25 16872 25 17128 25 17384 25 17640 25 17897 24 18152 25 18408 25 18665 24 18921 24 19183 18 19440 17 19698 15 19955 14 20215 10 20472 9
697a05c6fe4a07c601d46da80885645ad574ea19b47ee795ccff216c9f1f1808,34543 3 34796 9 35052 10 35307 12 35563 12 35818 12 36074 12 36331 10 36587 10 36843 10 37100 10 37356 10 37613 9 37870 7 38127 6
697a05c6fe4a07c601d46da80885645ad574ea19b47ee795ccff216c9f1f1808,33275 1 33530 2 33783 4 34039 4 34294 5 34550 2 34806 2
697a05c6fe4a07c601d46da80885645ad574ea19b47ee795ccff216c9f1f1808,33276 4 33532 5 33787 6 34043 6 34299 6 34552 9 34808 9 35063 10 35319 10 35576 9 35830 11 36086 11 36341 12 36597 12 36853 12 37110 11 37366 11 37623 10 37879 10 38135 10 38392 9 38648 9 38905 8 39164 4
697a05c6fe4a07c601d46da80885645ad574ea19b47ee795ccff216c9f1f1808,50414 5 50670 6 50925 7 51181 13 51436 16 51692 17 51948 19 52204 20 52460 21 52716 21 52971 22 53227 22 53483 22 53740 21 53996 21 54252 21 54508 21 54764 21 55021 20 55277 20 55533 20 55789 20 56046 19 56302 19 56558 19 56815 18 57071 18 57328 17 57584 17 57841 16 58098 15 58355 14 58612 13 58869 11 59128 6
697a05c6fe4a07c601d46da80885645ad574ea19b47ee795ccff216c9f1f1808,59390 3 59642 7 59893 12 60148 13 60402 15 60657 16 60912 17 61168 17 61423 18 61678 19 61934 19 62189 20 62445 20 62701 20 62958 19 63214 19 63471 18 63727 18 63984 17 64240 17 64496 17 64753 16 65009 16 65266 15 65522 15
697a05c6fe4a07c601d46da80885645ad574ea19b47ee795ccff216c9f1f1808,43005 4 43259 6 43515 6 43770 7 44027 6 44283 6 44540 5 44796 5 45051 6 45308 5 45564 5 45821 4 46078 3
699f2992cd71e2e28cf45f81347ff22e76b37541ce88087742884cd0e9aadc68,52513 2 52768 4 53024 4 53282 3 53538 3 53793 4 54049 3
699f2992cd71e2e28cf45f81347ff22e76b37541ce88087742884cd0e9aadc68,11553 2 11809 3 12065 4 12321 4 12577 4 12833 4 13089 3 13345 2
699f2992cd71e2e28cf45f81347ff22e76b37541ce88087742884cd0e9aadc68,2593 1 2848 2 3104 6 3361 5 3617 4 3874 3
699f2992cd71e2e28cf45f81347ff22e76b37541ce88087742884cd0e9aadc68,546 3 802 4 1057 6 1313 6 1569 7 1825 7 2081 6 2337 6 2594 4 2850 4
699f2992cd71e2e28cf45f81347ff22e76b37541ce88087742884cd0e9aadc68,18470 3 18723 7 18978 8 19234 9 19489 10 19745 9 20002 8 20258 7 20516 3
699f2992cd71e2e28cf45f81347ff22e76b37541ce88087742884cd0e9aadc68,49447 5 49698 9 49954 9 50209 10 50466 9 50722 9 50979 8 51236 8 51494 6
699f2992cd71e2e28cf45f81347ff22e76b37541ce88087742884cd0e9aadc68,48944 3 49196 9 49452 10 49707 11 49963 12 50219 11 50475 11 50731 10 50987 10 51244 7 51500 6
699f2992cd71e2e28cf45f81347ff22e76b37541ce88087742884cd0e9aadc68,59181 3 59435 9 59690 12 59946 14 60201 15 60457 16 60713 16 60969 15 61225 15 61480 15 61735 15 61990 17 62246 17 62501 19 62757 19 63013 20 63270 19 63526 19 63783 17 64040 16 64297 14 64555 11 64814 5
699f2992cd71e2e28cf45f81347ff22e76b37541ce88087742884cd0e9aadc68,43304 7 43559 9 43815 10 44070 12 44326 13 44582 14 44598 4 44838 21 45094 21 45351 21 45607 21 45864 20 46121 18 46377 18 46634 16 46891 13 47148 4
699f2992cd71e2e28cf45f81347ff22e76b37541ce88087742884cd0e9aadc68,29743 1 29998 2 30253 4 30508 9 30763 10 31019 11 31274 13 31530 13 31786 14 32042 14 32298 14 32554 14 32811 12 33067 12 33324 10 33581 8
699f2992cd71e2e28cf45f81347ff22e76b37541ce88087742884cd0e9aadc68,26676 1 26930 3 27185 4 27441 5 27696 6 27952 7 28207 9 28463 10 28718 11 28975 12 29231 11 29487 10 29744 7 30000 4 30257 3
699f2992cd71e2e28cf45f81347ff22e76b37541ce88087742884cd0e9aadc68,26166 1 26422 1 26677 5 26933 11 27189 11 27446 10 27702 9 27959 8 28216 6 28473 4 28729 3
699f2992cd71e2e28cf45f81347ff22e76b37541ce88087742884cd0e9aadc68,24633 7 24888 9 25143 10 25399 11 25654 11 25910 11 26167 9 26423 9 26682 5
699f2992cd71e2e28cf45f81347ff22e76b37541ce88087742884cd0e9aadc68,36406 6 36660 10 36914 12 37169 14 37424 15 37680 15 37935 15 38191 15 38447 14 38703 13 38959 12 39216 10 39472 9 39729 6
699f2992cd71e2e28cf45f81347ff22e76b37541ce88087742884cd0e9aadc68,1854 6 2109 7 2364 9 2618 11 2873 10 3129 10 3384 10 3640 10 3896 9 4152 9 4409 9 4665 9
699f2992cd71e2e28cf45f81347ff22e76b37541ce88087742884cd0e9aadc68,2374 3 2630 4 2883 8 3139 9 3394 10 3650 11 3905 12 4161 12 4418 11 4674 10 4931 9 5188 6
699f2992cd71e2e28cf45f81347ff22e76b37541ce88087742884cd0e9aadc68,8765 5 9020 6 9276 5 9531 6 9787 6 10043 5 10299 5 10556 4 10812 5 11070 3
699f2992cd71e2e28cf45f81347ff22e76b37541ce88087742884cd0e9aadc68,14144 7 14399 8 14653 10 14908 10 15163 11 15419 11 15674 12 15931 11 16187 12 16445 10 16703 7 16960 4
699f2992cd71e2e28cf45f81347ff22e76b37541ce88087742884cd0e9aadc68,8770 4 9026 6 9281 8 9537 8 9793 9 10048 10 10304 10 10560 6 10817 5 11073 4
699f2992cd71e2e28cf45f81347ff22e76b37541ce88087742884cd0e9aadc68,10566 4 10822 4 11077 9 11333 10 11588 11 11842 14 12098 14 12353 16 12609 16 12866 16 13122 15 13380 13 13638 3 13647 1
699f2992cd71e2e28cf45f81347ff22e76b37541ce88087742884cd0e9aadc68,13641 6 13896 7 14152 8 14407 10 14663 11 14918 12 15174 13 15430 12 15686 12 15942 11 16199 9 16455 8
699f2992cd71e2e28cf45f81347ff22e76b37541ce88087742884cd0e9aadc68,42045 5 42299 9 42555 10 42810 11 43067 11 43323 10 43580 9 43837 7
699f2992cd71e2e28cf45f81347ff22e76b37541ce88087742884cd0e9aadc68,36167 6 36422 9 36677 12 36932 14 37188 14 37443 16 37699 16 37956 15 38212 14 38469 13 38726 11
699f2992cd71e2e28cf45f81347ff22e76b37541ce88087742884cd0e9aadc68,21321 4 21575 7 21830 9 22086 10 22341 12 22597 12 22853 13 23109 13 23365 13 23621 14 23878 13 24134 13 24391 11 24647 11 24904 9 25161 6
699f2992cd71e2e28cf45f81347ff22e76b37541ce88087742884cd0e9aadc68,43858 1 44111 6 44366 7 44622 7 44877 8 45133 8 45390 6 45647 2
699f2992cd71e2e28cf45f81347ff22e76b37541ce88087742884cd0e9aadc68,50002 4 50256 8 50510 11 50765 12 51021 13 51276 13 51532 13 51789 11 52045 8
699f2992cd71e2e28cf45f81347ff22e76b37541ce88087742884cd0e9aadc68,20567 8 20823 12 21078 13 21334 14 21591 13 21847 12 22105 10 22362 7
699f2992cd71e2e28cf45f81347ff22e76b37541ce88087742884cd0e9aadc68,30561 5 30816 8 31071 10 31326 11 31582 12 31837 13 32093 10 32349 9 32605 9 32862 7 33118 7 33375 5
699f2992cd71e2e28cf45f81347ff22e76b37541ce88087742884cd0e9aadc68,32103 3 32358 4 32614 5 32869 6 33126 4 33381 5 33638 4 33894 4 34151 4
699f2992cd71e2e28cf45f81347ff22e76b37541ce88087742884cd0e9aadc68,32619 3 32875 3 33130 3 33386 3 33642 3 33898 3 34155 3 34411 3
699f2992cd71e2e28cf45f81347ff22e76b37541ce88087742884cd0e9aadc68,32622 7 32878 8 33133 9 33389 10 33645 10 33901 9 34158 8 34414 7
699f2992cd71e2e28cf45f81347ff22e76b37541ce88087742884cd0e9aadc68,40293 11 40546 15 40801 17 41056 18 41312 16 41567 16 41824 14 42080 14 42337 12 42594 11 42852 6
699f2992cd71e2e28cf45f81347ff22e76b37541ce88087742884cd0e9aadc68,41328 3 41583 6 41838 7 42094 8 42349 10 42606 9 42862 10 43118 9 43375 8 43631 7 43888 5 44145 3
699f2992cd71e2e28cf45f81347ff22e76b37541ce88087742884cd0e9aadc68,17763 4 18017 6 18273 5 18528 6 18784 6 19041 5 19297 6 19554 5 19812 3
699f2992cd71e2e28cf45f81347ff22e76b37541ce88087742884cd0e9aadc68,16748 5 17003 7 17258 9 17513 10 17767 13 18023 13 18278 13 18534 13 18790 13 19046 12 19303 5 19312 2 19559 3 19568 1
699f2992cd71e2e28cf45f81347ff22e76b37541ce88087742884cd0e9aadc68,19308 4 19562 6 19817 8 20073 8 20328 10 20585 9 20841 9 21098 8 21354 8 21611 7 21867 6 22124 5 22381 3
699f2992cd71e2e28cf45f81347ff22e76b37541ce88087742884cd0e9aadc68,37218 1 37473 1 37729 1 37984 3 38241 2 38497 3 38754 3
699f2992cd71e2e28cf45f81347ff22e76b37541ce88087742884cd0e9aadc68,36453 6 36708 7 36963 9 37219 8 37474 9 37730 8 37987 6 38243 5 38500 3
699f2992cd71e2e28cf45f81347ff22e76b37541ce88087742884cd0e9aadc68,47979 4 48233 7 48485 12 48740 13 48996 14 49251 14 49507 14 49764 13 50020 12 50277 11 50535 8 50792 7 51050 3
699f2992cd71e2e28cf45f81347ff22e76b37541ce88087742884cd0e9aadc68,9326 4 9580 8 9835 11 10091 14 10346 15 10601 17 10857 16 11112 18 11368 17 11624 17 11881 13 12136 12 12391 14 12647 14 12902 16 13159 14 13415 14 13672 12 13930 9
699f2992cd71e2e28cf45f81347ff22e76b37541ce88087742884cd0e9aadc68,50293 5 50547 8 50801 10 51055 13 51309 15 51564 15 51819 16 52075 15 52330 15 52586 14 52843 12 53099 2 53109 1 53356 1
699f2992cd71e2e28cf45f81347ff22e76b37541ce88087742884cd0e9aadc68,53101 8 53357 8 53612 10 53868 11 54122 13 54377 15 54633 15 54888 16 55144 15 55399 16 55656 13 55912 10 56169 8 56426 6
699f2992cd71e2e28cf45f81347ff22e76b37541ce88087742884cd0e9aadc68,108 10 365 9 621 10 877 10 1133 10 1389 9 1646 8 1902 7 2160 4
699f2992cd71e2e28cf45f81347ff22e76b37541ce88087742884cd0e9aadc68,4211 5 4464 12 4720 14 4975 16 5231 16 5487 17 5744 16 6000 15 6257 14 6515 11 6775 5
699f2992cd71e2e28cf45f81347ff22e76b37541ce88087742884cd0e9aadc68,28027 7 28280 11 28535 13 28791 13 29046 15 29302 15 29559 14 29815 14 30072 12 30329 11 30586 9 30844 5
699f2992cd71e2e28cf45f81347ff22e76b37541ce88087742884cd0e9aadc68,38782 4 39037 6 39291 8 39546 10 39802 10 40057 11 40312 12 40568 12 40823 13 41079 13 41335 13 41591 13 41848 12 42104 12 42360 12 42616 11 42873 10 43129 9 43386 7 43644 3
699f2992cd71e2e28cf45f81347ff22e76b37541ce88087742884cd0e9aadc68,9601 3 9857 3 10109 8 10364 9 10620 8 10875 9 11132 8 11388 5 11396 1 11646 2
699f2992cd71e2e28cf45f81347ff22e76b37541ce88087742884cd0e9aadc68,11393 3 11648 5 11904 6 12159 5 12415 4 12670 5 12926 4 13183 4 13439 4
699f2992cd71e2e28cf45f81347ff22e76b37541ce88087742884cd0e9aadc68,12164 10 12419 11 12675 12 12930 13 13187 11 13443 11 13700 7
699f2992cd71e2e28cf45f81347ff22e76b37541ce88087742884cd0e9aadc68,9609 3 9862 8 10117 9 10373 10 10628 11 10884 10 11140 10 11397 8 11653 6
699f2992cd71e2e28cf45f81347ff22e76b37541ce88087742884cd0e9aadc68,56961 7 57216 9 57471 11 57727 11 57982 13 58239 12 58495 12 58752 11 59009 9 59267 7
699f2992cd71e2e28cf45f81347ff22e76b37541ce88087742884cd0e9aadc68,25484 3 25736 9 25990 11 26245 13 26500 14 26756 14 27011 14 27268 13 27524 12 27781 10 28037 8 28294 3
699f2992cd71e2e28cf45f81347ff22e76b37541ce88087742884cd0e9aadc68,2697 4 2951 6 3207 5 3462 6 3718 6 3975 5 4231 6 4489 4
699f2992cd71e2e28cf45f81347ff22e76b37541ce88087742884cd0e9aadc68,2447 6 2701 10 2957 10 3212 12 3468 12 3724 11 3980 11 4237 8 4493 4
699f2992cd71e2e28cf45f81347ff22e76b37541ce88087742884cd0e9aadc68,28814 5 29068 9 29322 14 29577 14 29832 15 30088 16 30343 17 30599 20 30856 17 31112 16 31369 12 31626 9
699f2992cd71e2e28cf45f81347ff22e76b37541ce88087742884cd0e9aadc68,26523 5 26777 8 27033 8 27288 10 27544 10 27800 11 28057 1 28066 1 28313 1
699f2992cd71e2e28cf45f81347ff22e76b37541ce88087742884cd0e9aadc68,28058 8 28314 9 28569 10 28825 10 29080 11 29336 10 29591 12 29847 12 30104 9 30360 7
699f2992cd71e2e28cf45f81347ff22e76b37541ce88087742884cd0e9aadc68,28583 3 28835 7 29091 6 29346 8 29603 7 29859 8 30118 6
699f2992cd71e2e28cf45f81347ff22e76b37541ce88087742884cd0e9aadc68,28331 6 28586 8 28842 8 29097 10 29354 9 29610 8 29867 7
699f2992cd71e2e28cf45f81347ff22e76b37541ce88087742884cd0e9aadc68,49038 5 49293 8 49547 10 49801 13 50056 13 50312 13 50567 13 50823 13 51080 11 51336 10 51593 8 51851 3
699f2992cd71e2e28cf45f81347ff22e76b37541ce88087742884cd0e9aadc68,35213 5 35467 9 35723 10 35978 11 36235 11 36491 11 36748 9 37005 8 37262 6
699f2992cd71e2e28cf45f81347ff22e76b37541ce88087742884cd0e9aadc68,6542 5 6797 6 7053 7 7308 7 7564 10 7821 12 8077 13 8333 14 8590 13 8846 14 9103 13 9359 12 9619 8
699f2992cd71e2e28cf45f81347ff22e76b37541ce88087742884cd0e9aadc68,5528 2 5783 2 6038 3 6294 4 6549 5 6805 6 7061 7 7318 8 7574 6
699f2992cd71e2e28cf45f81347ff22e76b37541ce88087742884cd0e9aadc68,5020 4 5274 7 5530 7 5785 9 6041 9 6298 7 6554 7 6811 5 7068 3
699f2992cd71e2e28cf45f81347ff22e76b37541ce88087742884cd0e9aadc68,676 6 928 11 1180 15 1434 18 1690 18 1945 19 2202 17 2458 17 2715 16 2972 15 3229 14 3489 10 3746 10 4003 9 4260 9 4517 7 4776 4
699f2992cd71e2e28cf45f81347ff22e76b37541ce88087742884cd0e9aadc68,16804 9 17059 12 17314 14 17569 15 17823 18 18078 19 18334 18 18589 19 18846 17 19102 17 19359 14 19616 12 19873 9 20131 3
699f2992cd71e2e28cf45f81347ff22e76b37541ce88087742884cd0e9aadc68,30882 7 31137 9 31392 10 31647 12 31903 12 32158 12 32414 12 32670 11 32927 9 33183 8
699f2992cd71e2e28cf45f81347ff22e76b37541ce88087742884cd0e9aadc68,7841 5 8097 5 8352 5 8608 5 8865 3 9121 3 9378 3
699f2992cd71e2e28cf45f81347ff22e76b37541ce88087742884cd0e9aadc68,7846 4 8102 5 8357 7 8613 7 8868 9 9124 8 9381 7 9637 6
699f2992cd71e2e28cf45f81347ff22e76b37541ce88087742884cd0e9aadc68,38309 6 38563 8 38818 10 39073 11 39329 7 39584 6 39841 5 40097 4 40354 3
699f2992cd71e2e28cf45f81347ff22e76b37541ce88087742884cd0e9aadc68,39336 5 39590 8 39846 9 40101 11 40357 11 40614 11 40870 11 41126 12 41383 12 41639 12 41895 13 42152 12 42408 12 42665 10 42922 9 43181 4
699f2992cd71e2e28cf45f81347ff22e76b37541ce88087742884cd0e9aadc68,13475 6 13731 7 13986 9 14242 9 14498 10 14754 10 15011 9 15267 8 15524 7 15782 3
699f2992cd71e2e28cf45f81347ff22e76b37541ce88087742884cd0e9aadc68,33702 6 33956 9 34211 10 34467 11 34722 12 34978 12 35234 13 35490 13 35746 12 36003 10 36259 10 36516 8 36772 9 37030 5
699f2992cd71e2e28cf45f81347ff22e76b37541ce88087742884cd0e9aadc68,35758 10 36013 11 36269 12 36524 12 36781 11 37037 10 37295 7 37555 3
699f2992cd71e2e28cf45f81347ff22e76b37541ce88087742884cd0e9aadc68,22953 5 23208 7 23463 8 23719 9 23974 10 24230 11 24486 10 24743 9 24999 8 25256 6 25513 3
699f2992cd71e2e28cf45f81347ff22e76b37541ce88087742884cd0e9aadc68,63159 4 63413 9 63668 12 63922 15 64177 17 64433 18 64688 19 64945 19 65201 18 65459 16
699f2992cd71e2e28cf45f81347ff22e76b37541ce88087742884cd0e9aadc68,21685 3 21940 5 22195 7 22451 8 22706 9 22962 10 23218 10 23475 10 23731 10 23987 11 24242 12 24498 11 24753 12 25009 11 25266 10 25522 9 25779 7 26037 4
699f2992cd71e2e28cf45f81347ff22e76b37541ce88087742884cd0e9aadc68,45495 4 45747 10 46002 11 46258 12 46513 13 46770 11 47026 5 47035 2 47283 2
699f2992cd71e2e28cf45f81347ff22e76b37541ce88087742884cd0e9aadc68,47031 4 47285 7 47540 8 47796 9 48051 11 48306 12 48562 13 48817 14 49074 12 49330 12 49587 10 49844 8 50101 6
699f2992cd71e2e28cf45f81347ff22e76b37541ce88087742884cd0e9aadc68,55480 1 55735 1 55989 4 56244 5 56500 7 56755 9 57011 12 57267 12 57523 11 57779 10 58036 8 58292 7 58549 4
699f2992cd71e2e28cf45f81347ff22e76b37541ce88087742884cd0e9aadc68,54460 1 54715 1 54970 2 55225 4 55481 4 55736 6 55993 6 56249 9 56507 6 56764 4
699f2992cd71e2e28cf45f81347ff22e76b37541ce88087742884cd0e9aadc68,53441 3 53696 5 53950 8 54205 9 54461 10 54716 11 54972 11 55229 9 55485 9 55742 7 55999 5
699f2992cd71e2e28cf45f81347ff22e76b37541ce88087742884cd0e9aadc68,181 1 183 7 439 8 699 4 954 5 1208 6 1464 4
699f2992cd71e2e28cf45f81347ff22e76b37541ce88087742884cd0e9aadc68,2489 3 2745 5 3000 7 3256 8 3511 9 3767 10 4023 10 4279 9 4535 9 4791 8 5047 7 5304 4 5560 4
699f2992cd71e2e28cf45f81347ff22e76b37541ce88087742884cd0e9aadc68,32704 3 32960 4 33213 9 33468 10 33724 10 33979 12 34235 12 34490 15 34746 14 35003 11 35259 6
699f2992cd71e2e28cf45f81347ff22e76b37541ce88087742884cd0e9aadc68,32202 5 32456 9 32711 10 32967 11 33222 12 33478 12 33734 11 33991 10 34247 9 34506 4
699f2992cd71e2e28cf45f81347ff22e76b37541ce88087742884cd0e9aadc68,5825 5 6079 9 6335 10 6590 12 6846 12 7102 13 7359 12 7615 11 7873 9 8129 8 8386 7 8642 3
699f2992cd71e2e28cf45f81347ff22e76b37541ce88087742884cd0e9aadc68,26824 1 27079 1 27332 4 27586 6 27841 8 28096 9 28352 10 28607 12 28863 14 29118 14 29374 14 29631 12 29887 11 30144 9 30401 6
699f2992cd71e2e28cf45f81347ff22e76b37541ce88087742884cd0e9aadc68,26315 6 26569 9 26825 9 27080 11 27336 11 27592 10 27849 9 28105 8 28362 6 28619 3
699f2992cd71e2e28cf45f81347ff22e76b37541ce88087742884cd0e9aadc68,40641 1 40896 2 41152 5 41162 1 41407 12 41663 11 41919 11 42175 11 42431 11 42687 10 42943 10 43199 10 43455 9 43712 8 43968 7 44225 5
699f2992cd71e2e28cf45f81347ff22e76b37541ce88087742884cd0e9aadc68,38598 4 38852 7 39107 8 39362 10 39618 10 39873 11 40129 11 40385 11 40642 9 40898 9 41157 5
699f2992cd71e2e28cf45f81347ff22e76b37541ce88087742884cd0e9aadc68,56773 5 57027 7 57281 10 57536 11 57792 11 58047 12 58303 11 58560 5 58569 1 58816 3 59074 1
699f2992cd71e2e28cf45f81347ff22e76b37541ce88087742884cd0e9aadc68,58565 4 58819 6 59075 10 59330 12 59586 12 59841 14 60098 13 60354 13 60611 11 60868 10 61125 8 61384 5
699f2992cd71e2e28cf45f81347ff22e76b37541ce88087742884cd0e9aadc68,20169 4 20178 4 20424 7 20432 6 20679 16 20935 16 21190 18 21446 18 21703 18 21959 18 22216 18 22472 17 22729 16 22985 15 23242 13 23499 11 23758 7 24017 4
699f2992cd71e2e28cf45f81347ff22e76b37541ce88087742884cd0e9aadc68,45773 4 46025 8 46279 11 46293 1 46535 15 46790 17 47047 16 47303 15 47560 14 47816 13 48073 11 48331 8
699f2992cd71e2e28cf45f81347ff22e76b37541ce88087742884cd0e9aadc68,41425 7 41680 9 41935 10 42191 11 42446 12 42702 2 42712 2 42959 1 42968 1
699f2992cd71e2e28cf45f81347ff22e76b37541ce88087742884cd0e9aadc68,42704 8 42960 8 43215 10 43472 9 43727 11 43983 11 44239 12 44495 12 44751 12 45007 11 45264 10 45520 9 45777 7 46033 4 46290 3
699f2992cd71e2e28cf45f81347ff22e76b37541ce88087742884cd0e9aadc68,9933 5 10188 7 10443 9 10699 10 10954 12 11210 12 11465 14 11720 15 11976 14 12231 15 12487 14 12744 12 13000 11 13257 9 13514 6
699f2992cd71e2e28cf45f81347ff22e76b37541ce88087742884cd0e9aadc68,13779 3 14033 6 14286 9 14541 11 14796 12 15051 12 15306 13 15562 12 15817 12 16074 9 16330 8 16588 3
699f2992cd71e2e28cf45f81347ff22e76b37541ce88087742884cd0e9aadc68,205 12 461 12 717 12 973 13 1230 12 1486 13 1743 12 2000 10 2257 9 2515 6
699f2992cd71e2e28cf45f81347ff22e76b37541ce88087742884cd0e9aadc68,60624 5 60879 7 61134 8 61390 9 61645 10 61901 9 62157 9 62414 7 62670 6
699f2992cd71e2e28cf45f81347ff22e76b37541ce88087742884cd0e9aadc68,63697 4 63953 5 64208 7 64462 9 64718 10 64973 11 65230 10 65486 10
699f2992cd71e2e28cf45f81347ff22e76b37541ce88087742884cd0e9aadc68,5340 3 5595 4 5851 5 6105 7 6357 11 6612 12 6867 13 7123 13 7378 14 7634 15 7891 14 8147 13 8404 12
699f2992cd71e2e28cf45f81347ff22e76b37541ce88087742884cd0e9aadc68,46043 1 46298 3 46555 4 46811 5 47069 3 47326 2
78a981bd27ba0c65a9169548665a17bda9f49050d0d3893a6567d1eb92cd003d,28425 5 28679 8 28935 9 29190 11 29446 11 29702 12 29959 10 30215 10 30472 8 30729 5
78a981bd27ba0c65a9169548665a17bda9f49050d0d3893a6567d1eb92cd003d,11025 1 11281 2 11536 3 11792 5 12049 4 12305 3
78a981bd27ba0c65a9169548665a17bda9f49050d0d3893a6567d1eb92cd003d,9240 3 9496 4 9751 5 10003 3 10007 6 10259 10 10514 10 10770 10 11026 10 11283 9 11539 9 11798 6 12053 6 12310 5 12566 4
78a981bd27ba0c65a9169548665a17bda9f49050d0d3893a6567d1eb92cd003d,34840 3 35097 3 35353 4 35608 5
78a981bd27ba0c65a9169548665a17bda9f49050d0d3893a6567d1eb92cd003d,24088 4 24344 5 24599 7 24856 6 25112 9 25367 11 25624 11 25880 11 26137 10 26392 11 26648 11 26905 10 27161 9 27418 7 27675 4
78a981bd27ba0c65a9169548665a17bda9f49050d0d3893a6567d1eb92cd003d,40729 2 40985 3 41242 3 41499 3 41756 2 42012 2
78a981bd27ba0c65a9169548665a17bda9f49050d0d3893a6567d1eb92cd003d,36889 3 37145 4 37400 6 37656 7 37912 8 38168 8 38424 9 38680 9 38936 9 39192 8 39449 7 39705 5
78a981bd27ba0c65a9169548665a17bda9f49050d0d3893a6567d1eb92cd003d,33821 4 34077 5 34332 6 34589 4 34843 1 34846 3 35100 1
78a981bd27ba0c65a9169548665a17bda9f49050d0d3893a6567d1eb92cd003d,20769 8 21024 11 21279 14 21535 14 21790 16 22046 16 22301 16 22557 16 22813 15 23070 10 23326 9 23583 5
78a981bd27ba0c65a9169548665a17bda9f49050d0d3893a6567d1eb92cd003d,32 11 288 11 545 9 803 5
78a981bd27ba0c65a9169548665a17bda9f49050d0d3893a6567d1eb92cd003d,29730 1 29985 3 30240 4 30496 5 30751 9 31008 5 31264 4 31521 3 31778 1
78a981bd27ba0c65a9169548665a17bda9f49050d0d3893a6567d1eb92cd003d,25381 6 25636 8 25892 9 26147 10 26403 11 26659 11 26916 10 27172 5 27180 2 27429 3 27686 1
78a981bd27ba0c65a9169548665a17bda9f49050d0d3893a6567d1eb92cd003d,31013 3 31268 8 31524 10 31779 11 32036 11 32292 11 32549 10 32805 9 33063 7 33320 5
78a981bd27ba0c65a9169548665a17bda9f49050d0d3893a6567d1eb92cd003d,27177 3 27432 5 27687 6 27943 8 28198 10 28453 11 28709 11 28964 12 29220 12 29476 12 29731 12 29988 10 30244 7 30501 4
78a981bd27ba0c65a9169548665a17bda9f49050d0d3893a6567d1eb92cd003d,39206 4 39460 7 39714 11 39969 12 40225 13 40480 14 40736 15 40993 13 41249 13 41506 11 41763 9
78a981bd27ba0c65a9169548665a17bda9f49050d0d3893a6567d1eb92cd003d,45348 4 45603 6 45858 7 46115 6 46373 2
78a981bd27ba0c65a9169548665a17bda9f49050d0d3893a6567d1eb92cd003d,49704 5 49958 8 50213 9 50468 11 50722 12 50977 13 51233 16 51488 19 51744 20 52000 20 52256 19 52512 19 52769 17 53025 3 53030 13 53287 12 53544 10 53801 8
78a981bd27ba0c65a9169548665a17bda9f49050d0d3893a6567d1eb92cd003d,55337 8 55591 12 55846 13 56102 13 56353 17 56609 18 56864 19 57120 20 57376 19 57632 18 57888 16 58145 13 58401 13 58660 11 58918 8 59175 7 59432 5
78a981bd27ba0c65a9169548665a17bda9f49050d0d3893a6567d1eb92cd003d,48440 3 48693 7 48948 7 49202 10 49457 11 49713 11 49968 9 50224 8 50481 7 50737 6 50994 5 51251 4
78a981bd27ba0c65a9169548665a17bda9f49050d0d3893a6567d1eb92cd003d,57907 4 58162 5 58417 7 58673 7 58928 9 59184 10 59441 11 59697 9 59954 8 60211 6 60470 4 60729 1
78a981bd27ba0c65a9169548665a17bda9f49050d0d3893a6567d1eb92cd003d,52022 1 52275 4 52531 5 52786 6 53043 7 53299 11 53556 9 53812 8 54069 6
78a981bd27ba0c65a9169548665a17bda9f49050d0d3893a6567d1eb92cd003d,55093 6 55348 9 55604 9 55859 11 56115 7 56370 6 56627 5 56883 4
78a981bd27ba0c65a9169548665a17bda9f49050d0d3893a6567d1eb92cd003d,49977 6 50232 9 50488 12 50743 16 50999 15 51256 15 51512 15 51768 16 52023 19 52279 18 52536 17 52792 16 53050 4 53057 5
78a981bd27ba0c65a9169548665a17bda9f49050d0d3893a6567d1eb92cd003d,56122 4 56129 7 56376 16 56632 17 56887 18 57143 19 57400 15 57656 14 57911 15 58167 14 58424 14 58680 12 58937 8 59194 3
78a981bd27ba0c65a9169548665a17bda9f49050d0d3893a6567d1eb92cd003d,47171 4 47424 9 47679 10 47934 11 48189 11 48444 13 48700 13 48955 14 49212 12 49468 10 49727 6
78a981bd27ba0c65a9169548665a17bda9f49050d0d3893a6567d1eb92cd003d,59454 7 59706 13 59962 14 60217 16 60474 15 60730 15 60989 11 61246 11 61503 10 61761 8 62020 3
78a981bd27ba0c65a9169548665a17bda9f49050d0d3893a6567d1eb92cd003d,49739 1 49993 4 50248 6 50503 11 50759 11 51014 12 51271 10 51527 10 51784 7
78a981bd27ba0c65a9169548665a17bda9f49050d0d3893a6567d1eb92cd003d,57415 9 57670 11 57926 11 58181 13 58438 12 58694 8 58951 6 59208 5
78a981bd27ba0c65a9169548665a17bda9f49050d0d3893a6567d1eb92cd003d,46924 5 47179 7 47434 8 47689 10 47945 10 48200 12 48457 13 48713 13 48971 11 49227 10 49484 9 49740 8 49997 5 50254 4
78a981bd27ba0c65a9169548665a17bda9f49050d0d3893a6567d1eb92cd003d,58702 4 58957 5 59213 6 59468 8 59724 9 59979 11 60235 11 60489 11 60745 11 61000 11 61257 10 61513 9 61770 8 62027 7 62284 5
78a981bd27ba0c65a9169548665a17bda9f49050d0d3893a6567d1eb92cd003d,51543 1 51797 4 51806 1 52051 7 52061 2 52306 14 52561 15 52817 14 53072 15 53328 13 53585 11 53841 11 54098 2 54105 2 54354 1 54362 1
78a981bd27ba0c65a9169548665a17bda9f49050d0d3893a6567d1eb92cd003d,54100 5 54355 7 54611 7 54866 9 55122 10 55377 11 55633 12 55888 15 56144 16 56401 15 56657 16 56914 14 57171 7 57181 3 57429 4 57438 1
78a981bd27ba0c65a9169548665a17bda9f49050d0d3893a6567d1eb92cd003d,49238 1 49494 2 49749 3 50005 13 50262 12 50518 11 50775 10 51031 9 51288 7 51544 6 51801 5 52058 3
78a981bd27ba0c65a9169548665a17bda9f49050d0d3893a6567d1eb92cd003d,57178 3 57433 5 57688 6 57944 7 58199 10 58454 11 58710 12 58965 13 59221 12 59477 3 59734 2 59990 1
78a981bd27ba0c65a9169548665a17bda9f49050d0d3893a6567d1eb92cd003d,45910 6 46164 9 46420 10 46675 14 46931 15 47186 17 47442 18 47699 18 47955 18 48212 18 48471 14 48728 13 48984 12 49239 12 49496 10 49752 9
78a981bd27ba0c65a9169548665a17bda9f49050d0d3893a6567d1eb92cd003d,59480 9 59736 11 59991 13 60248 13 60500 17 60756 18 61011 18 61267 18 61522 18 61778 18 62034 17 62291 15 62547 13 62804 9 63060 8 63318 4
78a981bd27ba0c65a9169548665a17bda9f49050d0d3893a6567d1eb92cd003d,62501 2 62756 4 63010 7 63266 8 63275 1 63522 7 63779 6 64036 3
78a981bd27ba0c65a9169548665a17bda9f49050d0d3893a6567d1eb92cd003d,46892 2 46898 2 47147 9 47403 9 47658 9 47914 9 48171 7 48427 5
78a981bd27ba0c65a9169548665a17bda9f49050d0d3893a6567d1eb92cd003d,42539 4 42792 8 43046 11 43302 11 43557 14 43814 15 44070 16 44327 15 44584 15 44843 12 45099 11 45355 11 45611 10 45868 9 46124 8 46381 6 46637 6 46894 4
78a981bd27ba0c65a9169548665a17bda9f49050d0d3893a6567d1eb92cd003d,60459 4 60715 6 60970 8 61226 9 61482 9 61739 9 61995 9 62252 2 62258 2
78a981bd27ba0c65a9169548665a17bda9f49050d0d3893a6567d1eb92cd003d,62254 4 62509 6 62765 6 63020 8 63276 9 63531 10 63787 11 64043 11 64299 12 64552 15 64807 15 65063 15 65318 15
78a981bd27ba0c65a9169548665a17bda9f49050d0d3893a6567d1eb92cd003d,34092 3 34346 7 34602 8 34857 11 35113 10 35369 9 35626 7 35882 7 36141 3 36398 3 36655 2
78a981bd27ba0c65a9169548665a17bda9f49050d0d3893a6567d1eb92cd003d,35123 4 35378 6 35633 8 35889 9 36144 12 36401 12 36657 12 36914 12 37172 9 37428 9 37684 10 37941 9 38197 8 38454 7 38711 5
78a981bd27ba0c65a9169548665a17bda9f49050d0d3893a6567d1eb92cd003d,27443 2 27698 4 27953 6 28209 8 28464 9 28720 8 28976 8 29232 8 29489 7 29745 7 30002 7 30260 5
78a981bd27ba0c65a9169548665a17bda9f49050d0d3893a6567d1eb92cd003d,24885 4 25139 9 25395 11 25650 11 25906 11 26162 10 26419 10 26675 10 26932 10 27189 9 27445 8 27702 5 27959 4
78a981bd27ba0c65a9169548665a17bda9f49050d0d3893a6567d1eb92cd003d,27964 3 28217 9 28473 13 28728 14 28984 13 29240 13 29496 14 29752 14 30009 14 30265 16 30522 12 30778 8 31035 6 31292 4
78a981bd27ba0c65a9169548665a17bda9f49050d0d3893a6567d1eb92cd003d,21569 4 21824 6 22080 7 22335 9 22591 9 22847 10 23102 11 23358 11 23614 6 23870 3 24127 2 24383 1
78a981bd27ba0c65a9169548665a17bda9f49050d0d3893a6567d1eb92cd003d,23620 4 23873 12 24129 14 24384 15 24641 15 24897 15 25151 17 25407 17 25661 19 25917 19 26172 19 26429 18 26685 17 26943 14 27200 8 27456 6 27713 3
78a981bd27ba0c65a9169548665a17bda9f49050d0d3893a6567d1eb92cd003d,28234 3 28486 7 28742 8 28997 9 29253 8 29510 7 29766 6 30023 5
78a981bd27ba0c65a9169548665a17bda9f49050d0d3893a6567d1eb92cd003d,32309 5 32563 8 32819 9 33074 10 33331 10 33587 9 33844 8 34101 6
78a981bd27ba0c65a9169548665a17bda9f49050d0d3893a6567d1eb92cd003d,43838 2 43844 1 44093 10 44348 11 44604 12 44859 13 45115 13 45372 12 45628 11 45885 10 46143 7 46401 3
78a981bd27ba0c65a9169548665a17bda9f49050d0d3893a6567d1eb92cd003d,62784 5 63039 8 63293 10 63548 12 63804 12 64059 13 64315 13 64572 12 64828 11 65085 10 65342 7
78a981bd27ba0c65a9169548665a17bda9f49050d0d3893a6567d1eb92cd003d,41282 3 41537 5 41791 7 42046 9 42302 9 42557 10 42814 8 43070 8 43327 6 43584 4 43840 4
78a981bd27ba0c65a9169548665a17bda9f49050d0d3893a6567d1eb92cd003d,53568 4 53823 7 54078 9 54334 9 54589 11 54846 9 55102 9 55359 7 55617 3
78a981bd27ba0c65a9169548665a17bda9f49050d0d3893a6567d1eb92cd003d,35649 7 35903 11 36159 11 36414 13 36670 13 36926 12 37183 11 37439 9 37697 6
78a981bd27ba0c65a9169548665a17bda9f49050d0d3893a6567d1eb92cd003d,837 7 1092 9 1345 13 1601 13 1856 15 2113 13 2369 13 2626 11 2883 9 3141 4
78a981bd27ba0c65a9169548665a17bda9f49050d0d3893a6567d1eb92cd003d,32840 1 33094 3 33350 4 33605 5 33861 6 34117 9 34373 9 34630 7 34886 6 35143 4
78a981bd27ba0c65a9169548665a17bda9f49050d0d3893a6567d1eb92cd003d,31054 10 31309 11 31564 13 31819 13 32074 14 32330 13 32585 14 32841 12 33097 11 33354 9 33610 9 33867 7
78a981bd27ba0c65a9169548665a17bda9f49050d0d3893a6567d1eb92cd003d,39242 9 39497 11 39753 12 40008 13 40265 13 40521 13 40778 11 41034 11 41291 8 41548 5
78a981bd27ba0c65a9169548665a17bda9f49050d0d3893a6567d1eb92cd003d,4428 8 4683 10 4939 11 5194 12 5451 12 5707 12 5964 11 6222 9 6479 8 6736 6 6993 5
78a981bd27ba0c65a9169548665a17bda9f49050d0d3893a6567d1eb92cd003d,14673 5 14928 6 15183 8 15438 9 15692 11 15947 12 16203 12 16458 12 16715 11 16971 10 17228 8
78a981bd27ba0c65a9169548665a17bda9f49050d0d3893a6567d1eb92cd003d,34130 4 34386 4 34641 8 34897 12 35152 13 35408 13 35663 15 35919 16 36173 19 36428 21 36683 22 36939 23 37194 24 37451 22 37707 10 37719 10 37964 8 37976 8 38222 3 38234 3
78a981bd27ba0c65a9169548665a17bda9f49050d0d3893a6567d1eb92cd003d,32089 4 32096 4 32344 12 32599 14 32855 14 33110 15 33366 11 33622 9 33877 10 34134 8 34390 8 34649 4
78a981bd27ba0c65a9169548665a17bda9f49050d0d3893a6567d1eb92cd003d,33377 7 33631 11 33887 12 34142 14 34398 14 34655 14 34911 14 35168 12 35424 12 35681 10 35938 8 36196 5
78a981bd27ba0c65a9169548665a17bda9f49050d0d3893a6567d1eb92cd003d,42582 3 42834 7 43087 12 43342 12 43597 13 43851 14 44107 14 44362 14 44619 12 44875 10 45132 6
78a981bd27ba0c65a9169548665a17bda9f49050d0d3893a6567d1eb92cd003d,64076 7 64331 10 64587 12 64842 14 65098 14 65355 14
78a981bd27ba0c65a9169548665a17bda9f49050d0d3893a6567d1eb92cd003d,23123 3 23378 6 23634 6 23889 8 24145 8 24401 8 24657 8 24914 7 25170 6 25427 5
78a981bd27ba0c65a9169548665a17bda9f49050d0d3893a6567d1eb92cd003d,26203 4 26457 7 26711 9 26965 12 27219 13 27474 14 27730 13 27985 9 28242 6 28498 6 28756 3
78a981bd27ba0c65a9169548665a17bda9f49050d0d3893a6567d1eb92cd003d,27994 4 28248 7 28504 9 28759 10 29016 9 29272 8 29528 9 29784 9 30041 9 30297 8 30554 7 30811 5 31067 4
78a981bd27ba0c65a9169548665a17bda9f49050d0d3893a6567d1eb92cd003d,25701 4 25956 6 26211 7 26467 8 26721 11 26977 12 27232 20 27489 20 27745 20 28001 21 28257 20 28514 19 28769 19 29025 18 29280 18 29537 16 29793 16 30051 13 30308 12 30565 10 30824 6
78a981bd27ba0c65a9169548665a17bda9f49050d0d3893a6567d1eb92cd003d,9305 3 9559 7 9813 11 10069 12 10324 13 10580 14 10836 14 11092 14 11349 12 11605 12 11862 10 12119 8 12377 3
78a981bd27ba0c65a9169548665a17bda9f49050d0d3893a6567d1eb92cd003d,2650 3 2905 6 3160 8 3415 9 3672 7 3928 6
78a981bd27ba0c65a9169548665a17bda9f49050d0d3893a6567d1eb92cd003d,17753 3 18008 7 18264 7 18520 7 18777 4 19034 1
78a981bd27ba0c65a9169548665a17bda9f49050d0d3893a6567d1eb92cd003d,40539 3 40791 8 41047 8 41302 10 41559 9 41815 9 42072 9 42328 8 42585 7 42841 6
78a981bd27ba0c65a9169548665a17bda9f49050d0d3893a6567d1eb92cd003d,4960 1 5211 6 5467 7 5722 9 5978 12 6235 11 6491 11 6748 11 7004 11 7261 10 7518 4 7775 1 8031 1
78a981bd27ba0c65a9169548665a17bda9f49050d0d3893a6567d1eb92cd003d,3938 5 4193 8 4449 8 4704 10 4961 9 5217 8 5474 7 5731 3
78a981bd27ba0c65a9169548665a17bda9f49050d0d3893a6567d1eb92cd003d,7522 5 7776 7 8032 8 8287 10 8544 9 8800 10 9057 9 9314 7 9570 7 9828 3
78a981bd27ba0c65a9169548665a17bda9f49050d0d3893a6567d1eb92cd003d,13663 1 13919 1 14174 4 14429 10 14684 11 14939 11 15195 11 15450 12 15706 12 15962 9 16219 7 16475 6 16736 1
78a981bd27ba0c65a9169548665a17bda9f49050d0d3893a6567d1eb92cd003d,12130 5 12385 7 12641 7 12896 9 13152 9 13407 9 13664 8 13920 7 14178 5
78a981bd27ba0c65a9169548665a17bda9f49050d0d3893a6567d1eb92cd003d,15971 3 16226 7 16481 8 16737 9 16992 10 17249 8 17505 8 17762 5
78a981bd27ba0c65a9169548665a17bda9f49050d0d3893a6567d1eb92cd003d,98 7 354 8 609 10 866 9 1122 8 1379 7 1635 6 1892 6 2150 4 2407 3
78a981bd27ba0c65a9169548665a17bda9f49050d0d3893a6567d1eb92cd003d,1130 6 1386 6 1641 8 1898 6 2154 6
78a981bd27ba0c65a9169548665a17bda9f49050d0d3893a6567d1eb92cd003d,19559 4 19814 6 20069 7 20324 9 20579 9 20835 9 21090 9 21346 8 21602 8 21858 7 22115 6 22371 5
78a981bd27ba0c65a9169548665a17bda9f49050d0d3893a6567d1eb92cd003d,43881 6 44136 8 44391 10 44647 11 44902 12 45158 13 45413 14 45669 14 45924 14 46181 13 46437 12 46694 10 46951 8 47209 4
78a981bd27ba0c65a9169548665a17bda9f49050d0d3893a6567d1eb92cd003d,56171 4 56425 6 56681 7 56936 8 57191 10 57447 10 57702 11 57957 12 58213 12 58468 13 58725 12 58981 3 58991 1 59247 1
78a981bd27ba0c65a9169548665a17bda9f49050d0d3893a6567d1eb92cd003d,58984 7 59239 8 59495 9 59750 10 60006 11 60261 12 60517 12 60774 10 61030 10 61288 3
78a981bd27ba0c65a9169548665a17bda9f49050d0d3893a6567d1eb92cd003d,47975 6 48230 10 48486 10 48741 12 48998 11 49254 11 49510 2 49519 1
78a981bd27ba0c65a9169548665a17bda9f49050d0d3893a6567d1eb92cd003d,49512 7 49767 9 50023 9 50278 11 50534 11 50789 12 51045 13 51302 12 51558 11 51815 10 52072 8 52328 8 52585 6 52842 4
78a981bd27ba0c65a9169548665a17bda9f49050d0d3893a6567d1eb92cd003d,62056 6 62311 9 62566 11 62822 12 63077 13 63333 14 63589 14 63845 14 64102 13 64358 12 64615 11 64871 10 65128 8 65386 4
78a981bd27ba0c65a9169548665a17bda9f49050d0d3893a6567d1eb92cd003d,53358 5 53613 6 53869 7 54124 8 54380 8 54636 8 54892 8 55148 8 55404 8 55661 6 55917 6
78a981bd27ba0c65a9169548665a17bda9f49050d0d3893a6567d1eb92cd003d,13935 9 14190 11 14446 11 14701 16 14958 15 15214 9 15229 1 15471 4 15728 3
78a981bd27ba0c65a9169548665a17bda9f49050d0d3893a6567d1eb92cd003d,15223 6 15475 11 15731 11 15986 14 16243 13 16499 14 16754 15 17008 16 17263 17 17519 16 17774 17 18031 15 18287 14 18545 10
78a981bd27ba0c65a9169548665a17bda9f49050d0d3893a6567d1eb92cd003d,3184 11 3439 14 3695 15 3950 17 4207 17 4463 17 4721 16 4978 15 5235 14 5491 13 5746 14 6000 15 6255 15 6510 16 6766 15 7021 12 7036 1 7278 10 7534 10 7794 5
78a981bd27ba0c65a9169548665a17bda9f49050d0d3893a6567d1eb92cd003d,7033 3 7045 5 7288 4 7301 13 7544 5 7556 14 7799 9 7813 12 8055 10 8068 13 8311 11 8324 12 8567 25 8823 25 9080 21 9336 21 9593 20 9851 19 10112 13 10370 11 10635 1
78a981bd27ba0c65a9169548665a17bda9f49050d0d3893a6567d1eb92cd003d,10108 4 10364 6 10619 5 10626 9 10875 6 10882 10 11132 5 11138 10 11388 17 11643 18 11898 20 12152 21 12408 21 12663 23 12919 25 13175 24 13431 11 13444 11 13688 9 13700 12 13944 7 13956 12 14201 3 14211 14 14457 3 14468 15 14724 5
78a981bd27ba0c65a9169548665a17bda9f49050d0d3893a6567d1eb92cd003d,10128 2 10137 1 10384 2 10393 1 10639 11 10895 11 11152 2 11161 1 11408 2 11417 1
78a981bd27ba0c65a9169548665a17bda9f49050d0d3893a6567d1eb92cd003d,7314 3 7570 5 7825 7 8081 8 8336 9 8592 10 8848 10 9105 9 9361 9 9617 9 9873 9 10130 7 10386 7
78a981bd27ba0c65a9169548665a17bda9f49050d0d3893a6567d1eb92cd003d,11154 7 11410 7 11665 9 11921 9 12177 9 12433 9 12688 10 12944 10 13199 11 13455 10 13712 9 13968 8 14225 5
78a981bd27ba0c65a9169548665a17bda9f49050d0d3893a6567d1eb92cd003d,8817 4 9071 7 9326 9 9582 9 9837 11 10093 11 10350 1 10358 2 10606 1 10614 1
78a981bd27ba0c65a9169548665a17bda9f49050d0d3893a6567d1eb92cd003d,10351 7 10607 7 10862 9 11118 9 11373 11 11629 11 11886 10 12142 9 12399 8 12656 6
78a981bd27ba0c65a9169548665a17bda9f49050d0d3893a6567d1eb92cd003d,37489 5 37743 9 37999 10 38254 11 38510 12 38765 12 39021 12 39278 10 39534 9 39791 7 40048 5
78a981bd27ba0c65a9169548665a17bda9f49050d0d3893a6567d1eb92cd003d,34416 5 34671 6 34927 8 35182 9 35438 9 35694 9 35950 8 36206 8 36463 6 36719 5
78a981bd27ba0c65a9169548665a17bda9f49050d0d3893a6567d1eb92cd003d,29560 5 29814 7 30069 9 30324 10 30579 11 30835 10 31090 11 31346 10 31603 4 31859 2 32116 1
78a981bd27ba0c65a9169548665a17bda9f49050d0d3893a6567d1eb92cd003d,31607 5 31861 7 32117 8 32372 11 32628 11 32884 9 33140 8 33396 7 33652 6 33908 6 34164 5 34421 4 34677 4 34937 1
78a981bd27ba0c65a9169548665a17bda9f49050d0d3893a6567d1eb92cd003d,32893 2 33148 3 33403 4 33658 5 33914 5 34169 6 34425 6 34681 6 34938 5 35194 6 35451 5
78a981bd27ba0c65a9169548665a17bda9f49050d0d3893a6567d1eb92cd003d,30337 5 30592 7 30847 8 31103 11 31358 18 31614 18 31871 18 32127 12 32140 5 32384 11 32396 7 32640 18 32895 19 33151 19 33407 19 33663 19 33919 18 34175 18 34431 17 34687 16 34943 14 35200 12 35456 10 35714 5
78a981bd27ba0c65a9169548665a17bda9f49050d0d3893a6567d1eb92cd003d,27018 4 27274 5 27529 7 27784 9 28039 10 28293 13 28549 13 28804 13 29060 13 29317 11 29573 11 29830 10 30087 9 30342 11 30599 9 30855 9 31114 5
78a981bd27ba0c65a9169548665a17bda9f49050d0d3893a6567d1eb92cd003d,56437 2 56692 4 56948 4 57203 6 57460 9 57716 9 57973 7 58230 6
78a981bd27ba0c65a9169548665a17bda9f49050d0d3893a6567d1eb92cd003d,51062 5 51317 7 51572 9 51828 5 52083 5 52340 4 52596 3
78a981bd27ba0c65a9169548665a17bda9f49050d0d3893a6567d1eb92cd003d,51833 4 52088 6 52344 9 52599 9 52856 8 53112 8 53367 10 53623 10 53879 11 54135 11 54390 13 54646 2 54902 2
78a981bd27ba0c65a9169548665a17bda9f49050d0d3893a6567d1eb92cd003d,54648 10 54904 11 55159 10 55415 10 55671 9 55927 9 56184 8 56439 9 56696 9 56952 7 57209 4
78a981bd27ba0c65a9169548665a17bda9f49050d0d3893a6567d1eb92cd003d,48772 5 49027 7 49282 9 49536 11 49792 12 50046 14 50302 13 50558 13 50814 12 51071 5 51080 1 51327 4 51584 2
78a981bd27ba0c65a9169548665a17bda9f49050d0d3893a6567d1eb92cd003d,57728 3 57983 4 58239 11 58494 13 58750 13 59006 14 59263 13 59520 12 59776 11 60034 9 60291 7 60548 5
78a981bd27ba0c65a9169548665a17bda9f49050d0d3893a6567d1eb92cd003d,51076 4 51331 6 51586 7 51842 5 52097 6 52353 5 52608 6 52864 6 53120 6 53377 5 53633 6 53890 5 54146 4
78a981bd27ba0c65a9169548665a17bda9f49050d0d3893a6567d1eb92cd003d,55169 6 55425 6 55680 7 55936 7 56192 7 56448 7 56705 6 56961 6 57218 6 57474 6 57731 6 57987 6
78a981bd27ba0c65a9169548665a17bda9f49050d0d3893a6567d1eb92cd003d,51847 9 52103 10 52358 12 52614 13 52870 14 53126 14 53382 15 53639 14 53895 13 54152 2 54164 1 54420 1
78a981bd27ba0c65a9169548665a17bda9f49050d0d3893a6567d1eb92cd003d,54154 10 54409 11 54665 12 54920 13 55176 12 55431 14 55687 14 55943 14 56199 14 56455 13 56711 13 56967 11 57224 9 57480 8
78a981bd27ba0c65a9169548665a17bda9f49050d0d3893a6567d1eb92cd003d,20600 4 20855 6 21112 5 21369 2
78a981bd27ba0c65a9169548665a17bda9f49050d0d3893a6567d1eb92cd003d,45432 4 45687 6 45942 8 46198 9 46453 10 46709 11 46966 10 47222 10 47479 9 47734 11 47990 11 48246 12 48502 12 48759 11 49015 10 49272 9 49528 8 49785 7
78a981bd27ba0c65a9169548665a17bda9f49050d0d3893a6567d1eb92cd003d,62070 2 62326 2 62581 5 62590 1 62837 10 63094 8 63350 8 63607 6
78a981bd27ba0c65a9169548665a17bda9f49050d0d3893a6567d1eb92cd003d,59513 7 59768 8 60023 10 60279 10 60534 12 60790 12 61046 12 61302 11 61559 10 61815 9 62072 7 62328 7 62586 4
78a981bd27ba0c65a9169548665a17bda9f49050d0d3893a6567d1eb92cd003d,25720 1 25976 7 26231 9 26487 12 26744 10 27000 10 27257 8 27515 4
78a981bd27ba0c65a9169548665a17bda9f49050d0d3893a6567d1eb92cd003d,23165 5 23417 10 23672 14 23927 14 24183 15 24438 16 24694 19 24951 16 25207 7 25215 8 25465 14 25721 13 25983 7 26240 5
78a981bd27ba0c65a9169548665a17bda9f49050d0d3893a6567d1eb92cd003d,20877 1 21132 1 21387 3 21643 3 21898 5 22154 6 22410 7 22665 9 22920 10 23175 11 23430 11 23686 11 23941 11 24198 9 24454 6
78a981bd27ba0c65a9169548665a17bda9f49050d0d3893a6567d1eb92cd003d,19348 4 19603 7 19858 9 20113 10 20367 13 20622 13 20878 13 21133 13 21390 11 21646 9 21903 6 22160 3
78a981bd27ba0c65a9169548665a17bda9f49050d0d3893a6567d1eb92cd003d,899 4 1154 6 1410 7 1665 9 1921 10 2178 10 2434 10 2691 10 2947 10 3204 8 3460 8 3717 6 3975 3 4231 3
78a981bd27ba0c65a9169548665a17bda9f49050d0d3893a6567d1eb92cd003d,17798 1 18053 2 18058 1 18308 8 18564 8 18819 10 19075 10 19330 10 19586 10 19841 9 20097 9 20354 7 20610 6
78a981bd27ba0c65a9169548665a17bda9f49050d0d3893a6567d1eb92cd003d,45444 2 45700 4 45708 1 45955 11 46211 11 46467 12 46724 11 46980 9 47237 8
78a981bd27ba0c65a9169548665a17bda9f49050d0d3893a6567d1eb92cd003d,43142 7 43397 9 43653 10 43908 11 44164 12 44420 11 44676 11 44933 9 45189 8 45446 6 45704 4
78a981bd27ba0c65a9169548665a17bda9f49050d0d3893a6567d1eb92cd003d,62085 8 62340 10 62596 11 62851 12 63107 11 63364 10 63620 9 63877 7 64133 8 64388 10 64644 11 64899 12 65156 12 65412 11
78a981bd27ba0c65a9169548665a17bda9f49050d0d3893a6567d1eb92cd003d,15752 4 16007 6 16262 7 16518 8 16773 8 17029 8 17286 6 17542 5 17799 3 18055 3
78a981bd27ba0c65a9169548665a17bda9f49050d0d3893a6567d1eb92cd003d,38794 6 39049 8 39305 8 39560 10 39816 5 40073 2 40329 2
78a981bd27ba0c65a9169548665a17bda9f49050d0d3893a6567d1eb92cd003d,39821 4 40075 7 40331 13 40586 16 40843 15 41099 16 41356 15 41612 14 41869 13 42125 11 42382 6
78a981bd27ba0c65a9169548665a17bda9f49050d0d3893a6567d1eb92cd003d,140 12 397 12 653 13 910 12 1166 13 1423 12 1681 9 1938 8 2195 5 2452 3
78a981bd27ba0c65a9169548665a17bda9f49050d0d3893a6567d1eb92cd003d,35217 6 35472 9 35727 10 35982 12 36237 13 36493 13 36748 13 37004 13 37261 11 37517 11 37777 5
78a981bd27ba0c65a9169548665a17bda9f49050d0d3893a6567d1eb92cd003d,46989 4 47245 3 47500 4 47756 4 48012 4 48269 4 48525 4 48782 5
78a981bd27ba0c65a9169548665a17bda9f49050d0d3893a6567d1eb92cd003d,49298 2 49553 4 49808 5 50064 6 50319 8 50576 10 50832 9 51089 8 51345 7 51603 4
78a981bd27ba0c65a9169548665a17bda9f49050d0d3893a6567d1eb92cd003d,44184 1 44438 3 44693 5 44948 6 45204 7 45459 12 45715 11 45980 1 46236 1
78a981bd27ba0c65a9169548665a17bda9f49050d0d3893a6567d1eb92cd003d,45972 8 46228 8 46483 10 46737 12 46993 13 47248 14 47504 14 47760 14 48016 15 48273 14 48529 14 48789 11 49045 11 49300 12 49557 10 49813 10 50070 5 50327 3
78a981bd27ba0c65a9169548665a17bda9f49050d0d3893a6567d1eb92cd003d,41886 5 42140 8 42396 8 42651 10 42907 10 43162 10 43418 10 43674 9 43930 8 44185 9 44441 8 44698 8 44954 7 45211 6
78a981bd27ba0c65a9169548665a17bda9f49050d0d3893a6567d1eb92cd003d,57746 6 58001 8 58256 9 58512 10 58767 11 59023 8 59280 6 59536 5 59793 4 60051 1
78a981bd27ba0c65a9169548665a17bda9f49050d0d3893a6567d1eb92cd003d,59031 3 59286 5 59541 10 59797 10 60052 12 60309 11 60558 5 60565 11 60813 18 61069 18 61324 18 61580 18 61837 17 62093 17 62350 16 62609 4 62620 1 62867 1 62876 1
78a981bd27ba0c65a9169548665a17bda9f49050d0d3893a6567d1eb92cd003d,62613 7 62868 8 63124 9 63379 10 63635 11 63891 12 64148 12 64404 12 64661 12 64918 11 65176 9 65433 8
78a981bd27ba0c65a9169548665a17bda9f49050d0d3893a6567d1eb92cd003d,24721 5 24976 7 25231 10 25487 10 25742 12 25998 12 26255 11 26511 12 26768 11 27024 10 27281 9 27538 7 27795 4
78a981bd27ba0c65a9169548665a17bda9f49050d0d3893a6567d1eb92cd003d,28312 3 28566 7 28821 7 29077 7 29332 7 29588 7 29844 7 30100 7 30354 9 30610 9 30865 10 31121 10 31376 11 31632 12 31889 6 31899 1 32145 4
78a981bd27ba0c65a9169548665a17bda9f49050d0d3893a6567d1eb92cd003d,28576 3 28828 3 28832 3 29084 8 29339 9 29595 9 29851 10 30107 11 30363 12 30619 12 30875 13 31131 13 31387 12 31644 11 31900 10 32158 7
78a981bd27ba0c65a9169548665a17bda9f49050d0d3893a6567d1eb92cd003d,21658 6 21913 8 22169 8 22424 10 22680 10 22937 9 23193 8 23451 4
78a981bd27ba0c65a9169548665a17bda9f49050d0d3893a6567d1eb92cd003d,34206 3 34460 6 34715 7 34970 8 35227 7 35483 6
78a981bd27ba0c65a9169548665a17bda9f49050d0d3893a6567d1eb92cd003d,37789 6 38044 13 38300 14 38555 16 38812 15 39068 16 39325 15 39583 13 39840 11 40096 11 40353 9 40610 7 40867 4
78a981bd27ba0c65a9169548665a17bda9f49050d0d3893a6567d1eb92cd003d,23455 4 23711 6 23966 9 24221 10 24477 11 24732 12 24988 12 25244 12 25500 12 25757 10 26013 10 26270 8 26527 6
78a981bd27ba0c65a9169548665a17bda9f49050d0d3893a6567d1eb92cd003d,53153 5 53405 10 53661 11 53916 11 54172 11 54428 10 54684 10 54940 10 55196 11 55453 10 55709 11 55966 9 56226 3
78a981bd27ba0c65a9169548665a17bda9f49050d0d3893a6567d1eb92cd003d,48041 4 48295 8 48549 10 48805 11 49060 12 49316 13 49572 13 49828 13 50085 11 50341 2 50348 4 50605 1
78a981bd27ba0c65a9169548665a17bda9f49050d0d3893a6567d1eb92cd003d,50343 5 50598 7 50854 7 51108 10 51364 11 51619 12 51875 13 52132 8 52388 6 52646 4 52904 1
78a981bd27ba0c65a9169548665a17bda9f49050d0d3893a6567d1eb92cd003d,56488 1 56741 5 56996 6 57252 8 57507 13 57764 11 58020 11 58277 2 58285 1
78a981bd27ba0c65a9169548665a17bda9f49050d0d3893a6567d1eb92cd003d,58279 6 58534 7 58790 9 59045 11 59301 11 59556 13 59812 13 60068 13 60324 13 60581 11 60837 11 61095 7
78a981bd27ba0c65a9169548665a17bda9f49050d0d3893a6567d1eb92cd003d,52140 4 52394 6 52403 5 52650 15 52905 17 53162 17 53418 17 53673 19 53927 21 54183 21 54438 22 54694 22 54950 22 55207 21 55463 21 55721 19 55978 18 56234 17 56489 18 56746 15 57002 7 57011 5 57260 4
78a981bd27ba0c65a9169548665a17bda9f49050d0d3893a6567d1eb92cd003d,7842 5 8097 7 8351 10 8606 11 8862 11 9117 11 9373 12 9630 11 9886 11 10143 9 10401 5
78a981bd27ba0c65a9169548665a17bda9f49050d0d3893a6567d1eb92cd003d,11425 5 11679 9 11934 10 12190 11 12445 12 12702 10 12958 11 13215 10 13472 9 13729 7 13987 4
78a981bd27ba0c65a9169548665a17bda9f49050d0d3893a6567d1eb92cd003d,171 7 426 9 682 9 937 9 1190 12 1445 12 1700 13 1955 13 2211 13 2466 13 2723 11 2979 10 3235 10 3490 12 3746 12 4002 9 4259 8 4515 7 4772 6
78a981bd27ba0c65a9169548665a17bda9f49050d0d3893a6567d1eb92cd003d,17059 7 17315 7 17570 9 17826 9 18082 10 18339 11 18595 11 18851 11 19106 12 19362 13 19619 8 19875 7 20132 4 20389 3 20646 1
78a981bd27ba0c65a9169548665a17bda9f49050d0d3893a6567d1eb92cd003d,19627 5 19882 6 20136 9 20392 10 20647 11 20903 12 21160 11 21416 11 21673 10 21929 10 22186 10 22442 10 22700 8 22957 2 22962 1 23213 1 23218 1 23469 1
78a981bd27ba0c65a9169548665a17bda9f49050d0d3893a6567d1eb92cd003d,22959 3 23214 4 23470 5 23725 6 23982 5 24238 4 24495 3
78a981bd27ba0c65a9169548665a17bda9f49050d0d3893a6567d1eb92cd003d,4011 7 4267 8 4522 10 4778 10 5035 9 5291 8 5548 7 5806 5 6061 6 6317 6 6572 7 6828 6 7085 2 7341 2
78a981bd27ba0c65a9169548665a17bda9f49050d0d3893a6567d1eb92cd003d,6834 1 7087 5 7343 5 7598 8 7854 8 8108 11 8363 14 8617 15 8873 15 9128 16 9385 15 9641 14 9898 12 10155 11 10411 10 10668 8 10924 8 11180 7 11436 7 11691 8 11947 8 12201 9 12457 9 12712 9 12969 8 13225 8 13483 6 13741 1
78a981bd27ba0c65a9169548665a17bda9f49050d0d3893a6567d1eb92cd003d,13742 4 13998 5 14253 11 14509 11 14764 11 15020 11 15277 10 15533 10 15790 8 16046 8 16300 10 16555 11 16811 11 17066 12 17322 12 17579 8 17835 6 18092 3
78a981bd27ba0c65a9169548665a17bda9f49050d0d3893a6567d1eb92cd003d,3770 5 4023 10 4278 12 4533 13 4788 15 5044 15 5299 16 5555 15 5811 15 6067 15 6323 16 6579 16 6835 16 7092 2 7095 11 7348 2 7351 11 7606 10 7862 5 8119 2
78a981bd27ba0c65a9169548665a17bda9f49050d0d3893a6567d1eb92cd003d,14264 9 14520 10 14775 11 15031 12 15287 12 15543 12 15798 12 16054 12 16310 12 16566 13 16822 13 17078 13 17334 12 17590 12 17847 9 18103 3 18107 3
78a981bd27ba0c65a9169548665a17bda9f49050d0d3893a6567d1eb92cd003d,8121 4 8130 3 8377 5 8384 7 8632 16 8888 16 9144 17 9400 17 9655 19 9910 20 10166 20 10421 20 10676 2 10679 18 10932 1 10935 18 11187 3 11191 18 11443 22 11699 23 11955 23 12210 24 12466 23 12721 24 12977 23 13233 23 13490 12 13504 6 13746 11 14003 8
78a981bd27ba0c65a9169548665a17bda9f49050d0d3893a6567d1eb92cd003d,9930 4 10186 4 10441 4 10697 4 10953 4 11209 4 11465 4 11722 4 11978 4
78a981bd27ba0c65a9169548665a17bda9f49050d0d3893a6567d1eb92cd003d,9934 5 10190 5 10445 5 10701 5 10957 5 11213 5 11469 5 11726 5 11982 5
78a981bd27ba0c65a9169548665a17bda9f49050d0d3893a6567d1eb92cd003d,8919 4 9174 6 9430 7 9685 9 9939 11 10195 13 10450 14 10706 15 10962 15 11218 15 11474 14 11731 13 11987 11 12245 9 12502 7 12758 6 13016 3
78a981bd27ba0c65a9169548665a17bda9f49050d0d3893a6567d1eb92cd003d,26538 3 26792 6 27046 8 27301 10 27555 12 27811 11 28066 12 28323 10 28579 9 28837 7 29095 4
78a981bd27ba0c65a9169548665a17bda9f49050d0d3893a6567d1eb92cd003d,44197 3 44451 6 44707 7 44962 8 45218 9 45475 8 45731 7 45988 6 46246 3
78a981bd27ba0c65a9169548665a17bda9f49050d0d3893a6567d1eb92cd003d,33450 10 33703 15 33959 15 34214 17 34470 17 34727 15 34983 10 35240 5 35498 3
78a981bd27ba0c65a9169548665a17bda9f49050d0d3893a6567d1eb92cd003d,34993 5 35245 13 35501 15 35756 17 36013 16 36269 17 36524 18 36780 18 37036 19 37293 18 37549 19 37806 17 38063 16
78a981bd27ba0c65a9169548665a17bda9f49050d0d3893a6567d1eb92cd003d,42415 3 42671 3 42926 5 43182 9 43438 9 43695 8 43951 7 44208 6
78a981bd27ba0c65a9169548665a17bda9f49050d0d3893a6567d1eb92cd003d,39345 4 39600 6 39855 8 40111 9 40366 11 40622 12 40879 12 41135 12 41392 11 41648 12 41905 11 42161 11 42418 8 42674 6 42931 4
78a981bd27ba0c65a9169548665a17bda9f49050d0d3893a6567d1eb92cd003d,59828 4 60083 6 60338 8 60594 8 60849 10 61105 10 61361 10 61617 1 61625 2 61873 1
78a981bd27ba0c65a9169548665a17bda9f49050d0d3893a6567d1eb92cd003d,61618 7 61874 8 62129 9 62385 10 62640 11 62896 12 63151 13 63408 12 63664 13 63921 11 64178 10 64436 7
78a981bd27ba0c65a9169548665a17bda9f49050d0d3893a6567d1eb92cd003d,47281 1 47537 1 47793 10 48049 10 48305 10 48561 10 48818 8 49074 8 49331 6
78a981bd27ba0c65a9169548665a17bda9f49050d0d3893a6567d1eb92cd003d,44980 7 45233 11 45489 11 45744 13 46000 13 46256 12 46512 12 46769 10 47025 10 47282 8 47538 8
78a981bd27ba0c65a9169548665a17bda9f49050d0d3893a6567d1eb92cd003d,20152 3 20407 5 20662 7 20917 9 21173 9 21428 10 21685 8 21941 9 22198 8 22455 6
78a981bd27ba0c65a9169548665a17bda9f49050d0d3893a6567d1eb92cd003d,22972 3 23226 5 23481 6 23736 8 23991 9 24244 13 24498 15 24754 16 25009 18 25265 17 25521 17 25777 16 26033 16 26289 7 26297 9 26546 5 26553 9 26802 4 26808 11 27064 11 27320 11 27576 11 27833 10 28089 9 28346 8 28603 5
78a981bd27ba0c65a9169548665a17bda9f49050d0d3893a6567d1eb92cd003d,20421 6 20674 9 20928 11 21182 13 21438 12 21693 13 21950 12 22206 12 22464 11 22720 11 22975 12 23231 12 23487 12 23744 11 24000 7 24257 3 24513 3 24770 1
78a981bd27ba0c65a9169548665a17bda9f49050d0d3893a6567d1eb92cd003d,24007 4 24260 7 24516 8 24771 1 24773 7 25027 1 25029 8 25282 1 25284 10 25540 13 25793 1 25795 14 26049 16 26306 15 26562 16 26819 16 27075 16 27333 15 27590 14 27847 14 28104 13 28361 12 28619 9 28876 8 29135 4
78a981bd27ba0c65a9169548665a17bda9f49050d0d3893a6567d1eb92cd003d,20175 3 20429 8 20684 9 20939 11 21195 11 21450 12 21706 12 21962 12 22218 12 22475 10 22731 10 22987 10 23243 11 23499 1 23501 9 23755 1 23757 10 24013 9 24268 9 24524 8 24780 7 25037 6 25294 4
78a981bd27ba0c65a9169548665a17bda9f49050d0d3893a6567d1eb92cd003d,21209 4 21464 6 21719 8 21974 9 22230 10 22485 11 22741 11 22997 11 23254 9 23510 9 23770 3
78a981bd27ba0c65a9169548665a17bda9f49050d0d3893a6567d1eb92cd003d,27827 4 28082 6 28338 6 28593 8 28849 8 29105 8 29361 7 29618 6 29874 5
78a981bd27ba0c65a9169548665a17bda9f49050d0d3893a6567d1eb92cd003d,181 33 436 34 693 33 949 8 961 21 1206 6 1218 19 1463 3 1477 6 1485 8 1743 3
78a981bd27ba0c65a9169548665a17bda9f49050d0d3893a6567d1eb92cd003d,40125 5 40381 4 40636 5 40892 6 41147 7 41403 8 41660 7 41916 1 41923 2
78a981bd27ba0c65a9169548665a17bda9f49050d0d3893a6567d1eb92cd003d,41917 6 42173 7 42428 8 42684 9 42940 9 43196 9 43452 9 43709 7 43965 7 44222 5 44479 4
78a981bd27ba0c65a9169548665a17bda9f49050d0d3893a6567d1eb92cd003d,39109 4 39364 6 39619 10 39874 9 40130 8 40385 9 40641 8 40898 7 41154 7 41411 5 41667 4
78a981bd27ba0c65a9169548665a17bda9f49050d0d3893a6567d1eb92cd003d,39633 5 39883 12 40138 14 40394 14 40649 16 40905 18 41161 19 41418 18 41673 20 41928 21 42183 22 42439 22 42694 23 42950 23 43206 22 43462 22 43719 20 43975 18 44232 16 44489 3 44493 10 44750 9 45007 6 45264 4
78a981bd27ba0c65a9169548665a17bda9f49050d0d3893a6567d1eb92cd003d,48835 4 49090 5 49345 7 49600 8 49856 8 50111 9 50366 10 50622 10 50877 12 51133 12 51388 12 51644 12 51900 14 52156 14 52413 14 52669 14 52926 12 53182 12 53439 11 53698 1 53705 1 53954 1 53961 1
78a981bd27ba0c65a9169548665a17bda9f49050d0d3893a6567d1eb92cd003d,55490 1 55497 1 55746 1 55753 1 55999 11 56254 12 56510 13 56765 14 57021 13 57276 14 57532 13 57788 12 58044 12 58301 12 58557 12 58814 11 59070 11 59327 9 59584 9 59840 8 60097 7 60354 5 60611 4
78a981bd27ba0c65a9169548665a17bda9f49050d0d3893a6567d1eb92cd003d,53699 6 53955 6 54210 8 54466 8 54722 7 54978 8 55234 8 55491 6 55747 6
78a981bd27ba0c65a9169548665a17bda9f49050d0d3893a6567d1eb92cd003d,64704 2 64959 4 65214 6 65470 6
78a981bd27ba0c65a9169548665a17bda9f49050d0d3893a6567d1eb92cd003d,45253 4 45507 8 45762 10 46018 13 46273 15 46529 15 46785 16 47042 15 47298 14 47555 13 47815 8 48074 4
78a981bd27ba0c65a9169548665a17bda9f49050d0d3893a6567d1eb92cd003d,61386 3 61640 7 61891 13 62146 14 62402 15 62657 16 62913 15 63169 15 63426 13 63682 11 63939 9 64197 5
78a981bd27ba0c65a9169548665a17bda9f49050d0d3893a6567d1eb92cd003d,31179 7 31433 10 31687 13 31943 13 32198 14 32454 14 32711 13 32967 12 33224 10 33481 7
78a981bd27ba0c65a9169548665a17bda9f49050d0d3893a6567d1eb92cd003d,4296 3 4552 6 4807 9 5063 11 5319 11 5575 12 5831 12 6088 10 6344 5 6353 1 6601 3 6858 2
78a981bd27ba0c65a9169548665a17bda9f49050d0d3893a6567d1eb92cd003d,6349 4 6604 5 6860 6 7115 8 7371 9 7626 10 7882 11 8137 11 8394 10 8650 9 8907 8 9165 4
78a981bd27ba0c65a9169548665a17bda9f49050d0d3893a6567d1eb92cd003d,15049 3 15304 4 15560 5 15569 1 15815 11 16071 11 16327 11 16583 10 16839 10 17096 8 17352 5
78a981bd27ba0c65a9169548665a17bda9f49050d0d3893a6567d1eb92cd003d,12747 7 13002 9 13258 9 13513 11 13769 11 14026 10 14282 10 14539 8 14795 8 15052 6 15308 5 15565 4
78a981bd27ba0c65a9169548665a17bda9f49050d0d3893a6567d1eb92cd003d,64208 4 64462 8 64718 9 64969 15 65225 15 65480 17
78a981bd27ba0c65a9169548665a17bda9f49050d0d3893a6567d1eb92cd003d,49358 3 49613 5 49869 6 50124 8 50380 8 50636 9 50891 10 51147 10 51403 10 51660 8 51916 8 52173 6
78a981bd27ba0c65a9169548665a17bda9f49050d0d3893a6567d1eb92cd003d,57293 6 57549 7 57804 8 58060 9 58315 10 58571 10 58828 9 59084 8 59341 7 59597 6 59854 4
78a981bd27ba0c65a9169548665a17bda9f49050d0d3893a6567d1eb92cd003d,53201 5 53454 9 53709 10 53965 11 54220 12 54476 12 54732 12 54988 12 55244 12 55501 11 55757 10 56014 9 56272 6
78a981bd27ba0c65a9169548665a17bda9f49050d0d3893a6567d1eb92cd003d,35793 5 36048 6 36304 7 36559 8 36815 8 37070 9 37326 8 37582 8 37839 6 38095 5
78a981bd27ba0c65a9169548665a17bda9f49050d0d3893a6567d1eb92cd003d,17105 4 17361 6 17616 6 17872 6 18128 5 18384 5 18641 4 18897 4 19153 4 19409 4 19665 5 19922 4 20178 5
78a981bd27ba0c65a9169548665a17bda9f49050d0d3893a6567d1eb92cd003d,17622 6 17878 6 18133 8 18389 8 18645 9 18901 10 19157 13 19413 12 19670 10 19926 3
78a981bd27ba0c65a9169548665a17bda9f49050d0d3893a6567d1eb92cd003d,14044 6 14298 9 14553 11 14809 11 15064 8 15320 7 15577 4 15833 4 16090 2 16347 1
78a981bd27ba0c65a9169548665a17bda9f49050d0d3893a6567d1eb92cd003d,15072 5 15327 7 15581 10 15837 11 16092 12 16348 13 16605 12 16861 12 17117 12 17372 12 17628 12 17884 12 18141 10 18397 10 18654 8 18911 5
78a981bd27ba0c65a9169548665a17bda9f49050d0d3893a6567d1eb92cd003d,1746 5 2002 7 2257 8 2513 8 2769 7 3025 7 3281 7 3537 7 3793 7 4049 8 4306 7 4562 8
78a981bd27ba0c65a9169548665a17bda9f49050d0d3893a6567d1eb92cd003d,2265 7 2521 8 2776 7 3032 6 3288 5 3544 5 3800 4 4057 3 4313 3
78a981bd27ba0c65a9169548665a17bda9f49050d0d3893a6567d1eb92cd003d,5594 2 5849 4 6105 4 6360 8 6616 9 6872 13 7129 11 7385 11 7642 9 7900 6
78a981bd27ba0c65a9169548665a17bda9f49050d0d3893a6567d1eb92cd003d,2783 4 3038 6 3293 9 3549 10 3804 11 4060 12 4316 12 4573 11 4829 11 5085 11 5340 12 5596 12 5853 10 6109 10 6368 6 6625 5
78a981bd27ba0c65a9169548665a17bda9f49050d0d3893a6567d1eb92cd003d,25047 3 25302 4 25557 6 25813 7 26068 9 26324 8 26581 7 26837 6 27094 6 27351 5 27608 4
78a981bd27ba0c65a9169548665a17bda9f49050d0d3893a6567d1eb92cd003d,26077 4 26332 5 26588 6 26843 9 27100 8 27356 9 27613 8 27869 8 28124 10 28380 10 28635 11 28891 10 29147 10 29404 8 29660 6 29918 3
78a981bd27ba0c65a9169548665a17bda9f49050d0d3893a6567d1eb92cd003d,31446 3 31701 6 31957 6 32212 8 32468 10 32724 11 32981 10 33237 12 33493 12 33749 13 34005 13 34262 12 34518 13 34775 11 35038 4
78a981bd27ba0c65a9169548665a17bda9f49050d0d3893a6567d1eb92cd003d,216 5 472 6 729 4
78a981bd27ba0c65a9169548665a17bda9f49050d0d3893a6567d1eb92cd003d,43742 3 43997 6 44251 9 44506 10 44762 11 45017 12 45273 12 45529 12 45784 13 46040 12 46296 12 46553 10 46809 10 47066 8 47322 7 47579 4
78a981bd27ba0c65a9169548665a17bda9f49050d0d3893a6567d1eb92cd003d,61915 5 62170 7 62425 8 62681 9 62936 10 63192 10 63448 5 63704 2 63961 1
78a981bd27ba0c65a9169548665a17bda9f49050d0d3893a6567d1eb92cd003d,63453 6 63706 9 63962 10 64217 11 64474 11 64730 11 64986 10 65241 11 65497 10
78a981bd27ba0c65a9169548665a17bda9f49050d0d3893a6567d1eb92cd003d,55261 5 55267 1 55516 9 55772 9 56027 14 56283 14 56540 12 56796 6 56807 1 57054 3 57311 1
78a981bd27ba0c65a9169548665a17bda9f49050d0d3893a6567d1eb92cd003d,49885 7 50140 10 50396 11 50651 13 50908 12 51164 13 51422 3 51429 4 51679 1 51687 2 51943 2
78a981bd27ba0c65a9169548665a17bda9f49050d0d3893a6567d1eb92cd003d,51425 4 51680 7 51936 7 52191 9 52445 11 52700 13 52956 13 53211 10 53468 8 53724 8 53981 6 54238 4
78a981bd27ba0c65a9169548665a17bda9f49050d0d3893a6567d1eb92cd003d,56802 5 57057 6 57312 8 57568 8 57823 10 58077 12 58332 12 58588 12 58843 12 59100 10 59356 8
78a981bd27ba0c65a9169548665a17bda9f49050d0d3893a6567d1eb92cd003d,53221 4 53476 6 53732 6 53987 8 54244 7 54500 7 54756 7 55012 6 55268 6 55525 4 55781 4
78a981bd27ba0c65a9169548665a17bda9f49050d0d3893a6567d1eb92cd003d,57589 1
78a981bd27ba0c65a9169548665a17bda9f49050d0d3893a6567d1eb92cd003d,57590 4 57846 4
78a981bd27ba0c65a9169548665a17bda9f49050d0d3893a6567d1eb92cd003d,56058 1 56315 2 56571 2 56827 2 57083 2 57338 2 57594 1
7bdb668e6127b7eafc837a883f0648002bd063c736f55a4f673e787250a3fb04,6681 4 6937 5 7192 6 7448 7 7704 3 7960 1 7967 1 8216 1
7bdb668e6127b7eafc837a883f0648002bd063c736f55a4f673e787250a3fb04,7707 4 7961 6 8217 7 8472 8 8728 8 8984 9 9240 8 9496 8 9752 7 10008 7 10264 7 10520 6 10777 5 11033 4 11290 3
7bdb668e6127b7eafc837a883f0648002bd063c736f55a4f673e787250a3fb04,17434 6 17690 9 17945 11 18201 13 18457 14 18712 16 18968 17 19225 17 19481 18 19737 18 19993 19 20249 19 20505 19 20761 18 21017 18 21273 17 21529 17 21785 16 22041 15 22297 15 22553 14 22809 12 23065 11 23321 11 23578 8 23834 7
7bdb668e6127b7eafc837a883f0648002bd063c736f55a4f673e787250a3fb04,37144 1 37400 1 37656 5 37912 11 38168 11 38424 11 38680 11 38936 11 39192 11 39448 10 39704 10 39960 9 40216 8 40472 7 40729 5 40985 4
7bdb668e6127b7eafc837a883f0648002bd063c736f55a4f673e787250a3fb04,35101 4 35354 8 35610 10 35865 11 36121 12 36377 12 36633 12 36888 13 37145 11 37401 11 37661 6
7bdb668e6127b7eafc837a883f0648002bd063c736f55a4f673e787250a3fb04,49701 4 49954 10 50209 13 50464 15 50719 17 50974 19 51230 19 51485 21 51741 21 51997 22 52253 22 52509 23 52765 23 53021 23 53278 22 53534 21 53791 20 54048 18 54305 16 54562 12 54819 9 55076 8
7bdb668e6127b7eafc837a883f0648002bd063c736f55a4f673e787250a3fb04,24624 4 24879 7 25134 9 25388 12 25643 14 25899 15 26154 16 26410 17 26665 18 26921 19 27177 19 27433 20 27688 21 27945 19 28201 19 28458 18 28716 15 28973 14 29230 12 29487 10 29744 9 30001 4
7bdb668e6127b7eafc837a883f0648002bd063c736f55a4f673e787250a3fb04,36405 3 36658 8 36913 10 37168 12 37424 13 37679 14 37935 15 38191 15 38447 15 38703 14 38959 14 39216 12 39472 11 39729 9 39986 6
7bdb668e6127b7eafc837a883f0648002bd063c736f55a4f673e787250a3fb04,3892 7 4147 10 4402 13 4658 15 4913 20 5169 22 5424 25 5680 27 5936 28 6192 29 6449 29 6705 30 6962 30 7219 30 7476 29 7733 29 7990 28 8247 27 8504 26 8761 25 9017 25 9273 25 9530 24 9786 24 10043 23 10300 22 10558 19 10814 19 11071 17 11329 13 11586 10 11843 5
7bdb668e6127b7eafc837a883f0648002bd063c736f55a4f673e787250a3fb04,57910 5 58166 6 58422 5 58678 4 58935 1
7bdb668e6127b7eafc837a883f0648002bd063c736f55a4f673e787250a3fb04,59712 3 59965 8 60220 11 60474 15 60729 17 60985 17 61240 19 61496 19 61752 20 62008 20 62264 20 62521 19 62777 19 63034 17 63290 17 63547 15 63805 12 64063 7
7bdb668e6127b7eafc837a883f0648002bd063c736f55a4f673e787250a3fb04,40265 6 40521 7 40776 9 41032 10 41288 10 41544 11 41801 10 42057 10 42313 10 42570 8 42826 8 43083 6 43339 6 43596 4
7bdb668e6127b7eafc837a883f0648002bd063c736f55a4f673e787250a3fb04,23940 3 24195 7 24450 10 24706 11 24961 13 25217 14 25472 16 25728 17 25984 18 26240 18 26496 19 26752 20 27008 21 27265 22 27521 22 27777 23 28034 22 28290 22 28547 22 28803 21 29060 20 29317 18 29573 17 29830 9
7bdb668e6127b7eafc837a883f0648002bd063c736f55a4f673e787250a3fb04,30362 7 30617 10 30873 12 31128 14 31384 15 31640 15 31896 16 32152 16 32409 15 32665 14 32922 13 33179 11 33436 8 33694 3
7bdb668e6127b7eafc837a883f0648002bd063c736f55a4f673e787250a3fb04,53915 6 54170 9 54426 9 54681 11 54937 11 55192 13 55449 12 55705 12 55962 10 56219 9 56477 5
7bdb668e6127b7eafc837a883f0648002bd063c736f55a4f673e787250a3fb04,702 4 955 10 1209 14 1464 16 1719 18 1975 20 2230 21 2487 21 2743 21 2998 23 3253 24 3509 24 3764 25 4020 24 4276 24 4532 24 4788 23 5044 23 5301 21 5557 20 5814 19 6070 18 6328 12 6585 8 6842 6 7099 3
7bdb668e6127b7eafc837a883f0648002bd063c736f55a4f673e787250a3fb04,48063 6 48317 10 48570 14 48825 16 49080 18 49335 21 49590 22 49846 23 50101 24 50357 24 50612 26 50868 26 51125 25 51381 25 51636 26 51892 26 52148 25 52404 25 52661 24 52917 24 53173 24 53430 23 53686 23 53942 23 54199 23 54455 22 54712 20 54968 20 55225 19 55482 17 55739 16 55997 13 56259 6
7bdb668e6127b7eafc837a883f0648002bd063c736f55a4f673e787250a3fb04,51408 4 51662 8 51918 9 52173 10 52429 11 52685 12 52941 12 53197 13 53453 13 53709 13 53965 13 54222 12 54478 12 54735 10 54993 8 55251 4
7bdb668e6127b7eafc837a883f0648002bd063c736f55a4f673e787250a3fb04,35261 8 35516 10 35770 13 36025 19 36280 22 36536 23 36791 24 37047 25 37302 26 37558 27 37813 28 38070 28 38326 28 38583 27 38839 27 39095 27 39350 27 39606 27 39863 25 40119 25 40376 23 40632 23 40889 21 41147 18 41403 18 41660 16 41917 13 42174 11 42432 8 42690 4
7bdb668e6127b7eafc837a883f0648002bd063c736f55a4f673e787250a3fb04,57790 6 58046 6 58303 5
7bdb668e6127b7eafc837a883f0648002bd063c736f55a4f673e787250a3fb04,63680 4 63935 7 64190 9 64445 11 64701 11 64956 13 65212 13 65468 13
7bdb668e6127b7eafc837a883f0648002bd063c736f55a4f673e787250a3fb04,3540 7 3795 15 4050 18 4305 20 4561 21 4816 23 5072 23 5328 24 5584 24 5840 23 6097 22 6353 22 6610 20 6866 20 7123 18 7380 16 7637 14 7895 10 8153 7
7bdb668e6127b7eafc837a883f0648002bd063c736f55a4f673e787250a3fb04,46564 4 46819 5 47074 7 47329 8 47584 9 47839 10 48094 11 48350 11 48605 11 48861 11 49118 9 49374 5
7f4cbe0b36b5d09466476a7d4e01f4f976c67872d549f4ff47b3e1e3a2b403af,21250 5 21505 7 21761 7 22017 8 22273 9 22529 10 22785 10 23041 11 23297 11 23553 12 23809 12 24065 12 24321 12 24577 12 24833 12 25089 12 25345 12 25601 12 25857 12 26113 11 26369 12 26625 11 26881 12 27137 11 27393 11 27649 10 27905 11 28161 10 28417 10 28673 9 28929 8 29185 7 29446 2 29702 1
7f4cbe0b36b5d09466476a7d4e01f4f976c67872d549f4ff47b3e1e3a2b403af,29441 5 29697 5 29953 6 30209 6 30465 9 30721 11 30977 12 31233 13 31489 14 31745 14 32001 15 32257 15 32513 16 32769 16 33025 16 33281 16 33537 17 33793 17 34049 17 34305 17 34561 17 34817 16 35073 16 35329 15 35585 15 35841 14 36097 14 36353 13 36609 11 36865 10 37121 4 37377 4 37633 5 37889 5 38145 6 38401 6 38657 6 38913 6 39169 6 39425 6 39681 6 39937 6 40193 6 40449 6 40705 6 40961 6 41217 6 41473 5 41729 5 41985 4 42241 4 42497 3
7f4cbe0b36b5d09466476a7d4e01f4f976c67872d549f4ff47b3e1e3a2b403af,44033 4 44289 5 44545 6 44801 7 45057 7 45313 8 45569 8 45832 1 46088 1
7f4cbe0b36b5d09466476a7d4e01f4f976c67872d549f4ff47b3e1e3a2b403af,45825 7 46081 7 46337 8 46600 1 46856 1
7f4cbe0b36b5d09466476a7d4e01f4f976c67872d549f4ff47b3e1e3a2b403af,46593 7 46849 7 47105 8 47361 8 47617 8 47873 8 48129 8 48385 8 48641 7 48897 7 49153 6 49409 6 49665 5 49921 5 50177 4
7f4cbe0b36b5d09466476a7d4e01f4f976c67872d549f4ff47b3e1e3a2b403af,17944 3 18198 17 18454 18 18709 20 18965 21 19220 23 19475 24 19731 25 19986 26 20242 26 20497 27 20753 27 21010 26 21266 26 21523 25 21779 25 22036 24 22293 22 22550 21 22807 19 23064 18 23321 16 23580 12 23838 7
7f4cbe0b36b5d09466476a7d4e01f4f976c67872d549f4ff47b3e1e3a2b403af,32290 5 32542 11 32796 15 33050 18 33305 20 33560 21 33815 23 34070 24 34326 24 34581 26 34837 26 35093 26 35348 27 35604 27 35860 26 36116 26 36372 26 36628 26 36884 25 37140 25 37397 23 37653 22 37910 20 38167 19 38424 17 38681 14 38938 11 39198 4
7f4cbe0b36b5d09466476a7d4e01f4f976c67872d549f4ff47b3e1e3a2b403af,21046 3 21300 12 21555 15 21811 16 22066 18 22322 19 22577 21 22831 24 23087 24 23342 26 23598 26 23853 28 24109 28 24364 29 24620 29 24876 29 25132 29 25387 30 25643 30 25898 31 26154 30 26410 30 26666 29 26922 29 27178 27 27434 27 27690 25 27947 24 28203 22 28460 19 28719 15 28977 12
7f4cbe0b36b5d09466476a7d4e01f4f976c67872d549f4ff47b3e1e3a2b403af,34876 5 35129 12 35384 17 35638 20 35894 21 36149 22 36404 24 36660 24 36915 25 37171 26 37427 26 37683 26 37939 26 38194 27 38450 27 38706 27 38963 26 39219 26 39475 25 39732 24 39988 24 40245 23 40502 21 40758 21 41015 19 41273 17 41531 13 41790 9
7f4cbe0b36b5d09466476a7d4e01f4f976c67872d549f4ff47b3e1e3a2b403af,27978 3 28232 7 28482 14 28736 17 28991 19 29246 21 29500 23 29755 25 30010 26 30266 26 30521 27 30777 27 31032 28 31288 28 31544 28 31800 27 32056 28 32312 27 32568 27 32825 25 33081 25 33338 23 33594 23 33852 20 34108 19 34368 5 34376 5 34624 3
7f4cbe0b36b5d09466476a7d4e01f4f976c67872d549f4ff47b3e1e3a2b403af,54616 9 54871 11 55125 15 55380 18 55635 20 55890 21 56145 23 56401 23 56656 25 56912 25 57167 26 57423 26 57678 28 57934 27 58190 27 58446 27 58702 26 58958 26 59214 25 59471 23 59727 22 59984 21 60240 20 60496 19 60753 17 61009 15 61266 13
7f4cbe0b36b5d09466476a7d4e01f4f976c67872d549f4ff47b3e1e3a2b403af,39769 9 40024 11 40279 14 40534 16 40789 18 41045 19 41300 21 41556 21 41811 23 42067 23 42322 25 42578 25 42834 25 43090 25 43346 26 43602 25 43858 25 44115 23 44371 23 44628 21 44884 19 45141 17 45398 15 45655 12 45912 11 46172 3
7f4cbe0b36b5d09466476a7d4e01f4f976c67872d549f4ff47b3e1e3a2b403af,31074 5 31328 10 31583 13 31838 15 32092 19 32348 19 32603 21 32859 22 33114 24 33370 24 33626 25 33882 25 34138 25 34394 26 34650 26 34906 26 35161 27 35418 26 35674 24 35930 24 36187 22 36443 22 36700 21 36956 20 37214 17 37472 15 37730 12 37990 3
7f4cbe0b36b5d09466476a7d4e01f4f976c67872d549f4ff47b3e1e3a2b403af,19559 1 19814 1 20064 7 20319 9 20574 10 20829 12 21085 13 21340 15 21596 16 21851 18 22107 20 22362 22 22618 23 22874 24 23130 27 23386 27 23642 27 23898 26 24154 26 24410 26 24667 24 24923 24 25180 22 25437 20 25694 18 25952 14 26210 3
7f4cbe0b36b5d09466476a7d4e01f4f976c67872d549f4ff47b3e1e3a2b403af,15982 1 16237 1 16492 3 16748 3 17003 17 17259 32 17514 32 17770 33 18026 32 18281 33 18537 32 18793 32 19049 32 19304 33 19560 32 19815 33 20071 33 20328 32 20584 32 20841 31 21098 29 21355 28 21612 26 21869 24 22127 21 22384 19 22641 17 22898 16 23159 10 23417 5
7f4cbe0b36b5d09466476a7d4e01f4f976c67872d549f4ff47b3e1e3a2b403af,12154 8 12409 10 12664 13 12678 3 12918 21 13173 22 13429 23 13684 24 13939 25 14195 25 14450 26 14706 26 14962 26 15217 27 15472 28 15727 29 15983 29 16238 31 16495 29 16751 29 17020 15
7f4cbe0b36b5d09466476a7d4e01f4f976c67872d549f4ff47b3e1e3a2b403af,34428 3 34679 12 34934 14 35189 16 35445 17 35698 21 35954 21 36209 23 36466 22 36722 23 36977 23 37232 25 37487 26 37742 27 37998 27 38253 29 38509 29 38764 30 39020 30 39276 30 39532 29 39788 29 40044 29 40301 28 40557 27 40814 26 41070 25 41327 23 41583 22 41840 20 42097 19 42353 15 42610 13 42870 4 42876 2
7f4cbe0b36b5d09466476a7d4e01f4f976c67872d549f4ff47b3e1e3a2b403af,42368 4 42623 5 42878 13 43134 14 43389 15 43643 18 43896 21 44151 22 44407 23 44662 24 44918 25 45174 25 45429 27 45686 26 45941 27 46198 27 46454 27 46710 27 46966 26 47222 26 47479 25 47735 25 47991 24 48248 23 48504 22 48762 19 49019 17 49280 3 49286 3
7f4cbe0b36b5d09466476a7d4e01f4f976c67872d549f4ff47b3e1e3a2b403af,1919 8 2174 11 2429 15 2685 16 2940 19 3196 19 3451 21 3707 21 3962 23 4218 23 4473 24 4729 24 4985 24 5241 24 5498 22 5754 22 6011 20 6267 21 6524 20 6780 20 7038 17 7296 15 7555 10 7816 3
7f4cbe0b36b5d09466476a7d4e01f4f976c67872d549f4ff47b3e1e3a2b403af,22156 7 22166 3 22408 17 22662 20 22917 21 23172 22 23426 26 23682 27 23937 30 24193 30 24448 32 24704 32 24960 31 25216 31 25472 28 25729 27 25985 27 26242 25 26498 25 26755 23 27012 22 27268 21 27525 19 27782 17 28039 16 28296 13 28553 12
7f4cbe0b36b5d09466476a7d4e01f4f976c67872d549f4ff47b3e1e3a2b403af,5268 1 5520 1 5522 5 5776 1 5778 5 6031 1 6033 7 6290 5 6546 5 6803 2
7f4cbe0b36b5d09466476a7d4e01f4f976c67872d549f4ff47b3e1e3a2b403af,12700 11 12954 14 13209 17 13464 18 13719 20 13975 20 14230 22 14486 22 14741 24 14997 24 15252 26 15508 25 15764 26 16020 26 16276 26 16532 26 16787 26 17044 25 17299 25 17556 23 17812 22 18069 20 18325 20 18582 18 18840 15 19098 10 19355 8 19611 7 19868 6 20124 5 20381 4
7f4cbe0b36b5d09466476a7d4e01f4f976c67872d549f4ff47b3e1e3a2b403af,33187 8 33441 13 33696 16 33951 18 34205 21 34460 23 34715 26 34971 26 35226 28 35482 28 35737 30 35993 29 36248 31 36504 31 36760 32 37017 30 37273 31 37530 29 37786 29 38043 28 38299 27 38556 26 38812 25 39069 23 39325 22 39582 20 39839 18 40096 16 40353 13 40610 8 40867 4
7f4cbe0b36b5d09466476a7d4e01f4f976c67872d549f4ff47b3e1e3a2b403af,49821 4 50075 10 50331 11 50586 13 50842 14 51097 16 51353 17 51609 17 51865 18 52122 16 52378 16 52635 13 52891 12 53151 7
7f4cbe0b36b5d09466476a7d4e01f4f976c67872d549f4ff47b3e1e3a2b403af,42406 5 42658 10 42912 14 43168 15 43422 19 43678 20 43933 22 44189 22 44444 24 44700 24 44955 25 45211 24 45467 25 45723 26 45979 26 46235 27 46491 27 46747 26 47003 26 47259 26 47516 25 47772 24 48029 23 48288 19 48545 18 48802 15 49059 13 49318 7
7f4cbe0b36b5d09466476a7d4e01f4f976c67872d549f4ff47b3e1e3a2b403af,175 23 431 24 687 24 943 24 1199 23 1455 23 1711 23 1967 22 2223 22 2480 20 2736 19 2993 17 3250 15 3507 12 3766 7
7f4cbe0b36b5d09466476a7d4e01f4f976c67872d549f4ff47b3e1e3a2b403af,35515 6 35770 10 36026 11 36281 13 36537 13 36793 14 37049 14 37304 16 37560 16 37816 17 38072 17 38328 18 38584 18 38840 18 39095 19 39351 19 39607 18 39863 18 40119 18 40375 17 40632 16 40888 15 41146 11 41402 11 41659 9 41915 3
7f4cbe0b36b5d09466476a7d4e01f4f976c67872d549f4ff47b3e1e3a2b403af,43712 8 43965 13 44220 16 44476 17 44731 18 44987 20 45242 21 45498 22 45754 22 46009 24 46265 24 46521 25 46777 25 47033 25 47289 25 47545 25 47801 25 48057 25 48313 25 48569 25 48825 25 49081 25 49338 24 49594 24 49850 23 50107 22 50363 21 50620 20 50878 17 51134 16 51392 13 51650 8
7f4cbe0b36b5d09466476a7d4e01f4f976c67872d549f4ff47b3e1e3a2b403af,16087 5 16341 9 16596 11 16851 14 17106 16 17361 18 17616 19 17872 20 18127 21 18382 23 18638 23 18893 25 19149 25 19405 25 19661 25 19917 25 20173 24 20429 24 20685 23 20941 22 21198 20 21454 19 21711 16 21969 13 22226 10 22485 6
7f4cbe0b36b5d09466476a7d4e01f4f976c67872d549f4ff47b3e1e3a2b403af,38615 5 38867 11 39122 13 39377 15 39632 16 39887 18 40142 19 40398 20 40653 21 40909 21 41165 21 41421 22 41677 21 41933 21 42189 21 42446 19 42702 19 42959 17 43216 16 43473 14 43730 12 43986 10 44243 4
7f4cbe0b36b5d09466476a7d4e01f4f976c67872d549f4ff47b3e1e3a2b403af,26582 5 26836 8 27091 12 27346 15 27601 19 27856 22 28112 23 28367 24 28623 25 28879 25 29135 25 29391 24 29646 25 29903 24 30159 23 30415 23 30671 22 30927 22 31183 21 31439 20 31696 18 31952 17 32209 15 32467 12 32725 9 32983 6
7f4cbe0b36b5d09466476a7d4e01f4f976c67872d549f4ff47b3e1e3a2b403af,44778 3 45028 12 45282 15 45536 18 45791 20 46046 21 46301 23 46556 25 46812 25 47067 27 47323 27 47579 28 47835 28 48091 29 48347 29 48603 29 48860 28 49116 28 49372 27 49629 26 49885 25 50142 24 50399 22 50655 21 50914 17 51170 16 51430 11 51688 6
7f4cbe0b36b5d09466476a7d4e01f4f976c67872d549f4ff47b3e1e3a2b403af,20712 6 20966 11 21222 12 21477 15 21732 17 21987 18 22242 20 22497 21 22753 22 23008 23 23264 22 23519 23 23775 23 24031 22 24288 21 24544 20 24801 18 25058 17 25315 15 25572 13 25830 9 26088 6
7f4cbe0b36b5d09466476a7d4e01f4f976c67872d549f4ff47b3e1e3a2b403af,34798 9 35052 13 35308 15 35563 18 35818 20 36074 21 36329 23 36585 23 36840 25 37096 25 37352 25 37607 26 37863 26 38119 26 38375 26 38631 26 38887 26 39143 26 39399 26 39656 25 39912 25 40168 25 40424 25 40681 23 40937 23 41194 20 41451 18 41708 16 41964 16 42223 12 42482 8 42740 3
7f4cbe0b36b5d09466476a7d4e01f4f976c67872d549f4ff47b3e1e3a2b403af,15348 3 15602 9 15858 12 16113 14 16368 17 16623 18 16878 19 17134 19 17389 20 17645 20 17901 20 18157 20 18413 20 18669 20 18925 20 19182 19 19438 19 19695 18 19952 17 20209 16 20466 15 20723 14 20980 12 21237 9
7f4cbe0b36b5d09466476a7d4e01f4f976c67872d549f4ff47b3e1e3a2b403af,57084 5 57338 7 57592 9 57847 10 58103 10 58358 11 58613 12 58867 14 59122 15 59378 15 59633 16 59889 16 60144 17 60400 17 60656 17 60911 18 61168 17 61424 17 61680 17 61936 17 62192 17 62449 16 62705 16 62962 15 63218 15 63475 14 63731 14 63988 13 64244 13 64501 12 64758 4 64764 3 65015 3
7f4cbe0b36b5d09466476a7d4e01f4f976c67872d549f4ff47b3e1e3a2b403af,5887 2 6142 3 6397 4 6652 5 6908 5 7164 5 7419 6 7675 6 7931 6 8187 6 8444 5 8700 5 8956 5 9213 4 9470 3 9727 2
8922a6ac8fd0258ec27738ca101867169b20d90a60fc84f93df77acd5bf7c80b,24858 6 25114 7 25369 10 25625 11 25881 12 26137 12 26393 13 26649 13 26905 14 27161 13 27417 13 27673 13 27929 12 28185 12 28442 10 28698 10 28957 6
8922a6ac8fd0258ec27738ca101867169b20d90a60fc84f93df77acd5bf7c80b,48447 4 48702 9 48958 15 49213 18 49469 22 49724 24 49979 26 50234 28 50490 29 50745 30 51001 31 51256 31 51512 32 51768 31 52025 30 52281 29 52538 28 52795 26 53052 25 53309 24 53567 22 53824 22 54081 21 54337 22 54594 21 54851 20 55108 19 55365 18 55622 16 55880 14 56138 10
8922a6ac8fd0258ec27738ca101867169b20d90a60fc84f93df77acd5bf7c80b,39768 7 40023 10 40278 12 40532 14 40786 17 41042 18 41297 19 41553 20 41808 22 42064 22 42321 22 42577 21 42833 21 43090 19 43346 19 43603 17 43860 16 44117 14 44373 14 44630 12 44887 10 45146 6
8922a6ac8fd0258ec27738ca101867169b20d90a60fc84f93df77acd5bf7c80b,31843 5 32099 6 32354 8 32610 9 32864 11 33117 15 33371 17 33625 20 33880 21 34136 21 34391 21 34647 21 34903 21 35158 22 35414 21 35671 20 35927 20 36184 18 36441 17 36699 14 36956 12 37214 7
8922a6ac8fd0258ec27738ca101867169b20d90a60fc84f93df77acd5bf7c80b,50524 6 50778 9 51033 12 51289 14 51544 16 51800 16 52055 18 52312 17 52568 17 52824 17 53080 17 53336 17 53592 17 53848 17 54105 16 54361 15 54618 14 54875 12 55131 11 55388 8 55645 5
8922a6ac8fd0258ec27738ca101867169b20d90a60fc84f93df77acd5bf7c80b,32646 7 32901 10 33157 11 33412 13 33668 13 33924 14 34180 14 34436 15 34692 15 34949 14 35205 14 35461 14 35717 14 35974 12 36230 12 36487 11 36743 10 37000 9 37257 7 37514 4
8922a6ac8fd0258ec27738ca101867169b20d90a60fc84f93df77acd5bf7c80b,62100 4 62350 12 62603 16 62858 18 63114 18 63369 20 63625 21 63880 24 64136 25 64392 25 64648 26 64904 26 65161 26 65417 25
8922a6ac8fd0258ec27738ca101867169b20d90a60fc84f93df77acd5bf7c80b,45992 5 46246 9 46502 10 46757 13 47013 15 47269 16 47525 17 47781 18 48037 18 48294 18 48550 18 48807 17 49064 16 49320 17 49577 15 49834 14 50091 12 50347 12 50604 10 50860 9 51117 3
8922a6ac8fd0258ec27738ca101867169b20d90a60fc84f93df77acd5bf7c80b,31157 3 31412 5 31666 7 31921 11 32176 18 32432 19 32687 20 32943 20 33199 20 33455 19 33711 19 33967 18 34222 18 34479 16 34735 14 34992 11 35248 9 35506 5
8922a6ac8fd0258ec27738ca101867169b20d90a60fc84f93df77acd5bf7c80b,25796 3 26051 6 26306 8 26561 10 26817 10 27072 12 27327 12 27575 20 27831 20 28086 21 28342 21 28597 21 28853 21 29109 20 29365 20 29621 19 29878 18 30134 17 30391 16 30648 14 30905 12 31160 12 31417 10 31673 10 31932 6
8922a6ac8fd0258ec27738ca101867169b20d90a60fc84f93df77acd5bf7c80b,50118 5 50371 10 50626 12 50881 15 51136 17 51390 20 51643 23 51897 27 52152 28 52407 33 52663 35 52918 38 53174 39 53430 39 53686 40 53941 41 54197 42 54453 42 54710 42 54966 44 55223 43 55479 44 55736 43 55993 43 56251 41 56514 34 56771 34 57028 33 57285 22 57308 8 57544 18 57565 7 57805 12 57822 4 58064 8
8922a6ac8fd0258ec27738ca101867169b20d90a60fc84f93df77acd5bf7c80b,34248 6 34502 10 34757 12 35012 14 35268 15 35523 16 35779 17 36034 18 36290 19 36547 18 36803 18 37059 18 37316 17 37572 17 37829 17 38086 16 38343 16 38601 13 38858 12 39119 6 39375 5 39632 4
8922a6ac8fd0258ec27738ca101867169b20d90a60fc84f93df77acd5bf7c80b,7627 7 7882 10 8137 11 8393 12 8648 13 8904 12 9160 13 9417 14 9673 16 9930 15 10186 16 10441 17 10696 18 10951 19 11207 19 11462 20 11718 19 11974 19 12229 20 12485 21 12742 20 12998 20 13255 19 13511 19 13768 19 14026 17 14282 16 14540 14 14797 12 15054 10 15311 5
8922a6ac8fd0258ec27738ca101867169b20d90a60fc84f93df77acd5bf7c80b,28374 8 28628 12 28883 14 29138 17 29393 19 29648 22 29903 23 30159 24 30414 25 30670 25 30925 27 31181 26 31437 26 31693 26 31949 26 32205 26 32462 25 32718 24 32976 22 33234 19 33490 19 33748 16 34005 15 34264 11 34523 6
8922a6ac8fd0258ec27738ca101867169b20d90a60fc84f93df77acd5bf7c80b,37339 4 37594 6 37850 7 38105 9 38359 11 38615 12 38870 14 39126 15 39383 14 39639 15 39894 16 40150 17 40407 16 40663 16 40921 14 41178 13 41435 12 41692 11 41949 10 42207 9 42464 8 42721 7 42978 5 43235 4
8922a6ac8fd0258ec27738ca101867169b20d90a60fc84f93df77acd5bf7c80b,4059 3 4314 6 4569 9 4824 11 5080 12 5335 14 5591 14 5847 15 6103 15 6359 15 6615 15 6872 13 7128 13 7386 10 7643 9 7900 7 8158 3
8b59819fbc92eefe45b1db95c0cc3a467ddcfc755684c7f2ba2f6ccb9ad740ab,18466 5 18721 8 18977 10 19232 12 19488 13 19744 13 20000 14 20256 14 20512 14 20768 9 21024 8 21280 5 21536 5 21792 4 22049 3 22305 3
8b59819fbc92eefe45b1db95c0cc3a467ddcfc755684c7f2ba2f6ccb9ad740ab,20777 6 21032 7 21285 12 21541 12 21796 12 22052 12 22309 11 22565 11 22821 12 23077 12 23334 11 23590 11 23847 11 24105 9 24362 9
8b59819fbc92eefe45b1db95c0cc3a467ddcfc755684c7f2ba2f6ccb9ad740ab,20533 6 20787 10 21042 13 21297 14 21553 15 21808 16 22064 16 22320 16 22576 15 22833 14 23089 13 23345 12 23601 11 23858 8 24114 6
8b59819fbc92eefe45b1db95c0cc3a467ddcfc755684c7f2ba2f6ccb9ad740ab,28450 4 28706 5 28961 6 29217 7 29472 9 29728 9 29984 10 30240 10 30496 10 30752 9 31008 9 31265 7 31521 6
8b59819fbc92eefe45b1db95c0cc3a467ddcfc755684c7f2ba2f6ccb9ad740ab,40229 4 40484 6 40739 9 40995 10 41250 13 41506 16 41762 16 42017 16 42273 16 42529 17 42785 17 43041 18 43297 18 43553 19 43808 19 44064 17 44321 10 44577 7
8b59819fbc92eefe45b1db95c0cc3a467ddcfc755684c7f2ba2f6ccb9ad740ab,38970 4 39226 6 39481 8 39737 10 39992 13 40248 13 40503 15 40759 15 41014 17 41268 19 41522 22 41778 22 42033 20 42289 19 42546 16 42802 15 43059 14 43315 13 43575 9
8b59819fbc92eefe45b1db95c0cc3a467ddcfc755684c7f2ba2f6ccb9ad740ab,41550 5 41805 6 42053 5 42061 7 42308 16 42562 18 42817 18 43073 18 43328 20 43584 19 43841 18 44096 18 44352 18 44607 18 44863 17 45119 16 45375 15 45632 13 45888 12 46145 10 46403 7
8b59819fbc92eefe45b1db95c0cc3a467ddcfc755684c7f2ba2f6ccb9ad740ab,47651 9 47906 10 48161 10 48417 10 48672 11 48928 11 49184 11 49440 11 49696 11 49952 10 50208 10 50464 10 50721 9 50977 9 51235 7 51492 6 51750 5 52008 3
8b59819fbc92eefe45b1db95c0cc3a467ddcfc755684c7f2ba2f6ccb9ad740ab,47660 4 47916 9 48171 12 48427 13 48683 14 48939 15 49195 15 49451 16 49707 16 49962 17 50218 16 50474 16 50730 15 50986 15 51242 14 51498 13 51755 11 52011 8
8b59819fbc92eefe45b1db95c0cc3a467ddcfc755684c7f2ba2f6ccb9ad740ab,49 3 304 5 559 7 814 9 1069 11 1325 13 1580 15 1836 15 2091 17 2347 17 2603 17 2859 17 3115 17 3371 17 3626 18 3882 18 4138 18 4394 17 4651 16 4907 15 5163 15 5419 14 5676 13 5932 12 6189 10 6446 7 6703 4
8b59819fbc92eefe45b1db95c0cc3a467ddcfc755684c7f2ba2f6ccb9ad740ab,57 19 314 19 570 20 827 21 1085 20 1343 18 1600 18 1856 18 2113 18 2369 18 2626 17 2882 17 3139 15 3396 14 3654 11 3911 9 4170 4
8b59819fbc92eefe45b1db95c0cc3a467ddcfc755684c7f2ba2f6ccb9ad740ab,14416 9 14669 14 14923 17 15178 19 15433 21 15688 22 15943 24 16199 24 16454 25 16710 25 16966 24 17223 23 17479 22 17736 20 17993 17 18250 13 18510 5
8b59819fbc92eefe45b1db95c0cc3a467ddcfc755684c7f2ba2f6ccb9ad740ab,32593 3 32848 6 33103 8 33358 10 33612 12 33867 14 34123 15 34378 17 34634 17 34889 19 35145 19 35402 18 35658 18 35915 17 36171 17 36428 15 36685 14 36942 12 37199 11 37458 6
8b59819fbc92eefe45b1db95c0cc3a467ddcfc755684c7f2ba2f6ccb9ad740ab,9570 9 9825 12 10079 15 10335 16 10590 18 10845 19 11101 20 11356 21 11612 21 11868 21 12123 21 12379 21 12636 19 12892 18 13148 17 13405 14 13661 11 13918 7 14175 3
8b59819fbc92eefe45b1db95c0cc3a467ddcfc755684c7f2ba2f6ccb9ad740ab,43362 5 43617 7 43872 9 44128 9 44383 11 44640 10 44896 11 45152 11 45409 11 45665 11 45922 10 46178 10 46434 10 46691 9 46947 9 47204 8 47460 7 47718 5
8b59819fbc92eefe45b1db95c0cc3a467ddcfc755684c7f2ba2f6ccb9ad740ab,110 3 366 3 622 3 878 3 1132 5 1384 9 1640 10 1895 11 2151 13 2407 13 2664 11 2920 11 3177 9 3435 5
8b59819fbc92eefe45b1db95c0cc3a467ddcfc755684c7f2ba2f6ccb9ad740ab,113 14 369 15 625 15 881 14 1137 14 1393 13 1650 11 1906 10
8b59819fbc92eefe45b1db95c0cc3a467ddcfc755684c7f2ba2f6ccb9ad740ab,28273 3 28527 7 28782 9 29035 12 29290 14 29546 14 29801 15 30057 16 30313 16 30569 17 30825 17 31081 16 31338 15 31594 14 31851 12 32108 9 32366 5
8b59819fbc92eefe45b1db95c0cc3a467ddcfc755684c7f2ba2f6ccb9ad740ab,29327 8 29581 10 29836 12 30091 13 30346 14 30602 14 30857 14 31113 14 31368 14 31624 13 31879 14 32135 13 32392 11 32648 10 32906 7 33163 4
8b59819fbc92eefe45b1db95c0cc3a467ddcfc755684c7f2ba2f6ccb9ad740ab,178 24 433 26 689 27 945 28 1201 29 1457 29 1714 29 1970 29 2227 28 2483 28 2741 25 2998 24 3256 21 3516 15 3776 8
8b59819fbc92eefe45b1db95c0cc3a467ddcfc755684c7f2ba2f6ccb9ad740ab,40118 4 40373 6 40628 7 40883 9 41139 9 41394 11 41650 11 41906 11 42162 11 42417 13 42673 14 42929 14 43185 15 43441 15 43697 15 43954 15 44210 15 44466 15 44723 14 44979 14 45235 14 45491 13 45747 13 46003 13 46260 12 46516 12 46773 10 47030 9 47287 7 47544 4
8b59819fbc92eefe45b1db95c0cc3a467ddcfc755684c7f2ba2f6ccb9ad740ab,21183 8 21436 12 21691 13 21945 16 22200 17 22455 18 22710 19 22965 20 23221 20 23476 21 23732 21 23988 21 24243 22 24499 21 24755 21 25011 20 25267 20 25524 18 25780 18 26037 16 26294 9 26307 1 26551 6 26808 4
8b59819fbc92eefe45b1db95c0cc3a467ddcfc755684c7f2ba2f6ccb9ad740ab,26303 4 26557 6 26564 1 26812 8 27068 8 27323 10 27578 11 27834 12 28089 14 28345 15 28600 17 28856 18 29112 20 29369 19 29625 18 29882 17 30139 15 30395 16 30652 16 30909 15 31166 15 31423 14 31681 11 31939 9 32197 6
8b59819fbc92eefe45b1db95c0cc3a467ddcfc755684c7f2ba2f6ccb9ad740ab,25034 8 25289 11 25543 12 25798 13 26054 12 26309 13 26565 13 26820 13 27076 13 27333 12 27589 13 27846 12 28103 10 28360 8 28617 6 28874 3
8b59819fbc92eefe45b1db95c0cc3a467ddcfc755684c7f2ba2f6ccb9ad740ab,25555 7 25811 8 26066 10 26322 11 26578 11 26833 13 27089 13 27345 13 27602 11 27858 11 28116 8 28374 5
8b59819fbc92eefe45b1db95c0cc3a467ddcfc755684c7f2ba2f6ccb9ad740ab,50899 6 51149 13 51403 16 51658 17 51913 19 52168 20 52424 20 52679 21 52934 22 53190 21 53445 22 53701 21 53957 20 54213 19 54470 17 54726 16 54983 13 55240 11 55498 8
8b59819fbc92eefe45b1db95c0cc3a467ddcfc755684c7f2ba2f6ccb9ad740ab,56527 4 56781 7 57035 9 57289 12 57544 13 57800 13 58055 14 58311 14 58566 14 58823 13 59079 12 59336 9 59592 8 59850 3
8b59819fbc92eefe45b1db95c0cc3a467ddcfc755684c7f2ba2f6ccb9ad740ab,14546 8 14800 11 15054 14 15309 16 15564 17 15819 19 16075 19 16330 20 16586 19 16842 19 17098 20 17354 21 17610 21 17867 21 18123 20 18380 19 18638 16 18896 12 19156 3
8b59819fbc92eefe45b1db95c0cc3a467ddcfc755684c7f2ba2f6ccb9ad740ab,2265 5 2520 8 2775 9 3031 10 3286 11 3542 11 3797 12 4053 11 4310 10 4566 9 4823 8
8b59819fbc92eefe45b1db95c0cc3a467ddcfc755684c7f2ba2f6ccb9ad740ab,21465 5 21720 8 21976 8 22231 10 22487 10 22743 10 23000 9 23256 8 23513 7
8b59819fbc92eefe45b1db95c0cc3a467ddcfc755684c7f2ba2f6ccb9ad740ab,46557 3 46812 4 47067 6 47323 6 47578 7 47834 7 48090 7 48346 7 48602 7 48859 6 49115 5 49372 4
912a679e4b9b1d1a75170254fd675b8c24b664d80ad7ea7e460241a23535a406,14338 10 14593 13 14849 14 15105 14 15361 15 15617 15 15873 16 16129 16 16385 16 16641 15 16897 15 17153 14 17409 14 17665 13 17921 12 18177 10 18433 7
912a679e4b9b1d1a75170254fd675b8c24b664d80ad7ea7e460241a23535a406,36867 3 37121 6 37377 8 37633 9 37889 10 38145 10 38401 11 38657 11 38913 11 39169 12 39425 11 39681 11 39937 11 40193 11 40449 10 40705 10 40961 9 41217 8 41475 4
912a679e4b9b1d1a75170254fd675b8c24b664d80ad7ea7e460241a23535a406,60930 3 61185 5 61441 6 61697 6 61953 7 62209 7 62465 8 62721 8 62977 8 63233 8 63489 8 63745 7 64001 7 64257 7 64513 7 64769 6 65025 6 65282 4
912a679e4b9b1d1a75170254fd675b8c24b664d80ad7ea7e460241a23535a406,7431 5 7686 9 7941 11 8196 14 8452 14 8707 16 8963 16 9219 17 9475 17 9731 17 9987 17 10243 16 10500 15 10756 14 11013 12 11271 9 11529 5
912a679e4b9b1d1a75170254fd675b8c24b664d80ad7ea7e460241a23535a406,26894 3 27148 7 27403 9 27658 11 27672 5 27913 21 28169 22 28424 23 28680 24 28936 24 29191 25 29447 25 29703 25 29959 24 30216 23 30472 22 30729 21 30985 20 31242 19 31499 17 31757 15 32016 11 32273 10 32530 8 32787 6
912a679e4b9b1d1a75170254fd675b8c24b664d80ad7ea7e460241a23535a406,49677 7 49932 10 50187 12 50442 14 50698 14 50953 15 51209 15 51465 14 51721 14 51977 14 52233 14 52489 15 52746 14 53002 13 53259 10 53515 9 53772 6
912a679e4b9b1d1a75170254fd675b8c24b664d80ad7ea7e460241a23535a406,50204 3 50459 12 50714 14 50968 16 51224 17 51479 18 51735 18 51991 18 52247 18 52504 17 52760 17 53018 14 53277 8 53534 7 53792 4
912a679e4b9b1d1a75170254fd675b8c24b664d80ad7ea7e460241a23535a406,55589 2 55843 4 56099 5 56107 1 56354 10 56610 10 56867 8 57123 8 57380 6
912a679e4b9b1d1a75170254fd675b8c24b664d80ad7ea7e460241a23535a406,53285 6 53541 6 53796 7 54053 6 54308 8 54565 7 54821 9 55078 8 55334 7 55591 5 55847 4 56104 3
912a679e4b9b1d1a75170254fd675b8c24b664d80ad7ea7e460241a23535a406,51761 4 52015 7 52270 8 52525 10 52781 10 53036 11 53292 11 53547 11 53803 11 54059 10 54316 8 54572 6
912a679e4b9b1d1a75170254fd675b8c24b664d80ad7ea7e460241a23535a406,34579 4 34834 7 35089 9 35342 13 35597 15 35853 16 36108 17 36364 18 36621 17 36877 16 37134 15 37392 12 37652 8 37909 6 38167 3
912a679e4b9b1d1a75170254fd675b8c24b664d80ad7ea7e460241a23535a406,60950 7 61204 10 61459 12 61714 14 61969 15 62225 16 62480 17 62736 17 62992 16 63249 15 63505 14 63762 13 64019 10 64276 8
912a679e4b9b1d1a75170254fd675b8c24b664d80ad7ea7e460241a23535a406,56343 7 56597 10 56852 12 57107 13 57362 15 57618 15 57873 16 58129 15 58385 15 58642 13 58898 12 59155 10 59411 9 59669 5
912a679e4b9b1d1a75170254fd675b8c24b664d80ad7ea7e460241a23535a406,17948 7 18202 11 18456 14 18711 15 18967 16 19222 17 19478 17 19733 18 19989 18 20245 18 20501 17 20758 16 21014 15 21271 13 21529 10 21787 6
912a679e4b9b1d1a75170254fd675b8c24b664d80ad7ea7e460241a23535a406,34082 4 34338 5 34593 8 34848 9 35103 11 35359 11 35614 13 35870 13 36127 12 36383 13 36640 11 36897 10 37153 8 37410 5 37666 3
912a679e4b9b1d1a75170254fd675b8c24b664d80ad7ea7e460241a23535a406,47148 8 47402 11 47657 12 47911 15 48167 15 48422 16 48679 14 48935 14 49192 11 49448 9 49705 5
912a679e4b9b1d1a75170254fd675b8c24b664d80ad7ea7e460241a23535a406,43052 2 43307 3 43561 6 43816 7 44072 8 44327 10 44583 11 44839 12 45096 14 45352 14 45609 13 45866 11 46124 9 46381 6 46638 4
912a679e4b9b1d1a75170254fd675b8c24b664d80ad7ea7e460241a23535a406,39217 4 39472 6 39727 8 39983 9 40238 10 40494 11 40749 13 41005 14 41262 13 41518 14 41775 13 42032 12 42288 11 42543 13 42799 13 43054 15 43310 15 43567 14 43823 10 44080 8 44337 7 44594 5 44851 4
912a679e4b9b1d1a75170254fd675b8c24b664d80ad7ea7e460241a23535a406,43833 6 44088 9 44344 11 44599 13 44855 14 45111 14 45368 14 45624 13 45881 12 46138 10 46394 9 46651 7 46907 6
912a679e4b9b1d1a75170254fd675b8c24b664d80ad7ea7e460241a23535a406,40511 5 40766 8 41022 9 41277 11 41533 12 41788 13 42044 14 42299 15 42556 14 42812 14 43069 12 43326 11 43583 8 43841 4
912a679e4b9b1d1a75170254fd675b8c24b664d80ad7ea7e460241a23535a406,24878 6 25133 8 25388 10 25643 11 25898 13 26154 13 26409 15 26665 15 26920 16 27176 16 27432 16 27688 16 27944 16 28200 15 28457 14 28713 13 28970 11 29227 9 29484 7 29742 3
912a679e4b9b1d1a75170254fd675b8c24b664d80ad7ea7e460241a23535a406,6189 1 6445 3 6701 3 6957 3 7211 4 7467 1
912a679e4b9b1d1a75170254fd675b8c24b664d80ad7ea7e460241a23535a406,561 5 815 8 1069 11 1324 12 1580 13 1835 14 2091 14 2347 14 2603 14 2859 14 3116 12 3372 12 3631 8 3888 5
912a679e4b9b1d1a75170254fd675b8c24b664d80ad7ea7e460241a23535a406,54582 2 54836 4 55091 6 55347 6 55602 10 55858 15 56115 14 56371 14 56628 12 56884 12 57142 9 57399 7 57656 5
912a679e4b9b1d1a75170254fd675b8c24b664d80ad7ea7e460241a23535a406,51775 7 52030 9 52286 9 52541 11 52796 13 53050 15 53306 16 53561 17 53817 16 54073 16 54328 17 54584 16 54840 16 55097 14 55353 13 55612 9
912a679e4b9b1d1a75170254fd675b8c24b664d80ad7ea7e460241a23535a406,4151 4 4406 7 4661 9 4917 9 5172 11 5428 11 5684 11 5940 11 6196 11 6453 9 6709 9 6966 7 7223 5
912a679e4b9b1d1a75170254fd675b8c24b664d80ad7ea7e460241a23535a406,34620 4 34874 7 35128 10 35383 11 35639 12 35894 13 36150 13 36405 14 36661 14 36917 14 37173 14 37430 12 37686 12 37943 10 38200 9 38457 7
912a679e4b9b1d1a75170254fd675b8c24b664d80ad7ea7e460241a23535a406,59456 4 59710 7 59965 9 60219 12 60475 12 60730 14 60986 14 61241 15 61497 14 61753 14 62010 12 62266 12 62523 10 62781 6
912a679e4b9b1d1a75170254fd675b8c24b664d80ad7ea7e460241a23535a406,46406 1 46660 4 46915 5 47169 8 47424 12 47680 13 47935 15 48191 15 48447 16 48703 16 48960 15 49216 14 49473 13 49730 11 49987 9 50247 3
912a679e4b9b1d1a75170254fd675b8c24b664d80ad7ea7e460241a23535a406,43850 4 44106 6 44361 8 44615 10 44871 11 45126 12 45382 12 45638 11 45895 10 46151 9 46407 8 46664 7 46920 4 47177 3
912a679e4b9b1d1a75170254fd675b8c24b664d80ad7ea7e460241a23535a406,62797 3 63052 6 63307 7 63562 9 63818 13 64073 14 64324 4 64329 13 64578 20 64833 20 65089 19 65344 20
912a679e4b9b1d1a75170254fd675b8c24b664d80ad7ea7e460241a23535a406,60245 3 60499 7 60754 9 61009 10 61265 11 61520 12 61776 12 62032 12 62288 11 62545 10 62801 9 63058 7 63314 5 63571 4
912a679e4b9b1d1a75170254fd675b8c24b664d80ad7ea7e460241a23535a406,23367 4 23622 7 23877 9 24133 11 24388 12 24643 14 24899 14 25154 16 25410 16 25666 16 25922 16 26178 16 26434 16 26690 16 26946 15 27203 14 27459 13 27716 11 27973 9 28230 6
912a679e4b9b1d1a75170254fd675b8c24b664d80ad7ea7e460241a23535a406,35405 5 35660 8 35915 10 36170 11 36426 12 36681 13 36937 13 37192 14 37448 14 37705 13 37961 12 38218 11 38475 9 38731 8 38989 5
912a679e4b9b1d1a75170254fd675b8c24b664d80ad7ea7e460241a23535a406,45908 5 46163 8 46419 8 46674 10 46930 10 47185 10 47441 10 47697 10 47953 11 48209 11 48465 10 48722 9 48978 8 49235 6 49491 5
912a679e4b9b1d1a75170254fd675b8c24b664d80ad7ea7e460241a23535a406,37482 4 37729 4 37736 7 37983 18 38237 20 38492 25 38748 27 39003 29 39259 29 39516 29 39772 29 40029 28 40286 27 40543 26 40800 24 41060 20 41317 18 41574 17 41833 13 42089 12 42345 12 42601 11 42858 9 43114 8 43371 6 43627 5
912a679e4b9b1d1a75170254fd675b8c24b664d80ad7ea7e460241a23535a406,28001 6 28255 8 28511 9 28766 10 29022 13 29277 15 29533 15 29789 16 30045 16 30302 16 30558 16 30815 15 31071 15 31328 13 31585 12 31842 10 32099 8 32358 3
912a679e4b9b1d1a75170254fd675b8c24b664d80ad7ea7e460241a23535a406,25451 7 25706 10 25961 13 26217 14 26472 15 26728 16 26984 16 27240 17 27496 17 27752 17 28008 17 28263 18 28520 16 28776 16 29036 11 29293 10 29550 8 29808 4
912a679e4b9b1d1a75170254fd675b8c24b664d80ad7ea7e460241a23535a406,21094 4 21347 7 21601 10 21857 11 22112 12 22368 13 22625 12 22881 11 23138 10 23394 9 23651 8 23907 7
912a679e4b9b1d1a75170254fd675b8c24b664d80ad7ea7e460241a23535a406,63332 5 63587 7 63842 9 64098 9 64353 11 64609 11 64865 11 65121 11 65377 10
912a679e4b9b1d1a75170254fd675b8c24b664d80ad7ea7e460241a23535a406,17001 5 17254 9 17509 11 17764 13 18020 14 18275 15 18531 16 18788 15 19044 16 19301 15 19557 15 19814 14 20070 13 20327 12 20584 10 20842 6
912a679e4b9b1d1a75170254fd675b8c24b664d80ad7ea7e460241a23535a406,5225 6 5480 7 5736 8 5991 14 6247 15 6502 17 6758 19 7015 22 7271 23 7528 24 7785 24 8042 23 8298 24 8555 23 8813 21 9070 19 9326 19 9582 18 9838 10 9852 3 10095 8 10351 7 10609 3
912a679e4b9b1d1a75170254fd675b8c24b664d80ad7ea7e460241a23535a406,11893 9 12147 14 12403 15 12658 16 12914 17 13169 18 13426 17 13682 17 13939 15 14196 14 14453 12 14710 8 14968 4
912a679e4b9b1d1a75170254fd675b8c24b664d80ad7ea7e460241a23535a406,15485 4 15740 6 15995 8 16251 8 16506 10 16762 10 17017 11 17273 12 17529 12 17785 6 18042 2 18298 2
912a679e4b9b1d1a75170254fd675b8c24b664d80ad7ea7e460241a23535a406,17791 6 18044 10 18300 11 18555 13 18812 12 19068 13 19324 13 19580 14 19835 15 20091 15 20347 15 20604 14 20860 14 21117 12 21373 12 21630 10 21887 8 22144 5
912a679e4b9b1d1a75170254fd675b8c24b664d80ad7ea7e460241a23535a406,41600 9 41855 11 42111 12 42366 13 42622 14 42878 14 43135 13 43391 13 43648 12 43905 10 44163 8 44421 4
912a679e4b9b1d1a75170254fd675b8c24b664d80ad7ea7e460241a23535a406,55441 5 55695 10 55948 14 56203 16 56457 19 56712 21 56966 23 57221 25 57476 26 57732 27 57987 28 58243 28 58499 28 58755 28 59011 28 59267 28 59523 28 59779 27 60035 27 60292 25 60548 23 60805 21 61062 17 61320 11 61579 3
912a679e4b9b1d1a75170254fd675b8c24b664d80ad7ea7e460241a23535a406,37771 6 38026 9 38281 11 38537 11 38792 13 39048 13 39305 12 39561 11 39818 10 40075 8 40334 3
912a679e4b9b1d1a75170254fd675b8c24b664d80ad7ea7e460241a23535a406,3476 4 3730 8 3985 10 4240 12 4495 13 4750 15 5006 15 5261 16 5517 16 5773 16 6029 16 6285 15 6541 15 6798 13 7054 12 7311 11 7568 8 7826 5
912a679e4b9b1d1a75170254fd675b8c24b664d80ad7ea7e460241a23535a406,31637 6 31891 9 32145 12 32400 13 32655 15 32911 15 33166 17 33422 17 33678 18 33934 18 34191 17 34447 17 34704 15 34960 15 35217 13 35473 13 35730 11 35987 9 36244 7
912a679e4b9b1d1a75170254fd675b8c24b664d80ad7ea7e460241a23535a406,23445 7 23700 9 23955 11 24210 13 24466 13 24721 15 24977 15 25233 15 25489 15 25745 14 26002 13 26258 12 26515 10 26772 8 27030 5
912a679e4b9b1d1a75170254fd675b8c24b664d80ad7ea7e460241a23535a406,9122 4 9375 10 9630 12 9885 14 10140 15 10395 17 10650 18 10906 18 11161 19 11417 19 11673 19 11929 18 12185 18 12442 16 12698 15 12955 13 13212 11 13469 10 13727 6
912a679e4b9b1d1a75170254fd675b8c24b664d80ad7ea7e460241a23535a406,18334 4 18590 6 18844 9 19100 10 19355 12 19612 12 19868 13 20124 13 20381 13 20637 13 20894 11 21151 10 21407 9
912a679e4b9b1d1a75170254fd675b8c24b664d80ad7ea7e460241a23535a406,41641 8 41895 11 42150 13 42406 14 42661 15 42917 16 43173 16 43429 16 43685 16 43942 15 44198 15 44455 13 44712 12 44968 11 45225 9 45483 5
912a679e4b9b1d1a75170254fd675b8c24b664d80ad7ea7e460241a23535a406,169 13 424 15 680 15 936 16 1192 16 1448 16 1704 17 1960 17 2217 15 2473 15 2730 13 2987 12 3244 10 3502 7
912a679e4b9b1d1a75170254fd675b8c24b664d80ad7ea7e460241a23535a406,24755 3 25006 10 25261 12 25515 14 25771 15 26026 16 26282 16 26538 16 26795 15 27051 14 27308 13 27565 10 27823 6
912a679e4b9b1d1a75170254fd675b8c24b664d80ad7ea7e460241a23535a406,29109 6 29364 8 29620 9 29870 16 30125 17 30381 18 30636 19 30892 19 31148 19 31404 18 31661 17 31917 16 32174 14 32431 13 32688 10 32947 6
912a679e4b9b1d1a75170254fd675b8c24b664d80ad7ea7e460241a23535a406,16825 3 17075 11 17330 14 17585 16 17840 18 18095 19 18350 21 18606 21 18861 22 19117 21 19373 21 19630 19 19886 19 20143 17 20400 15 20658 3 20662 8 20921 3
912a679e4b9b1d1a75170254fd675b8c24b664d80ad7ea7e460241a23535a406,11448 6 11703 7 11959 8 12214 10 12470 10 12727 10 12983 10 13239 10 13494 10 13751 9 14007 5
912a679e4b9b1d1a75170254fd675b8c24b664d80ad7ea7e460241a23535a406,32454 3 32707 10 32961 15 33216 17 33472 17 33727 16 33983 15 34238 16 34494 15 34750 15 35007 14 35263 14 35520 13 35776 13 36033 11 36045 1 36290 9 36549 3
912a679e4b9b1d1a75170254fd675b8c24b664d80ad7ea7e460241a23535a406,33743 3 33998 4 34254 4 34509 5 34765 5 35021 5 35277 5 35533 5 35789 5 36046 5 36302 5 36559 6 36816 3
912a679e4b9b1d1a75170254fd675b8c24b664d80ad7ea7e460241a23535a406,32725 7 32980 11 33235 15 33491 17 33746 16 34002 16 34258 15 34514 14 34770 14 35026 13 35282 13 35538 14 35794 12 36051 9 36307 8
912a679e4b9b1d1a75170254fd675b8c24b664d80ad7ea7e460241a23535a406,33762 3 33766 2 34018 6 34273 9 34528 11 34784 15 35039 16 35295 15 35552 14 35808 13 36065 12 36321 12 36577 11 36833 11 37089 10 37346 9 37602 8 37859 6
912a679e4b9b1d1a75170254fd675b8c24b664d80ad7ea7e460241a23535a406,30953 5 31208 8 31464 10 31719 12 31975 13 32231 13 32486 15 32743 14 32999 14 33256 12 33511 13 33768 11 34024 9 34282 6 34539 4
912a679e4b9b1d1a75170254fd675b8c24b664d80ad7ea7e460241a23535a406,18631 3 18885 6 19140 8 19396 10 19651 11 19907 11 20163 10 20418 11 20674 10 20929 12 21186 11 21442 11 21700 9 21957 3
912a679e4b9b1d1a75170254fd675b8c24b664d80ad7ea7e460241a23535a406,19665 3 19918 8 20173 11 20429 12 20684 13 20941 13 21197 13 21454 12 21710 11 21967 10 22225 7 22483 3
912a679e4b9b1d1a75170254fd675b8c24b664d80ad7ea7e460241a23535a406,37066 5 37321 6 37577 8 37832 10 38088 10 38344 11 38599 12 38855 12 39111 12 39367 11 39624 10 39880 9 40139 6 40396 3
912a679e4b9b1d1a75170254fd675b8c24b664d80ad7ea7e460241a23535a406,40149 4 40404 7 40659 10 40914 11 41170 12 41425 13 41681 13 41936 14 42193 13 42449 13 42705 13 42961 13 43218 12 43474 11 43731 10 43988 8 44245 6 44502 4
912a679e4b9b1d1a75170254fd675b8c24b664d80ad7ea7e460241a23535a406,54484 5 54739 8 54994 11 55250 11 55505 13 55761 13 56017 13 56274 11 56530 11 56787 9 57046 5
912a679e4b9b1d1a75170254fd675b8c24b664d80ad7ea7e460241a23535a406,58347 6 58599 13 58853 16 59108 18 59364 20 59619 22 59875 22 60131 23 60387 23 60643 22 60900 21 61156 21 61412 21 61669 20 61925 19 62183 9 62199 1 62440 4
912a679e4b9b1d1a75170254fd675b8c24b664d80ad7ea7e460241a23535a406,62192 7 62444 11 62699 14 62955 15 63210 18 63466 19 63721 20 63977 21 64233 21 64488 23 64745 22 65001 22 65257 22 65513 21
9ab2d381f90b485a68b82bc07f94397a0373e3215ad20935a958738e55f3cfc2,49442 8 49696 11 49950 15 50205 20 50460 21 50715 23 50970 24 51226 25 51481 26 51737 27 51993 27 52249 27 52505 27 52761 28 53017 28 53273 28 53529 28 53785 28 54042 27 54298 26 54554 26 54809 26 55065 25 55321 25 55577 24 55834 22 56090 22 56347 20 56605 16 56861 14 57118 12 57375 9 57634 3
9ab2d381f90b485a68b82bc07f94397a0373e3215ad20935a958738e55f3cfc2,32304 3 32560 3 32815 5 33071 5 33326 6 33582 6 33837 7 34093 7 34350 6 34606 6 34862 6 35118 6 35374 6 35630 6 35887 6 36143 6 36399 7 36655 7 36911 7 37168 7 37424 6 37681 5 37937 4 38195 3
9ab2d381f90b485a68b82bc07f94397a0373e3215ad20935a958738e55f3cfc2,31035 3 31288 7 31542 9 31797 11 32053 13 32308 14 32564 14 32821 13 33077 13 33333 14 33588 15 33844 17 34100 17 34356 17 34612 17 34868 18 35124 18 35380 18 35636 10 35893 4 36149 4 36407 1
9ab2d381f90b485a68b82bc07f94397a0373e3215ad20935a958738e55f3cfc2,35646 8 35897 13 36153 14 36408 15 36664 16 36921 16 37177 17 37430 22 37686 22 37941 22 38198 21 38454 20 38711 18 38968 15 39230 4
9ab2d381f90b485a68b82bc07f94397a0373e3215ad20935a958738e55f3cfc2,30023 5 30278 6 30534 7 30789 8 31044 10 31300 11 31555 13 31811 14 32066 15 32322 16 32578 16 32834 16 33090 16 33347 15 33603 5 33617 1 33862 2 33873 1
9ab2d381f90b485a68b82bc07f94397a0373e3215ad20935a958738e55f3cfc2,33608 9 33864 9 34119 11 34375 11 34631 11 34886 12 35142 12 35399 11 35654 12 35910 11 36167 10 36423 9 36680 8 36937 6 37194 3
9ab2d381f90b485a68b82bc07f94397a0373e3215ad20935a958738e55f3cfc2,28218 3 28471 8 28727 8 28982 10 29238 10 29494 9 29751 8 30007 7
9ab2d381f90b485a68b82bc07f94397a0373e3215ad20935a958738e55f3cfc2,51566 8 51818 13 52072 17 52327 19 52582 21 52837 23 53092 25 53347 28 53603 29 53858 30 54114 31 54369 32 54625 32 54880 33 55136 34 55391 35 55647 35 55903 35 56159 35 56415 35 56671 35 56926 37 57182 37 57438 38 57695 37 57951 37 58208 36 58464 36 58720 36 58976 36 59232 36 59488 36 59744 35 60000 35 60256 34 60513 32 60769 30 61026 28 61283 25 61540 23 61796 22 62052 21 62309 17 62565 14 62823 8
9f17aea854db13015d19b34cb2022cfdeda44133323fcd6bb3545f7b9404d8ab,44303 1 44305 2 44557 6 44811 7 45067 6 45323 5
9f17aea854db13015d19b34cb2022cfdeda44133323fcd6bb3545f7b9404d8ab,33819 3 34074 5 34330 5 34585 5 34841 5 35097 4 35353 4 35609 4 35865 5 36122 4 36378 4
9f17aea854db13015d19b34cb2022cfdeda44133323fcd6bb3545f7b9404d8ab,33829 5 34083 9 34338 11 34590 19 34846 19 35101 21 35357 21 35613 21 35870 19 36126 19 36387 6 36394 6
9f17aea854db13015d19b34cb2022cfdeda44133323fcd6bb3545f7b9404d8ab,48424 5 48678 7 48932 9 49188 8 49443 9 49691 3 49698 10 49947 17 50202 18 50228 1 50458 18 50484 2 50714 19 50737 5 50969 29 51225 29 51481 29 51738 28 51994 28 52251 26 52509 24 52769 19 53026 18 53282 16 53539 14 53795 12 54053 8
9f17aea854db13015d19b34cb2022cfdeda44133323fcd6bb3545f7b9404d8ab,48685 6 48941 6 49196 8 49452 8 49708 9 49964 9 50220 8 50477 7 50734 3
9f17aea854db13015d19b34cb2022cfdeda44133323fcd6bb3545f7b9404d8ab,43037 3 43293 4 43548 5 43805 5 44061 7 44318 5 44575 3
9f17aea854db13015d19b34cb2022cfdeda44133323fcd6bb3545f7b9404d8ab,40225 3 40476 11 40732 12 40987 13 41243 14 41499 14 41755 14 42011 14 42268 13 42524 4 42529 7 42781 11 43040 7 43297 6 43553 5 43810 3
9f17aea854db13015d19b34cb2022cfdeda44133323fcd6bb3545f7b9404d8ab,62750 5 63005 7 63261 7 63516 9 63773 8 64029 7 64286 6 64542 5
9f17aea854db13015d19b34cb2022cfdeda44133323fcd6bb3545f7b9404d8ab,29742 6 29997 9 30251 12 30506 16 30760 21 31016 23 31271 25 31527 26 31783 27 32039 27 32295 29 32551 30 32808 29 33064 30 33321 28 33589 16
9f17aea854db13015d19b34cb2022cfdeda44133323fcd6bb3545f7b9404d8ab,42038 6 42292 8 42547 10 42801 12 43055 14 43310 14 43565 15 43821 14 44076 15 44332 14 44589 13 44845 12 45102 10 45359 8 45616 6
9f17aea854db13015d19b34cb2022cfdeda44133323fcd6bb3545f7b9404d8ab,57917 10 58171 13 58426 14 58681 16 58937 17 59192 18 59448 19 59703 20 59959 19 60214 20 60470 19 60725 19 60981 19 61236 19 61493 17 61749 16 62006 14 62262 12 62520 8
9f17aea854db13015d19b34cb2022cfdeda44133323fcd6bb3545f7b9404d8ab,57 5 313 5 568 7 824 7 1080 7 1337 6 1594 4
9f17aea854db13015d19b34cb2022cfdeda44133323fcd6bb3545f7b9404d8ab,30026 8 30279 13 30532 17 30787 19 31043 20 31298 22 31555 21 31811 22 32068 21 32327 18 32584 16 32842 14 33100 10
9f17aea854db13015d19b34cb2022cfdeda44133323fcd6bb3545f7b9404d8ab,37704 2 37958 3 38213 4 38469 4 38724 6 38981 5 39237 6 39494 7 39752 3
9f17aea854db13015d19b34cb2022cfdeda44133323fcd6bb3545f7b9404d8ab,36940 6 37195 9 37450 10 37706 11 37961 12 38217 11 38473 11 38730 9 38986 7 39243 4
9f17aea854db13015d19b34cb2022cfdeda44133323fcd6bb3545f7b9404d8ab,23634 8 23890 10 24144 12 24398 15 24654 14 24909 15 25166 11 25422 7
9f17aea854db13015d19b34cb2022cfdeda44133323fcd6bb3545f7b9404d8ab,32099 3 32352 7 32606 9 32862 10 33117 11 33373 10 33628 11 33883 12 34138 12 34394 12 34649 12 34904 13 35160 12 35415 12 35671 11 35928 8 36184 6
9f17aea854db13015d19b34cb2022cfdeda44133323fcd6bb3545f7b9404d8ab,55133 5 55387 7 55642 7 55898 7 56153 8 56408 9 56664 9 56919 10 57175 10 57431 10 57687 10 57943 10 58200 9 58456 9 58713 8 58969 8 59226 8 59483 7
9f17aea854db13015d19b34cb2022cfdeda44133323fcd6bb3545f7b9404d8ab,55138 6 55394 7 55649 9 55905 10 56161 11 56417 12 56673 13 56929 13 57185 14 57441 14 57697 15 57953 15 58209 15 58465 14 58721 14 58977 13 59234 10 59490 9
9f17aea854db13015d19b34cb2022cfdeda44133323fcd6bb3545f7b9404d8ab,37729 8 37984 10 38238 13 38494 14 38749 15 39005 16 39260 16 39516 16 39773 14 40029 13 40286 11 40543 9 40802 5
9f17aea854db13015d19b34cb2022cfdeda44133323fcd6bb3545f7b9404d8ab,41059 3 41315 5 41569 8 41824 10 42080 11 42335 13 42591 13 42848 13 43104 12 43361 11 43618 9 43875 7
9f17aea854db13015d19b34cb2022cfdeda44133323fcd6bb3545f7b9404d8ab,23146 2 23401 2 23655 4 23909 6 24164 7 24419 9 24674 10 24930 11 25185 13 25441 13 25698 14 25954 12 26212 7
9f17aea854db13015d19b34cb2022cfdeda44133323fcd6bb3545f7b9404d8ab,22383 5 22637 7 22892 8 23148 7 23403 8 23659 8 23915 8 24171 8 24428 8 24684 8 24941 8 25198 5 25454 3
9f17aea854db13015d19b34cb2022cfdeda44133323fcd6bb3545f7b9404d8ab,22644 8 22900 11 23155 12 23411 13 23667 12 23923 12 24179 11 24436 8 24692 4
9f17aea854db13015d19b34cb2022cfdeda44133323fcd6bb3545f7b9404d8ab,24696 3 24700 4 24950 9 25206 10 25461 11 25717 8 25729 1 25974 5 26230 5
9f17aea854db13015d19b34cb2022cfdeda44133323fcd6bb3545f7b9404d8ab,25725 4 25979 6 26235 8 26490 8 26746 8 27002 9 27258 9 27513 11 27770 12 28026 10 28283 4
9f17aea854db13015d19b34cb2022cfdeda44133323fcd6bb3545f7b9404d8ab,25733 6 25987 9 26243 9 26498 11 26754 10 27011 9 27267 8 27524 5
9f17aea854db13015d19b34cb2022cfdeda44133323fcd6bb3545f7b9404d8ab,29556 7 29811 8 30066 10 30321 11 30576 13 30831 14 31086 15 31341 16 31597 16 31852 17 32108 16 32363 17 32619 17 32874 17 33130 17 33386 16 33643 14 33899 13 34156 11 34413 7
9f17aea854db13015d19b34cb2022cfdeda44133323fcd6bb3545f7b9404d8ab,45940 3 46194 7 46449 10 46705 10 46960 12 47216 11 47473 10 47729 7 47987 4
9f17aea854db13015d19b34cb2022cfdeda44133323fcd6bb3545f7b9404d8ab,54913 12 55167 15 55423 17 55678 19 55934 20 56190 22 56446 22 56703 22 56959 22 57216 21 57472 21 57729 20 57985 19 58242 18 58499 16 58757 13 59019 3
9f17aea854db13015d19b34cb2022cfdeda44133323fcd6bb3545f7b9404d8ab,900 6 1155 8 1410 8 1665 8 1921 7 2177 6
9f17aea854db13015d19b34cb2022cfdeda44133323fcd6bb3545f7b9404d8ab,24193 2 24448 2 24704 2 24959 4 25216 3 25472 4
9f17aea854db13015d19b34cb2022cfdeda44133323fcd6bb3545f7b9404d8ab,23176 1 23429 4 23684 4 23939 5 24195 6 24450 7 24706 7 24963 5 25219 3
9f17aea854db13015d19b34cb2022cfdeda44133323fcd6bb3545f7b9404d8ab,22922 3 23177 4 23185 3 23433 12 23688 14 23944 14 24201 14 24457 14 24716 10 24972 10 25229 8 25485 6
9f17aea854db13015d19b34cb2022cfdeda44133323fcd6bb3545f7b9404d8ab,29058 4 29312 7 29568 8 29823 9 30079 10 30336 8 30592 8 30849 6
9f17aea854db13015d19b34cb2022cfdeda44133323fcd6bb3545f7b9404d8ab,2693 2 2948 2 3204 3 3459 4 3716 4 3972 4
9f17aea854db13015d19b34cb2022cfdeda44133323fcd6bb3545f7b9404d8ab,2188 3 2439 10 2695 11 2950 12 3207 12 3463 11 3720 10
9f17aea854db13015d19b34cb2022cfdeda44133323fcd6bb3545f7b9404d8ab,15238 6 15493 8 15748 10 16004 10 16259 12 16516 10 16772 10
9f17aea854db13015d19b34cb2022cfdeda44133323fcd6bb3545f7b9404d8ab,18826 5 19081 8 19336 9 19591 11 19846 11 20102 11 20357 11 20614 10 20870 9
9f17aea854db13015d19b34cb2022cfdeda44133323fcd6bb3545f7b9404d8ab,19603 5 19857 8 20113 8 20368 10 20624 10 20881 8 21137 8
9f17aea854db13015d19b34cb2022cfdeda44133323fcd6bb3545f7b9404d8ab,48024 3 48280 2 48535 3 48792 3 49048 3
9f17aea854db13015d19b34cb2022cfdeda44133323fcd6bb3545f7b9404d8ab,47265 4 47517 8 47771 11 48027 11 48282 12 48538 12 48795 10 49051 10 49312 3
9f17aea854db13015d19b34cb2022cfdeda44133323fcd6bb3545f7b9404d8ab,21913 6 22169 6 22424 8 22681 7 22937 8 23195 9 23453 6
9f17aea854db13015d19b34cb2022cfdeda44133323fcd6bb3545f7b9404d8ab,20899 4 21153 7 21408 8 21664 9 21919 10 22175 9 22432 8 22688 7 22945 4
9f17aea854db13015d19b34cb2022cfdeda44133323fcd6bb3545f7b9404d8ab,58282 3 58537 6 58793 8 59048 11 59304 12 59559 13 59810 19 60065 20 60321 20 60576 21 60832 21 61089 21 61345 21 61602 20 61858 19 62116 17 62373 15 62630 12 62888 9 63147 3
9f17aea854db13015d19b34cb2022cfdeda44133323fcd6bb3545f7b9404d8ab,20650 3 20906 2 21161 3 21418 1 21674 2
9f17aea854db13015d19b34cb2022cfdeda44133323fcd6bb3545f7b9404d8ab,20653 6 20908 7 21164 8 21419 9 21676 8 21932 8 22191 5 22447 4 22704 3
9f17aea854db13015d19b34cb2022cfdeda44133323fcd6bb3545f7b9404d8ab,51646 6 51899 14 52152 20 52407 22 52663 24 52918 26 53174 26 53430 27 53686 27 53942 28 54198 28 54455 27 54711 26 54968 25 55231 17 55489 13
a4816cc1fb76cb3c5e481186833fc0ae9cf426a1406a2607e974e65e9cddba4f,8193 2 8449 3 8705 4 8961 4 9217 4 9473 5 9729 4 9985 4 10241 4 10497 3 10753 2
a4816cc1fb76cb3c5e481186833fc0ae9cf426a1406a2607e974e65e9cddba4f,22529 3 22785 3 23041 4 23297 4 23553 5 23809 5 24065 5 24321 5 24577 4 24833 4 25089 3 25345 3 25601 2 26114 1
a4816cc1fb76cb3c5e481186833fc0ae9cf426a1406a2607e974e65e9cddba4f,5126 5 5380 9 5635 11 5891 12 6146 13 6402 14 6659 13 6915 14 7172 13 7428 14 7685 13 7942 12 8199 11 8456 9 8713 8 8970 6
a4816cc1fb76cb3c5e481186833fc0ae9cf426a1406a2607e974e65e9cddba4f,24075 3 24329 7 24584 9 24839 10 25094 12 25349 13 25604 14 25860 14 26115 14 26371 14 26626 14 26882 14 27139 12 27395 11 27652 9 27909 7 28166 5
a4816cc1fb76cb3c5e481186833fc0ae9cf426a1406a2607e974e65e9cddba4f,12045 3 12300 6 12554 9 12810 9 13065 11 13321 11 13576 13 13832 13 14088 14 14344 14 14600 14 14857 13 15113 13 15369 13 15626 11 15882 11 16139 9 16401 1
a4816cc1fb76cb3c5e481186833fc0ae9cf426a1406a2607e974e65e9cddba4f,16397 4 16653 4 16908 7 17163 9 17418 11 17674 11 17929 13 18185 13 18441 13 18696 14 18952 14 19209 13 19465 12 19721 12 19977 11 20234 10 20490 9 20747 8 21005 5
a4816cc1fb76cb3c5e481186833fc0ae9cf426a1406a2607e974e65e9cddba4f,35602 4 35856 7 36111 10 36367 10 36622 12 36878 12 37134 13 37390 13 37647 12 37903 12 38159 12 38416 10 38672 10 38929 8 39186 6
a4816cc1fb76cb3c5e481186833fc0ae9cf426a1406a2607e974e65e9cddba4f,58129 7 58385 8 58640 10 58896 10 59151 12 59407 12 59663 12 59919 12 60175 11 60431 11 60687 10 60944 9 61200 7 61457 5
a4816cc1fb76cb3c5e481186833fc0ae9cf426a1406a2607e974e65e9cddba4f,3864 6 4119 8 4375 9 4630 11 4886 11 5142 12 5398 12 5655 11 5911 11 6168 9 6425 8 6683 4
a4816cc1fb76cb3c5e481186833fc0ae9cf426a1406a2607e974e65e9cddba4f,26650 6 26905 8 27160 9 27415 11 27671 11 27926 12 28182 12 28438 11 28694 11 28951 9 29207 8 29465 4
a4816cc1fb76cb3c5e481186833fc0ae9cf426a1406a2607e974e65e9cddba4f,44571 8 44825 13 45081 14 45336 17 45592 18 45847 20 46103 20 46359 21 46616 20 46872 20 47129 13 47386 11 47643 6 47900 5 48159 1
a4816cc1fb76cb3c5e481186833fc0ae9cf426a1406a2607e974e65e9cddba4f,49181 4 49436 5 49691 10 49946 12 50201 19 50456 20 50712 20 50967 20 51223 20 51479 6 51486 12 51736 5 51743 10 51992 4 51998 10 52249 3 52255 7 52511 4
a4816cc1fb76cb3c5e481186833fc0ae9cf426a1406a2607e974e65e9cddba4f,47142 6 47397 8 47649 14 47905 15 48160 17 48417 16 48673 17 48928 17 49185 16 49441 14 49701 9 49958 6
a4816cc1fb76cb3c5e481186833fc0ae9cf426a1406a2607e974e65e9cddba4f,9761 4 10016 7 10271 9 10526 10 10778 15 11034 15 11289 16 11545 16 11801 16 12057 16 12314 15 12570 14 12827 13 13083 12 13340 10 13597 8 13855 5
a4816cc1fb76cb3c5e481186833fc0ae9cf426a1406a2607e974e65e9cddba4f,19486 6 19741 8 19996 10 20251 12 20507 13 20762 14 21018 15 21273 16 21529 16 21785 16 22042 15 22298 15 22556 12 22815 9 23072 7 23329 5 23586 3
a4816cc1fb76cb3c5e481186833fc0ae9cf426a1406a2607e974e65e9cddba4f,40223 3 40477 6 40731 8 40987 11 41242 17 41498 17 41753 18 42009 18 42265 17 42522 16 42778 15 43035 13 43292 10 43552 3
a4816cc1fb76cb3c5e481186833fc0ae9cf426a1406a2607e974e65e9cddba4f,33574 6 33829 8 34084 10 34339 11 34594 13 34850 13 35105 15 35361 14 35617 14 35873 14 36129 14 36385 13 36641 13 36898 11 37154 11 37411 1
a4816cc1fb76cb3c5e481186833fc0ae9cf426a1406a2607e974e65e9cddba4f,37412 8 37667 10 37923 11 38178 13 38434 13 38690 14 38946 14 39202 14 39459 13 39715 13 39971 12 40226 13 40483 11 40739 10 40998 5
a4816cc1fb76cb3c5e481186833fc0ae9cf426a1406a2607e974e65e9cddba4f,53791 6 54044 11 54298 15 54554 15 54809 17 55065 17 55321 18 55577 18 55834 17 56090 12 56347 8 56605 6 56863 3
a4816cc1fb76cb3c5e481186833fc0ae9cf426a1406a2607e974e65e9cddba4f,59938 1 60194 2 60204 1 60449 12 60705 13 60961 13 61217 14 61473 14 61729 14 61985 14 62242 13 62498 13 62755 11 63011 11 63269 8 63526 6
a4816cc1fb76cb3c5e481186833fc0ae9cf426a1406a2607e974e65e9cddba4f,56102 5 56355 8 56611 10 56866 13 57123 12 57379 13 57635 13 57891 13 58146 14 58402 14 58658 14 58914 13 59170 13 59426 12 59683 10 59939 9 60196 8
a4816cc1fb76cb3c5e481186833fc0ae9cf426a1406a2607e974e65e9cddba4f,1570 5 1825 8 2081 9 2336 11 2592 12 2848 13 3105 12 3361 13 3618 12 3876 9 4133 8 4391 5
a4816cc1fb76cb3c5e481186833fc0ae9cf426a1406a2607e974e65e9cddba4f,29475 2 29730 2 29985 3 30241 3 30496 5 30752 5 31008 5 31265 5 31521 5 31778 5
a4816cc1fb76cb3c5e481186833fc0ae9cf426a1406a2607e974e65e9cddba4f,28966 7 29221 8 29477 9 29732 10 29988 10 30244 9 30501 8 30757 7 31013 6 31270 4 31526 3
a4816cc1fb76cb3c5e481186833fc0ae9cf426a1406a2607e974e65e9cddba4f,305 4 560 7 815 10 1070 13 1326 14 1581 16 1837 16 2094 16 2350 16 2607 14 2864 13 3121 11
a4816cc1fb76cb3c5e481186833fc0ae9cf426a1406a2607e974e65e9cddba4f,30257 3 30512 4 30767 4 31022 5 31278 5 31533 7 31789 7 32046 6 32302 7 32560 5
a4816cc1fb76cb3c5e481186833fc0ae9cf426a1406a2607e974e65e9cddba4f,30260 8 30516 9 30771 10 31027 11 31283 11 31540 9 31796 9 32052 8 32309 6 32565 4
a4816cc1fb76cb3c5e481186833fc0ae9cf426a1406a2607e974e65e9cddba4f,64818 7 65072 11 65328 11
a4816cc1fb76cb3c5e481186833fc0ae9cf426a1406a2607e974e65e9cddba4f,7992 8 8247 9 8503 8 8758 9 9015 8 9271 8 9528 7 9785 6 10043 5 10300 4
a4816cc1fb76cb3c5e481186833fc0ae9cf426a1406a2607e974e65e9cddba4f,8000 8 8256 9 8511 10 8767 11 9023 11 9279 11 9535 10 9791 10 10048 8 10304 7
a4816cc1fb76cb3c5e481186833fc0ae9cf426a1406a2607e974e65e9cddba4f,23101 2 23355 4 23609 5 23864 6 24119 7 24375 8 24630 9 24887 8 25143 9 25400 8
a4816cc1fb76cb3c5e481186833fc0ae9cf426a1406a2607e974e65e9cddba4f,23103 7 23359 9 23614 11 23870 11 24126 12 24383 11 24639 11 24895 11 25152 9 25408 9 25668 2
a4816cc1fb76cb3c5e481186833fc0ae9cf426a1406a2607e974e65e9cddba4f,35901 1 36155 3 36411 4 36666 7 36922 7 37177 9 37434 9 37690 10 37946 12 38203 12 38459 12 38716 11 38972 11 39228 11 39485 10 39741 9 39998 8 40255 5
a4816cc1fb76cb3c5e481186833fc0ae9cf426a1406a2607e974e65e9cddba4f,31811 6 32066 8 32321 9 32576 11 32831 12 33086 13 33342 13 33597 14 33853 12 34109 12 34365 11 34621 11 34877 11 35133 11 35389 11 35645 11 35902 10 36158 3 36162 6 36415 9 36673 7 36929 7 37186 6 37443 5 37700 4 37959 2
a4816cc1fb76cb3c5e481186833fc0ae9cf426a1406a2607e974e65e9cddba4f,33865 4 34121 5 34376 6 34632 5 34888 5 35144 5 35400 5 35656 5 35912 5 36168 6 36424 6 36680 6 36936 6 37192 6 37448 6 37704 7 37961 6 38217 5
a4816cc1fb76cb3c5e481186833fc0ae9cf426a1406a2607e974e65e9cddba4f,33873 7 34126 11 34382 12 34637 13 34893 14 35149 14 35405 14 35661 15 35917 15 36174 14 36430 14 36686 11 36942 10 37198 9 37454 9 37711 7 37967 7 38226 4
a4816cc1fb76cb3c5e481186833fc0ae9cf426a1406a2607e974e65e9cddba4f,36445 2 36697 5 36952 6 37207 7 37463 7 37718 8 37974 8 38230 9 38487 8 38743 8 38999 8 39255 8 39512 8 39768 8 40025 8 40283 5
a4816cc1fb76cb3c5e481186833fc0ae9cf426a1406a2607e974e65e9cddba4f,35936 4 36191 6 36447 7 36702 8 36958 9 37214 9 37470 10 37726 11 37982 13 38239 14 38495 16 38751 18 39007 18 39263 18 39520 17 39776 3 39781 12 40037 12 40293 11 40549 11 40806 9 41062 9 41319 7 41575 6 41832 4
a4816cc1fb76cb3c5e481186833fc0ae9cf426a1406a2607e974e65e9cddba4f,36199 1 36454 2 36710 7 36724 2 36967 15 37223 15 37480 14 37737 12 37995 10 38253 7 38511 4
a4816cc1fb76cb3c5e481186833fc0ae9cf426a1406a2607e974e65e9cddba4f,34919 1 35175 1 35191 1 35431 8 35687 16 35943 15 36200 13 36456 13 36717 7
a4816cc1fb76cb3c5e481186833fc0ae9cf426a1406a2607e974e65e9cddba4f,31597 3 31852 6 32107 8 32363 9 32618 11 32874 12 33130 12 33386 13 33642 13 33897 15 34152 16 34408 16 34663 17 34920 16 35176 15 35439 8
a4816cc1fb76cb3c5e481186833fc0ae9cf426a1406a2607e974e65e9cddba4f,57151 6 57406 7 57661 9 57917 9 58172 11 58428 11 58683 12 58939 12 59195 19 59450 20 59706 20 59962 19 60218 19 60474 19 60731 18 60987 18 61244 17 61501 16 61757 16 62013 16 62269 16 62525 16 62781 17 63037 17 63293 17 63549 15 63806 13 64062 13 64319 12 64575 12 64832 11 65088 11 65345 9
a4816cc1fb76cb3c5e481186833fc0ae9cf426a1406a2607e974e65e9cddba4f,59218 4 59470 9 59726 9 59981 11 60237 11 60493 13 60749 14 61005 14 61261 14 61517 14 61773 14 62029 14 62285 14 62541 14 62798 12 63054 12 63312 9 63569 7
a4816cc1fb76cb3c5e481186833fc0ae9cf426a1406a2607e974e65e9cddba4f,64 10 319 11 576 10 833 9 1089 9 1346 7 1604 5
a4816cc1fb76cb3c5e481186833fc0ae9cf426a1406a2607e974e65e9cddba4f,13634 3 13889 4 14144 6 14399 7 14655 9 14910 14 15166 14 15422 14 15677 15 15933 15 16189 1 16202 2 16445 1 16459 1
a4816cc1fb76cb3c5e481186833fc0ae9cf426a1406a2607e974e65e9cddba4f,16190 12 16446 13 16701 14 16957 15 17213 15 17469 15 17726 14 17982 14 18238 14 18495 13 18751 8 19008 5 19265 4 19521 3 19779 1
a4816cc1fb76cb3c5e481186833fc0ae9cf426a1406a2607e974e65e9cddba4f,10566 5 10822 6 11077 8 11333 9 11589 10 11845 11 12100 13 12356 14 12613 13 12869 14 13125 14 13382 13 13637 14 13893 14 14150 12 14406 12 14664 8
a4816cc1fb76cb3c5e481186833fc0ae9cf426a1406a2607e974e65e9cddba4f,18759 10 19013 13 19269 13 19524 15 19780 15 20037 14 20293 14 20549 14 20805 13 21061 13 21317 12 21573 11 21829 10 22086 8 22342 7 22599 4
a4816cc1fb76cb3c5e481186833fc0ae9cf426a1406a2607e974e65e9cddba4f,4163 4 4417 9 4672 12 4927 14 5183 14 5438 16 5695 15 5951 15 6208 15 6464 14 6721 13 6979 10 7237 8 7495 5
a4816cc1fb76cb3c5e481186833fc0ae9cf426a1406a2607e974e65e9cddba4f,25670 5 25926 6 26180 9 26434 11 26689 13 26944 14 27200 14 27455 15 27711 15 27967 14 28223 14 28480 12 28736 11 28994 7
a4816cc1fb76cb3c5e481186833fc0ae9cf426a1406a2607e974e65e9cddba4f,44612 6 44867 11 45122 13 45377 15 45632 17 45888 17 46143 19 46399 19 46655 18 46911 18 47167 16 47423 15 47680 11 47936 9 48193 5
a4816cc1fb76cb3c5e481186833fc0ae9cf426a1406a2607e974e65e9cddba4f,49217 7 49472 11 49728 13 49983 16 50239 17 50495 18 50751 18 51007 19 51263 19 51520 17 51776 17 52033 15 52290 13 52547 10
a4816cc1fb76cb3c5e481186833fc0ae9cf426a1406a2607e974e65e9cddba4f,43347 8 43601 12 43857 13 44112 14 44368 15 44625 14 44881 14 45138 12 45395 11 45652 9 45909 7
a4816cc1fb76cb3c5e481186833fc0ae9cf426a1406a2607e974e65e9cddba4f,51286 3 51540 8 51795 11 52050 13 52305 14 52561 15 52816 16 53072 15 53329 14 53585 13 53842 10 54099 8
a4816cc1fb76cb3c5e481186833fc0ae9cf426a1406a2607e974e65e9cddba4f,20058 3 20311 8 20566 10 20821 11 21077 12 21332 13 21588 14 21844 14 22099 14 22355 14 22611 14 22868 13 23124 8 23381 4 23637 4 23895 1
a4816cc1fb76cb3c5e481186833fc0ae9cf426a1406a2607e974e65e9cddba4f,23132 6 23385 12 23641 13 23896 14 24153 14 24409 14 24665 14 24921 13 25177 13 25433 12 25689 12 25945 11 26201 10 26458 9 26714 8 26971 5
a4816cc1fb76cb3c5e481186833fc0ae9cf426a1406a2607e974e65e9cddba4f,9558 4 9813 6 10069 6 10324 8 10580 12 10836 12 11092 13 11348 13 11604 13 11860 13 12117 12 12373 11 12630 10 12887 8 13144 6
a4816cc1fb76cb3c5e481186833fc0ae9cf426a1406a2607e974e65e9cddba4f,6236 3 6491 6 6746 8 7002 9 7257 10 7513 11 7769 12 8025 12 8281 13 8537 13 8793 13 9050 12 9306 12 9562 11 9819 10 10075 4 10080 3 10332 3
a4816cc1fb76cb3c5e481186833fc0ae9cf426a1406a2607e974e65e9cddba4f,57178 6 57433 8 57688 10 57944 8 58199 9 58455 8 58711 8 58967 7 59224 5 59479 6 59735 5 59992 4 60248 4 60508 1
a4816cc1fb76cb3c5e481186833fc0ae9cf426a1406a2607e974e65e9cddba4f,57952 3 58208 4 58463 5 58719 5 58974 6 59229 7 59485 7 59740 8 59996 9 60252 9 60509 10 60765 10 61022 8 61279 7 61537 3
a4816cc1fb76cb3c5e481186833fc0ae9cf426a1406a2607e974e65e9cddba4f,55656 4 55911 6 56167 7 56422 9 56678 9 56933 11 57189 11 57445 11 57711 1 57967 1
a4816cc1fb76cb3c5e481186833fc0ae9cf426a1406a2607e974e65e9cddba4f,57701 10 57957 10 58212 12 58468 12 58724 10 58980 7 59236 5 59492 4 59748 4 60005 2 60261 2
a4816cc1fb76cb3c5e481186833fc0ae9cf426a1406a2607e974e65e9cddba4f,58734 3 58987 8 59241 11 59496 12 59752 13 60007 14 60263 15 60520 14 60776 13 61031 14 61287 14 61543 15 61799 16 62055 16 62311 17 62567 17 62824 16 63080 16 63337 15 63594 13 63850 13 64106 12 64362 12 64618 11 64874 11 65130 10 65387 8
a4816cc1fb76cb3c5e481186833fc0ae9cf426a1406a2607e974e65e9cddba4f,107 10 362 12 618 11 875 10 1131 9 1387 8 1644 5 1902 1
a4816cc1fb76cb3c5e481186833fc0ae9cf426a1406a2607e974e65e9cddba4f,8048 3 8303 4 8559 6 8814 11 9070 12 9326 12 9582 12 9838 12 10094 12 10351 11 10607 10 10864 9 11120 8 11377 6
a4816cc1fb76cb3c5e481186833fc0ae9cf426a1406a2607e974e65e9cddba4f,4723 3 4977 7 5232 9 5488 10 5743 12 5999 12 6255 13 6512 12 6768 12 7025 11 7282 10 7539 8 7794 9 8051 7 8307 6 8565 4
a4816cc1fb76cb3c5e481186833fc0ae9cf426a1406a2607e974e65e9cddba4f,21874 4 22129 6 22384 8 22639 10 22895 10 23150 12 23406 12 23662 12 23918 12 24174 12 24430 12 24686 12 24943 5 25199 3 25456 2
a4816cc1fb76cb3c5e481186833fc0ae9cf426a1406a2607e974e65e9cddba4f,24948 5 25202 8 25458 9 25713 10 25970 10 26225 11 26481 11 26736 13 26992 13 27247 13 27503 13 27759 12 28016 11 28272 10 28529 8 28787 3
a4816cc1fb76cb3c5e481186833fc0ae9cf426a1406a2607e974e65e9cddba4f,26243 3 26497 11 26751 14 27006 16 27260 18 27516 19 27771 20 28027 19 28284 18 28540 17 28797 15 29053 13 29310 10 29569 3
a4816cc1fb76cb3c5e481186833fc0ae9cf426a1406a2607e974e65e9cddba4f,34942 6 35197 8 35452 10 35708 11 35963 13 36219 13 36475 14 36731 14 36987 15 37243 15 37499 15 37756 14 38012 14 38269 13 38525 12 38782 11 39039 9 39296 7 39554 3
a4816cc1fb76cb3c5e481186833fc0ae9cf426a1406a2607e974e65e9cddba4f,57985 4 58239 8 58494 10 58749 11 59005 12 59260 13 59516 14 59772 14 60027 15 60283 15 60539 14 60795 14 61051 13 61307 13 61564 11 61820 11 62077 9 62333 7 62591 4
a4816cc1fb76cb3c5e481186833fc0ae9cf426a1406a2607e974e65e9cddba4f,3968 6 4222 11 4477 14 4733 15 4988 17 5244 18 5500 18 5757 18 6013 18 6270 16 6527 15 6784 13 7042 8
a4816cc1fb76cb3c5e481186833fc0ae9cf426a1406a2607e974e65e9cddba4f,12671 5 12926 7 13182 8 13437 10 13693 10 13949 11 14205 11 14461 11 14717 11 14973 11 15229 11 15485 11 15741 11 15998 10 16254 2 16263 1 16519 1
a4816cc1fb76cb3c5e481186833fc0ae9cf426a1406a2607e974e65e9cddba4f,16256 7 16511 8 16767 9 17022 10 17278 10 17533 11 17789 11 18045 11 18301 11 18557 11 18813 11 19069 11 19325 11 19581 10 19837 10 20094 8 20350 8 20607 6 20864 4
a4816cc1fb76cb3c5e481186833fc0ae9cf426a1406a2607e974e65e9cddba4f,39313 7 39565 12 39819 14 40074 16 40329 17 40584 18 40839 18 41095 18 41350 18 41606 16 41862 14 42119 12 42375 9 42632 6
a4816cc1fb76cb3c5e481186833fc0ae9cf426a1406a2607e974e65e9cddba4f,54921 6 55175 10 55431 12 55686 14 55942 16 56199 17 56455 18 56712 17 56968 18 57225 17 57482 16 57740 13 57999 10 58258 6
a4816cc1fb76cb3c5e481186833fc0ae9cf426a1406a2607e974e65e9cddba4f,45962 7 46217 10 46472 13 46728 14 46983 16 47239 16 47495 17 47752 16 48008 15 48266 13 48526 7
a4816cc1fb76cb3c5e481186833fc0ae9cf426a1406a2607e974e65e9cddba4f,49037 9 49290 13 49544 15 49800 16 50055 17 50311 16 50567 16 50824 14 51080 12 51337 9
a4816cc1fb76cb3c5e481186833fc0ae9cf426a1406a2607e974e65e9cddba4f,1176 4 1430 7 1685 10 1940 12 2196 12 2451 14 2707 15 2963 15 3220 15 3476 15 3733 13 3990 12 4247 10 4507 3
a4816cc1fb76cb3c5e481186833fc0ae9cf426a1406a2607e974e65e9cddba4f,29082 5 29335 10 29589 12 29845 13 30100 14 30356 14 30611 15 30867 14 31123 14 31380 12 31636 11 31893 9 32150 7
a4816cc1fb76cb3c5e481186833fc0ae9cf426a1406a2607e974e65e9cddba4f,10908 9 11162 12 11417 14 11672 16 11928 17 12183 18 12439 19 12696 18 12952 18 13210 15 13468 13 13728 8
a4816cc1fb76cb3c5e481186833fc0ae9cf426a1406a2607e974e65e9cddba4f,19871 9 20124 13 20377 17 20632 18 20888 19 21143 19 21399 19 21655 18 21912 17 22168 16 22426 12 22684 9
a4816cc1fb76cb3c5e481186833fc0ae9cf426a1406a2607e974e65e9cddba4f,41635 5 41888 10 42142 14 42397 16 42652 17 42908 18 43163 19 43419 19 43674 20 43930 19 44186 19 44443 17 44699 16 44956 11 45214 5
a4816cc1fb76cb3c5e481186833fc0ae9cf426a1406a2607e974e65e9cddba4f,52381 8 52636 12 52891 15 53147 17 53402 19 53658 19 53915 19 54171 19 54428 18 54684 17 54941 16 55198 14 55455 12 55713 8 55972 3
a4816cc1fb76cb3c5e481186833fc0ae9cf426a1406a2607e974e65e9cddba4f,33188 1 33443 1 33698 3 33954 3 34209 5 34465 6 34720 8 34977 10 35233 9 35490 7 35747 3
a4816cc1fb76cb3c5e481186833fc0ae9cf426a1406a2607e974e65e9cddba4f,32423 6 32678 8 32933 9 33189 10 33444 11 33701 10 33957 9 34214 8 34471 6 34728 4
a4816cc1fb76cb3c5e481186833fc0ae9cf426a1406a2607e974e65e9cddba4f,61859 4 62113 8 62369 10 62624 12 62880 12 63137 12 63393 13 63650 12 63906 13 64163 12 64420 11 64677 9 64934 8 65190 7 65447 5
a4816cc1fb76cb3c5e481186833fc0ae9cf426a1406a2607e974e65e9cddba4f,165 10 420 11 677 10 934 8 1191 6 1449 2
a4816cc1fb76cb3c5e481186833fc0ae9cf426a1406a2607e974e65e9cddba4f,44717 6 44969 12 45223 16 45478 18 45733 20 45989 20 46244 22 46500 22 46756 22 47012 22 47269 20 47525 20 47782 18 48039 16 48297 12
a4816cc1fb76cb3c5e481186833fc0ae9cf426a1406a2607e974e65e9cddba4f,49067 8 49320 14 49575 16 49830 18 50085 20 50341 20 50596 22 50852 22 51108 22 51364 21 51621 20 51877 19 52135 17 52393 13 52651 9 52910 3
a4816cc1fb76cb3c5e481186833fc0ae9cf426a1406a2607e974e65e9cddba4f,8361 5 8616 8 8871 10 9127 12 9382 14 9638 15 9894 15 10150 16 10407 15 10663 15 10920 14 11177 13 11434 11 11691 10 11949 7
a4816cc1fb76cb3c5e481186833fc0ae9cf426a1406a2607e974e65e9cddba4f,21421 6 21676 8 21930 11 22185 13 22440 14 22695 16 22951 15 23206 16 23462 15 23718 15 23974 14 24230 13 24487 11 24743 9 25001 6
a4816cc1fb76cb3c5e481186833fc0ae9cf426a1406a2607e974e65e9cddba4f,57003 8 57258 10 57513 12 57769 13 58024 14 58280 15 58537 14 58793 14 59050 13 59306 13 59563 12 59819 12 60076 10 60333 9 60590 7
a4816cc1fb76cb3c5e481186833fc0ae9cf426a1406a2607e974e65e9cddba4f,36783 5 37038 7 37293 9 37548 10 37803 12 38059 12 38314 14 38570 14 38825 14 39081 14 39337 14 39593 13 39850 12 40106 11 40363 9 40621 4
a4816cc1fb76cb3c5e481186833fc0ae9cf426a1406a2607e974e65e9cddba4f,2994 4 3248 7 3504 8 3759 10 4015 10 4271 11 4527 11 4783 12 5040 11 5296 11 5553 10 5809 9 6066 8 6323 6
a4816cc1fb76cb3c5e481186833fc0ae9cf426a1406a2607e974e65e9cddba4f,27060 4 27315 6 27570 8 27825 9 28080 11 28336 11 28591 12 28847 12 29103 11 29359 11 29615 10 29872 9 30128 8 30385 6 30642 4
a4816cc1fb76cb3c5e481186833fc0ae9cf426a1406a2607e974e65e9cddba4f,14268 5 14522 9 14777 12 15033 13 15288 15 15544 17 15800 18 16056 19 16313 19 16569 19 16826 19 17081 19 17337 19 17592 19 17848 18 18104 16 18360 15 18617 13 18873 11 19131 7 19389 3
a4816cc1fb76cb3c5e481186833fc0ae9cf426a1406a2607e974e65e9cddba4f,37314 5 37567 9 37822 11 38077 12 38332 14 38588 14 38843 15 39099 15 39355 15 39612 14 39868 13 40126 11 40383 8 40641 5
a4816cc1fb76cb3c5e481186833fc0ae9cf426a1406a2607e974e65e9cddba4f,57024 7 57278 10 57533 12 57788 13 58044 14 58299 15 58555 15 58811 15 59068 14 59324 14 59581 12 59838 11 60096 8
a4816cc1fb76cb3c5e481186833fc0ae9cf426a1406a2607e974e65e9cddba4f,7115 3 7369 9 7624 11 7880 13 8135 15 8391 16 8647 16 8904 16 9160 16 9417 15 9674 13 9932 11 10190 7
a4816cc1fb76cb3c5e481186833fc0ae9cf426a1406a2607e974e65e9cddba4f,23247 6 23500 10 23755 12 24009 14 24264 16 24520 16 24775 17 25031 16 25287 16 25543 15 25800 12 26056 11 26313 8
a4816cc1fb76cb3c5e481186833fc0ae9cf426a1406a2607e974e65e9cddba4f,1996 6 2251 9 2506 11 2762 12 3017 13 3273 14 3529 14 3786 13 4042 12 4299 11 4556 9 4813 7
a4816cc1fb76cb3c5e481186833fc0ae9cf426a1406a2607e974e65e9cddba4f,28622 5 28877 8 29132 10 29387 11 29642 13 29898 13 30153 14 30409 14 30665 13 30922 12 31178 11 31435 9 31692 6
a4816cc1fb76cb3c5e481186833fc0ae9cf426a1406a2607e974e65e9cddba4f,46543 2 46797 4 47052 6 47061 2 47308 11 47563 13 47819 13 48075 13 48331 13 48598 1
a4816cc1fb76cb3c5e481186833fc0ae9cf426a1406a2607e974e65e9cddba4f,48588 10 48844 11 49099 12 49355 13 49611 13 49867 13 50124 12 50380 11 50637 5 50646 1 50894 3 51151 2
a4816cc1fb76cb3c5e481186833fc0ae9cf426a1406a2607e974e65e9cddba4f,41936 4 42191 6 42446 8 42702 9 42957 11 43213 11 43469 12 43725 12 43981 12 44237 13 44493 13 44749 13 45005 13 45262 12 45518 12 45775 10 46032 9 46288 8 46545 5 46801 5 47058 3
a4816cc1fb76cb3c5e481186833fc0ae9cf426a1406a2607e974e65e9cddba4f,50642 4 50897 5 51153 6 51408 8 51664 9 51919 10 52174 12 52430 12 52685 13 52941 13 53197 13 53453 13 53709 12 53965 12 54221 11 54477 11 54733 10 54990 9 55246 8 55503 5
a4816cc1fb76cb3c5e481186833fc0ae9cf426a1406a2607e974e65e9cddba4f,13786 5 14040 9 14295 11 14550 14 14806 15 15061 16 15317 17 15574 16 15830 16 16087 15 16344 14 16601 1 16612 1
a4816cc1fb76cb3c5e481186833fc0ae9cf426a1406a2607e974e65e9cddba4f,16602 10 16858 11 17113 12 17367 15 17622 16 17878 16 18133 17 18389 16 18646 15 18902 14 19159 12 19416 9 19673 6
a4816cc1fb76cb3c5e481186833fc0ae9cf426a1406a2607e974e65e9cddba4f,33754 5 34009 8 34264 10 34520 10 34775 12 35031 12 35287 12 35543 12 35799 12 36055 12 36311 12 36567 11 36824 10 37080 9 37337 8 37593 7 37850 6 38107 4
a4816cc1fb76cb3c5e481186833fc0ae9cf426a1406a2607e974e65e9cddba4f,59355 3 59610 6 59865 7 60121 8 60376 9 60632 10 60887 11 61143 11 61399 12 61655 12 61911 12 62167 12 62423 12 62679 11 62936 10 63192 9 63449 7 63705 6
a4816cc1fb76cb3c5e481186833fc0ae9cf426a1406a2607e974e65e9cddba4f,1761 4 2016 6 2272 7 2527 9 2783 10 3039 10 3295 11 3551 6 3807 5 4063 2 4320 1
a4816cc1fb76cb3c5e481186833fc0ae9cf426a1406a2607e974e65e9cddba4f,3557 5 3812 7 4065 10 4321 11 4576 12 4833 11 5089 11 5346 10 5603 8 5860 7 6118 3
a4816cc1fb76cb3c5e481186833fc0ae9cf426a1406a2607e974e65e9cddba4f,27621 5 27875 8 28130 9 28385 11 28641 11 28896 12 29152 12 29407 13 29663 12 29919 12 30175 11 30431 11 30687 10 30943 10 31199 9 31456 7 31712 6 31969 4
a4816cc1fb76cb3c5e481186833fc0ae9cf426a1406a2607e974e65e9cddba4f,4342 3 4597 5 4852 7 5108 7 5363 9 5619 9 5875 9 6130 10 6386 10 6642 9 6898 9 7153 10 7409 9 7665 9 7922 7 8178 6 8435 4
a4816cc1fb76cb3c5e481186833fc0ae9cf426a1406a2607e974e65e9cddba4f,25331 5 25586 7 25842 8 26097 9 26353 10 26609 10 26866 4 26875 1 27122 1 27131 1 27378 1
a4816cc1fb76cb3c5e481186833fc0ae9cf426a1406a2607e974e65e9cddba4f,26870 5 27123 8 27379 9 27634 10 27890 10 28147 9 28403 9 28660 7 28916 7 29173 5
a4816cc1fb76cb3c5e481186833fc0ae9cf426a1406a2607e974e65e9cddba4f,36089 6 36344 9 36599 10 36854 11 37109 12 37364 13 37620 13 37875 14 38131 13 38387 12 38642 13 38898 12 39154 11 39411 9 39667 9 39924 7 40182 3
a4816cc1fb76cb3c5e481186833fc0ae9cf426a1406a2607e974e65e9cddba4f,57588 6 57843 8 58099 9 58354 11 58610 12 58866 12 59122 13 59378 14 59635 14 59891 14 60148 13 60404 13 60661 12 60918 11 61175 10 61432 7 61690 4
a4816cc1fb76cb3c5e481186833fc0ae9cf426a1406a2607e974e65e9cddba4f,44025 3 44280 7 44535 10 44791 10 45046 11 45302 11 45558 11 45814 11 46070 11 46327 10 46583 10 46840 9 47096 9 47353 8 47609 8 47866 7 48123 6
a4816cc1fb76cb3c5e481186833fc0ae9cf426a1406a2607e974e65e9cddba4f,48377 3 48633 2 48888 3 49145 1 49401 1
a4816cc1fb76cb3c5e481186833fc0ae9cf426a1406a2607e974e65e9cddba4f,48380 5 48635 6 48891 6 49146 7 49402 7 49659 6 49914 7 50169 8 50424 9 50680 9 50935 10 51191 10 51446 11 51702 11 51958 11 52214 11 52470 11 52726 11 52983 9 53239 8 53497 4
a984e7fb886aa02e29d112766d3ce26a4f78eac540ce7bbdbd42af2761928f6d,19970 4 20225 6 20481 7 20737 7 20993 8 21249 8 21505 6 21761 5 22017 5 22273 4 22529 4 22785 4 23041 3 23297 3 23553 2
a984e7fb886aa02e29d112766d3ce26a4f78eac540ce7bbdbd42af2761928f6d,21511 3 21766 4 22022 4 22277 5 22534 4 22790 5 23047 3 23303 3
a984e7fb886aa02e29d112766d3ce26a4f78eac540ce7bbdbd42af2761928f6d,32770 1 33025 2 33281 2 33537 3 33793 3 34049 3 34305 2 34561 2 34817 2 35074 1
a984e7fb886aa02e29d112766d3ce26a4f78eac540ce7bbdbd42af2761928f6d,60418 4 60673 6 60929 7 61185 7 61441 8 61697 8 61953 6 62209 5 62465 5 62721 4 62977 4 63233 3 63489 3 63745 2
a984e7fb886aa02e29d112766d3ce26a4f78eac540ce7bbdbd42af2761928f6d,61959 3 62214 4 62470 4 62725 5 62982 4 63238 5 63495 3 63751 3
a984e7fb886aa02e29d112766d3ce26a4f78eac540ce7bbdbd42af2761928f6d,37125 5 37381 6 37636 8 37893 7 38149 8 38405 9 38661 11 38916 12 39171 14 39427 14 39682 16 39938 16 40194 16 40451 15 40707 16 40964 14 41220 15 41477 14 41734 12 41991 11 42249 7 42506 7 42762 6 43019 5
a984e7fb886aa02e29d112766d3ce26a4f78eac540ce7bbdbd42af2761928f6d,43273 3 43527 7 43781 11 44037 11 44292 13 44548 13 44803 15 45059 15 45314 17 45570 17 45826 16 46082 16 46338 15 46594 15 46850 14 47106 12 47362 11 47619 10 47875 9 48132 8 48390 4
a984e7fb886aa02e29d112766d3ce26a4f78eac540ce7bbdbd42af2761928f6d,5385 6 5639 8 5894 10 6150 9 6405 10 6661 8 6917 7 7172 8 7429 6 7685 6 7943 3
a984e7fb886aa02e29d112766d3ce26a4f78eac540ce7bbdbd42af2761928f6d,21515 1 21771 2 22026 5 22035 1 22282 9 22538 9 22795 2 23051 2
a984e7fb886aa02e29d112766d3ce26a4f78eac540ce7bbdbd42af2761928f6d,18959 5 19214 6 19469 8 19723 11 19979 11 20234 13 20490 13 20747 11 21003 11 21260 9 21516 8 21773 7 22031 4
a984e7fb886aa02e29d112766d3ce26a4f78eac540ce7bbdbd42af2761928f6d,22797 6 23053 6 23308 8 23564 8 23820 8 24075 10 24331 10 24586 12 24842 12 25099 11 25355 11 25613 8 25870 7 26127 5
a984e7fb886aa02e29d112766d3ce26a4f78eac540ce7bbdbd42af2761928f6d,32526 4 32782 4 33037 6 33293 6 33549 6 33805 6 34059 8 34315 8 34570 11 34827 10 35083 11 35340 11 35597 10 35853 11 36110 10 36366 11 36623 9 36880 8 37137 6 37394 4
a984e7fb886aa02e29d112766d3ce26a4f78eac540ce7bbdbd42af2761928f6d,59407 5 59662 6 59917 8 60171 11 60427 11 60682 13 60938 13 61195 11 61451 11 61708 9 61963 10 62219 9 62474 10 62730 9 62986 5 62992 3 63243 4 63499 3
a984e7fb886aa02e29d112766d3ce26a4f78eac540ce7bbdbd42af2761928f6d,48145 5 48400 7 48655 8 48911 9 49166 10 49422 10 49677 11 49932 11 50188 11 50443 11 50700 9 50956 8 51215 4
a984e7fb886aa02e29d112766d3ce26a4f78eac540ce7bbdbd42af2761928f6d,7697 5 7952 7 8207 8 8463 9 8718 10 8974 10 9229 10 9485 10 9740 10 9997 9 10253 8 10511 4
a984e7fb886aa02e29d112766d3ce26a4f78eac540ce7bbdbd42af2761928f6d,12056 1 12310 4 12565 6 12821 11 13076 12 13332 12 13588 12 13844 12 14101 10 14357 10 14614 8 14871 6
a984e7fb886aa02e29d112766d3ce26a4f78eac540ce7bbdbd42af2761928f6d,9753 2 10008 3 10264 4 10519 9 10775 9 11031 10 11288 9 11544 9 11801 7 12057 7 12314 5 12571 4
a984e7fb886aa02e29d112766d3ce26a4f78eac540ce7bbdbd42af2761928f6d,2592 1 2602 1 2847 2 3103 11 3359 11 3615 11 3871 11 4127 12 4380 15 4635 17 4890 18 5145 18 5401 18 5656 19 5912 19 6168 19 6424 18 6680 18 6936 18 7192 18 7448 18 7704 18 7961 17 8217 17 8473 18 8729 18 8986 17 9242 10 9254 4 9498 9 9755 6 10011 4 10268 3
a984e7fb886aa02e29d112766d3ce26a4f78eac540ce7bbdbd42af2761928f6d,32 8 287 10 543 10 799 11 1055 11 1311 11 1567 11 1823 11 2080 11 2336 11 2593 9 2849 9
a984e7fb886aa02e29d112766d3ce26a4f78eac540ce7bbdbd42af2761928f6d,5931 3 5941 1 6187 3 6197 1 6442 12 6698 12 6954 12 7210 12 7466 12 7722 12 7978 12 8234 12 8491 11 8747 11 9005 9 9261 9 9518 8 9774 7 10031 6 10288 4
a984e7fb886aa02e29d112766d3ce26a4f78eac540ce7bbdbd42af2761928f6d,3631 5 3886 7 4142 7 4397 9 4653 9 4909 9 5165 9 5421 9 5677 9 5934 7 6190 7
a984e7fb886aa02e29d112766d3ce26a4f78eac540ce7bbdbd42af2761928f6d,29976 4 30230 8 30486 9 30741 10 30997 11 31252 12 31508 12 31764 12 32021 11 32277 6 32287 1 32534 4 32791 2
a984e7fb886aa02e29d112766d3ce26a4f78eac540ce7bbdbd42af2761928f6d,32283 4 32538 5 32793 7 33049 7 33304 9 33560 9 33815 10 34071 9 34326 10 34583 8 34839 8 35096 6
a984e7fb886aa02e29d112766d3ce26a4f78eac540ce7bbdbd42af2761928f6d,52504 2 52758 4 53013 6 53269 11 53524 12 53780 12 54036 12 54292 12 54549 10 54805 10 55062 8 55319 6
a984e7fb886aa02e29d112766d3ce26a4f78eac540ce7bbdbd42af2761928f6d,50201 2 50456 3 50712 4 50967 9 51223 9 51480 9 51736 9 51993 8 52249 7 52506 6 52762 5 53019 4
a984e7fb886aa02e29d112766d3ce26a4f78eac540ce7bbdbd42af2761928f6d,35358 4 35610 9 35866 16 36121 18 36377 18 36633 19 36889 19 37145 19 37400 20 37656 19 37912 19 38168 18 38424 18 38680 19 38936 19 39192 9 39206 6 39448 8 39466 1 39705 6 39722 1 39961 5 40218 4 40475 2 40732 2
a984e7fb886aa02e29d112766d3ce26a4f78eac540ce7bbdbd42af2761928f6d,42794 1 43040 1 43050 1 43295 11 43551 11 43807 11 44063 11 44319 12 44574 13 44828 16 45083 17 45338 18 45593 18 45849 18 46104 19 46360 19 46616 19 46872 18 47128 18 47384 18 47640 18 47896 18 48152 18 48409 17 48665 17 48921 18 49177 18 49434 17 49690 10 49702 4 49946 9 50203 6 50459 4 50716 3
a984e7fb886aa02e29d112766d3ce26a4f78eac540ce7bbdbd42af2761928f6d,39201 5 39456 3 39460 6 39711 11 39966 13 40222 13 40477 14 40734 13 40990 12 41247 11 41503 11 41759 11 42015 11 42271 11 42528 11 42784 10 43041 9
a984e7fb886aa02e29d112766d3ce26a4f78eac540ce7bbdbd42af2761928f6d,46379 3 46389 1 46635 3 46645 1 46890 12 47146 12 47402 12 47658 12 47914 12 48170 12 48426 12 48682 12 48939 11 49195 11 49453 9 49709 9 49966 8 50222 7 50479 6 50736 4
a984e7fb886aa02e29d112766d3ce26a4f78eac540ce7bbdbd42af2761928f6d,37421 1 37429 1 37675 3 37685 1 37931 11 38186 12 38442 12 38699 3 38709 1 38955 3 38965 1
a984e7fb886aa02e29d112766d3ce26a4f78eac540ce7bbdbd42af2761928f6d,34608 3 34863 6 35118 7 35374 8 35629 9 35885 9 36141 9 36397 9 36653 9 36909 9 37165 9 37422 7 37678 7
a984e7fb886aa02e29d112766d3ce26a4f78eac540ce7bbdbd42af2761928f6d,38702 7 38958 7 39213 9 39469 9 39725 9 39981 9 40237 9 40493 9 40749 9 41006 7 41262 7 41519 5
a984e7fb886aa02e29d112766d3ce26a4f78eac540ce7bbdbd42af2761928f6d,44079 5 44334 7 44590 7 44845 9 45101 9 45357 9 45613 9 45869 9 46125 9 46382 7 46638 7
a984e7fb886aa02e29d112766d3ce26a4f78eac540ce7bbdbd42af2761928f6d,25623 2 25880 5 26136 5 26392 2 26647 2
a984e7fb886aa02e29d112766d3ce26a4f78eac540ce7bbdbd42af2761928f6d,19994 4 20249 6 20504 8 20760 8 21015 10 21271 10 21526 11 21782 11 22038 11 22294 12 22550 12 22806 12 23062 11 23318 11 23575 10 23831 10 24087 9 24344 8 24600 7 24857 5
a984e7fb886aa02e29d112766d3ce26a4f78eac540ce7bbdbd42af2761928f6d,60442 4 60697 6 60952 8 61208 8 61463 10 61719 10 61974 11 62230 11 62486 11 62742 12 62998 12 63254 12 63510 11 63767 10 64023 10 64279 10 64536 8 64792 8 65049 6 65305 5
a984e7fb886aa02e29d112766d3ce26a4f78eac540ce7bbdbd42af2761928f6d,13609 4 13864 7 14120 7 14375 9 14631 10 14887 10 15143 11 15398 12 15654 12 15910 2 15921 1 16167 1 16177 1
a984e7fb886aa02e29d112766d3ce26a4f78eac540ce7bbdbd42af2761928f6d,15912 9 16168 9 16423 11 16679 1 16689 1 16935 1 16945 1
a984e7fb886aa02e29d112766d3ce26a4f78eac540ce7bbdbd42af2761928f6d,16680 9 16936 9 17191 11 17447 11 17703 11 17959 12 18215 11 18471 11 18727 11 18983 11 19240 10 19496 10 19752 10 20008 9 20265 8 20521 7 20778 5
a984e7fb886aa02e29d112766d3ce26a4f78eac540ce7bbdbd42af2761928f6d,24107 3 24362 5 24617 7 24873 8 25128 9 25384 10 25640 10 25896 10 26151 11 26407 11 26663 11 26919 1 27175 1 27186 1
a984e7fb886aa02e29d112766d3ce26a4f78eac540ce7bbdbd42af2761928f6d,26920 10 27176 10 27431 12 27687 1 27697 2 27943 1 27953 1
a984e7fb886aa02e29d112766d3ce26a4f78eac540ce7bbdbd42af2761928f6d,27688 9 27944 9 28199 11 28455 11 28711 11 28966 12 29222 12 29478 12 29734 12 29991 10 30247 10 30503 9 30759 9 31016 7 31272 6 31529 4
a984e7fb886aa02e29d112766d3ce26a4f78eac540ce7bbdbd42af2761928f6d,54057 4 54312 7 54568 7 54823 9 55079 10 55335 10 55591 11 55846 12 56102 12 56358 2 56369 1 56615 1 56625 1
a984e7fb886aa02e29d112766d3ce26a4f78eac540ce7bbdbd42af2761928f6d,56360 9 56616 9 56871 11 57127 1 57137 1 57383 1 57393 1
a984e7fb886aa02e29d112766d3ce26a4f78eac540ce7bbdbd42af2761928f6d,57128 9 57384 9 57639 11 57895 11 58151 11 58407 12 58663 11 58919 11 59175 11 59431 11 59688 10 59944 10 60200 10 60456 9 60713 8 60969 7 61226 5
a984e7fb886aa02e29d112766d3ce26a4f78eac540ce7bbdbd42af2761928f6d,64555 2 64810 4 65065 6 65321 6
a984e7fb886aa02e29d112766d3ce26a4f78eac540ce7bbdbd42af2761928f6d,46 7 301 9 558 7 814 6 1071 4
a984e7fb886aa02e29d112766d3ce26a4f78eac540ce7bbdbd42af2761928f6d,10297 4 10552 6 10808 7 11063 9 11319 9 11575 10 11831 10 12087 10 12343 11 12599 11 12855 11 13111 11 13367 11 13621 13 13875 19 14131 20 14386 21 14643 20 14899 21 15156 20 15413 19 15671 16 15927 16 16182 17 16438 20 16693 21 16949 22 17206 20 17462 20 17719 16 17976 15 18233 13 18489 12 18745 12 19001 11 19258 9 19514 9 19771 6
a984e7fb886aa02e29d112766d3ce26a4f78eac540ce7bbdbd42af2761928f6d,32566 1 32822 1 32833 1 33078 5 33334 11 33591 9 33847 9 34104 7 34360 7 34617 5
a984e7fb886aa02e29d112766d3ce26a4f78eac540ce7bbdbd42af2761928f6d,25403 6 25659 8 25914 10 26170 10 26425 12 26681 13 26937 13 27191 16 27446 18 27702 21 27957 22 28214 22 28470 21 28727 20 28984 17 29240 16 29494 18 29748 19 30003 20 30259 20 30514 21 30771 20 31027 20 31284 19 31541 13 31799 11 32055 11 32310 12 32567 11 32823 10 33083 6
a984e7fb886aa02e29d112766d3ce26a4f78eac540ce7bbdbd42af2761928f6d,28237 3 28492 4 28748 5 29001 8 29256 9 29512 10 29767 11 30023 11 30279 11 30535 11 30791 2 31047 2
a984e7fb886aa02e29d112766d3ce26a4f78eac540ce7bbdbd42af2761928f6d,30793 8 31049 8 31304 10 31560 10 31816 11 32072 11 32328 12 32584 11 32841 1 32849 2 33097 1 33105 2
a984e7fb886aa02e29d112766d3ce26a4f78eac540ce7bbdbd42af2761928f6d,32842 7 33098 7 33353 9 33609 9 33865 9 34121 9 34377 9 34633 9 34890 8 35146 7 35403 6 35660 4
a984e7fb886aa02e29d112766d3ce26a4f78eac540ce7bbdbd42af2761928f6d,50745 4 51000 6 51256 7 51511 9 51767 9 52023 10 52279 10 52535 11 52791 11 53047 11 53303 1 53313 1 53569 1
a984e7fb886aa02e29d112766d3ce26a4f78eac540ce7bbdbd42af2761928f6d,53304 9 53559 10 53815 11 54069 13 54323 19 54579 19 54834 20 55090 19 55347 19 55603 19 55861 19 56119 16 56376 15 56630 17 56886 21 57141 22 57397 23 57654 21 57910 21 58167 16 58424 15 58681 13 58937 12 59193 12 59449 11 59706 9 59962 9 60219 6
a984e7fb886aa02e29d112766d3ce26a4f78eac540ce7bbdbd42af2761928f6d,54344 1 54598 3 54854 11 55109 12 55366 11 55622 11 55881 8 56137 8 56396 5 56652 5 56909 3 57165 3
a984e7fb886aa02e29d112766d3ce26a4f78eac540ce7bbdbd42af2761928f6d,49995 5 50250 7 50506 7 50761 9 51017 9 51273 9 51529 2 51537 1 51793 1
a984e7fb886aa02e29d112766d3ce26a4f78eac540ce7bbdbd42af2761928f6d,51531 6 51786 7 52042 8 52297 9 52553 10 52808 11 53064 11 53320 11 53576 10 53832 10 54088 10 54345 8 54601 8
a984e7fb886aa02e29d112766d3ce26a4f78eac540ce7bbdbd42af2761928f6d,20540 5 20795 7 21050 8 21306 9 21561 10 21817 10 22073 10 22329 1 22585 1
a984e7fb886aa02e29d112766d3ce26a4f78eac540ce7bbdbd42af2761928f6d,22330 8 22586 8 22841 10 23097 10 23353 10 23609 10 23866 9 24122 8 24379 7 24636 4
a984e7fb886aa02e29d112766d3ce26a4f78eac540ce7bbdbd42af2761928f6d,60988 5 61242 8 61498 8 61753 10 62009 10 62265 10 62521 1 62529 2 62777 1
a984e7fb886aa02e29d112766d3ce26a4f78eac540ce7bbdbd42af2761928f6d,62522 7 62778 8 63033 9 63289 10 63545 10 63801 10 64057 10 64314 8 64570 8 64827 6 65084 4
a984e7fb886aa02e29d112766d3ce26a4f78eac540ce7bbdbd42af2761928f6d,67 6 323 8 578 11 834 12 1090 13 1345 15 1601 15 1857 16 2113 16 2369 16 2625 16 2881 16 3137 15 3393 15 3650 13 3906 12 4163 9 4419 6
a984e7fb886aa02e29d112766d3ce26a4f78eac540ce7bbdbd42af2761928f6d,40515 4 40771 7 41026 11 41282 12 41537 14 41793 15 42049 15 42305 16 42561 16 42817 16 43073 16 43329 16 43585 15 43841 15 44098 13 44354 12 44611 9 44867 6
a984e7fb886aa02e29d112766d3ce26a4f78eac540ce7bbdbd42af2761928f6d,13896 1 14152 1 14407 10 14663 10 14920 9 15176 9 15433 8 15690 7 15949 3 16205 3
a984e7fb886aa02e29d112766d3ce26a4f78eac540ce7bbdbd42af2761928f6d,9547 5 9802 7 10058 7 10313 9 10569 9 10825 9 11081 2 11089 1 11345 1
a984e7fb886aa02e29d112766d3ce26a4f78eac540ce7bbdbd42af2761928f6d,11083 6 11338 7 11594 8 11849 9 12105 10 12360 11 12616 12 12872 12 13127 12 13384 11 13640 10 13897 8 14153 8
a984e7fb886aa02e29d112766d3ce26a4f78eac540ce7bbdbd42af2761928f6d,18509 3 18764 5 19020 6 19275 7 19531 8 19787 8 20043 9 20299 9 20555 10 20811 10 21068 10 21324 10 21580 11 21837 10 22093 3 22097 5 22354 4 22610 3
a984e7fb886aa02e29d112766d3ce26a4f78eac540ce7bbdbd42af2761928f6d,22866 3 23122 4 23377 5 23628 3 23632 7 23884 10 24139 11 24395 10 24651 10 24907 9 25163 9 25419 9 25675 8 25931 8 26188 6 26444 5 26701 3
a984e7fb886aa02e29d112766d3ce26a4f78eac540ce7bbdbd42af2761928f6d,58957 3 59212 5 59468 6 59723 7 59979 8 60235 8 60491 9 60747 9 61003 10 61259 10 61516 10 61772 10 62028 11 62285 10 62541 10 62798 1 62805 1 63061 1
a984e7fb886aa02e29d112766d3ce26a4f78eac540ce7bbdbd42af2761928f6d,62799 6 63054 7 63310 8 63565 9 63821 10 64076 11 64332 11 64587 11 64843 11 65099 10 65355 10
a984e7fb886aa02e29d112766d3ce26a4f78eac540ce7bbdbd42af2761928f6d,48993 7 49247 11 49501 13 49756 15 50012 15 50267 16 50523 16 50778 16 51034 16 51289 16 51545 16 51814 2 52070 1
a984e7fb886aa02e29d112766d3ce26a4f78eac540ce7bbdbd42af2761928f6d,51801 13 52056 14 52311 16 52566 16 52821 21 53075 24 53331 25 53586 26 53842 27 54099 28 54355 29 54611 30 54867 30 55123 31 55379 33 55635 33 55891 34 56148 33 56404 34 56664 30 56920 30 57176 31 57432 31 57688 31 57944 31 58200 31 58456 21 58478 9 58712 20 58735 7 58969 19 58993 5 59225 19 59482 18 59739 17 59997 15 60254 3 60267 1 60511 2 60523 1
a984e7fb886aa02e29d112766d3ce26a4f78eac540ce7bbdbd42af2761928f6d,60257 10 60513 10 60768 12 61025 11 61279 13 61534 15 61788 17 62043 19 62298 20 62554 21 62809 22 63065 22 63322 21 63578 21 63835 19 64091 19 64348 17 64606 15 64864 12 65121 10 65377 10
a984e7fb886aa02e29d112766d3ce26a4f78eac540ce7bbdbd42af2761928f6d,32383 7 32637 11 32892 13 33147 15 33403 16 33658 18 33914 18 34170 19 34426 19 34682 20 34938 20 35194 20 35450 21 35706 21 35963 20 36219 19 36476 18 36732 17 36989 3 37245 3 37502 1
a984e7fb886aa02e29d112766d3ce26a4f78eac540ce7bbdbd42af2761928f6d,36992 13 37248 13 37503 15 37756 3 37760 14 38011 20 38266 21 38521 25 38777 29 39032 30 39287 32 39542 33 39798 32 40053 33 40309 32 40566 30 40822 30 41081 27 41337 27 41592 17 41610 10 41848 15 41867 8 42105 6 42112 4 42124 7 42361 5 42382 3 42618 3
a984e7fb886aa02e29d112766d3ce26a4f78eac540ce7bbdbd42af2761928f6d,2682 3 2938 4 2957 4 3193 11 3212 7 3449 14 3467 8 3705 16 3722 10 3961 27 4217 27 4471 29 4727 29 4982 31 5238 32 5495 31 5751 32 6008 31 6264 30 6521 29 6778 22 7035 20 7292 19 7549 17 7806 15 8061 8 8076 1 8318 2 8574 1
a984e7fb886aa02e29d112766d3ce26a4f78eac540ce7bbdbd42af2761928f6d,8069 7 8320 13 8575 14 8827 3 8831 15 9083 19 9338 21 9594 21 9850 21 10106 21 10362 20 10618 20 10874 19 11130 19 11386 18 11643 17 11899 16 12156 14 12413 12 12670 9
a984e7fb886aa02e29d112766d3ce26a4f78eac540ce7bbdbd42af2761928f6d,43130 3 43386 4 43406 3 43641 6 43648 4 43660 7 43897 14 43915 8 44153 16 44170 10 44409 27 44665 27 44919 29 45175 29 45430 31 45686 32 45943 31 46199 32 46456 31 46712 30 46969 29 47226 23 47483 20 47740 19 47997 17 48254 15 48509 8 48524 1 48766 2 49022 1
a984e7fb886aa02e29d112766d3ce26a4f78eac540ce7bbdbd42af2761928f6d,48517 7 48768 13 49023 14 49275 3 49279 15 49531 19 49786 21 50042 21 50298 21 50554 21 50810 20 51066 20 51322 19 51578 19 51834 18 52091 17 52347 16 52604 14 52861 12 53118 9
a984e7fb886aa02e29d112766d3ce26a4f78eac540ce7bbdbd42af2761928f6d,23160 6 23416 9 23671 12 23928 14 24184 12 24441 11 24699 8 24957 6 25212 7 25467 8 25722 9 25978 9 26233 10 26489 10 26745 10 27001 11 27257 11 27514 9 27770 8 28027 6
a984e7fb886aa02e29d112766d3ce26a4f78eac540ce7bbdbd42af2761928f6d,24196 7 24452 7 24707 9 24963 9 25219 10 25475 13 25731 13 25987 12 26243 12 26499 11 26755 11 27012 10 27268 10 27525 8 27782 7
a984e7fb886aa02e29d112766d3ce26a4f78eac540ce7bbdbd42af2761928f6d,20367 4 20622 7 20877 9 21133 10 21388 12 21644 13 21900 13 22155 15 22411 15 22667 15 22923 15 23180 14 23436 13 23692 13 23947 13 24203 12 24459 11 24716 8 24972 6 25229 3
a984e7fb886aa02e29d112766d3ce26a4f78eac540ce7bbdbd42af2761928f6d,63608 7 63864 5 64119 5 64376 3 64632 3 64889 1
a984e7fb886aa02e29d112766d3ce26a4f78eac540ce7bbdbd42af2761928f6d,60815 4 61070 6 61325 9 61581 10 61836 12 62092 13 62348 13 62603 15 62859 15 63115 16 63371 15 63627 15 63869 4 63884 13 64124 7 64140 13 64379 11 64395 13 64635 28 64890 28 65146 26 65403 24
a984e7fb886aa02e29d112766d3ce26a4f78eac540ce7bbdbd42af2761928f6d,17020 5 17275 7 17287 4 17530 9 17542 7 17785 11 17797 8 18041 21 18296 22 18552 22 18809 21 19065 22 19322 21 19579 21 19836 19 20093 18 20349 17 20603 16 20857 18 21113 17 21368 15 21625 9 21881 7
a984e7fb886aa02e29d112766d3ce26a4f78eac540ce7bbdbd42af2761928f6d,57468 5 57723 7 57735 4 57978 9 57990 7 58233 11 58245 8 58489 21 58744 22 59000 22 59257 21 59513 22 59770 21 60027 21 60284 19 60541 18 60797 17 61050 17 61305 18 61561 17 61816 15 62073 10 62329 8
a984e7fb886aa02e29d112766d3ce26a4f78eac540ce7bbdbd42af2761928f6d,122 10 377 12 633 12 889 13 1145 15 1401 13 1658 5 1914 4
a984e7fb886aa02e29d112766d3ce26a4f78eac540ce7bbdbd42af2761928f6d,132 15 389 15 645 15 902 14 1162 10 1419 8 1676 7 1934 3
a984e7fb886aa02e29d112766d3ce26a4f78eac540ce7bbdbd42af2761928f6d,20384 3 20638 7 20893 8 21149 9 21404 10 21660 11 21917 10 22173 10 22430 1 22437 1
a984e7fb886aa02e29d112766d3ce26a4f78eac540ce7bbdbd42af2761928f6d,22431 6 22686 8 22942 8 23197 10 23453 10 23708 11 23964 11 24220 10 24476 10 24733 8 24989 7 25246 3
a984e7fb886aa02e29d112766d3ce26a4f78eac540ce7bbdbd42af2761928f6d,60832 3 61086 7 61341 9 61597 9 61852 11 62108 11 62365 10 62621 4 62629 2 62878 1
a984e7fb886aa02e29d112766d3ce26a4f78eac540ce7bbdbd42af2761928f6d,62625 4 62879 7 63134 8 63390 9 63645 10 63901 11 64156 12 64412 11 64668 11 64925 10 65181 9 65438 8
a984e7fb886aa02e29d112766d3ce26a4f78eac540ce7bbdbd42af2761928f6d,171 5 426 7 683 5
a984e7fb886aa02e29d112766d3ce26a4f78eac540ce7bbdbd42af2761928f6d,11953 5 12207 8 12463 9 12718 10 12975 10 13231 10 13489 8 13745 8 14005 3 14261 3
a984e7fb886aa02e29d112766d3ce26a4f78eac540ce7bbdbd42af2761928f6d,52401 5 52655 8 52911 9 53166 10 53423 10 53679 10 53937 8 54193 8 54453 3 54709 3
a984e7fb886aa02e29d112766d3ce26a4f78eac540ce7bbdbd42af2761928f6d,180 14 436 15 693 14 949 13 1206 12 1463 10 1720 9 1977 7 2234 4
a984e7fb886aa02e29d112766d3ce26a4f78eac540ce7bbdbd42af2761928f6d,709 5 964 7 1220 8 1475 9 1730 11 1986 11 2241 12 2497 12 2753 12 3010 11 3266 11 3523 9 3779 9 4036 7 4293 4
a984e7fb886aa02e29d112766d3ce26a4f78eac540ce7bbdbd42af2761928f6d,41157 5 41412 7 41668 8 41923 9 42178 11 42434 11 42689 12 42945 12 43201 12 43458 11 43714 11 43971 9 44227 9 44484 7 44741 4
a984e7fb886aa02e29d112766d3ce26a4f78eac540ce7bbdbd42af2761928f6d,8397 3 8651 6 8907 7 9162 8 9418 5 9675 4 9931 3 10188 3
a984e7fb886aa02e29d112766d3ce26a4f78eac540ce7bbdbd42af2761928f6d,8151 6 8406 7 8661 10 8917 10 9172 12 9423 17 9679 17 9934 18 10191 17 10447 17 10704 15 10959 16 11215 15 11471 14 11728 12 11984 11 12241 10 12498 8 12754 6
a984e7fb886aa02e29d112766d3ce26a4f78eac540ce7bbdbd42af2761928f6d,35022 1 35276 3 35531 3 35787 4 36042 5 36298 8 36555 6 36811 6 37068 4
a984e7fb886aa02e29d112766d3ce26a4f78eac540ce7bbdbd42af2761928f6d,32468 3 32722 7 32977 9 33233 10 33488 12 33744 13 33999 15 34255 16 34512 15 34768 16 35023 17 35279 17 35534 18 35791 17 36047 17 36308 11 36565 10 36821 10 37078 9 37335 8 37593 5 37851 3
a984e7fb886aa02e29d112766d3ce26a4f78eac540ce7bbdbd42af2761928f6d,48845 3 49099 6 49355 7 49610 8 49866 5 50123 4 50379 3 50636 3
a984e7fb886aa02e29d112766d3ce26a4f78eac540ce7bbdbd42af2761928f6d,48345 3 48599 6 48854 7 49109 9 49365 10 49620 11 49871 17 50127 17 50382 18 50639 17 50895 17 51152 15 51407 16 51663 15 51919 14 52176 12 52432 11 52689 10 52946 8 53202 6
a984e7fb886aa02e29d112766d3ce26a4f78eac540ce7bbdbd42af2761928f6d,2283 1 2539 1 2787 9 3042 10 3298 10 3553 11 3809 10 4064 11 4320 11 4575 12 4831 12 5087 12 5344 10 5600 10 5857 8 6114 6 6371 3
a984e7fb886aa02e29d112766d3ce26a4f78eac540ce7bbdbd42af2761928f6d,223 11 479 12 736 11 992 11 1249 10 1506 9 1762 9 2019 9 2276 7 2532 7
a984e7fb886aa02e29d112766d3ce26a4f78eac540ce7bbdbd42af2761928f6d,38882 6 39137 8 39393 8 39648 10 39904 10 40159 12 40415 12 40671 12 40927 12 41184 11 41440 11 41697 10 41954 10 42210 10 42467 2 42475 1 42723 1 42731 1
a984e7fb886aa02e29d112766d3ce26a4f78eac540ce7bbdbd42af2761928f6d,42469 6 42724 7 42980 8 43235 9 43490 10 43746 10 44001 11 44257 10 44512 11 44768 11 45023 12 45279 12 45535 12 45792 10 46048 10 46305 8 46561 6 46819 3
a984e7fb886aa02e29d112766d3ce26a4f78eac540ce7bbdbd42af2761928f6d,64737 7 64993 8 65249 9 65506 8
a984e7fb886aa02e29d112766d3ce26a4f78eac540ce7bbdbd42af2761928f6d,24290 6 24546 7 24801 10 25058 10 25314 10 25571 10 25828 8 26086 6
a984e7fb886aa02e29d112766d3ce26a4f78eac540ce7bbdbd42af2761928f6d,19429 2 19684 3 19939 3 20195 4 20450 5 20707 5 20963 6 21220 4
a984e7fb886aa02e29d112766d3ce26a4f78eac540ce7bbdbd42af2761928f6d,19176 4 19431 5 19687 6 19942 7 20199 5 20455 5 20712 3
a984e7fb886aa02e29d112766d3ce26a4f78eac540ce7bbdbd42af2761928f6d,59877 2 60132 3 60387 3 60643 4 60898 5 61155 5 61411 6 61668 4
a984e7fb886aa02e29d112766d3ce26a4f78eac540ce7bbdbd42af2761928f6d,59624 4 59879 5 60135 6 60390 7 60647 5 60903 5 61160 3
a984e7fb886aa02e29d112766d3ce26a4f78eac540ce7bbdbd42af2761928f6d,39935 2 40189 4 40444 5 40699 6 40954 7 41209 8 41464 9 41719 10 41974 11 42230 11 42485 11 42741 10 42996 10 43253 10 43509 11 43766 11 44023 10 44279 10 44536 9 44793 8 45051 6 45308 5 45565 4 45822 3 46079 2
a984e7fb886aa02e29d112766d3ce26a4f78eac540ce7bbdbd42af2761928f6d,251 6 506 7 761 8 1016 9 1271 10 1526 11 1782 10 2037 10 2293 10 2549 9 2805 10 3062 10 3318 11 3575 10 3831 10 4088 9 4345 8 4603 6 4860 5 5117 4 5374 3 5631 2
a984e7fb886aa02e29d112766d3ce26a4f78eac540ce7bbdbd42af2761928f6d,6140 4 6393 8 6647 10 6903 10 7158 11 7414 11 7669 12 7925 12 8181 12 8438 11 8694 11 8951 10 9208 9 9465 8 9723 6 9981 4
a984e7fb886aa02e29d112766d3ce26a4f78eac540ce7bbdbd42af2761928f6d,35580 5 35834 7 36088 9 36343 10 36599 10 36854 11 37110 11 37365 12 37621 12 37877 12 38134 11 38390 11 38647 10 38904 9 39161 8
a984e7fb886aa02e29d112766d3ce26a4f78eac540ce7bbdbd42af2761928f6d,46588 5 46841 8 47095 10 47351 10 47606 11 47862 11 48117 12 48373 12 48629 12 48886 11 49142 11 49399 10 49656 9 49913 8 50171 6 50429 4
a984e7fb886aa02e29d112766d3ce26a4f78eac540ce7bbdbd42af2761928f6d,15870 3 16125 4 16381 4 16636 5 16892 5 17147 6 17403 6 17658 7 17913 8 18169 8 18424 9 18680 9 18935 10 19191 10 19448 9 19704 9 19961 7 20217 5
a984e7fb886aa02e29d112766d3ce26a4f78eac540ce7bbdbd42af2761928f6d,25082 4 25337 6 25592 8 25848 9 26103 10 26359 10 26616 9 26872 9 27128 9 27385 8 27641 8 27898 7 28155 6 28411 6 28668 5 28924 5 29181 4 29437 4 29695 2
a984e7fb886aa02e29d112766d3ce26a4f78eac540ce7bbdbd42af2761928f6d,56063 2 56318 3 56573 4 56828 5 57084 5 57339 6 57595 6 57851 6 58106 7 58361 8 58617 8 58872 9 59128 9 59383 10 59639 10 59896 9 60152 9 60409 6 60665 5
a984e7fb886aa02e29d112766d3ce26a4f78eac540ce7bbdbd42af2761928f6d,13567 2 13822 3 14077 4 14334 3 14590 2 14847 1
a984e7fb886aa02e29d112766d3ce26a4f78eac540ce7bbdbd42af2761928f6d,29951 2 30463 1 30718 3 30973 4 31229 4 31486 3 31742 3 31999 2
a984e7fb886aa02e29d112766d3ce26a4f78eac540ce7bbdbd42af2761928f6d,54015 2 54270 3 54525 4 54782 3 55038 2 55295 1
ab298b962a63e4be9582513aaa84a5e270adba5fd2b16a50e59540524f63c3b8,40965 4 41219 8 41474 10 41729 12 41985 12 42241 13 42497 13 42753 13 43009 13 43265 13 43521 13 43777 13 44033 13 44289 13 44545 13 44801 12 45057 12 45313 11 45569 11 45826 9 46083 7 46341 3
ab298b962a63e4be9582513aaa84a5e270adba5fd2b16a50e59540524f63c3b8,57181 6 57436 8 57692 9 57947 11 58203 12 58459 12 58716 12 58972 12 59229 10 59486 9 59743 7 60001 4
ab298b962a63e4be9582513aaa84a5e270adba5fd2b16a50e59540524f63c3b8,25715 6 25970 8 26225 10 26480 11 26735 13 26990 14 27246 14 27501 15 27757 15 28012 15 28268 15 28523 16 28779 15 29035 15 29291 14 29547 14 29803 13 30059 12 30316 10 30572 9 30829 6
ab298b962a63e4be9582513aaa84a5e270adba5fd2b16a50e59540524f63c3b8,20644 7 20898 10 21153 12 21408 14 21663 15 21919 16 22174 17 22430 16 22686 16 22943 14 23199 13 23456 11 23713 9 23971 5
ab298b962a63e4be9582513aaa84a5e270adba5fd2b16a50e59540524f63c3b8,63399 6 63654 9 63909 11 64165 12 64420 14 64676 14 64932 15 65188 15 65445 13
ab298b962a63e4be9582513aaa84a5e270adba5fd2b16a50e59540524f63c3b8,2995 6 3249 9 3504 11 3760 11 4015 13 4271 13 4527 13 4784 12 5040 11 5297 10 5554 8 5812 3
ab298b962a63e4be9582513aaa84a5e270adba5fd2b16a50e59540524f63c3b8,14589 4 14843 6 15097 8 15351 10 15606 11 15861 12 16116 13 16371 14 16627 14 16882 15 17138 15 17393 16 17649 16 17905 16 18162 15 18418 15 18675 14 18932 13 19190 9
ab298b962a63e4be9582513aaa84a5e270adba5fd2b16a50e59540524f63c3b8,52475 6 52729 8 52985 8 53240 9 53495 10 53751 10 54006 11 54262 11 54518 11 54773 12 55029 12 55285 12 55541 12 55797 12 56054 11 56310 11 56566 11 56822 11 57079 10 57335 10 57592 9 57849 8 58106 7 58363 6
ab298b962a63e4be9582513aaa84a5e270adba5fd2b16a50e59540524f63c3b8,253 4 508 5 764 5 1020 5 1276 5 1532 5 1789 4 2046 3
ade080c6618cbbb0a25680cf847f312b5e19b22bfe1cafec0436987ebe5b1e7e,58933 6 59187 9 59442 11 59697 13 59952 14 60208 15 60463 16 60719 16 60976 16 61232 19 61489 20 61745 21 62000 22 62255 24 62511 24 62766 25 63022 25 63278 25 63534 25 63791 24 64047 23 64304 22 64561 20 64817 19 65074 18 65331 16
ade080c6618cbbb0a25680cf847f312b5e19b22bfe1cafec0436987ebe5b1e7e,49475 3 49727 5 49981 7 50235 8 50490 9 50744 11 50999 12 51255 12 51510 13 51766 13 52021 14 52277 15 52532 16 52788 16 53044 14 53299 13 53555 12 53811 11 54068 10 54324 9 54581 8 54838 6
ade080c6618cbbb0a25680cf847f312b5e19b22bfe1cafec0436987ebe5b1e7e,49732 6 49988 8 50243 11 50499 12 50755 12 51011 13 51267 13 51523 13 51779 13 52035 13 52292 11 52548 11 52806 8
ade080c6618cbbb0a25680cf847f312b5e19b22bfe1cafec0436987ebe5b1e7e,30778 5 31032 9 31287 12 31542 14 31797 16 32053 16 32308 18 32564 18 32820 18 33076 18 33333 17 33589 16 33846 15 34102 14 34359 12 34616 11 34874 7 35131 5
ade080c6618cbbb0a25680cf847f312b5e19b22bfe1cafec0436987ebe5b1e7e,13119 7 13373 11 13628 12 13883 14 14138 15 14394 15 14649 16 14905 15 15161 15 15417 14 15673 14 15930 12 16186 11 16443 9 16701 4
ade080c6618cbbb0a25680cf847f312b5e19b22bfe1cafec0436987ebe5b1e7e,14669 6 14924 6 15179 7 15434 7 15690 7 15945 8 16200 10 16456 10 16711 11 16966 13 17222 13 17477 14 17733 11 17990 10 18246 9 18504 5
ade080c6618cbbb0a25680cf847f312b5e19b22bfe1cafec0436987ebe5b1e7e,14423 3 14676 5 14930 7 15186 6 15441 7 15697 7 15953 7 16210 6 16466 6 16722 7 16979 6 17235 6
ade080c6618cbbb0a25680cf847f312b5e19b22bfe1cafec0436987ebe5b1e7e,14681 11 14937 13 15192 16 15448 16 15704 17 15960 17 16216 18 16472 18 16729 16 16985 16 17243 13 17500 12 17758 8 18016 3
ade080c6618cbbb0a25680cf847f312b5e19b22bfe1cafec0436987ebe5b1e7e,49769 4 50020 12 50274 15 50529 17 50784 18 51039 20 51295 19 51550 20 51806 19 52062 18 52318 18 52575 17 52831 18 53088 17 53345 16 53603 13 53860 13 54117 11 54375 7
ade080c6618cbbb0a25680cf847f312b5e19b22bfe1cafec0436987ebe5b1e7e,64368 1 64622 3 64875 6 65131 6 65386 7
ade080c6618cbbb0a25680cf847f312b5e19b22bfe1cafec0436987ebe5b1e7e,64369 4 64625 6 64881 7 65137 8 65393 8
ade080c6618cbbb0a25680cf847f312b5e19b22bfe1cafec0436987ebe5b1e7e,51574 4 51581 1 51829 8 52084 9 52340 9 52595 10 52851 10 53105 12 53361 12 53616 13 53873 12 54129 12 54386 11 54643 11 54900 10 55157 12 55414 11 55671 9 55930 3
ade080c6618cbbb0a25680cf847f312b5e19b22bfe1cafec0436987ebe5b1e7e,51071 5 51326 8 51582 10 51837 12 52093 13 52349 13 52605 14 52861 14 53117 15 53373 15 53629 16 53885 16 54141 16 54397 15 54654 14 54910 13 55173 3
ade080c6618cbbb0a25680cf847f312b5e19b22bfe1cafec0436987ebe5b1e7e,5261 10 5513 13 5767 15 6022 16 6276 19 6532 19 6787 21 7040 24 7294 26 7550 24 7805 24 8061 23 8318 21 8574 21 8831 19 9088 16 9347 8
ade080c6618cbbb0a25680cf847f312b5e19b22bfe1cafec0436987ebe5b1e7e,4761 5 5015 9 5271 9 5526 11 5782 11 6038 11 6295 9 6551 9 6808 6 7064 3
ade080c6618cbbb0a25680cf847f312b5e19b22bfe1cafec0436987ebe5b1e7e,58505 9 58760 13 59015 16 59270 18 59526 20 59781 22 60037 22 60292 24 60548 24 60804 25 61060 25 61316 26 61573 24 61829 24 62086 22 62342 22 62599 20 62857 17 63115 13 63375 6
ade080c6618cbbb0a25680cf847f312b5e19b22bfe1cafec0436987ebe5b1e7e,41913 3 42160 14 42415 16 42670 17 42923 21 43178 22 43434 22 43689 23 43945 23 44201 22 44457 22 44713 21 44970 19 45226 19 45483 17 45740 16 45997 14 46256 8
ade080c6618cbbb0a25680cf847f312b5e19b22bfe1cafec0436987ebe5b1e7e,5557 7 5812 11 6068 13 6323 15 6579 16 6835 16 7091 17 7347 17 7603 17 7858 18 8113 18 8368 19 8623 19 8879 18 9134 18 9390 16 9647 12 9903 9 10161 4
ade080c6618cbbb0a25680cf847f312b5e19b22bfe1cafec0436987ebe5b1e7e,57536 2 57791 4 58047 4 58302 11 58558 18 58815 17 59071 17 59328 15 59584 15 59841 14 60098 12 60355 11 60612 9
ade080c6618cbbb0a25680cf847f312b5e19b22bfe1cafec0436987ebe5b1e7e,50896 7 51149 13 51403 17 51657 20 51912 22 52167 23 52423 24 52678 25 52934 25 53191 24 53447 24 53702 26 53957 27 54212 29 54467 30 54723 30 54978 31 55234 31 55490 31 55746 31 56002 31 56258 31 56514 31 56771 30 57027 30 57282 31 57538 31 57795 23 57819 5 58051 20 58077 3 58313 9
ade080c6618cbbb0a25680cf847f312b5e19b22bfe1cafec0436987ebe5b1e7e,28869 6 29122 8 29377 9 29632 9 29888 9 30143 10 30399 10 30655 10 30911 10 31168 9 31424 9 31681 8 31938 8 32197 5
ade080c6618cbbb0a25680cf847f312b5e19b22bfe1cafec0436987ebe5b1e7e,29130 6 29386 10 29641 12 29897 14 30153 15 30409 15 30665 16 30921 16 31177 16 31433 15 31689 15 31946 13 32202 12
ade080c6618cbbb0a25680cf847f312b5e19b22bfe1cafec0436987ebe5b1e7e,20441 4 20695 9 20950 10 21206 11 21461 12 21718 11 21974 11 22231 10 22488 9 22745 8 23002 7 23258 7 23515 5 23773 3
ade080c6618cbbb0a25680cf847f312b5e19b22bfe1cafec0436987ebe5b1e7e,14045 4 14299 6 14553 9 14808 9 15064 9 15319 10 15575 11 15831 11 16087 11 16343 11 16599 11 16856 10 17112 10 17369 9 17626 8 17883 6 18141 4
b83d1d77935b6cfd44105b54600ffc4b6bd82de57dec65571bcb117fa8398ba3,30474 3 30729 5 30985 5 31240 5 31497 4 31754 1
b83d1d77935b6cfd44105b54600ffc4b6bd82de57dec65571bcb117fa8398ba3,6157 1 6413 1 6668 3 6925 3 7181 3 7437 3 7693 2
b83d1d77935b6cfd44105b54600ffc4b6bd82de57dec65571bcb117fa8398ba3,14093 3 14349 3 14605 3 14861 3 15117 3 15374 1
b83d1d77935b6cfd44105b54600ffc4b6bd82de57dec65571bcb117fa8398ba3,60173 5 60428 7 60684 7 60939 9 61196 8 61452 9 61711 6 61968 5 62224 4 62481 3
b83d1d77935b6cfd44105b54600ffc4b6bd82de57dec65571bcb117fa8398ba3,6173 4 6429 4 6684 6 6940 7 7196 7 7453 7 7709 7 7965 7 8221 7 8478 7 8734 7 8991 6 9247 5 9504 4 9760 3
b83d1d77935b6cfd44105b54600ffc4b6bd82de57dec65571bcb117fa8398ba3,12064 4 12319 5 12575 6 12830 7 13086 7 13342 7 13597 7 13853 7 14109 7 14365 7 14620 8 14876 7 15132 7 15389 5 15645 4
b83d1d77935b6cfd44105b54600ffc4b6bd82de57dec65571bcb117fa8398ba3,14130 4 14386 5 14642 5 14897 6 15154 5 15410 5 15667 3 15924 1
b83d1d77935b6cfd44105b54600ffc4b6bd82de57dec65571bcb117fa8398ba3,4403 1 4659 2 4915 3 5171 3 5427 3 5683 3 5938 5 6194 5 6450 5 6706 5 6962 5 7219 3
b83d1d77935b6cfd44105b54600ffc4b6bd82de57dec65571bcb117fa8398ba3,24632 3 24887 4 25142 6 25398 6 25653 7 25909 7 26164 7 26420 7 26676 6 26933 4 27189 3
b83d1d77935b6cfd44105b54600ffc4b6bd82de57dec65571bcb117fa8398ba3,825 7 1081 7 1336 9 1592 9 1848 9 2105 7 2361 7 2618 5
b83d1d77935b6cfd44105b54600ffc4b6bd82de57dec65571bcb117fa8398ba3,18234 4 18489 6 18745 7 19000 8 19256 9 19512 9 19768 10 20024 10 20280 10 20536 9 20793 8 21049 7 21306 6
b83d1d77935b6cfd44105b54600ffc4b6bd82de57dec65571bcb117fa8398ba3,35644 4 35900 5 36156 5 36411 6 36668 4 36924 4 37180 3 37436 3 37692 2
b83d1d77935b6cfd44105b54600ffc4b6bd82de57dec65571bcb117fa8398ba3,9536 3 9790 6 10045 8 10301 8 10556 10 10812 10 11068 10 11325 8 11581 8 11838 6 12095 4
b83d1d77935b6cfd44105b54600ffc4b6bd82de57dec65571bcb117fa8398ba3,57157 3 57411 6 57667 6 57922 8 58178 8 58433 9 58689 9 58945 10 59202 9 59458 9 59715 7 59971 7 60228 4
b83d1d77935b6cfd44105b54600ffc4b6bd82de57dec65571bcb117fa8398ba3,48964 6 49219 7 49475 8 49730 9 49986 9 50242 8 50498 8 50755 7 51011 6 51268 5 51524 4
b83d1d77935b6cfd44105b54600ffc4b6bd82de57dec65571bcb117fa8398ba3,40263 3 40518 5 40773 6 41029 7 41284 8 41540 8 41796 7 42052 7 42308 6 42565 4 42821 3
b83d1d77935b6cfd44105b54600ffc4b6bd82de57dec65571bcb117fa8398ba3,30026 3 30281 5 30536 6 30792 7 31047 8 31303 8 31559 8 31815 8 32071 7 32328 6 32584 5 32841 3
b83d1d77935b6cfd44105b54600ffc4b6bd82de57dec65571bcb117fa8398ba3,35661 4 35916 5 36172 6 36427 7 36683 7 36938 8 37194 8 37450 7 37707 6 37963 5 38220 3
b83d1d77935b6cfd44105b54600ffc4b6bd82de57dec65571bcb117fa8398ba3,79 3 334 5 589 7 845 7 1102 6 1358 6 1614 6 1871 5 2128 3
b83d1d77935b6cfd44105b54600ffc4b6bd82de57dec65571bcb117fa8398ba3,21837 1 22093 1 22348 3 22354 1 22604 7 22860 7 23116 7 23373 6 23629 5 23886 4 24142 3
b83d1d77935b6cfd44105b54600ffc4b6bd82de57dec65571bcb117fa8398ba3,19792 3 20047 4 20303 5 20558 6 20814 6 21069 7 21325 7 21581 7 21838 5 22094 5 22351 3
b83d1d77935b6cfd44105b54600ffc4b6bd82de57dec65571bcb117fa8398ba3,49749 4 50005 5 50260 6 50516 7 50772 7 51028 7 51284 7 51541 5 51798 3
b83d1d77935b6cfd44105b54600ffc4b6bd82de57dec65571bcb117fa8398ba3,4966 5 5221 6 5477 7 5732 8 5988 8 6244 7 6501 6 6757 5 7014 3
b83d1d77935b6cfd44105b54600ffc4b6bd82de57dec65571bcb117fa8398ba3,8039 3 8294 5 8549 6 8805 7 9060 8 9316 8 9572 7 9829 6 10085 5 10342 3
b83d1d77935b6cfd44105b54600ffc4b6bd82de57dec65571bcb117fa8398ba3,11878 3 12133 5 12389 6 12644 7 12900 8 13156 8 13413 7 13669 6 13926 5 14183 3
b83d1d77935b6cfd44105b54600ffc4b6bd82de57dec65571bcb117fa8398ba3,15206 4 15461 5 15717 6 15972 7 16228 8 16484 8 16741 7 16997 6 17254 5
b83d1d77935b6cfd44105b54600ffc4b6bd82de57dec65571bcb117fa8398ba3,21609 4 21865 5 22120 6 22376 7 22632 7 22888 8 23144 8 23400 8 23657 6 23913 6 24170 4
b83d1d77935b6cfd44105b54600ffc4b6bd82de57dec65571bcb117fa8398ba3,43372 4 43627 6 43883 6 44138 8 44394 8 44650 8 44906 8 45163 7 45419 7 45676 6 45932 5 46189 4
b83d1d77935b6cfd44105b54600ffc4b6bd82de57dec65571bcb117fa8398ba3,62574 3 62829 4 63084 6 63340 6 63595 7 63851 8 64107 7 64362 8 64618 8 64874 7 65131 6 65387 4
b83d1d77935b6cfd44105b54600ffc4b6bd82de57dec65571bcb117fa8398ba3,35699 4 35954 6 36209 7 36464 9 36720 9 36975 10 37228 13 37484 13 37739 13 37995 13 38251 12 38507 11 38764 9 39020 7 39277 4
b83d1d77935b6cfd44105b54600ffc4b6bd82de57dec65571bcb117fa8398ba3,22130 5 22385 7 22641 7 22896 9 23152 9 23408 8 23665 7 23921 7 24178 6 24434 5 24691 4
b83d1d77935b6cfd44105b54600ffc4b6bd82de57dec65571bcb117fa8398ba3,27771 4 28026 6 28282 7 28537 8 28793 9 29050 8 29306 7 29563 6 29820 4
b83d1d77935b6cfd44105b54600ffc4b6bd82de57dec65571bcb117fa8398ba3,32380 4 32635 6 32891 6 33146 8 33402 8 33658 8 33915 6 34171 6 34428 4
b83d1d77935b6cfd44105b54600ffc4b6bd82de57dec65571bcb117fa8398ba3,62850 1 63101 4 63106 1 63357 7 63612 8 63868 9 64124 13 64380 13 64636 14 64892 14 65148 15 65405 13
b83d1d77935b6cfd44105b54600ffc4b6bd82de57dec65571bcb117fa8398ba3,61317 3 61573 4 61828 5 62084 5 62340 4 62595 5 62851 4 63107 4 63364 4 63620 4 63877 4
b83d1d77935b6cfd44105b54600ffc4b6bd82de57dec65571bcb117fa8398ba3,61068 3 61323 5 61578 7 61833 8 62089 9 62344 10 62600 10 62855 11 63111 10 63368 9 63624 10 63882 8 64139 7 64396 5 64653 4 64909 3
b83d1d77935b6cfd44105b54600ffc4b6bd82de57dec65571bcb117fa8398ba3,43134 2 43390 2 43646 5 43903 3 44159 3
b83d1d77935b6cfd44105b54600ffc4b6bd82de57dec65571bcb117fa8398ba3,41092 3 41347 4 41602 6 41857 7 42112 8 42368 5 42623 6 42879 5 43136 4 43392 3
b83d1d77935b6cfd44105b54600ffc4b6bd82de57dec65571bcb117fa8398ba3,44419 2 44674 3 44930 4 45185 8 45441 6 45698 5 45954 4 46211 3 46467 3 46724 2 46980 3 47237 2 47493 3
b83d1d77935b6cfd44105b54600ffc4b6bd82de57dec65571bcb117fa8398ba3,41867 3 42121 5 42373 10 42629 10 42884 11 43140 11 43397 9 43653 9 43908 9 44164 9 44421 7 44677 4 44934 3
b83d1d77935b6cfd44105b54600ffc4b6bd82de57dec65571bcb117fa8398ba3,45447 5 45703 5 45958 7 46214 11 46470 10 46726 10 46983 8 47239 3 47243 4 47499 3
b83d1d77935b6cfd44105b54600ffc4b6bd82de57dec65571bcb117fa8398ba3,43919 3 44173 5 44429 6 44684 7 44940 7 45195 8 45452 6 45708 6 45965 4
b83d1d77935b6cfd44105b54600ffc4b6bd82de57dec65571bcb117fa8398ba3,22659 4 22914 6 23170 6 23425 8 23681 4 23938 3 24194 2
b83d1d77935b6cfd44105b54600ffc4b6bd82de57dec65571bcb117fa8398ba3,23685 3 23941 4 24196 7 24452 7 24708 7 24964 6 25220 7 25476 7 25733 7 25989 7 26246 5 26503 3
b83d1d77935b6cfd44105b54600ffc4b6bd82de57dec65571bcb117fa8398ba3,23949 5 24205 6 24459 8 24715 9 24970 10 25227 9 25483 9 25740 8 25997 7 26254 5 26510 5 26769 1
b83d1d77935b6cfd44105b54600ffc4b6bd82de57dec65571bcb117fa8398ba3,3459 6 3715 6 3970 8 4226 9 4482 9 4739 8 4995 8 5252 6
b83d1d77935b6cfd44105b54600ffc4b6bd82de57dec65571bcb117fa8398ba3,28808 5 29063 6 29318 8 29574 8 29829 9 30085 10 30341 10 30597 10 30853 9 31110 8 31366 5 31623 3 31879 3
b83d1d77935b6cfd44105b54600ffc4b6bd82de57dec65571bcb117fa8398ba3,49295 1 49549 3 49804 5 50058 7 50314 8 50569 9 50826 7 51082 7 51339 5 51595 5 51852 3 52108 3
b83d1d77935b6cfd44105b54600ffc4b6bd82de57dec65571bcb117fa8398ba3,56971 3 57227 4 57482 5 57738 6 57994 6 58249 5 58505 4 58762 3 59018 2 59276 1
b83d1d77935b6cfd44105b54600ffc4b6bd82de57dec65571bcb117fa8398ba3,57747 2 58002 3 58254 3 58258 4 58509 9 58765 10 59020 13 59277 12 59533 12 59790 10 60047 9 60305 7 60562 6 60818 5 61075 4 61331 3
b83d1d77935b6cfd44105b54600ffc4b6bd82de57dec65571bcb117fa8398ba3,55444 3 55448 3 55700 8 55955 10 56211 11 56468 10 56724 10 56981 9 57238 8 57494 8 57749 9 58005 8 58262 7 58518 6 58775 4
b83d1d77935b6cfd44105b54600ffc4b6bd82de57dec65571bcb117fa8398ba3,3212 6 3467 7 3723 8 3978 9 4235 8 4491 7 4748 6 5004 6 5261 5 5517 4 5774 3
b83d1d77935b6cfd44105b54600ffc4b6bd82de57dec65571bcb117fa8398ba3,26765 4 27021 4 27276 3 27532 3 27789 1 28045 2 28302 1
b83d1d77935b6cfd44105b54600ffc4b6bd82de57dec65571bcb117fa8398ba3,27279 2 27535 2 27790 2 28047 2 28303 2 28560 4 28816 4
b83d1d77935b6cfd44105b54600ffc4b6bd82de57dec65571bcb117fa8398ba3,26770 4 27026 4 27281 6 27537 5 27792 6 28049 4 28305 4
b83d1d77935b6cfd44105b54600ffc4b6bd82de57dec65571bcb117fa8398ba3,33679 2 33935 2 34191 6 34448 4 34704 4
b83d1d77935b6cfd44105b54600ffc4b6bd82de57dec65571bcb117fa8398ba3,31634 2 31889 4 32145 4 32400 6 32656 8 32912 8 33168 7 33424 6 33681 4 33937 4
b83d1d77935b6cfd44105b54600ffc4b6bd82de57dec65571bcb117fa8398ba3,28317 3 28572 5 28827 6 29083 7 29338 8 29594 8 29849 9 30103 11 30357 13 30613 13 30868 14 31124 13 31380 13 31636 13 31893 11 32149 4 32154 6 32406 3 32410 6 32666 5 32923 4 33179 3
b83d1d77935b6cfd44105b54600ffc4b6bd82de57dec65571bcb117fa8398ba3,48018 5 48274 5 48529 7 48785 7 49041 7 49296 5 49552 4 49809 3 50065 2
b83d1d77935b6cfd44105b54600ffc4b6bd82de57dec65571bcb117fa8398ba3,49301 3 49556 4 49812 5 50067 6 50323 7 50579 8 50835 10 51090 11 51347 11 51603 4 51613 1 51869 1
b83d1d77935b6cfd44105b54600ffc4b6bd82de57dec65571bcb117fa8398ba3,51607 6 51862 7 52118 8 52373 9 52629 9 52886 8 53141 8 53398 7 53654 6 53912 3
b83d1d77935b6cfd44105b54600ffc4b6bd82de57dec65571bcb117fa8398ba3,19605 3 19861 3 20116 5 20372 5 20628 5 20883 6 21139 7 21395 7 21651 7 21907 7 22164 6 22420 6 22677 6 22933 5 23190 4 23446 3
b83d1d77935b6cfd44105b54600ffc4b6bd82de57dec65571bcb117fa8398ba3,42903 5 43158 6 43414 7 43669 8 43925 8 44180 9 44436 8 44692 8 44947 9 45203 9 45459 8 45715 8 45971 8 46228 6 46484 6 46741 4
b83d1d77935b6cfd44105b54600ffc4b6bd82de57dec65571bcb117fa8398ba3,62613 4 62868 6 63124 7 63379 8 63635 9 63891 9 64147 9 64403 9 64660 7 64916 7 65173 3 65429 3
b83d1d77935b6cfd44105b54600ffc4b6bd82de57dec65571bcb117fa8398ba3,34455 3 34710 5 34966 5 35221 7 35477 7 35732 8 35988 8 36244 7 36500 7 36756 7 37012 8 37269 7 37525 8 37782 6 38040 4
b83d1d77935b6cfd44105b54600ffc4b6bd82de57dec65571bcb117fa8398ba3,6554 2 6809 4 7064 5 7320 5 7576 6 7832 6 8087 7 8344 5 8600 5 8857 3
b83d1d77935b6cfd44105b54600ffc4b6bd82de57dec65571bcb117fa8398ba3,13210 3 13464 5 13720 6 13976 6 14232 6 14488 6 14744 5 15000 5 15257 4
b83d1d77935b6cfd44105b54600ffc4b6bd82de57dec65571bcb117fa8398ba3,53919 3 54173 6 54428 7 54684 7 54941 6 55197 5 55708 1
b83d1d77935b6cfd44105b54600ffc4b6bd82de57dec65571bcb117fa8398ba3,2974 4 3230 4 3485 6 3741 6 3996 7 4253 6 4509 2 4765 2
b83d1d77935b6cfd44105b54600ffc4b6bd82de57dec65571bcb117fa8398ba3,4511 4 4767 4 5022 8 5278 8 5534 9 5790 9 6047 8 6303 9 6562 6 6818 6 7075 4 7331 4
b83d1d77935b6cfd44105b54600ffc4b6bd82de57dec65571bcb117fa8398ba3,14756 3 15011 4 15267 5 15522 6 15775 9 16031 9 16286 10 16542 9 16798 9 17053 9 17309 9 17565 8 17821 7 18076 7 18333 6 18589 6 18846 4 19102 4
b83d1d77935b6cfd44105b54600ffc4b6bd82de57dec65571bcb117fa8398ba3,23455 3 23711 4 23967 4 24223 3 24479 2 24738 1
b83d1d77935b6cfd44105b54600ffc4b6bd82de57dec65571bcb117fa8398ba3,47518 4 47774 9 48029 10 48285 11 48541 11 48797 11 49053 11 49309 11 49566 10 49822 10 50079 9 50335 9 50592 8 50849 6 51105 6 51362 4
b83d1d77935b6cfd44105b54600ffc4b6bd82de57dec65571bcb117fa8398ba3,57762 4 58018 5 58273 6 58528 8 58784 8 59039 9 59295 9 59550 10 59806 10 60061 11 60317 11 60573 11 60829 11 61086 9 61342 9
b83d1d77935b6cfd44105b54600ffc4b6bd82de57dec65571bcb117fa8398ba3,63651 2 63905 5 64160 7 64416 8 64672 8 64928 8 65183 9 65439 8
b83d1d77935b6cfd44105b54600ffc4b6bd82de57dec65571bcb117fa8398ba3,41633 5 41889 5 42144 7 42400 7 42656 1 42662 1 42912 1 42918 1
b83d1d77935b6cfd44105b54600ffc4b6bd82de57dec65571bcb117fa8398ba3,42657 5 42913 5 43168 7 43424 7 43680 8 43936 8 44192 8 44449 6 44705 6 44962 4 45218 3
b83d1d77935b6cfd44105b54600ffc4b6bd82de57dec65571bcb117fa8398ba3,24483 5 24739 6 24994 8 25250 8 25506 9 25762 9 26019 9 26275 9 26531 9 26787 9 27044 8 27300 8 27557 7 27814 6 28070 6 28327 5 28584 3 28840 3
b83d1d77935b6cfd44105b54600ffc4b6bd82de57dec65571bcb117fa8398ba3,36770 2 36777 1 37026 2 37033 1 37282 8 37539 6 37795 6 38052 4 38308 3
b83d1d77935b6cfd44105b54600ffc4b6bd82de57dec65571bcb117fa8398ba3,34981 3 35236 5 35492 5 35747 7 36003 7 36259 7 36515 7 36772 5 37028 5
b83d1d77935b6cfd44105b54600ffc4b6bd82de57dec65571bcb117fa8398ba3,10152 3 10407 5 10662 6 10918 7 11174 7 11430 6 11686 6 11943 4 12200 2
b83d1d77935b6cfd44105b54600ffc4b6bd82de57dec65571bcb117fa8398ba3,38826 4 39082 5 39337 7 39594 6 39850 7 40106 7 40362 6 40618 6 40874 5 41131 4 41387 3
b83d1d77935b6cfd44105b54600ffc4b6bd82de57dec65571bcb117fa8398ba3,51629 4 51884 5 52139 7 52394 8 52650 8 52905 9 53161 9 53417 9 53673 9 53929 9 54185 2 54192 1 54448 1
b83d1d77935b6cfd44105b54600ffc4b6bd82de57dec65571bcb117fa8398ba3,54187 5 54442 6 54698 7 54953 8 55209 9 55465 9 55721 9 55977 9 56233 9 56489 9 56746 8 57002 8 57259 6 57516 5
b83d1d77935b6cfd44105b54600ffc4b6bd82de57dec65571bcb117fa8398ba3,20141 5 20397 5 20652 7 20908 7 21164 7 21420 1 21426 1 21676 1
b83d1d77935b6cfd44105b54600ffc4b6bd82de57dec65571bcb117fa8398ba3,21421 5 21677 6 21932 7 22188 8 22444 8 22699 9 22956 7 23212 7 23468 7 23724 7 23980 7 24236 6 24492 6 24749 5 25005 4 25262 3
b83d1d77935b6cfd44105b54600ffc4b6bd82de57dec65571bcb117fa8398ba3,44973 5 45228 6 45484 6 45739 6 45995 6 46251 6 46507 6 46763 6 47019 6 47276 5 47532 6 47788 6 48045 5 48301 4
b83d1d77935b6cfd44105b54600ffc4b6bd82de57dec65571bcb117fa8398ba3,44469 4 44725 4 44980 6 45234 8 45490 10 45745 11 46001 10 46257 10 46513 10 46769 10 47025 10 47281 9 47538 8 47794 7 48052 4
b83d1d77935b6cfd44105b54600ffc4b6bd82de57dec65571bcb117fa8398ba3,60845 4 61101 5 61356 6 61612 6 61868 5 62123 6 62379 6 62635 6 62891 6 63147 6 63403 6 63659 7 63916 6 64172 6 64429 4
b83d1d77935b6cfd44105b54600ffc4b6bd82de57dec65571bcb117fa8398ba3,61362 7 61618 8 61873 9 62129 10 62385 10 62641 10 62897 10 63153 10 63409 10 63666 9 63922 9 64179 9 64436 7 64693 6
b83d1d77935b6cfd44105b54600ffc4b6bd82de57dec65571bcb117fa8398ba3,429 6 685 6 940 8 1196 8 1452 8 1708 8 1965 6 2221 6 2479 3
b83d1d77935b6cfd44105b54600ffc4b6bd82de57dec65571bcb117fa8398ba3,36274 5 36529 6 36784 8 37040 8 37295 9 37551 9 37807 9 38063 9 38320 8 38576 8 38832 7 39088 7 39345 4 39601 3
b83d1d77935b6cfd44105b54600ffc4b6bd82de57dec65571bcb117fa8398ba3,51383 3 51639 3 51894 4 52150 4 52407 3 52663 2
b83d1d77935b6cfd44105b54600ffc4b6bd82de57dec65571bcb117fa8398ba3,56503 3 56759 3 57014 4 57270 4 57527 3 57783 2
b83d1d77935b6cfd44105b54600ffc4b6bd82de57dec65571bcb117fa8398ba3,32184 4 32439 6 32694 7 32950 8 33205 9 33461 8 33717 8 33973 8 34229 7 34485 7 34741 6 34998 5 35254 4
b83d1d77935b6cfd44105b54600ffc4b6bd82de57dec65571bcb117fa8398ba3,18362 3 18618 3 18873 5 19129 5 19385 6 19641 6 19896 8 20151 10 20407 10 20662 12 20919 11 21175 11 21431 11 21688 9 21944 10 22201 9 22460 7 22717 2 22722 1 22974 1 22978 2
b83d1d77935b6cfd44105b54600ffc4b6bd82de57dec65571bcb117fa8398ba3,24764 2 25020 2 25276 6 25531 7 25787 7 26043 7 26299 6 26556 5 26812 4
b83d1d77935b6cfd44105b54600ffc4b6bd82de57dec65571bcb117fa8398ba3,22719 3 22975 3 23230 5 23486 5 23741 6 23997 6 24253 6 24509 6 24766 4 25022 4
b83d1d77935b6cfd44105b54600ffc4b6bd82de57dec65571bcb117fa8398ba3,20419 1 20675 1 20931 2 21186 7 21442 7 21697 9 21954 8 22210 7 22468 5
b83d1d77935b6cfd44105b54600ffc4b6bd82de57dec65571bcb117fa8398ba3,19142 3 19397 4 19652 6 19908 6 20163 6 20420 5 20676 4 20933 3
b83d1d77935b6cfd44105b54600ffc4b6bd82de57dec65571bcb117fa8398ba3,183 11 440 10 695 11 951 11 1207 11 1463 11 1719 10 1976 9 2232 8 2489 7 2746 5 3001 6 3257 6 3514 4 3770 4
b83d1d77935b6cfd44105b54600ffc4b6bd82de57dec65571bcb117fa8398ba3,5050 2 5306 3 5561 5 5817 5 6073 5 6330 4 6586 4 6843 2 7355 1
b83d1d77935b6cfd44105b54600ffc4b6bd82de57dec65571bcb117fa8398ba3,7609 3 7865 4 8120 6 8376 8 8632 9 8888 9 9144 10 9400 4 9409 1 9656 1 9665 1 9912 1
b83d1d77935b6cfd44105b54600ffc4b6bd82de57dec65571bcb117fa8398ba3,11704 2 11713 1 11960 2 11969 1 12216 10 12472 10 12728 10 12984 10 13240 9 13496 9 13752 8 14008 7 14264 6 14520 5 14777 3 15033 3
b83d1d77935b6cfd44105b54600ffc4b6bd82de57dec65571bcb117fa8398ba3,9404 5 9657 8 9913 9 10168 10 10424 10 10681 9 10937 9 11193 9 11449 9 11706 7 11962 7
b83d1d77935b6cfd44105b54600ffc4b6bd82de57dec65571bcb117fa8398ba3,43450 2 43706 2 43962 6 44218 6 44473 7 44729 6 44986 5 45242 4
b83d1d77935b6cfd44105b54600ffc4b6bd82de57dec65571bcb117fa8398ba3,41660 4 41916 5 42171 6 42427 7 42683 6 42939 6 43195 6 43452 4 43708 4
b83d1d77935b6cfd44105b54600ffc4b6bd82de57dec65571bcb117fa8398ba3,15298 5 15554 6 15809 7 16065 7 16320 7 16576 8 16832 8 17088 9 17343 10 17599 9 17856 8 18112 7 18369 5 18625 4
b83d1d77935b6cfd44105b54600ffc4b6bd82de57dec65571bcb117fa8398ba3,15305 5 15561 5 15816 7 16072 7 16327 7 16584 6 16840 5 17097 4
b83d1d77935b6cfd44105b54600ffc4b6bd82de57dec65571bcb117fa8398ba3,3777 5 4033 6 4288 8 4544 8 4800 9 5056 9 5312 8 5569 7 5825 6 6081 7 6337 7 6594 6 6850 5 7107 3
b83d1d77935b6cfd44105b54600ffc4b6bd82de57dec65571bcb117fa8398ba3,5320 5 5576 6 5831 7 6088 7 6344 7 6601 6 6858 4 7115 3
b83d1d77935b6cfd44105b54600ffc4b6bd82de57dec65571bcb117fa8398ba3,42439 3 42694 4 42949 5 43204 6 43459 7 43715 7 43971 6 44228 4
b83d1d77935b6cfd44105b54600ffc4b6bd82de57dec65571bcb117fa8398ba3,194 9 450 9 707 7 963 7 1219 6 1475 1 1480 1 1731 1
b83d1d77935b6cfd44105b54600ffc4b6bd82de57dec65571bcb117fa8398ba3,1476 4 1732 4 1987 6 2244 5 2500 4 2757 3
b83d1d77935b6cfd44105b54600ffc4b6bd82de57dec65571bcb117fa8398ba3,29125 5 29380 6 29636 7 29891 8 30147 7 30403 7 30658 8 30914 7 31170 7 31426 7 31682 7 31939 6 32195 5 32452 4
b83d1d77935b6cfd44105b54600ffc4b6bd82de57dec65571bcb117fa8398ba3,45766 2 46021 4 46277 4
b83d1d77935b6cfd44105b54600ffc4b6bd82de57dec65571bcb117fa8398ba3,46533 4 46789 4 47045 4 47301 4 47557 4 47813 4 48070 2
b83d1d77935b6cfd44105b54600ffc4b6bd82de57dec65571bcb117fa8398ba3,8135 5 8390 6 8645 8 8901 8 9156 8 9412 8 9668 9 9924 9 10180 9 10437 7 10693 7 10952 3
b83d1d77935b6cfd44105b54600ffc4b6bd82de57dec65571bcb117fa8398ba3,11464 3 11717 6 11973 7 12228 8 12484 7 12740 7 12996 8 13252 8 13509 8 13765 8 14022 6 14279 5
b83d1d77935b6cfd44105b54600ffc4b6bd82de57dec65571bcb117fa8398ba3,26311 1 26566 3 26821 4 27077 8 27332 8 27589 7 27845 5
b83d1d77935b6cfd44105b54600ffc4b6bd82de57dec65571bcb117fa8398ba3,23242 3 23497 5 23752 7 24008 7 24263 9 24519 9 24775 9 25031 9 25288 8 25544 7 25801 6 26057 5 26312 6 26569 4 26825 4
b83d1d77935b6cfd44105b54600ffc4b6bd82de57dec65571bcb117fa8398ba3,50887 2 51143 2 51399 3 51655 6 51911 6 52168 4 52424 4
b83d1d77935b6cfd44105b54600ffc4b6bd82de57dec65571bcb117fa8398ba3,48585 4 48841 5 49096 6 49352 7 49608 7 49864 7 50120 8 50376 7 50632 7 50889 6 51145 5 51402 4
b83d1d77935b6cfd44105b54600ffc4b6bd82de57dec65571bcb117fa8398ba3,56776 4 57032 5 57287 6 57543 7 57799 3 58055 1 58062 1 58311 1
b83d1d77935b6cfd44105b54600ffc4b6bd82de57dec65571bcb117fa8398ba3,57802 4 58056 6 58312 7 58567 8 58824 7 59080 7 59336 7 59592 7 59849 5 60105 5 60362 3 60618 3
b83d1d77935b6cfd44105b54600ffc4b6bd82de57dec65571bcb117fa8398ba3,33998 3 34252 6 34508 6 34763 8 35019 8 35274 9 35530 8 35786 8 36042 8 36298 7 36555 6 36811 5
b83d1d77935b6cfd44105b54600ffc4b6bd82de57dec65571bcb117fa8398ba3,3280 3 3535 5 3790 6 4046 7 4301 9 4557 9 4814 9 5070 8 5326 8 5583 7 5839 6 6096 5
b83d1d77935b6cfd44105b54600ffc4b6bd82de57dec65571bcb117fa8398ba3,16081 3 16335 6 16591 7 16846 8 17102 9 17358 9 17613 9 17869 9 18126 7 18382 7 18639 5 18895 2
b83d1d77935b6cfd44105b54600ffc4b6bd82de57dec65571bcb117fa8398ba3,463 3 719 4 974 5 1230 6 1486 6 1742 7 1998 7 2255 6 2511 6 2768 4 3024 4
b83d1d77935b6cfd44105b54600ffc4b6bd82de57dec65571bcb117fa8398ba3,18897 3 19152 4 19408 5 19663 6 19919 7 20174 8 20430 7 20686 7 20942 6 21198 6 21455 4 21711 4
b83d1d77935b6cfd44105b54600ffc4b6bd82de57dec65571bcb117fa8398ba3,26834 5 27089 7 27345 7 27600 9 27856 9 28111 10 28367 10 28623 10 28879 10 29136 8 29392 8 29649 5 29905 3
b83d1d77935b6cfd44105b54600ffc4b6bd82de57dec65571bcb117fa8398ba3,42709 4 42964 5 43219 7 43475 7 43730 8 43986 8 44243 7 44499 7 44756 1 44760 2 45012 1 45016 2
b83d1d77935b6cfd44105b54600ffc4b6bd82de57dec65571bcb117fa8398ba3,44757 3 45013 3 45268 5 45524 5 45780 5 46037 3 46293 3
b83d1d77935b6cfd44105b54600ffc4b6bd82de57dec65571bcb117fa8398ba3,63189 4 63445 4 63700 6 63956 6 64212 6 64468 5 64724 5 64980 5 65235 7 65491 6
b83d1d77935b6cfd44105b54600ffc4b6bd82de57dec65571bcb117fa8398ba3,20183 4 20438 5 20693 7 20949 7 20957 3 21204 12 21460 13 21716 13 21972 12 22228 12 22484 12 22741 5 22747 4 22997 4 23003 4
b83d1d77935b6cfd44105b54600ffc4b6bd82de57dec65571bcb117fa8398ba3,215 9 470 10 726 11 981 12 1237 12 1494 10 1750 10 2007 6 2264 4
b83d1d77935b6cfd44105b54600ffc4b6bd82de57dec65571bcb117fa8398ba3,53467 5 53722 6 53978 7 54233 8 54489 8 54745 8 55001 8 55258 7 55514 6 55771 5 56028 3
b83d1d77935b6cfd44105b54600ffc4b6bd82de57dec65571bcb117fa8398ba3,63454 1 63708 4 63964 5 64220 6 64473 1 64475 7 64729 1 64731 7 64985 1 64987 7 65244 6 65497 1 65499 7
b83d1d77935b6cfd44105b54600ffc4b6bd82de57dec65571bcb117fa8398ba3,3292 5 3547 6 3803 7 4058 8 4314 9 4570 9 4827 9 5083 9 5342 5 5600 3
b83d1d77935b6cfd44105b54600ffc4b6bd82de57dec65571bcb117fa8398ba3,42462 3 42718 3 42973 5 43229 5 43484 6 43740 1 43745 1 43996 1 44001 1
b83d1d77935b6cfd44105b54600ffc4b6bd82de57dec65571bcb117fa8398ba3,43741 4 43997 4 44252 6 44508 6 44764 6 45020 6 45277 4 45533 4
b83d1d77935b6cfd44105b54600ffc4b6bd82de57dec65571bcb117fa8398ba3,8160 3 8415 5 8671 6 8926 9 9182 9 9439 9 9695 9 9952 7 10210 5
b83d1d77935b6cfd44105b54600ffc4b6bd82de57dec65571bcb117fa8398ba3,38882 3 39137 5 39392 6 39648 7 39903 8 40159 8 40415 9 40671 9 40927 9 41183 8 41439 8 41695 7 41952 6 42208 5
b83d1d77935b6cfd44105b54600ffc4b6bd82de57dec65571bcb117fa8398ba3,51172 2 51426 5 51681 7 51937 7 52193 7 52449 7 52706 5 52963 2
b83d1d77935b6cfd44105b54600ffc4b6bd82de57dec65571bcb117fa8398ba3,56547 3 56801 6 57057 7 57313 7 57569 7 57826 6 58083 3
b83d1d77935b6cfd44105b54600ffc4b6bd82de57dec65571bcb117fa8398ba3,24806 1 25061 3 25316 5 25572 5 25828 5 26084 5 26340 5 26596 5 26853 4 27110 3 27367 1
b83d1d77935b6cfd44105b54600ffc4b6bd82de57dec65571bcb117fa8398ba3,30181 1 30436 3 30692 3 30948 3 31204 3 31460 3
b83d1d77935b6cfd44105b54600ffc4b6bd82de57dec65571bcb117fa8398ba3,6375 3 6630 4 6885 9 7141 9 7398 4 7403 3 7655 3 7661 1 7913 1
b83d1d77935b6cfd44105b54600ffc4b6bd82de57dec65571bcb117fa8398ba3,14568 2 14822 4 15078 3 15333 4 15589 4 15846 3
b83d1d77935b6cfd44105b54600ffc4b6bd82de57dec65571bcb117fa8398ba3,46317 2 46573 3 46829 3 47085 3 47340 4 47595 5 47851 5 48107 4 48364 3
b83d1d77935b6cfd44105b54600ffc4b6bd82de57dec65571bcb117fa8398ba3,19951 1 20205 5 20461 5 20717 5 20973 5
b83d1d77935b6cfd44105b54600ffc4b6bd82de57dec65571bcb117fa8398ba3,30447 3 30702 4 30958 4 31214 4 31471 3 31728 1
b83d1d77935b6cfd44105b54600ffc4b6bd82de57dec65571bcb117fa8398ba3,4084 3 4340 5 4596 5 4853 5 5109 4 5365 4
bdc789019cee8ddfae20d5f769299993b4b330b2d38d1218646cf89e77fbbd4d,13857 4 14113 7 14368 9 14624 10 14880 12 15136 13 15392 14 15648 15 15904 16 16160 16 16416 17 16672 15 16928 14 17184 14 17440 13 17696 13 17953 13 18209 11 18467 6
bdc789019cee8ddfae20d5f769299993b4b330b2d38d1218646cf89e77fbbd4d,16438 4 16687 13 16942 15 17198 13 17453 14 17709 13 17966 12 18222 12 18479 10 18736 9 18993 7 19250 6 19508 4 19766 2 20024 1
bdc789019cee8ddfae20d5f769299993b4b330b2d38d1218646cf89e77fbbd4d,17211 4 17467 5 17722 6 17978 5 18234 5 18489 6 18745 6 19000 7 19256 7 19512 7 19768 7 20025 6 20281 6 20539 5 20798 2
bdc789019cee8ddfae20d5f769299993b4b330b2d38d1218646cf89e77fbbd4d,16964 4 17218 7 17472 10 17728 12 17983 13 18239 14 18495 14 18751 15 19007 15 19263 15 19519 15 19775 14 20031 14 20287 13 20544 11 20800 9
bdc789019cee8ddfae20d5f769299993b4b330b2d38d1218646cf89e77fbbd4d,21025 4 21281 6 21536 9 21792 10 22048 11 22304 11 22560 12 22816 12 23072 13 23328 12 23585 11 23841 10 24098 8
bdc789019cee8ddfae20d5f769299993b4b330b2d38d1218646cf89e77fbbd4d,55072 1 55328 1 55335 1 55584 3 55591 1 55840 8 56096 8 56352 7 56608 7 56864 6 57120 6 57377 4 57633 3
bdc789019cee8ddfae20d5f769299993b4b330b2d38d1218646cf89e77fbbd4d,52258 5 52513 7 52769 8 53024 9 53280 10 53536 10 53792 10 54048 9 54304 9 54560 8 54816 8 55073 7 55329 6 55587 4
bdc789019cee8ddfae20d5f769299993b4b330b2d38d1218646cf89e77fbbd4d,32554 5 32809 8 33064 11 33319 14 33574 16 33830 17 34085 18 34341 19 34597 19 34852 20 35108 20 35364 21 35620 21 35876 21 36132 21 36389 20 36645 19 36901 19 37157 18 37413 17 37670 16 37926 15 38183 13 38440 11 38698 7
bdc789019cee8ddfae20d5f769299993b4b330b2d38d1218646cf89e77fbbd4d,24138 10 24392 15 24647 18 24902 20 25158 22 25413 24 25670 24 25926 24 26183 24 26440 23 26699 19 26957 17 27214 15 27471 14 27729 10 27990 3
bdc789019cee8ddfae20d5f769299993b4b330b2d38d1218646cf89e77fbbd4d,45897 5 46152 7 46408 7 46663 9 46919 10 47175 11 47432 10 47688 11 47944 13 48200 16 48456 18 48712 19 48968 20 49224 21 49480 22 49736 22 49992 23 50249 22 50505 23 50762 22 51018 22 51275 20 51532 19 51789 17 52046 16 52303 14 52561 10 52820 5
bdc789019cee8ddfae20d5f769299993b4b330b2d38d1218646cf89e77fbbd4d,60497 6 60751 10 61005 12 61260 14 61516 14 61771 16 62026 17 62281 18 62537 18 62792 18 63048 18 63304 18 63559 19 63816 17 64072 17 64329 16 64585 17 64842 16 65098 17 65354 17
bdc789019cee8ddfae20d5f769299993b4b330b2d38d1218646cf89e77fbbd4d,36960 6 37215 9 37470 12 37725 16 37981 19 38236 21 38492 22 38748 23 39004 23 39261 23 39517 23 39774 22 40031 21 40288 20 40545 19 40803 16 41060 15 41318 11 41576 7
bdc789019cee8ddfae20d5f769299993b4b330b2d38d1218646cf89e77fbbd4d,12395 4 12650 7 12905 9 13160 11 13415 13 13669 15 13923 18 14179 19 14434 20 14690 21 14946 21 15203 20 15459 20 15716 19 15972 19 16229 18 16486 16 16742 16 16999 14 17256 13 17513 11 17770 10 18028 7
bdc789019cee8ddfae20d5f769299993b4b330b2d38d1218646cf89e77fbbd4d,59248 8 59502 11 59757 14 60012 16 60268 17 60523 19 60779 20 61035 21 61292 20 61548 21 61805 21 62062 20 62319 20 62576 19 62834 17 63091 16 63349 13 63608 10 63867 5
bdc789019cee8ddfae20d5f769299993b4b330b2d38d1218646cf89e77fbbd4d,51317 6 51572 8 51827 10 52082 12 52338 13 52593 14 52849 15 53106 14 53362 14 53619 13 53876 12 54133 10 54389 10 54646 8 54902 6
bdc789019cee8ddfae20d5f769299993b4b330b2d38d1218646cf89e77fbbd4d,38778 2 39034 6 39290 5 39547 2 39803 2 40316 1
bdc789019cee8ddfae20d5f769299993b4b330b2d38d1218646cf89e77fbbd4d,34942 7 35197 10 35452 12 35707 14 35962 15 36218 16 36473 17 36729 17 36985 17 37241 17 37498 15 37754 15 38010 14 38267 11 38523 9 38780 8
bdc789019cee8ddfae20d5f769299993b4b330b2d38d1218646cf89e77fbbd4d,39040 6 39295 9 39549 12 39805 12 40060 14 40317 13 40573 13 40830 12 41087 10 41344 9 41602 6
bdc789019cee8ddfae20d5f769299993b4b330b2d38d1218646cf89e77fbbd4d,54664 3 54918 7 55166 15 55422 16 55677 17 55933 18 56189 18 56445 18 56702 16 56958 16 57215 14 57471 12 57728 10 57985 8 58242 5
bdc789019cee8ddfae20d5f769299993b4b330b2d38d1218646cf89e77fbbd4d,57488 4 57742 9 57996 12 58250 15 58505 16 58761 17 59016 18 59272 18 59528 18 59785 16 60041 16 60298 15 60554 15 60811 13 61068 12 61325 10 61584 6
bdc789019cee8ddfae20d5f769299993b4b330b2d38d1218646cf89e77fbbd4d,14487 3 14742 5 14998 6 15253 7 15509 8 15764 5 16021 2 16277 2
bdc789019cee8ddfae20d5f769299993b4b330b2d38d1218646cf89e77fbbd4d,15769 4 16023 6 16279 7 16534 9 16790 14 17046 15 17302 16 17558 16 17814 17 18070 17 18326 17 18583 16 18839 16 19095 15 19351 15 19607 14 19863 14 20120 12 20376 11 20633 9 20890 7 21147 4
bdc789019cee8ddfae20d5f769299993b4b330b2d38d1218646cf89e77fbbd4d,7072 5 7326 9 7581 11 7836 12 8092 13 8347 14 8602 15 8858 15 9113 16 9369 16 9625 17 9880 19 10136 20 10392 20 10648 16 10904 15 11160 13 11416 13 11673 11 11929 11 12186 7
bdc789019cee8ddfae20d5f769299993b4b330b2d38d1218646cf89e77fbbd4d,12965 1 13220 2 13476 5 13486 1 13732 11 13988 10 14244 10 14501 8 14757 8 15014 6 15271 4
bdc789019cee8ddfae20d5f769299993b4b330b2d38d1218646cf89e77fbbd4d,10664 6 10919 8 11173 10 11429 11 11684 12 11940 12 12197 11 12453 11 12709 11 12966 9 13222 9 13481 5
bdc789019cee8ddfae20d5f769299993b4b330b2d38d1218646cf89e77fbbd4d,52648 3 52903 5 53150 4 53158 6 53405 16 53661 16 53916 17 54172 17 54429 17 54685 17 54941 17 55198 17 55454 17 55711 16 55967 16 56224 15 56481 13 56738 12 56995 10 57252 9 57508 9 57765 7 58021 7 58278 5
bdc789019cee8ddfae20d5f769299993b4b330b2d38d1218646cf89e77fbbd4d,42664 3 42919 6 43174 8 43430 9 43685 10 43941 11 44197 14 44453 15 44709 15 44965 16 45221 16 45477 16 45733 15 45989 15 46245 14 46502 13 46758 12 47014 12 47271 10 47527 10 47784 8 48040 8 48297 6 48553 6 48809 5 49066 4 49322 3
bdc789019cee8ddfae20d5f769299993b4b330b2d38d1218646cf89e77fbbd4d,51139 5 51394 7 51647 10 51902 12 52158 12 52413 13 52669 14 52924 14 53180 14 53435 15 53691 15 53947 15 54203 15 54459 15 54715 15 54971 15 55226 16 55482 16 55739 14 55995 14 56251 13 56508 12 56764 11 57021 10 57278 7 57536 3
bdc789019cee8ddfae20d5f769299993b4b330b2d38d1218646cf89e77fbbd4d,43973 6 44228 10 44483 13 44738 15 44993 17 45249 17 45504 19 45760 19 46016 19 46272 19 46528 19 46784 19 47040 19 47297 18 47553 17 47811 15 48071 10 48327 10 48584 8 48841 6
bdc789019cee8ddfae20d5f769299993b4b330b2d38d1218646cf89e77fbbd4d,43219 1 43232 1 43475 1 43488 1 43731 1 43744 1 43987 1 44000 1
bdc789019cee8ddfae20d5f769299993b4b330b2d38d1218646cf89e77fbbd4d,43732 12 43988 12 44243 14 44499 14 44755 14 45011 14 45268 13 45524 13 45781 12 46037 12 46294 11 46551 9 46808 8 47065 5
bdc789019cee8ddfae20d5f769299993b4b330b2d38d1218646cf89e77fbbd4d,40408 7 40663 9 40918 10 41174 11 41429 12 41685 12 41940 13 42196 13 42452 13 42708 13 42963 14 43220 12 43476 12
c8e79ff4ac55f4b772057de28e539727b7f4f2a3de73bf7a082a0ace86d609eb,27397 3 27653 4 27908 5 28164 5 28419 6 28676 4
c8e79ff4ac55f4b772057de28e539727b7f4f2a3de73bf7a082a0ace86d609eb,57094 1 57348 4 57604 5 57859 6 58116 5 58372 5 58627 6 58883 6 59139 5 59397 2
c8e79ff4ac55f4b772057de28e539727b7f4f2a3de73bf7a082a0ace86d609eb,39689 3 39945 3 40200 4 40455 4 40712 2
c8e79ff4ac55f4b772057de28e539727b7f4f2a3de73bf7a082a0ace86d609eb,58125 5 58380 7 58636 8 58892 9 59149 8 59405 7 59663 5
c8e79ff4ac55f4b772057de28e539727b7f4f2a3de73bf7a082a0ace86d609eb,25356 5 25612 6 25867 7 26123 8 26379 8 26635 8 26892 6 27148 6 27405 4
c8e79ff4ac55f4b772057de28e539727b7f4f2a3de73bf7a082a0ace86d609eb,16 5 271 7 526 8 781 10 1037 9 1292 10 1548 9 1805 7 2061 6 2318 4
c8e79ff4ac55f4b772057de28e539727b7f4f2a3de73bf7a082a0ace86d609eb,19726 4 19981 6 20237 7 20492 9 20748 9 21005 9 21261 8 21518 7 21776 4
c8e79ff4ac55f4b772057de28e539727b7f4f2a3de73bf7a082a0ace86d609eb,50712 4 50966 7 51222 7 51477 9 51733 9 51989 8 52246 7 52502 6 52759 3
c8e79ff4ac55f4b772057de28e539727b7f4f2a3de73bf7a082a0ace86d609eb,56343 4 56598 6 56854 7 57109 8 57365 9 57622 8 57878 7 58135 6
c8e79ff4ac55f4b772057de28e539727b7f4f2a3de73bf7a082a0ace86d609eb,30 3 283 8 539 9 794 11 1050 11 1307 11 1563 11 1820 10 2077 9 2334 8 2590 7 2846 7 3103 5 3359 4
c8e79ff4ac55f4b772057de28e539727b7f4f2a3de73bf7a082a0ace86d609eb,18719 5 18975 5 19230 7 19486 7 19742 8 19996 10 20251 11 20507 11 20762 11 21018 11 21274 10 21530 9 21786 7 22042 6 22298 6 22554 6 22811 4 23067 4
c8e79ff4ac55f4b772057de28e539727b7f4f2a3de73bf7a082a0ace86d609eb,40992 3 41247 5 41502 7 41758 7 42013 9 42269 8 42525 8 42781 7 43037 7 43294 5 43550 4
c8e79ff4ac55f4b772057de28e539727b7f4f2a3de73bf7a082a0ace86d609eb,33827 3 34082 5 34337 6 34591 9 34847 8 35102 10 35358 10 35615 8 35871 8 36128 6 36385 4
c8e79ff4ac55f4b772057de28e539727b7f4f2a3de73bf7a082a0ace86d609eb,53024 4 53279 5 53535 6 53790 7 54046 7 54303 6 54558 7 54814 7 55070 7 55326 7 55583 5 55839 5 56096 3
c8e79ff4ac55f4b772057de28e539727b7f4f2a3de73bf7a082a0ace86d609eb,26147 4 26402 5 26658 6 26913 7 27169 7 27425 7 27681 7 27937 7 28194 5 28450 5
c8e79ff4ac55f4b772057de28e539727b7f4f2a3de73bf7a082a0ace86d609eb,39463 4 39719 5 39974 7 40230 8 40486 11 40743 10 40999 9 41256 8 41513 7 41770 6 42026 6 42283 6 42539 6 42796 6
c8e79ff4ac55f4b772057de28e539727b7f4f2a3de73bf7a082a0ace86d609eb,39988 3 40243 6 40497 9 40753 11 41008 12 41264 13 41520 13 41776 12 42032 12 42289 11 42545 10 42804 7 43061 5
c8e79ff4ac55f4b772057de28e539727b7f4f2a3de73bf7a082a0ace86d609eb,53289 5 53545 6 53800 8 54056 8 54312 9 54568 9 54824 8 55080 8 55336 7 55593 6 55849 4
c8e79ff4ac55f4b772057de28e539727b7f4f2a3de73bf7a082a0ace86d609eb,62509 3 62764 5 63020 5 63275 7 63531 7 63786 8 64042 7 64298 7 64554 6 64811 4 65067 3
c8e79ff4ac55f4b772057de28e539727b7f4f2a3de73bf7a082a0ace86d609eb,20012 4 20268 5 20523 6 20779 7 21035 7 21291 7 21547 7 21803 6 22060 5 22316 4
c8e79ff4ac55f4b772057de28e539727b7f4f2a3de73bf7a082a0ace86d609eb,28206 4 28462 5 28718 5 28974 5 29230 4 29487 2
c8e79ff4ac55f4b772057de28e539727b7f4f2a3de73bf7a082a0ace86d609eb,33071 5 33326 6 33581 8 33837 8 34092 8 34348 8 34604 7 34861 5 35117 4
c8e79ff4ac55f4b772057de28e539727b7f4f2a3de73bf7a082a0ace86d609eb,30260 2 30514 6 30770 7 31025 8 31281 8 31537 7 31793 7 32050 4
c8e79ff4ac55f4b772057de28e539727b7f4f2a3de73bf7a082a0ace86d609eb,44090 6 44342 10 44598 11 44853 11 45109 11 45366 9 45622 8 45880 5
c8e79ff4ac55f4b772057de28e539727b7f4f2a3de73bf7a082a0ace86d609eb,63033 3 63287 6 63542 9 63798 10 64053 11 64309 12 64566 11 64822 11 65082 6 65338 6
c8e79ff4ac55f4b772057de28e539727b7f4f2a3de73bf7a082a0ace86d609eb,47928 4 48183 6 48439 6 48694 8 48950 8 49206 8 49462 9 49719 7 49975 7 50232 4
c8e79ff4ac55f4b772057de28e539727b7f4f2a3de73bf7a082a0ace86d609eb,59191 7 59447 7 59702 9 59958 8 60214 8 60470 8 60727 6 60983 6 61240 4
c8e79ff4ac55f4b772057de28e539727b7f4f2a3de73bf7a082a0ace86d609eb,28730 3 28984 7 29240 8 29495 9 29751 10 30008 8 30264 8 30521 6
c8e79ff4ac55f4b772057de28e539727b7f4f2a3de73bf7a082a0ace86d609eb,50746 3 51000 6 51256 7 51511 8 51767 9 52024 8 52280 7 52537 6 52794 4
c8e79ff4ac55f4b772057de28e539727b7f4f2a3de73bf7a082a0ace86d609eb,10044 4 10299 6 10554 8 10810 8 11066 8 11323 7 11579 6 11836 4
c8e79ff4ac55f4b772057de28e539727b7f4f2a3de73bf7a082a0ace86d609eb,18492 4 18747 5 19003 5 19260 4 19519 1
c8e79ff4ac55f4b772057de28e539727b7f4f2a3de73bf7a082a0ace86d609eb,1853 2 2108 4 2364 4 2620 4 2876 4
c8e79ff4ac55f4b772057de28e539727b7f4f2a3de73bf7a082a0ace86d609eb,37439 5 37693 8 37947 10 38203 11 38458 12 38714 12 38970 12 39227 10 39483 10 39740 8 39998 4
c8e79ff4ac55f4b772057de28e539727b7f4f2a3de73bf7a082a0ace86d609eb,22847 4 23102 6 23358 7 23613 8 23870 8 24126 8 24383 6 24639 6 24896 4
c8e79ff4ac55f4b772057de28e539727b7f4f2a3de73bf7a082a0ace86d609eb,48195 4 48450 6 48706 7 48961 8 49218 8 49474 8 49731 7 49988 5 50245 4
c8e79ff4ac55f4b772057de28e539727b7f4f2a3de73bf7a082a0ace86d609eb,58948 5 59203 6 59459 7 59714 8 59970 8 60225 8 60482 7 60738 6 60995 4
c8e79ff4ac55f4b772057de28e539727b7f4f2a3de73bf7a082a0ace86d609eb,45382 4 45638 5 45893 6 46149 6 46405 7 46661 7 46917 6 47174 5 47431 2
c8e79ff4ac55f4b772057de28e539727b7f4f2a3de73bf7a082a0ace86d609eb,61766 5 62021 6 62277 7 62533 7 62789 7 63045 7 63302 5 63558 5 63815 3
c8e79ff4ac55f4b772057de28e539727b7f4f2a3de73bf7a082a0ace86d609eb,40009 3 40264 5 40519 6 40775 6 41032 5 41289 3
c8e79ff4ac55f4b772057de28e539727b7f4f2a3de73bf7a082a0ace86d609eb,21579 3 21833 6 22089 7 22345 8 22601 7 22858 5 23115 2
c8e79ff4ac55f4b772057de28e539727b7f4f2a3de73bf7a082a0ace86d609eb,24142 5 24397 7 24653 8 24908 9 25164 10 25420 10 25676 10 25932 9 26189 8 26445 7 26702 5
c8e79ff4ac55f4b772057de28e539727b7f4f2a3de73bf7a082a0ace86d609eb,51279 5 51535 5 51790 7 52046 7 52301 8 52557 8 52812 9 53069 7 53325 7 53582 5 53839 3
c8e79ff4ac55f4b772057de28e539727b7f4f2a3de73bf7a082a0ace86d609eb,55375 4 55630 6 55885 7 56141 8 56396 9 56653 8 56909 8 57166 6 57422 6 57679 4
c8e79ff4ac55f4b772057de28e539727b7f4f2a3de73bf7a082a0ace86d609eb,42323 2 42577 6 42832 7 43088 8 43344 8 43601 7 43857 6 44114 4
c8e79ff4ac55f4b772057de28e539727b7f4f2a3de73bf7a082a0ace86d609eb,34129 4 34384 6 34640 6 34895 8 35151 8 35407 8 35664 6 35920 6 36178 3
c8e79ff4ac55f4b772057de28e539727b7f4f2a3de73bf7a082a0ace86d609eb,3674 4 3930 4 4185 6 4441 6 4696 7 4952 7 5209 6 5465 6 5722 5 5978 5 6235 3 6491 3
c8e79ff4ac55f4b772057de28e539727b7f4f2a3de73bf7a082a0ace86d609eb,59752 2 60264 1 60519 3 60775 3 61031 1
c8e79ff4ac55f4b772057de28e539727b7f4f2a3de73bf7a082a0ace86d609eb,61032 2 61287 4 61543 3 61800 3 62056 3 62312 3 62569 1
c8e79ff4ac55f4b772057de28e539727b7f4f2a3de73bf7a082a0ace86d609eb,49768 3 50023 4 50279 5 50534 1 50539 1 50790 1 50795 1
c8e79ff4ac55f4b772057de28e539727b7f4f2a3de73bf7a082a0ace86d609eb,50535 4 50791 4 51046 6 51302 6 51558 7 51814 7 52070 1 52076 1 52326 1 52332 1
c8e79ff4ac55f4b772057de28e539727b7f4f2a3de73bf7a082a0ace86d609eb,52071 5 52327 5 52582 7 52838 7 53094 7 53351 5 53607 5 53864 3
c8e79ff4ac55f4b772057de28e539727b7f4f2a3de73bf7a082a0ace86d609eb,57958 1 58214 1 58470 2 58475 1 58726 5 58983 4 59239 3
c8e79ff4ac55f4b772057de28e539727b7f4f2a3de73bf7a082a0ace86d609eb,55144 3 55400 4 55655 5 55911 6 56166 7 56422 7 56678 7 56934 7 57190 7 57446 6 57702 6 57959 5 58215 4 58472 3
c8e79ff4ac55f4b772057de28e539727b7f4f2a3de73bf7a082a0ace86d609eb,24172 2 24427 4 24682 5 24938 6 25194 6 25450 6 25706 6 25962 5 26218 4 26475 2
c8e79ff4ac55f4b772057de28e539727b7f4f2a3de73bf7a082a0ace86d609eb,46768 1 47024 1 47279 6 47535 1 47539 2 47791 1 47795 1
c8e79ff4ac55f4b772057de28e539727b7f4f2a3de73bf7a082a0ace86d609eb,47536 3 47792 3 48047 5 48303 5 48560 3 48816 3
c8e79ff4ac55f4b772057de28e539727b7f4f2a3de73bf7a082a0ace86d609eb,44978 3 45234 3 45489 5 45745 5 46000 6 46256 6 46512 6 46769 4 47025 4
c8e79ff4ac55f4b772057de28e539727b7f4f2a3de73bf7a082a0ace86d609eb,27581 1 27836 3 28092 2 28347 4 28603 4 28858 5 29114 5 29370 4 29626 4 29882 4 30139 3 30395 2
c8e79ff4ac55f4b772057de28e539727b7f4f2a3de73bf7a082a0ace86d609eb,9682 4 9937 5 10193 6 10448 7 10704 7 10960 7 11216 7 11472 7 11729 6 11985 5 12242 4
c8e79ff4ac55f4b772057de28e539727b7f4f2a3de73bf7a082a0ace86d609eb,32477 4 32732 5 32987 7 33243 7 33498 8 33754 8 34010 8 34266 7 34522 7 34778 7 35034 6 35291 5 35547 4
c8e79ff4ac55f4b772057de28e539727b7f4f2a3de73bf7a082a0ace86d609eb,47599 3 47854 4 48110 5 48365 2 48370 1 48621 2 48626 1
c8e79ff4ac55f4b772057de28e539727b7f4f2a3de73bf7a082a0ace86d609eb,48367 3 48623 3 48878 5 49134 5 49390 1 49394 2 49646 1 49650 2
c8e79ff4ac55f4b772057de28e539727b7f4f2a3de73bf7a082a0ace86d609eb,49391 3 49647 3 49902 5 50158 5 50414 5 50670 5 50926 5 51183 3 51439 3
c8e79ff4ac55f4b772057de28e539727b7f4f2a3de73bf7a082a0ace86d609eb,57583 3 57839 4 58094 5 58350 1 58355 1 58606 1 58611 1
c8e79ff4ac55f4b772057de28e539727b7f4f2a3de73bf7a082a0ace86d609eb,58351 4 58607 4 58862 6 59118 1 59123 1 59374 1 59379 1
c8e79ff4ac55f4b772057de28e539727b7f4f2a3de73bf7a082a0ace86d609eb,59119 4 59375 4 59630 6 59886 5 60142 5 60398 5 60654 5 60910 5 61167 3 61423 3
c8e79ff4ac55f4b772057de28e539727b7f4f2a3de73bf7a082a0ace86d609eb,49910 1 50166 1 50422 2 50677 6 50934 4 51190 4
c8e79ff4ac55f4b772057de28e539727b7f4f2a3de73bf7a082a0ace86d609eb,47097 3 47352 4 47608 5 47863 6 48119 6 48375 6 48630 7 48886 7 49142 6 49398 6 49654 6 49911 5 50167 4 50424 3
c8e79ff4ac55f4b772057de28e539727b7f4f2a3de73bf7a082a0ace86d609eb,58102 4 58358 4 58613 2 58618 1 58869 2 58874 1 59125 1
c8e79ff4ac55f4b772057de28e539727b7f4f2a3de73bf7a082a0ace86d609eb,58615 3 58871 3 59126 5 59382 5 59638 2 59643 1 59894 1 59899 1 60150 1
c8e79ff4ac55f4b772057de28e539727b7f4f2a3de73bf7a082a0ace86d609eb,59640 3 59895 4 60151 5 60406 6 60663 5 60919 5 61175 6 61432 5 61688 4 61945 3
c8e79ff4ac55f4b772057de28e539727b7f4f2a3de73bf7a082a0ace86d609eb,30460 4 30715 6 30971 6 31226 7 31482 7 31738 7 31995 5 32252 3
c8e79ff4ac55f4b772057de28e539727b7f4f2a3de73bf7a082a0ace86d609eb,35583 2 35839 2 36095 2 36351 2 36607 2 36863 2 37119 2 37375 2 37631 2
ca20076870e8fb604e61802605a9ac45419c82dd3e23404c56c4869f9502a5ef,26369 4 26625 4 26881 5 27137 5 27393 5 27649 5 27905 5 28161 5 28417 6 28673 6 28929 6 29185 7 29441 6 29698 5
ca20076870e8fb604e61802605a9ac45419c82dd3e23404c56c4869f9502a5ef,9989 1 10244 2 10500 2 10755 3 11011 2 11014 1 11267 1 11270 1 11522 2 11778 2 12034 2 12290 2 12293 1 12546 2 12549 1 12802 1
ca20076870e8fb604e61802605a9ac45419c82dd3e23404c56c4869f9502a5ef,44041 4 44296 6 44551 8 44806 9 45061 11 45317 11 45572 12 45828 11 46083 12 46339 11 46594 12 46850 11 47105 10 47362 8 47618 7 47877 3
ca20076870e8fb604e61802605a9ac45419c82dd3e23404c56c4869f9502a5ef,56581 2 56834 1 57090 1
ca20076870e8fb604e61802605a9ac45419c82dd3e23404c56c4869f9502a5ef,56836 2 57092 2 57349 1 57605 1
ca20076870e8fb604e61802605a9ac45419c82dd3e23404c56c4869f9502a5ef,55046 1 55302 2 55558 2 55814 2 56070 2 56326 1
ca20076870e8fb604e61802605a9ac45419c82dd3e23404c56c4869f9502a5ef,3593 3 3848 5 4103 7 4358 9 4614 9 4869 11 5125 10 5380 11 5637 9 5893 9 6152 5 6408 3
ca20076870e8fb604e61802605a9ac45419c82dd3e23404c56c4869f9502a5ef,38408 3 38661 8 38917 9 39172 11 39428 11 39684 12 39941 11 40197 11 40454 10 40711 8 40967 8 41224 5
ca20076870e8fb604e61802605a9ac45419c82dd3e23404c56c4869f9502a5ef,31510 1 31754 3 31762 6 32007 17 32263 18 32518 19 32775 18 33031 19 33288 18 33544 19 33800 19 34056 20 34310 22 34566 22 34821 22 35078 11 35091 8 35334 10 35348 6 35592 8 35605 4 35849 6
ca20076870e8fb604e61802605a9ac45419c82dd3e23404c56c4869f9502a5ef,27920 8 28175 11 28431 12 28686 13 28941 15 29196 16 29452 17 29707 18 29963 18 30219 19 30475 18 30731 18 30987 17 31244 10 31500 10 31757 5
ca20076870e8fb604e61802605a9ac45419c82dd3e23404c56c4869f9502a5ef,49162 4 49418 5 49673 7 49929 7 49941 4 50185 8 50195 7 50441 18 50698 17 50954 18 51208 20 51463 20 51719 20 51974 20 52231 19 52486 20 52742 19 52997 20 53254 18 53510 10 53526 2 53770 2 53782 1 54027 1
ca20076870e8fb604e61802605a9ac45419c82dd3e23404c56c4869f9502a5ef,53520 6 53772 10 54028 11 54283 12 54539 10 54795 8 55051 7 55307 6 55563 4 55819 4 56076 2 56332 2 56589 1
ca20076870e8fb604e61802605a9ac45419c82dd3e23404c56c4869f9502a5ef,54549 7 54803 9 55058 11 55313 12 55567 14 55823 14 56078 15 56334 14 56590 14 56847 12 57103 11 57360 9 57617 7
ca20076870e8fb604e61802605a9ac45419c82dd3e23404c56c4869f9502a5ef,9485 3 9493 4 9741 4 9747 7 9996 5 10002 9 10251 16 10506 18 10761 19 11016 19 11272 19 11527 19 11783 19 12039 19 12294 19 12550 19 12807 17 13063 9 13078 2 13322 2 13334 1 13579 1
ca20076870e8fb604e61802605a9ac45419c82dd3e23404c56c4869f9502a5ef,13072 6 13324 10 13580 11 13835 12 14091 17 14347 17 14603 18 14859 18 15115 18 15372 17 15628 17 15885 15 16142 14 16399 12 16656 10 16912 9 17169 6
ca20076870e8fb604e61802605a9ac45419c82dd3e23404c56c4869f9502a5ef,3609 7 3864 8 4119 10 4373 12 4628 12 4884 12 5139 12 5395 12 5651 11 5907 10 6164 9 6420 8 6677 6 6935 3
ca20076870e8fb604e61802605a9ac45419c82dd3e23404c56c4869f9502a5ef,38166 4 38421 6 38676 8 38932 9 39187 11 39443 11 39699 7 39956 3 40212 3 40469 1 40726 1
ca20076870e8fb604e61802605a9ac45419c82dd3e23404c56c4869f9502a5ef,39706 5 39959 8 40215 9 40470 10 40727 9 40983 8 41240 7 41497 5
ca20076870e8fb604e61802605a9ac45419c82dd3e23404c56c4869f9502a5ef,43803 3 44057 6 44312 7 44567 10 44821 12 45076 12 45332 12 45587 12 45843 12 46099 11 46355 10 46612 9 46868 8 47125 6 47383 3
ca20076870e8fb604e61802605a9ac45419c82dd3e23404c56c4869f9502a5ef,2073 5 2329 5 2586 5 2844 2 2847 1 3356 2
ca20076870e8fb604e61802605a9ac45419c82dd3e23404c56c4869f9502a5ef,40231 1 40742 1 40991 4 40998 2 41247 9 41502 11 41759 12 42015 12 42272 10 42528 10 42785 8 43040 10 43295 11 43551 12 43806 10 44063 8 44319 5 44325 2
ca20076870e8fb604e61802605a9ac45419c82dd3e23404c56c4869f9502a5ef,36135 5 36391 8 36646 11 36902 13 37158 14 37414 15 37670 16 37926 16 38182 17 38438 17 38695 17 38951 17 39208 16 39464 16 39721 15 39976 15 40232 15 40487 15 40743 7 40751 5 41000 5 41256 4 41513 3
ca20076870e8fb604e61802605a9ac45419c82dd3e23404c56c4869f9502a5ef,43816 3 44071 5 44327 5 44582 7 44592 4 44838 16 45095 16 45351 16 45608 16 45864 16 46120 16 46375 17 46631 17 46886 18 47142 17 47398 17 47654 16 47910 15 48166 15 48422 13 48679 11 48935 9 49192 5
ca20076870e8fb604e61802605a9ac45419c82dd3e23404c56c4869f9502a5ef,39 6 294 7 550 6 800 12 1056 11 1311 12 1568 11 1824 10 2081 9 2337 8 2592 9 2848 10 3103 12 3359 9 3616 7 3872 4 3877 2
ca20076870e8fb604e61802605a9ac45419c82dd3e23404c56c4869f9502a5ef,3368 3 3623 5 3879 5 4134 7 4145 3 4390 15 4647 15 4903 16 5160 15 5416 16 5672 16 5927 17 6183 17 6438 18 6694 17 6950 17 7206 16 7462 15 7718 15 7974 13 8231 11 8487 9 8744 5
ca20076870e8fb604e61802605a9ac45419c82dd3e23404c56c4869f9502a5ef,11312 2 11566 4 11821 4 12075 6 12330 7 12586 7 12841 8 13097 9 13353 9 13609 9 13864 10 14120 10 14375 12 14631 12 14886 13 15142 12 15397 12 15653 11 15909 11 16165 10 16422 7 16678 6
ca20076870e8fb604e61802605a9ac45419c82dd3e23404c56c4869f9502a5ef,11060 4 11314 9 11570 10 11825 12 12081 12 12337 13 12593 13 12849 13 13106 12 13362 11 13618 11 13874 10 14130 9 14387 6 14643 4
ca20076870e8fb604e61802605a9ac45419c82dd3e23404c56c4869f9502a5ef,28199 4 28454 6 28710 7 28965 10 29221 11 29477 12 29733 13 29990 10 30246 10 30503 8 30759 8 31016 7 31272 7 31528 7 31785 6 32041 5 32297 5 32554 4 32810 4 33067 3 33325 2
ca20076870e8fb604e61802605a9ac45419c82dd3e23404c56c4869f9502a5ef,30000 3 30256 4 30511 9 30767 11 31023 12 31279 13 31535 14 31791 14 32046 16 32302 16 32558 16 32814 16 33070 15 33327 14 33583 13 33843 7
ca20076870e8fb604e61802605a9ac45419c82dd3e23404c56c4869f9502a5ef,51760 2 52014 4 52269 4 52523 6 52778 7 53034 7 53289 8 53545 9 53801 9 54057 9 54312 10 54568 10 54823 12 55079 12 55334 13 55590 12 55845 12 56101 11 56357 11 56613 10 56870 7 57126 6
ca20076870e8fb604e61802605a9ac45419c82dd3e23404c56c4869f9502a5ef,51508 4 51762 9 52018 10 52273 12 52529 12 52785 13 53041 13 53297 13 53554 12 53810 11 54066 11 54322 10 54578 9 54835 6 55091 3
ca20076870e8fb604e61802605a9ac45419c82dd3e23404c56c4869f9502a5ef,20521 1 20776 2 21032 4 21288 5 21544 8 21799 1 21806 2 22055 1 22062 2
ca20076870e8fb604e61802605a9ac45419c82dd3e23404c56c4869f9502a5ef,21800 6 22056 6 22311 8 22567 8 22823 8 23079 9 23335 9 23591 10 23847 10 24104 10 24360 10 24616 11 24873 6 25129 5 25386 2 25642 2
ca20076870e8fb604e61802605a9ac45419c82dd3e23404c56c4869f9502a5ef,19243 1 19499 2 19754 3 20010 5 20265 10 20522 9 20778 8 21036 6 21293 4
ca20076870e8fb604e61802605a9ac45419c82dd3e23404c56c4869f9502a5ef,24879 4 25134 6 25388 8 25644 9 25899 11 26156 5 26412 3 26669 2 27182 1
ca20076870e8fb604e61802605a9ac45419c82dd3e23404c56c4869f9502a5ef,17966 2 18222 2 18477 5 18733 10 18988 10 19244 9 19501 8 19757 7 20015 5
ca20076870e8fb604e61802605a9ac45419c82dd3e23404c56c4869f9502a5ef,26161 5 26415 8 26671 8 26926 7 27183 5 27439 2 27696 1
ca20076870e8fb604e61802605a9ac45419c82dd3e23404c56c4869f9502a5ef,15415 3 15669 5 15924 5 16179 6 16434 7 16689 9 16945 9 17200 12 17456 10 17711 10 17968 9 18224 8 18482 5
ca20076870e8fb604e61802605a9ac45419c82dd3e23404c56c4869f9502a5ef,26933 3 27188 5 27441 9 27697 10 27952 11 28209 10 28465 9 28722 8 28979 6 29236 5 29494 4 29752 2
ca20076870e8fb604e61802605a9ac45419c82dd3e23404c56c4869f9502a5ef,27963 3 28219 6 28474 9 28730 11 28985 14 29241 15 29498 15 29754 16 30011 10 30269 7 30526 4 30783 3 31040 1 31297 1
ca20076870e8fb604e61802605a9ac45419c82dd3e23404c56c4869f9502a5ef,11339 3 11593 7 11848 8 12103 10 12358 11 12613 12 12868 13 13123 13 13379 13 13634 13 13889 13 14144 13 14399 13 14654 14 14909 14 15163 15 15418 15 15674 15 15929 15 16185 13 16441 11 16698 8 16954 6
ca20076870e8fb604e61802605a9ac45419c82dd3e23404c56c4869f9502a5ef,30021 6 30276 8 30530 10 30786 11 31041 13 31298 12 31554 13 31811 13 32067 13 32324 13 32581 12 32838 11 33095 9 33352 8 33610 4
ca20076870e8fb604e61802605a9ac45419c82dd3e23404c56c4869f9502a5ef,61736 1 61991 2 62247 5 62503 9 62759 9 63015 9 63271 9 63527 4 63783 1 64039 1
ca20076870e8fb604e61802605a9ac45419c82dd3e23404c56c4869f9502a5ef,63531 5 63784 9 64040 9 64295 11 64552 10 64808 11 65064 11 65320 12
ca20076870e8fb604e61802605a9ac45419c82dd3e23404c56c4869f9502a5ef,60458 1 60713 2 60969 5 61224 10 61480 10 61737 8 61993 8 62252 4
ca20076870e8fb604e61802605a9ac45419c82dd3e23404c56c4869f9502a5ef,58414 1 58925 2 59181 2 59436 5 59691 10 59947 10 60202 10 60459 9 60715 8 60974 5
ca20076870e8fb604e61802605a9ac45419c82dd3e23404c56c4869f9502a5ef,55863 3 56117 5 56372 5 56627 6 56882 7 57137 9 57393 9 57648 12 57904 10 58159 10 58415 10 58670 10 58927 8 59183 8 59441 5
ca20076870e8fb604e61802605a9ac45419c82dd3e23404c56c4869f9502a5ef,51787 3 52041 7 52296 8 52551 10 52806 11 53061 12 53316 13 53571 13 53827 13 54082 13 54337 13 54592 13 54847 13 55102 14 55357 14 55611 15 55866 15 56122 15 56377 15 56633 13 56889 11 57146 8 57402 6
ca20076870e8fb604e61802605a9ac45419c82dd3e23404c56c4869f9502a5ef,21301 4 21557 6 21812 7 22068 8 22324 8 22580 8 22835 10 23091 10 23348 8 23604 8 23861 3
ca20076870e8fb604e61802605a9ac45419c82dd3e23404c56c4869f9502a5ef,61749 5 62005 6 62260 7 62516 8 62771 9 63028 8 63283 10 63539 10 63796 8 64052 8 64309 4
ca20076870e8fb604e61802605a9ac45419c82dd3e23404c56c4869f9502a5ef,68 10 324 11 580 12 834 15 1090 17 1345 19 1602 20 1858 20 2120 15 2377 14 2632 15 2882 20 3138 20 3393 18 3650 16 3906 15 4164 12 4419 12 4675 10 4930 10 5186 9 5443 7 5699 6
ca20076870e8fb604e61802605a9ac45419c82dd3e23404c56c4869f9502a5ef,39236 3 39491 6 39747 7 40002 9 40259 9 40515 10 40772 7 41028 7 41282 8 41538 8 41793 8 42050 7 42306 6 42564 4
ca20076870e8fb604e61802605a9ac45419c82dd3e23404c56c4869f9502a5ef,43077 3 43330 6 43586 7 43841 8 44098 8 44354 8 44612 7 44867 8 45123 10 45378 10 45634 9 45891 7 46147 6
ca20076870e8fb604e61802605a9ac45419c82dd3e23404c56c4869f9502a5ef,40779 4 41035 5 41290 7 41546 9 41801 11 42057 14 42312 15 42568 16 42825 14 43080 16 43336 15 43593 14 43849 10 44106 8 44362 7 44619 5 44875 4
ca20076870e8fb604e61802605a9ac45419c82dd3e23404c56c4869f9502a5ef,64339 3 64595 5 64850 6 65105 8 65361 8
ca20076870e8fb604e61802605a9ac45419c82dd3e23404c56c4869f9502a5ef,17495 3 17749 7 18004 8 18259 10 18515 10 18770 10 19026 10 19281 10 19537 10 19793 9 20049 9 20306 7 20562 7 20819 5 21075 4
ca20076870e8fb604e61802605a9ac45419c82dd3e23404c56c4869f9502a5ef,24147 4 24402 6 24658 7 24913 9 25169 9 25425 10 25681 10 25937 10 26194 10 26450 10 26707 10 26964 9 27221 7 27477 7 27735 3
ca20076870e8fb604e61802605a9ac45419c82dd3e23404c56c4869f9502a5ef,57942 4 58197 7 58452 8 58707 10 58963 10 59218 10 59474 10 59729 10 59985 10 60241 9 60497 9 60754 7 61010 7 61267 5 61523 4
ca20076870e8fb604e61802605a9ac45419c82dd3e23404c56c4869f9502a5ef,30038 5 30294 6 30549 8 30805 8 31061 9 31317 8 31574 7 31830 6 32088 3
ca20076870e8fb604e61802605a9ac45419c82dd3e23404c56c4869f9502a5ef,23131 1 23386 2 23398 1 23642 6 23654 1 23898 13 24155 11 24411 11 24668 8 24927 3
ca20076870e8fb604e61802605a9ac45419c82dd3e23404c56c4869f9502a5ef,20319 4 20572 9 20827 11 21082 12 21338 13 21593 14 21850 14 22106 14 22363 13 22620 11 22875 12 23132 11 23388 10 23648 6
ca20076870e8fb604e61802605a9ac45419c82dd3e23404c56c4869f9502a5ef,60767 4 61021 8 61275 11 61530 13 61786 13 62041 15 62298 14 62554 14 62811 12 63074 5 63334 1 63590 1
ca20076870e8fb604e61802605a9ac45419c82dd3e23404c56c4869f9502a5ef,63068 6 63323 11 63579 11 63834 13 64090 13 64346 12 64603 11 64859 10 65116 8 65373 6
ca20076870e8fb604e61802605a9ac45419c82dd3e23404c56c4869f9502a5ef,8800 7 9055 8 9311 9 9566 10 9822 10 10078 10 10335 9 10591 9 10848 7 11104 7
ca20076870e8fb604e61802605a9ac45419c82dd3e23404c56c4869f9502a5ef,33890 3 34145 6 34400 7 34655 9 34911 9 35166 10 35422 10 35678 10 35935 9 36191 8 36448 7
ca20076870e8fb604e61802605a9ac45419c82dd3e23404c56c4869f9502a5ef,49248 7 49503 8 49759 9 50014 10 50270 10 50526 10 50783 9 51039 9 51296 7 51552 7
ca20076870e8fb604e61802605a9ac45419c82dd3e23404c56c4869f9502a5ef,13156 1 13411 2 13667 4 13922 6 14178 9 14434 9 14690 8 14947 6 15203 4
ca20076870e8fb604e61802605a9ac45419c82dd3e23404c56c4869f9502a5ef,11111 5 11367 5 11622 7 11878 7 12133 8 12389 9 12645 9 12900 10 13157 9 13413 8 13671 6 13928 4
ca20076870e8fb604e61802605a9ac45419c82dd3e23404c56c4869f9502a5ef,30051 5 30307 6 30562 8 30818 9 31074 10 31330 10 31587 10 31843 10 32100 10 32356 10 32613 10 32869 10 33125 9 33382 8 33638 7 33895 6 34151 5
ca20076870e8fb604e61802605a9ac45419c82dd3e23404c56c4869f9502a5ef,51559 5 51815 5 52070 7 52326 7 52581 9 52837 9 53093 9 53348 10 53604 10 53859 10 54115 10 54370 10 54626 9 54882 9 55138 8 55395 6 55651 4
ca20076870e8fb604e61802605a9ac45419c82dd3e23404c56c4869f9502a5ef,17517 6 17772 7 18026 10 18280 12 18535 13 18790 14 19046 13 19301 14 19557 11 19814 7 20070 2 20326 2
ca20076870e8fb604e61802605a9ac45419c82dd3e23404c56c4869f9502a5ef,24168 1 24679 2 24934 3 25190 7 25445 9 25701 12 25958 13 26214 14 26471 13 26728 12 26985 11 27243 9 27500 7 27757 6
ca20076870e8fb604e61802605a9ac45419c82dd3e23404c56c4869f9502a5ef,18814 4 19068 6 19322 9 19568 5 19577 10 19821 10 19832 10 20072 26 20328 25 20583 26 20839 25 21096 25 21352 25 21609 25 21866 24 22122 24 22378 23 22634 23 22890 23 23146 24 23403 23 23658 23 23913 24 24169 23 24424 24 24681 23 24937 24 25197 21 25454 8 25464 10 25713 4 25721 10 25978 9 26236 6 26494 4
ca20076870e8fb604e61802605a9ac45419c82dd3e23404c56c4869f9502a5ef,57965 5 58219 8 58474 9 58728 12 58983 13 59238 14 59494 13 59749 14 60005 11 60262 7 60518 2 60774 2
ca20076870e8fb604e61802605a9ac45419c82dd3e23404c56c4869f9502a5ef,59262 4 59516 6 59770 9 60016 5 60025 10 60269 10 60280 10 60520 26 60776 25 61031 26 61287 25 61544 25 61800 25 62057 25 62314 24 62570 23 62826 23 63082 23 63338 23 63594 24 63851 23 64106 23 64361 24 64616 24 64872 23 65127 25 65384 24
ca20076870e8fb604e61802605a9ac45419c82dd3e23404c56c4869f9502a5ef,36469 6 36724 5 36979 6 37235 5 37490 6 37747 4 38003 4 38260 3 38517 2 38775 1
ca20076870e8fb604e61802605a9ac45419c82dd3e23404c56c4869f9502a5ef,36729 4 36985 5 37240 7 37496 8 37751 10 38007 10 38263 8 38519 7 38776 5 39032 5 39290 2 39548 1
ca20076870e8fb604e61802605a9ac45419c82dd3e23404c56c4869f9502a5ef,38271 3 38526 6 38781 8 39037 9 39292 10 39549 10 39805 10 40062 8 40319 7 40576 5
ca20076870e8fb604e61802605a9ac45419c82dd3e23404c56c4869f9502a5ef,5755 2 6009 3 6263 6 6518 7 6773 9 7028 11 7284 13 7539 13 7795 13 8052 10 8308 9 8565 7 8822 4
ca20076870e8fb604e61802605a9ac45419c82dd3e23404c56c4869f9502a5ef,4736 5 4991 7 5246 8 5501 10 5757 10 6012 10 6269 9 6525 8 6782 5 7039 3
ca20076870e8fb604e61802605a9ac45419c82dd3e23404c56c4869f9502a5ef,46712 1 46966 2 47221 3 47476 4 47732 5 47987 6 48243 7 48500 7 48756 9 49013 7 49270 3
ca20076870e8fb604e61802605a9ac45419c82dd3e23404c56c4869f9502a5ef,45949 1 46203 2 46457 4 46713 5 46968 6 47224 7 47480 10 47737 8 47993 7 48250 6 48507 4
ca20076870e8fb604e61802605a9ac45419c82dd3e23404c56c4869f9502a5ef,45184 5 45439 7 45694 8 45950 9 46205 10 46461 9 46718 8 46974 7 47231 4
ca20076870e8fb604e61802605a9ac45419c82dd3e23404c56c4869f9502a5ef,10884 5 11139 6 11393 9 11647 11 11902 11 12157 12 12412 12 12668 11 12923 11 13179 10 13436 8 13692 5 13950 1
ca20076870e8fb604e61802605a9ac45419c82dd3e23404c56c4869f9502a5ef,31357 3 31612 6 31868 8 32123 10 32379 11 32636 11 32892 12 33149 12 33406 12 33664 12 33921 11 34179 10 34436 9 34694 6 34952 4
ca20076870e8fb604e61802605a9ac45419c82dd3e23404c56c4869f9502a5ef,51078 3 51333 4 51587 7 51841 9 52096 10 52350 11 52605 12 52860 12 53116 11 53371 11 53627 10 53884 8 54140 6
ca20076870e8fb604e61802605a9ac45419c82dd3e23404c56c4869f9502a5ef,13697 1 13951 2 14210 3 14464 5 14720 5 14975 6 15235 1
ca20076870e8fb604e61802605a9ac45419c82dd3e23404c56c4869f9502a5ef,6540 1 6794 3 7049 3 7304 4 7560 5 7815 6 8071 7 8326 8 8582 10 8838 9 9094 8 9351 6 9607 4
ca20076870e8fb604e61802605a9ac45419c82dd3e23404c56c4869f9502a5ef,6031 5 6286 8 6541 9 6797 10 7052 10 7308 10 7565 8 7821 8 8078 6 8334 4
ca20076870e8fb604e61802605a9ac45419c82dd3e23404c56c4869f9502a5ef,35719 5 35975 6 36230 8 36486 9 36742 11 36998 13 37255 13 37511 14 37768 14 38025 13 38282 13 38539 11 38796 10 39054 7
ca20076870e8fb604e61802605a9ac45419c82dd3e23404c56c4869f9502a5ef,46988 1 47242 3 47497 3 47752 4 48008 5 48263 6 48519 7 48774 8 49030 10 49286 9 49543 7 49799 6 50056 3
ca20076870e8fb604e61802605a9ac45419c82dd3e23404c56c4869f9502a5ef,46479 5 46734 8 46989 9 47245 10 47500 11 47756 10 48013 9 48269 8 48526 6 48782 4
ca20076870e8fb604e61802605a9ac45419c82dd3e23404c56c4869f9502a5ef,14735 1 14990 2 15246 3 15501 4 15757 5 16012 7 16268 9 16523 10 16779 9 17034 9 17290 8 17547 5 17803 4
ca20076870e8fb604e61802605a9ac45419c82dd3e23404c56c4869f9502a5ef,12949 5 13204 6 13459 8 13714 9 13969 10 14225 10 14480 10 14736 10 14992 9 15249 7 15505 7 15762 5 16019 3
ca20076870e8fb604e61802605a9ac45419c82dd3e23404c56c4869f9502a5ef,27275 3 27531 4 27786 7 28042 8 28299 8 28555 9 28812 9 29068 10 29325 9 29581 10 29838 10 30094 6 30351 3 30607 3 30864 1
ca20076870e8fb604e61802605a9ac45419c82dd3e23404c56c4869f9502a5ef,30100 4 30354 7 30610 8 30865 9 31121 10 31378 9 31634 9 31891 8 32148 7 32405 5 32663 2
ca20076870e8fb604e61802605a9ac45419c82dd3e23404c56c4869f9502a5ef,55183 1 55438 2 55694 3 55949 4 56205 5 56460 7 56716 9 56971 10 57227 9 57482 9 57738 8 57995 5 58251 4
ca20076870e8fb604e61802605a9ac45419c82dd3e23404c56c4869f9502a5ef,53397 5 53652 6 53907 8 54162 9 54417 10 54673 10 54928 10 55184 10 55440 9 55697 7 55953 7 56210 5 56467 3
ca20076870e8fb604e61802605a9ac45419c82dd3e23404c56c4869f9502a5ef,20887 4 21141 6 21396 7 21651 7 21906 8 22162 8 22417 9 22673 10 22929 10 23186 9 23442 9 23699 9 23956 8 24213 7 24471 4
ca20076870e8fb604e61802605a9ac45419c82dd3e23404c56c4869f9502a5ef,17831 5 18086 7 18339 11 18594 12 18849 14 19104 15 19359 17 19615 17 19870 18 20126 19 20381 20 20637 20 20893 20 21147 22 21403 22 21658 23 21914 23 22170 23 22426 23 22683 22 22939 22 23195 22 23451 22 23708 21 23964 21 24221 20 24478 19 24734 19 24990 19 25246 19 25503 17 25759 17 26016 16 26273 14 26529 14 26787 11 27045 9 27302 7 27560 3
ca20076870e8fb604e61802605a9ac45419c82dd3e23404c56c4869f9502a5ef,61335 4 61589 6 61844 7 62099 7 62354 8 62610 8 62865 9 63121 10 63377 10 63634 9 63890 9 64147 9 64404 8 64661 7 64919 4
ca20076870e8fb604e61802605a9ac45419c82dd3e23404c56c4869f9502a5ef,58279 5 58534 7 58788 10 59042 12 59297 14 59552 15 59807 17 60063 17 60318 18 60574 19 60829 20 61085 20 61341 20 61595 22 61851 22 62106 23 62362 23 62618 23 62874 23 63131 22 63387 21 63643 21 63899 21 64156 21 64412 21 64669 20 64926 19 65182 19 65439 17
ca20076870e8fb604e61802605a9ac45419c82dd3e23404c56c4869f9502a5ef,16791 4 17046 6 17302 6 17557 8 17813 8 18068 9 18324 8 18580 8 18836 7 19093 6 19349 5 19606 3
ca20076870e8fb604e61802605a9ac45419c82dd3e23404c56c4869f9502a5ef,57239 4 57494 6 57750 6 58005 8 58261 8 58517 8 58772 8 59028 8 59285 6 59541 6 59798 4
ca20076870e8fb604e61802605a9ac45419c82dd3e23404c56c4869f9502a5ef,25750 3 26006 4 26261 6 26517 6 26773 7 27029 7 27285 7 27541 7 27798 6 28054 5 28311 4
ca20076870e8fb604e61802605a9ac45419c82dd3e23404c56c4869f9502a5ef,7841 3 8096 5 8351 6 8606 8 8861 9 9117 9 9372 10 9627 10 9883 10 10138 11 10394 10 10649 11 10905 10 11161 10 11416 10 11673 9 11929 8 12186 6 12443 4
ca20076870e8fb604e61802605a9ac45419c82dd3e23404c56c4869f9502a5ef,32665 6 32921 7 33176 9 33432 10 33688 10 33944 11 34200 11 34456 12 34713 11 34969 11 35226 11 35482 11 35739 11 35996 10 36253 9 36509 9 36766 8 37023 6 37280 5
ca20076870e8fb604e61802605a9ac45419c82dd3e23404c56c4869f9502a5ef,48289 3 48544 5 48799 6 49054 8 49309 9 49565 9 49820 10 50075 10 50331 10 50586 11 50842 10 51097 11 51353 10 51609 10 51864 10 52121 9 52377 8 52634 6 52891 4
ca20076870e8fb604e61802605a9ac45419c82dd3e23404c56c4869f9502a5ef,3490 2 3746 2 4000 4 4256 4 4511 4 4766 5 5021 5 5277 5 5533 3 5790 1
ca20076870e8fb604e61802605a9ac45419c82dd3e23404c56c4869f9502a5ef,43938 2 44193 3 44448 4 44703 5 44959 4 45214 5 45469 5 45725 5 45981 4 46238 1
ca20076870e8fb604e61802605a9ac45419c82dd3e23404c56c4869f9502a5ef,2990 1 3003 1 3245 2 3259 1 3501 15 3756 15 4012 15 4267 16 4523 16 4779 16 5034 16 5290 16 5546 16 5802 16 6059 14 6315 14 6575 9 6830 10 7086 10 7342 9 7598 9 7854 8 8111 6 8367 5
ca20076870e8fb604e61802605a9ac45419c82dd3e23404c56c4869f9502a5ef,172 14 427 16 683 16 940 15 1196 16 1453 15 1710 14 1966 14 2222 14 2478 14 2734 14 2991 12 3247 12
ca20076870e8fb604e61802605a9ac45419c82dd3e23404c56c4869f9502a5ef,36783 4 37039 6 37294 8 37550 8 37806 9 38062 9 38318 10 38575 9 38829 12 39083 14 39339 15 39594 16 39850 16 40106 16 40362 17 40619 16 40875 16 41131 16 41388 15 41644 16 41901 15 42157 15 42414 1 42427 1 42670 1 42683 1
ca20076870e8fb604e61802605a9ac45419c82dd3e23404c56c4869f9502a5ef,42415 12 42671 12 42926 14 43182 14 43438 14 43693 15 43949 15 44204 16 44460 15 44715 16 44971 16 45227 16 45482 16 45738 16 45994 16 46250 16 46507 14 46763 14 47023 9 47278 10 47534 10 47790 9 48045 10 48302 8 48558 7 48815 5
ca20076870e8fb604e61802605a9ac45419c82dd3e23404c56c4869f9502a5ef,64694 5 64950 11 65205 13 65462 12
ca20076870e8fb604e61802605a9ac45419c82dd3e23404c56c4869f9502a5ef,15807 3 16061 7 16316 9 16571 10 16827 11 17082 12 17337 13 17593 13 17848 14 18104 14 18360 14 18615 15 18871 15 19126 15 19381 15 19637 15 19892 15 20148 16 20404 16 20661 12 20917 11 21174 6
ca20076870e8fb604e61802605a9ac45419c82dd3e23404c56c4869f9502a5ef,19141 5 19396 7 19652 7 19907 9 20164 7 20420 7 20677 5
ca20076870e8fb604e61802605a9ac45419c82dd3e23404c56c4869f9502a5ef,24246 6 24501 13 24757 14 24773 5 25012 23 25268 23 25524 24 25781 22 26037 22 26294 20 26551 16 26807 15 27064 14 27320 15 27577 13 27833 13 28090 12 28346 12 28603 10 28860 9 29117 7 29375 3
ca20076870e8fb604e61802605a9ac45419c82dd3e23404c56c4869f9502a5ef,56254 4 56509 7 56764 9 57019 10 57275 11 57530 12 57785 13 58041 13 58296 14 58552 14 58808 14 59063 15 59319 15 59574 14 59829 14 60085 14 60340 14 60596 15 60852 14 61109 12 61365 11 61622 5
ca20076870e8fb604e61802605a9ac45419c82dd3e23404c56c4869f9502a5ef,59588 6 59843 8 60099 8 60354 10 60611 8 60867 8 61125 5
ca20076870e8fb604e61802605a9ac45419c82dd3e23404c56c4869f9502a5ef,5846 4 6100 8 6355 10 6610 12 6866 13 7121 14 7377 15 7633 15 7889 15 8145 15 8401 15 8658 13 8914 13 9171 11 9428 9 9686 6
ca20076870e8fb604e61802605a9ac45419c82dd3e23404c56c4869f9502a5ef,35797 6 36051 11 36306 13 36562 13 36817 15 37073 15 37329 15 37585 15 37841 15 38097 15 38353 14 38610 13 38866 12 39123 10 39380 7
ca20076870e8fb604e61802605a9ac45419c82dd3e23404c56c4869f9502a5ef,46294 4 46548 8 46803 10 47058 12 47314 13 47569 14 47825 15 48081 15 48337 15 48593 15 48849 15 49106 13 49362 13 49619 11 49876 9 50134 6
ca20076870e8fb604e61802605a9ac45419c82dd3e23404c56c4869f9502a5ef,32983 4 33239 5 33494 7 33750 8 34005 10 34262 9 34518 10 34775 9 35032 9 35289 8 35547 5 35803 5
ca20076870e8fb604e61802605a9ac45419c82dd3e23404c56c4869f9502a5ef,9948 3 10202 5 10456 8 10711 9 10967 8 11222 9 11478 8 11734 8 11991 6 12247 5 12504 3
ca20076870e8fb604e61802605a9ac45419c82dd3e23404c56c4869f9502a5ef,50396 3 50650 5 50904 8 51159 9 51415 8 51670 9 51926 8 52182 8 52439 6 52695 5 52952 3
ca20076870e8fb604e61802605a9ac45419c82dd3e23404c56c4869f9502a5ef,739 3 992 8 1246 10 1501 12 1756 12 2012 13 2267 14 2523 14 2780 12 3036 12 3293 11 3550 10 3807 8 4065 6
ca20076870e8fb604e61802605a9ac45419c82dd3e23404c56c4869f9502a5ef,41694 5 41949 7 42204 8 42460 9 42715 10 42971 11 43228 10 43484 10 43741 8 43998 7 44255 5
ca20076870e8fb604e61802605a9ac45419c82dd3e23404c56c4869f9502a5ef,12263 3 12518 5 12773 8 13023 5 13029 9 13278 16 13533 18 13789 18 14044 19 14300 19 14557 17 14813 17 15070 15 15326 15 15583 14 15840 12 16100 8 16356 7 16613 5 16869 5 17126 3
ca20076870e8fb604e61802605a9ac45419c82dd3e23404c56c4869f9502a5ef,28390 3 28645 5 28900 7 29156 7 29411 9 29663 13 29919 14 30174 15 30430 15 30685 17 30941 18 31196 19 31452 20 31709 18 31965 18 32222 16 32480 3 32485 8 32741 7 32998 5
ca20076870e8fb604e61802605a9ac45419c82dd3e23404c56c4869f9502a5ef,52711 3 52966 5 53221 8 53471 5 53477 9 53726 16 53981 18 54237 18 54492 19 54748 19 55005 17 55261 17 55518 15 55774 15 56031 14 56288 12 56548 8 56804 7 57061 5 57317 5
ca20076870e8fb604e61802605a9ac45419c82dd3e23404c56c4869f9502a5ef,63973 3 64228 7 64483 9 64738 11 64994 11 65250 12 65506 12
ca20076870e8fb604e61802605a9ac45419c82dd3e23404c56c4869f9502a5ef,17130 7 17385 8 17639 11 17895 11 18150 13 18405 14 18661 14 18916 15 19171 15 19427 15 19682 14 19938 14 20194 13 20450 12 20706 12 20962 11 21219 9 21475 8 21732 6
ca20076870e8fb604e61802605a9ac45419c82dd3e23404c56c4869f9502a5ef,23525 4 23780 7 24035 9 24291 10 24546 11 24802 12 25058 12 25314 13 25570 7 25827 2 26083 2 26596 1
ca20076870e8fb604e61802605a9ac45419c82dd3e23404c56c4869f9502a5ef,25577 7 25829 12 26085 13 26340 14 26597 14 26853 14 27110 13 27366 13 27623 12 27880 11 28137 9 28395 7
ca20076870e8fb604e61802605a9ac45419c82dd3e23404c56c4869f9502a5ef,57579 5 57833 7 58088 9 58343 10 58598 12 58853 13 59109 13 59364 14 59619 14 59875 14 60130 14 60386 13 60642 13 60898 12 61154 11 61410 11 61667 9 61923 8 62181 5
ca20076870e8fb604e61802605a9ac45419c82dd3e23404c56c4869f9502a5ef,2547 1 2803 1
ca20076870e8fb604e61802605a9ac45419c82dd3e23404c56c4869f9502a5ef,3059 1 3315 1 3571 1 3827 2 4083 4 4340 3 4597 3 4854 3 5111 3
ca20076870e8fb604e61802605a9ac45419c82dd3e23404c56c4869f9502a5ef,21494 4 21501 4 21749 7 21757 4 22004 13 22260 13 22515 14 22771 14 23028 13 23284 13 23541 12 23798 5 23805 4 24061 4 24319 2
ca20076870e8fb604e61802605a9ac45419c82dd3e23404c56c4869f9502a5ef,61942 4 62197 6 62452 11 62708 12 62963 13 63219 14 63476 12 63732 12 63989 10 64246 5
d616d323a9eeb9da1b66f8d5df671d63c092c9919cb2c0b223e29c63257c944d,24068 2 24323 3 24578 3 24834 2 25090 2 25347 1
d616d323a9eeb9da1b66f8d5df671d63c092c9919cb2c0b223e29c63257c944d,24070 2 24326 2 24583 2 24839 2 25095 2 25351 2
d616d323a9eeb9da1b66f8d5df671d63c092c9919cb2c0b223e29c63257c944d,60423 2 60674 3 60679 2 60930 2 60935 2 61186 3 61191 3 61443 2 61446 3 61699 6 61957 3
d616d323a9eeb9da1b66f8d5df671d63c092c9919cb2c0b223e29c63257c944d,6917 6 7173 6 7428 8 7684 8 7939 9 8195 9 8451 9 8707 9 8963 9 9219 8 9475 8 9731 7 9987 7 10244 5 10500 4
d616d323a9eeb9da1b66f8d5df671d63c092c9919cb2c0b223e29c63257c944d,34564 4 34820 5 35075 7 35331 7 35587 8 35843 8 36099 9 36355 9 36611 9 36867 9 37123 9 37380 8 37636 8 37892 7 38149 6 38405 5
d616d323a9eeb9da1b66f8d5df671d63c092c9919cb2c0b223e29c63257c944d,47877 6 48133 6 48388 8 48644 8 48899 9 49155 9 49411 9 49667 8 49923 8 50179 8 50435 8 50691 7 50947 7 51204 5 51460 4
d616d323a9eeb9da1b66f8d5df671d63c092c9919cb2c0b223e29c63257c944d,40202 4 40457 6 40712 7 40968 8 41223 9 41479 10 41734 10 41990 10 42246 9 42502 9 42758 9 43013 10 43270 9 43526 9 43783 8 44039 9 44294 10 44551 10 44807 10 45064 8 45320 8 45577 6 45834 3
d616d323a9eeb9da1b66f8d5df671d63c092c9919cb2c0b223e29c63257c944d,40724 7 40980 8 41235 10 41490 12 41744 14 42000 15 42255 15 42511 15 42767 14 43023 13 43279 14 43535 15 43791 15 44048 15 44304 14 44562 12 44819 10 45076 8
d616d323a9eeb9da1b66f8d5df671d63c092c9919cb2c0b223e29c63257c944d,9 7 264 8 520 8 775 8 1031 8 1286 9 1542 9 1798 9 2054 9 2310 9 2567 8 2823 8 3079 9 3335 9 3591 10 3847 10 4104 8 4360 8 4617 6 4874 3
d616d323a9eeb9da1b66f8d5df671d63c092c9919cb2c0b223e29c63257c944d,20 9 272 1 275 11 528 1 530 12 783 15 1039 15 1295 15 1551 14 1807 14 2063 13 2319 14 2575 15 2831 15 3088 15 3344 14 3602 12 3859 10 4116 7
d616d323a9eeb9da1b66f8d5df671d63c092c9919cb2c0b223e29c63257c944d,19984 1 20239 3 20494 4 20749 8 21004 9 21259 10 21515 10 21770 10 22026 5 22034 2 22283 4 22290 1 22539 3
d616d323a9eeb9da1b66f8d5df671d63c092c9919cb2c0b223e29c63257c944d,22031 3 22287 3 22542 5 22798 5 23052 8 23308 8 23563 10 23820 9 24076 9 24333 5 24590 4 24847 2
d616d323a9eeb9da1b66f8d5df671d63c092c9919cb2c0b223e29c63257c944d,17427 3 17682 5 17938 5 18193 7 18449 7 18705 7 18961 7 19217 7 19473 7 19729 6 19985 6 20242 3 20498 3
d616d323a9eeb9da1b66f8d5df671d63c092c9919cb2c0b223e29c63257c944d,24338 3 24594 3 24849 5 25105 6 25361 6 25617 7 25873 7 26128 8 26385 7 26641 7 26897 7 27154 5 27410 5 27667 3
d616d323a9eeb9da1b66f8d5df671d63c092c9919cb2c0b223e29c63257c944d,60944 1 61199 3 61453 5 61709 8 61964 9 62219 10 62475 10 62730 10 62986 10 63250 1
d616d323a9eeb9da1b66f8d5df671d63c092c9919cb2c0b223e29c63257c944d,63243 7 63499 8 63754 9 64011 9 64267 9 64523 10 64780 9 65036 8 65293 7
d616d323a9eeb9da1b66f8d5df671d63c092c9919cb2c0b223e29c63257c944d,58386 4 58642 5 58897 6 59153 7 59409 7 59665 7 59921 7 60177 7 60433 7 60689 6 60945 6 61202 4 61458 3
d616d323a9eeb9da1b66f8d5df671d63c092c9919cb2c0b223e29c63257c944d,5151 4 5401 3 5405 6 5655 13 5910 14 6165 15 6421 15 6676 16 6932 16 7188 16 7444 15 7700 15 7956 15 8213 13 8469 13 8726 11 8983 10 9241 7
d616d323a9eeb9da1b66f8d5df671d63c092c9919cb2c0b223e29c63257c944d,35610 5 35864 9 36118 11 36374 12 36629 13 36885 14 37140 15 37396 16 37652 16 37908 16 38164 16 38421 16 38677 16 38934 15 39191 14 39448 12 39709 7 39967 4
d616d323a9eeb9da1b66f8d5df671d63c092c9919cb2c0b223e29c63257c944d,46111 4 46361 3 46365 6 46615 13 46870 14 47125 16 47381 16 47636 16 47892 16 48148 16 48404 15 48660 15 48916 15 49173 13 49429 13 49686 11 49943 10 50201 7
d616d323a9eeb9da1b66f8d5df671d63c092c9919cb2c0b223e29c63257c944d,21026 1 21035 1 21282 2 21291 1 21538 10 21793 10 22049 10 22305 4 22314 1 22561 1 22570 1 22817 1
d616d323a9eeb9da1b66f8d5df671d63c092c9919cb2c0b223e29c63257c944d,18209 6 18465 7 18720 9 18976 10 19233 10 19489 10 19745 11 20001 11 20258 10 20514 10 20771 9 21027 8 21284 7
d616d323a9eeb9da1b66f8d5df671d63c092c9919cb2c0b223e29c63257c944d,22309 5 22562 8 22818 9 23073 10 23329 10 23586 1 23595 1 23842 1 23851 1
d616d323a9eeb9da1b66f8d5df671d63c092c9919cb2c0b223e29c63257c944d,23587 8 23843 8 24098 10 24354 10 24610 10 24865 11 25121 11 25377 10 25633 10 25889 9 26145 9 26402 7 26658 6
d616d323a9eeb9da1b66f8d5df671d63c092c9919cb2c0b223e29c63257c944d,59169 6 59425 7 59680 9 59936 10 60193 10 60449 10 60705 11 60961 11 61218 10 61474 1 61483 1 61739 1
d616d323a9eeb9da1b66f8d5df671d63c092c9919cb2c0b223e29c63257c944d,61475 8 61731 8 61986 10 62242 10 62498 10 62753 10 63009 1 63018 1 63265 1 63274 1
d616d323a9eeb9da1b66f8d5df671d63c092c9919cb2c0b223e29c63257c944d,63010 8 63266 8 63521 10 63777 10 64033 10 64289 11 64546 10 64802 10 65058 10 65314 10
d616d323a9eeb9da1b66f8d5df671d63c092c9919cb2c0b223e29c63257c944d,9264 1 9520 2 9775 3 10031 6 10286 8 10542 13 10798 13 11054 13 11310 12 11566 12 11822 12 12079 11 12335 11 12591 11 12848 9 13104 9 13361 7 13618 5
d616d323a9eeb9da1b66f8d5df671d63c092c9919cb2c0b223e29c63257c944d,7478 6 7732 9 7987 11 8243 11 8498 13 8754 13 9009 14 9265 15 9522 14 9778 13 10037 10 10294 6
d616d323a9eeb9da1b66f8d5df671d63c092c9919cb2c0b223e29c63257c944d,31283 3 31537 6 31793 7 32048 9 32304 10 32559 11 32815 12 33071 12 33326 13 33582 13 33838 13 34094 13 34350 7 34606 2 34862 2 35375 1
d616d323a9eeb9da1b66f8d5df671d63c092c9919cb2c0b223e29c63257c944d,34357 7 34608 13 34864 14 35119 16 35376 15 35632 16 35889 14 36145 14 36402 12 36658 12 36915 10 37172 9 37430 6 37687 4
d616d323a9eeb9da1b66f8d5df671d63c092c9919cb2c0b223e29c63257c944d,48438 5 48693 8 48947 11 49203 11 49458 13 49714 13 49969 14 50224 16 50480 15 50735 16 50991 15 51246 13 51502 13 51758 13 52014 13 52270 12 52526 12 52782 12 53039 11 53295 11 53551 11 53808 9 54064 9 54321 7 54578 5
d616d323a9eeb9da1b66f8d5df671d63c092c9919cb2c0b223e29c63257c944d,14648 6 14903 8 15159 8 15414 10 15670 10 15926 13 16182 14 16438 14 16694 15 16950 15 17206 15 17462 15 17719 14 17975 15 18231 15 18487 15 18744 14 19000 14 19257 13 19513 13 19771 11 20029 8 20285 8 20541 7 20798 6 21054 5 21311 4
d616d323a9eeb9da1b66f8d5df671d63c092c9919cb2c0b223e29c63257c944d,23870 5 24126 6 24381 7 24637 8 24893 8 25149 9 25402 12 25657 13 25912 14 26168 14 26423 15 26679 15 26935 15 27191 15 27446 16 27702 15 27958 15 28214 15 28470 15 28726 14 28982 14 29238 11 29494 10 29750 10 30007 8 30263 7 30520 5
d616d323a9eeb9da1b66f8d5df671d63c092c9919cb2c0b223e29c63257c944d,55608 6 55863 8 56119 8 56374 10 56630 10 56886 13 57142 14 57398 14 57654 15 57910 15 58166 15 58422 15 58679 14 58935 15 59191 15 59447 15 59703 15 59960 14 60216 14 60473 13 60731 11 60989 8 61245 8 61501 7 61758 6 62014 5 62271 4
d616d323a9eeb9da1b66f8d5df671d63c092c9919cb2c0b223e29c63257c944d,64574 5 64830 6 65085 7 65341 8
d616d323a9eeb9da1b66f8d5df671d63c092c9919cb2c0b223e29c63257c944d,9795 2 10050 3 10305 3 10560 4 10816 4 11071 6 11326 7 11582 8 11837 10 12094 8 12350 7 12607 6 12864 4 13121 3 13379 1
d616d323a9eeb9da1b66f8d5df671d63c092c9919cb2c0b223e29c63257c944d,12102 2 12357 4 12613 4 12868 6 13124 7 13380 8 13637 10 13893 9 14149 8 14406 6 14662 4
d616d323a9eeb9da1b66f8d5df671d63c092c9919cb2c0b223e29c63257c944d,4435 9 4690 11 4946 12 5201 13 5455 16 5707 20 5962 20 6218 20 6473 20 6729 20 6985 20 7242 18 7498 18 7754 18 8010 18 8266 18 8522 17 8778 17 9034 17 9286 21 9542 21 9797 23 10053 23 10308 25 10564 25 10820 24 11077 22 11333 22 11590 2 11594 16 11847 1 11851 15 12106 15 12361 11 12617 10 12874 9 13131 7 13388 4
d616d323a9eeb9da1b66f8d5df671d63c092c9919cb2c0b223e29c63257c944d,4707 4 4961 7 5216 9 5472 9 5727 11 5983 11 6239 11 6495 11 6749 13 7005 13 7260 14 7516 14 7772 14 8028 14 8284 14 8539 15 8795 14 9051 14 9307 14 9563 13 9820 12 10076 11 10334 9 10591 7 10847 7 11104 5 11360 5
d616d323a9eeb9da1b66f8d5df671d63c092c9919cb2c0b223e29c63257c944d,31810 3 32065 4 32319 7 32574 8 32830 10 33085 11 33341 11 33598 10 33854 10 34111 10 34368 8 34625 7 34882 5 35139 4
d616d323a9eeb9da1b66f8d5df671d63c092c9919cb2c0b223e29c63257c944d,50755 2 51010 3 51265 3 51520 4 51776 4 52031 6 52286 7 52542 8 52797 10 53054 8 53310 7 53567 6 53824 4 54081 3 54339 1
d616d323a9eeb9da1b66f8d5df671d63c092c9919cb2c0b223e29c63257c944d,53062 2 53317 4 53573 4 53828 6 54084 7 54340 8 54597 10 54853 9 55109 8 55366 6 55622 4
d616d323a9eeb9da1b66f8d5df671d63c092c9919cb2c0b223e29c63257c944d,45395 9 45651 10 45906 12 46161 13 46415 16 46667 20 46922 20 47178 20 47433 20 47689 20 47945 20 48202 18 48458 18 48714 18 48970 18 49226 18 49482 17 49738 17 49994 17 50246 21 50502 21 50757 23 51013 23 51268 25 51524 25 51780 24 52037 22 52293 22 52550 2 52554 16 52807 1 52811 15 53066 15 53321 11 53577 10 53834 9 54091 7 54348 4
d616d323a9eeb9da1b66f8d5df671d63c092c9919cb2c0b223e29c63257c944d,45667 4 45921 7 46176 9 46432 9 46687 11 46943 11 47199 11 47455 11 47709 13 47965 13 48220 14 48476 14 48732 14 48988 14 49244 14 49499 15 49755 14 50011 14 50267 14 50523 13 50780 12 51036 11 51294 9 51551 7 51807 7 52064 5 52320 5
d616d323a9eeb9da1b66f8d5df671d63c092c9919cb2c0b223e29c63257c944d,20555 4 20810 6 21063 10 21318 11 21572 14 21827 15 22083 14 22338 15 22594 15 22851 14 23107 14 23364 14 23622 12 23878 11 24136 9 24394 6 24651 4
d616d323a9eeb9da1b66f8d5df671d63c092c9919cb2c0b223e29c63257c944d,61515 5 61770 7 62023 10 62278 12 62532 14 62787 15 63043 14 63298 15 63554 15 63810 15 64067 14 64323 15 64581 13 64838 11 65095 10 65353 7
d616d323a9eeb9da1b66f8d5df671d63c092c9919cb2c0b223e29c63257c944d,30277 4 30533 6 30788 8 31044 9 31301 9 31557 6 31814 4 32069 5 32326 3 32582 4 32841 1
d616d323a9eeb9da1b66f8d5df671d63c092c9919cb2c0b223e29c63257c944d,35404 3 35660 4 35915 2 36171 1 36176 1 36427 1
d616d323a9eeb9da1b66f8d5df671d63c092c9919cb2c0b223e29c63257c944d,31563 5 31818 7 32074 8 32329 10 32586 9 32842 7 33099 6 33355 5 33610 6 33867 6 34123 5
d616d323a9eeb9da1b66f8d5df671d63c092c9919cb2c0b223e29c63257c944d,35917 3 36172 4 36428 5 36683 6 36939 6 37194 6 37450 6 37704 7 37960 7 38215 8 38472 6 38728 6 38985 5 39242 5 39500 3
d616d323a9eeb9da1b66f8d5df671d63c092c9919cb2c0b223e29c63257c944d,32849 6 33105 8 33360 10 33616 10 33873 10 34129 6 34386 4 34643 3 34900 1
d616d323a9eeb9da1b66f8d5df671d63c092c9919cb2c0b223e29c63257c944d,36948 1 37200 4 37456 5 37711 6 37967 9 38223 11 38478 15 38734 16 38990 16 39247 15 39503 16 39760 14 40017 13 40274 11 40531 9 40788 7
d616d323a9eeb9da1b66f8d5df671d63c092c9919cb2c0b223e29c63257c944d,33633 3 33888 5 34135 5 34143 7 34390 6 34399 7 34646 7 34654 9 34901 8 34910 9 35157 18 35414 18 35670 18 35926 19 36182 19 36438 19 36693 21 36949 21 37204 22 37461 21 37717 21 37976 18 38234 16 38495 11 38751 11 39007 11 39263 11 39520 10 39776 9 40033 8 40290 5
d616d323a9eeb9da1b66f8d5df671d63c092c9919cb2c0b223e29c63257c944d,17003 1 17258 1 17513 2 17768 3 18023 4 18279 4 18534 6 18790 6 19045 8 19301 9 19557 9 19813 9 20069 10 20326 9 20582 11 20839 9 21096 6 21353 3
d616d323a9eeb9da1b66f8d5df671d63c092c9919cb2c0b223e29c63257c944d,15984 2 16239 3 16494 5 16748 7 17004 8 17259 11 17515 12 17771 13 18027 15 18283 15 18540 13 18796 12 19053 10 19310 8 19566 7 19822 6 20079 4 20335 3
d616d323a9eeb9da1b66f8d5df671d63c092c9919cb2c0b223e29c63257c944d,10608 3 10862 7 11118 8 11373 16 11629 18 11885 19 12141 20 12398 20 12654 21 12910 21 13167 21 13423 21 13680 21 13936 21 14193 21 14449 21 14705 21 14962 20 15218 21 15474 21 15731 20 15986 21 16242 21 16499 20 16755 21 17012 19 17270 17 17527 16 17784 3 17789 10 18045 9 18302 8 18558 7 18815 5
d616d323a9eeb9da1b66f8d5df671d63c092c9919cb2c0b223e29c63257c944d,23913 4 24167 8 24422 11 24678 12 24933 14 25189 14 25445 15 25701 16 25957 12 26213 12 26470 10 26726 10 26983 9 27240 8 27496 7 27753 6 28010 5 28267 4 28524 3 28782 2 29039 1
d616d323a9eeb9da1b66f8d5df671d63c092c9919cb2c0b223e29c63257c944d,25969 5 26225 6 26480 8 26736 9 26992 10 27248 11 27503 12 27759 9 28015 7 28271 5 28527 4 28784 3 29040 2 29297 1
d616d323a9eeb9da1b66f8d5df671d63c092c9919cb2c0b223e29c63257c944d,26495 5 26750 7 27005 9 27261 9 27516 11 27768 15 28022 17 28276 19 28531 21 28787 20 29042 21 29298 21 29555 20 29811 20 30066 21 30322 20 30577 21 30833 21 31088 22 31344 21 31599 22 31855 21 32110 22 32366 21 32622 20 32877 21 33133 20 33389 19 33645 17 33902 9 34158 7 34415 5
d616d323a9eeb9da1b66f8d5df671d63c092c9919cb2c0b223e29c63257c944d,57963 1 58218 1 58473 2 58728 3 58983 4 59239 4 59494 6 59750 6 60005 8 60261 9 60517 9 60773 9 61029 10 61286 9 61542 11 61799 9 62056 6
d616d323a9eeb9da1b66f8d5df671d63c092c9919cb2c0b223e29c63257c944d,56944 2 57199 3 57454 5 57708 7 57964 8 58219 11 58475 12 58731 13 58987 15 59243 15 59500 13 59756 12 60013 10 60270 8 60526 7 60782 6 61039 4 61295 3
d616d323a9eeb9da1b66f8d5df671d63c092c9919cb2c0b223e29c63257c944d,51568 3 51822 7 52078 8 52333 16 52589 18 52845 19 53101 20 53358 20 53614 21 53870 21 54127 21 54383 21 54640 21 54896 21 55152 22 55409 21 55665 21 55922 20 56178 21 56434 21 56691 20 56946 21 57202 21 57459 20 57715 21 57972 19 58230 17 58487 16 58744 3 58749 10 59005 9 59262 8 59518 7 59775 5
d616d323a9eeb9da1b66f8d5df671d63c092c9919cb2c0b223e29c63257c944d,64646 4 64901 7 65156 9 65412 9
d616d323a9eeb9da1b66f8d5df671d63c092c9919cb2c0b223e29c63257c944d,6026 4 6280 6 6535 8 6790 8 7045 9 7300 11 7556 11 7811 12 8067 12 8323 12 8579 12 8835 11 9091 11 9347 11 9603 11 9860 10 10116 10 10372 10 10629 9 10885 9 11141 9 11398 8 11654 8 11911 8 12168 7 12426 5
d616d323a9eeb9da1b66f8d5df671d63c092c9919cb2c0b223e29c63257c944d,8335 1 8591 1 8846 3 9102 3 9358 4 9614 5 9870 6 10126 8 10382 9 10638 10 10894 11 11150 14 11406 14 11662 13 11919 11 12175 10 12435 4
d616d323a9eeb9da1b66f8d5df671d63c092c9919cb2c0b223e29c63257c944d,2967 7 3222 9 3478 10 3733 12 3989 9 4245 8 4501 7 4758 6 5014 5 5271 4
d616d323a9eeb9da1b66f8d5df671d63c092c9919cb2c0b223e29c63257c944d,6034 9 6290 9 6545 10 6802 10 7057 11 7313 13 7569 14 7825 18 8081 20 8336 22 8592 23 8849 22 9105 23 9362 22 9619 21 9876 20 10134 17 10391 16 10648 14 10905 11
d616d323a9eeb9da1b66f8d5df671d63c092c9919cb2c0b223e29c63257c944d,3998 4 4253 6 4508 10 4764 12 5019 14 5275 15 5532 15 5788 16 6044 16 6299 18 6555 17 6812 16 7068 15 7326 12 7583 9
d616d323a9eeb9da1b66f8d5df671d63c092c9919cb2c0b223e29c63257c944d,32906 4 33160 7 33415 8 33670 9 33926 8 34181 9 34437 9 34692 10 34948 10 35204 10 35459 11 35715 11 35971 11 36227 11 36483 11 36739 12 36995 12 37251 12 37507 12 37764 11 38020 11 38277 9 38534 9 38791 8 39048 6 39306 4
d616d323a9eeb9da1b66f8d5df671d63c092c9919cb2c0b223e29c63257c944d,32914 5 33169 8 33423 11 33679 12 33934 14 34190 21 34446 22 34702 24 34958 25 35214 25 35470 26 35726 26 35982 26 36238 26 36494 25 36751 24 37007 23 37264 20 37521 15 37777 14 38033 12 38290 11 38546 10 38801 11 39058 9 39314 6
d616d323a9eeb9da1b66f8d5df671d63c092c9919cb2c0b223e29c63257c944d,40087 5 40342 6 40598 7 40853 8 41109 9 41365 12 41621 12 41878 10 42134 8 42392 5
d616d323a9eeb9da1b66f8d5df671d63c092c9919cb2c0b223e29c63257c944d,37536 5 37791 10 38045 13 38301 14 38556 16 38812 16 39069 16 39325 15 39581 15 39836 15 40092 14 40348 13 40605 10 40861 8 41118 4
d616d323a9eeb9da1b66f8d5df671d63c092c9919cb2c0b223e29c63257c944d,46986 4 47240 6 47495 8 47750 8 48005 9 48260 11 48516 11 48771 12 49027 12 49283 12 49539 12 49795 11 50051 11 50307 11 50563 11 50820 10 51076 10 51332 10 51589 9 51845 9 52101 9 52358 8 52614 8 52871 8 53128 7 53386 5
d616d323a9eeb9da1b66f8d5df671d63c092c9919cb2c0b223e29c63257c944d,49295 1 49551 1 49806 3 50062 3 50318 4 50574 5 50830 6 51086 8 51342 9 51598 10 51854 11 52110 14 52366 14 52622 13 52879 11 53135 10 53395 4
d616d323a9eeb9da1b66f8d5df671d63c092c9919cb2c0b223e29c63257c944d,43927 6 44182 9 44438 10 44693 12 44949 10 45205 9 45461 8 45718 7 45974 6 46231 5
d616d323a9eeb9da1b66f8d5df671d63c092c9919cb2c0b223e29c63257c944d,46994 9 47250 10 47505 11 47762 11 48017 12 48273 13 48529 14 48785 18 49041 20 49296 22 49552 23 49809 22 50065 23 50322 22 50579 21 50836 20 51094 17 51351 16 51608 14 51865 11
d616d323a9eeb9da1b66f8d5df671d63c092c9919cb2c0b223e29c63257c944d,44959 3 45214 5 45469 9 45725 11 45980 13 46236 14 46492 15 46749 15 47004 16 47260 17 47516 16 47773 15 48029 14 48286 12 48543 9
d616d323a9eeb9da1b66f8d5df671d63c092c9919cb2c0b223e29c63257c944d,19592 5 19847 7 20101 9 20357 10 20612 11 20868 10 21125 9 21381 7
d616d323a9eeb9da1b66f8d5df671d63c092c9919cb2c0b223e29c63257c944d,23687 3 23941 7 24197 9 24452 10 24708 11 24965 10 25221 9 25478 8 25735 5
d616d323a9eeb9da1b66f8d5df671d63c092c9919cb2c0b223e29c63257c944d,60552 5 60806 8 61061 9 61317 10 61572 11 61828 10 62085 9 62341 7
d616d323a9eeb9da1b66f8d5df671d63c092c9919cb2c0b223e29c63257c944d,391 3 646 5 902 5 1157 7 1413 7 1669 7 1926 1 1931 1
d616d323a9eeb9da1b66f8d5df671d63c092c9919cb2c0b223e29c63257c944d,1927 4 2182 5 2438 6 2693 7 2949 7 3205 7 3462 5 3718 5
d616d323a9eeb9da1b66f8d5df671d63c092c9919cb2c0b223e29c63257c944d,41606 5 41862 5 42117 7 42373 7 42629 7 42886 1 42891 1
d616d323a9eeb9da1b66f8d5df671d63c092c9919cb2c0b223e29c63257c944d,42887 4 43142 5 43398 6 43653 7 43909 7 44165 7 44422 5 44678 5
d616d323a9eeb9da1b66f8d5df671d63c092c9919cb2c0b223e29c63257c944d,13202 4 13458 6 13713 8 13969 9 14226 10 14482 12 14739 12 14996 11 15252 12 15509 11 15765 11 16021 1 16030 1 16277 1 16286 1
d616d323a9eeb9da1b66f8d5df671d63c092c9919cb2c0b223e29c63257c944d,16022 8 16278 8 16533 10 16789 10 17045 11 17301 8 17557 7 17814 5 18070 5 18327 3 18584 2
d616d323a9eeb9da1b66f8d5df671d63c092c9919cb2c0b223e29c63257c944d,26776 2 27031 3 27286 5 27542 5 27797 7 28053 11 28309 11 28565 1 28574 2 28821 1
d616d323a9eeb9da1b66f8d5df671d63c092c9919cb2c0b223e29c63257c944d,28566 8 28822 9 29077 10 29333 11 29589 11 29845 11 30100 12 30356 11 30611 12 30866 11 31122 9 31377 9 31633 8 31890 6 32146 4
d616d323a9eeb9da1b66f8d5df671d63c092c9919cb2c0b223e29c63257c944d,17309 4 17564 9 17819 11 18075 12 18330 14 18586 14 18842 15 19099 14 19355 14 19611 14 19868 14 20124 13 20381 12 20638 11 20903 2 21160 1 21416 1
d616d323a9eeb9da1b66f8d5df671d63c092c9919cb2c0b223e29c63257c944d,23976 1 24232 1 24479 4 24487 2 24733 13 24988 14 25244 13 25499 15 25755 14 26011 14 26267 14 26522 14 26778 14 27034 13 27291 12 27547 11 27804 8
d616d323a9eeb9da1b66f8d5df671d63c092c9919cb2c0b223e29c63257c944d,20900 3 21155 5 21410 6 21666 7 21921 7 22177 7 22432 7 22688 7 22944 7 23201 7 23457 7 23714 7 23971 5 24227 5 24484 3
d616d323a9eeb9da1b66f8d5df671d63c092c9919cb2c0b223e29c63257c944d,54162 4 54418 6 54673 8 54929 9 55186 10 55442 12 55699 12 55956 11 56212 12 56469 11 56725 1 56734 2 56981 1 56990 1
d616d323a9eeb9da1b66f8d5df671d63c092c9919cb2c0b223e29c63257c944d,56726 8 56982 8 57237 10 57493 10 57749 11 58005 11 58261 8 58517 7 58774 5 59030 5 59287 3 59544 2
d616d323a9eeb9da1b66f8d5df671d63c092c9919cb2c0b223e29c63257c944d,58269 4 58524 9 58779 11 59035 12 59290 14 59546 14 59802 15 60059 14 60315 14 60571 14 60828 14 61084 13 61341 12 61598 11 61863 2 62120 1 62376 1
d616d323a9eeb9da1b66f8d5df671d63c092c9919cb2c0b223e29c63257c944d,61860 3 62115 5 62370 6 62626 7 62881 7 63137 7 63392 7 63648 7 63904 7 64161 7 64417 7 64674 7 64931 6 65187 6 65444 5
d616d323a9eeb9da1b66f8d5df671d63c092c9919cb2c0b223e29c63257c944d,149 11 405 12 661 11 918 10 1174 8 1432 5
d616d323a9eeb9da1b66f8d5df671d63c092c9919cb2c0b223e29c63257c944d,1696 2 1950 6 2206 6 2213 1 2463 5
d616d323a9eeb9da1b66f8d5df671d63c092c9919cb2c0b223e29c63257c944d,42911 5 43166 6 43423 4
d616d323a9eeb9da1b66f8d5df671d63c092c9919cb2c0b223e29c63257c944d,11944 4 12199 6 12455 6 12710 8 12966 8 13221 9 13477 9 13732 10 13988 10 14244 10 14500 11 14756 11 15013 11 15269 11 15525 12 15781 12 16038 11 16294 11 16550 10 16806 10 17062 10 17319 9 17575 8 17832 7 18089 5 18346 3
d616d323a9eeb9da1b66f8d5df671d63c092c9919cb2c0b223e29c63257c944d,30884 2 31140 2 31396 10 31652 10 31909 9 32165 9 32422 8 32678 7 32935 6 33192 4
d616d323a9eeb9da1b66f8d5df671d63c092c9919cb2c0b223e29c63257c944d,27050 3 27304 6 27560 7 27815 8 28071 9 28326 10 28582 10 28838 10 29094 10 29349 12 29605 12 29861 12 30117 11 30373 11 30629 10 30886 8 31142 8
d616d323a9eeb9da1b66f8d5df671d63c092c9919cb2c0b223e29c63257c944d,52904 4 53159 6 53415 6 53670 8 53926 8 54181 9 54437 9 54692 10 54948 10 55204 10 55460 11 55716 11 55973 11 56229 11 56485 12 56741 12 56998 11 57254 11 57510 10 57766 10 58022 10 58279 9 58535 8 58792 7 59049 5 59306 3
d616d323a9eeb9da1b66f8d5df671d63c092c9919cb2c0b223e29c63257c944d,21165 6 21421 8 21676 10 21932 11 22187 13 22443 13 22699 14 22955 13 23211 13 23467 12 23724 10 23980 8 24237 6
d616d323a9eeb9da1b66f8d5df671d63c092c9919cb2c0b223e29c63257c944d,61870 4 62125 6 62381 8 62636 10 62892 11 63147 13 63403 13 63659 14 63915 13 64171 13 64427 12 64683 11 64940 9 65196 7 65453 5
d616d323a9eeb9da1b66f8d5df671d63c092c9919cb2c0b223e29c63257c944d,5296 4 5552 5 5807 7 6063 13 6319 13 6576 13 6832 13 7089 13 7345 13 7602 12 7858 13 8115 12 8371 12 8627 12 8884 11 9140 11 9397 11 9654 10 9910 10 10167 9 10423 9 10680 7 10938 5
d616d323a9eeb9da1b66f8d5df671d63c092c9919cb2c0b223e29c63257c944d,34489 5 34744 7 34999 8 35254 10 35510 10 35765 11 36021 11 36276 11 36532 11 36788 11 37043 12 37299 12 37554 13 37810 13 38065 13 38320 14 38576 14 38831 14 39087 14 39343 13 39599 7 39608 3 39856 5 40112 3
d616d323a9eeb9da1b66f8d5df671d63c092c9919cb2c0b223e29c63257c944d,46256 4 46512 5 46767 7 47023 13 47279 13 47536 13 47792 13 48049 13 48305 13 48562 12 48818 13 49075 12 49331 12 49587 12 49844 11 50100 11 50357 11 50614 10 50870 10 51127 9 51383 9 51640 7 51898 5
d616d323a9eeb9da1b66f8d5df671d63c092c9919cb2c0b223e29c63257c944d,11454 3 11709 5 11964 7 12220 7 12475 9 12731 9 12987 9 13243 9 13499 9 13756 8 14012 7 14269 6
d616d323a9eeb9da1b66f8d5df671d63c092c9919cb2c0b223e29c63257c944d,15038 4 15292 8 15548 12 15803 15 16059 16 16315 18 16571 16 16827 16 17083 15 17339 15 17596 14 17852 14 18109 12 18365 12 18622 10 18879 9 19136 8 19394 5 19652 3
d616d323a9eeb9da1b66f8d5df671d63c092c9919cb2c0b223e29c63257c944d,16587 4 16843 5 17098 8 17354 10 17610 11 17866 12 18121 13 18377 14 18632 15 18888 15 19144 15 19399 15 19655 15 19911 14 20168 9 20424 8 20681 7 20938 5
d616d323a9eeb9da1b66f8d5df671d63c092c9919cb2c0b223e29c63257c944d,24267 3 24522 6 24777 7 25032 9 25287 13 25541 16 25795 19 26049 21 26304 23 26559 24 26814 25 27069 25 27325 25 27580 25 27836 24 28091 24 28347 22 28603 20 28859 19 29115 17 29371 15 29628 13 29884 9 30141 7
d616d323a9eeb9da1b66f8d5df671d63c092c9919cb2c0b223e29c63257c944d,31165 6 31420 7 31676 8 31931 9 32187 9 32443 9 32699 9 32955 8 33212 7 33468 6 33725 5
d616d323a9eeb9da1b66f8d5df671d63c092c9919cb2c0b223e29c63257c944d,52414 3 52669 5 52924 7 53180 7 53435 9 53691 9 53947 9 54203 9 54459 9 54716 8 54972 7 55229 6
d616d323a9eeb9da1b66f8d5df671d63c092c9919cb2c0b223e29c63257c944d,55998 4 56252 8 56508 12 56763 12 57019 12 57275 11 57531 11 57787 11 58043 11 58299 11 58556 10 58812 9 59069 8 59325 8 59582 7 59839 6 60096 5 60354 3 60612 2
d616d323a9eeb9da1b66f8d5df671d63c092c9919cb2c0b223e29c63257c944d,56775 3 57031 4 57286 7 57542 9 57798 10 58054 12 58310 14 58566 15 58821 17 59077 17 59333 18 59589 18 59845 18 60101 18 60357 17 60614 16 60870 15 61127 10 61384 8 61641 7 61898 5
d616d323a9eeb9da1b66f8d5df671d63c092c9919cb2c0b223e29c63257c944d,3009 3 3263 6 3519 7 3774 8 4030 9 4286 9 4543 8 4799 8 5056 2 5061 2 5312 1 5318 1
d616d323a9eeb9da1b66f8d5df671d63c092c9919cb2c0b223e29c63257c944d,5058 3 5313 5 5569 5 5824 7 6080 8 6336 9 6593 8 6849 9 7106 7 7362 7 7620 4
d616d323a9eeb9da1b66f8d5df671d63c092c9919cb2c0b223e29c63257c944d,39873 1 39878 1 40128 2 40133 2 40384 7 40639 8 40895 8 41150 9 41406 8 41662 8 41918 7 42174 7 42431 5 42687 4
d616d323a9eeb9da1b66f8d5df671d63c092c9919cb2c0b223e29c63257c944d,37572 4 37827 6 38082 7 38338 8 38593 9 38849 8 39104 9 39361 6 39617 5 39874 4 40130 3
d616d323a9eeb9da1b66f8d5df671d63c092c9919cb2c0b223e29c63257c944d,43969 3 44223 6 44479 7 44734 8 44990 9 45246 9 45503 8 45759 8 46016 2 46022 1 46272 1 46278 1
d616d323a9eeb9da1b66f8d5df671d63c092c9919cb2c0b223e29c63257c944d,46018 4 46273 5 46529 6 46784 7 47040 8 47296 9 47553 8 47809 9 48066 7 48322 7 48580 4
d616d323a9eeb9da1b66f8d5df671d63c092c9919cb2c0b223e29c63257c944d,21442 7 21697 10 21953 11 22208 12 22464 13 22720 13 22976 12 23233 11 23489 10 23746 8 24003 4
d616d323a9eeb9da1b66f8d5df671d63c092c9919cb2c0b223e29c63257c944d,62402 7 62657 10 62913 11 63168 12 63424 13 63680 13 63936 13 64193 11 64449 11 64706 8 64963 5
d616d323a9eeb9da1b66f8d5df671d63c092c9919cb2c0b223e29c63257c944d,42440 1 42695 4 42950 6 43205 7 43462 6 43719 4 43980 1 44235 1
d616d323a9eeb9da1b66f8d5df671d63c092c9919cb2c0b223e29c63257c944d,1736 3 1992 4 2249 3 2504 5 2760 3 2765 1 3020 2 3275 1
d616d323a9eeb9da1b66f8d5df671d63c092c9919cb2c0b223e29c63257c944d,3537 5 3787 3 3793 6 4043 3 4048 7 4298 11 4554 11 4809 11 5066 10 5322 10 5579 9 5836 8 6093 7 6350 7
d616d323a9eeb9da1b66f8d5df671d63c092c9919cb2c0b223e29c63257c944d,4056 4 4309 7 4565 8 4820 12 5076 12 5332 13 5588 13 5844 12 6100 12 6357 10 6613 9 6870 7 7127 5
d616d323a9eeb9da1b66f8d5df671d63c092c9919cb2c0b223e29c63257c944d,44754 4 45003 3 45009 6 45258 4 45265 6 45514 11 45769 12 46026 10 46282 10 46539 8 46796 7 47053 7 47310 6
d616d323a9eeb9da1b66f8d5df671d63c092c9919cb2c0b223e29c63257c944d,45272 3 45525 7 45781 7 45789 3 46036 12 46292 13 46547 14 46803 13 47060 12 47316 11 47573 9 47830 7 48087 5
d616d323a9eeb9da1b66f8d5df671d63c092c9919cb2c0b223e29c63257c944d,38360 5 38614 7 38869 9 39118 15 39374 15 39629 14 39885 16 40141 16 40398 16 40654 15 40911 14 41169 11 41425 11 41682 9 41938 10 42196 7 42452 7 42709 4 42965 4
d616d323a9eeb9da1b66f8d5df671d63c092c9919cb2c0b223e29c63257c944d,14034 1 14545 2 14800 3 15056 5 15311 9 15567 9 15824 8 16080 8 16337 7 16594 6 16850 5 17108 3
d616d323a9eeb9da1b66f8d5df671d63c092c9919cb2c0b223e29c63257c944d,13268 2 13524 2 13779 5 14035 8 14290 9 14547 9 14803 8 15061 6
d616d323a9eeb9da1b66f8d5df671d63c092c9919cb2c0b223e29c63257c944d,10969 8 11225 11 11480 13 11737 12 11992 14 12247 15 12502 15 12758 16 13013 17 13270 16 13526 16 13784 3 13788 10 14045 9 14302 9 14559 7 14817 5
d616d323a9eeb9da1b66f8d5df671d63c092c9919cb2c0b223e29c63257c944d,28371 4 28627 4 28881 7 29137 7 29392 8 29648 8 29903 9 30160 5 30416 4 30673 2 30929 2
d616d323a9eeb9da1b66f8d5df671d63c092c9919cb2c0b223e29c63257c944d,30165 3 30420 5 30675 7 30931 7 31186 9 31443 8 31699 8 31956 4 32213 3 32469 2 32726 1
d616d323a9eeb9da1b66f8d5df671d63c092c9919cb2c0b223e29c63257c944d,30436 3 30688 7 30943 9 31198 10 31453 11 31708 12 31960 16 32216 16 32471 17 32727 18 32983 18 33240 16 33496 16 33752 15 34008 14 34265 10 34521 8
d616d323a9eeb9da1b66f8d5df671d63c092c9919cb2c0b223e29c63257c944d,54994 1 55505 2 55760 3 56016 5 56271 9 56527 9 56784 8 57040 8 57297 7 57554 6 57810 5 58068 3
d616d323a9eeb9da1b66f8d5df671d63c092c9919cb2c0b223e29c63257c944d,54228 2 54484 2 54739 5 54995 8 55250 9 55507 9 55763 8 56021 6
d616d323a9eeb9da1b66f8d5df671d63c092c9919cb2c0b223e29c63257c944d,51929 8 52185 10 52440 12 52697 11 52952 13 53207 13 53462 14 53718 15 53973 16 54230 15 54486 15 54744 3 54748 9 55005 8 55262 6 55519 5
d616d323a9eeb9da1b66f8d5df671d63c092c9919cb2c0b223e29c63257c944d,22244 2
d616d323a9eeb9da1b66f8d5df671d63c092c9919cb2c0b223e29c63257c944d,22500 2 22756 2 23012 2 23268 2 23524 2 23779 3 24035 3 24291 3 24547 4 24804 3 25061 2
d616d323a9eeb9da1b66f8d5df671d63c092c9919cb2c0b223e29c63257c944d,5349 2 5605 1 5862 2 6118 2 6373 3 6629 3
d616d323a9eeb9da1b66f8d5df671d63c092c9919cb2c0b223e29c63257c944d,6885 3 7141 3 7397 3 7653 3 7909 3 8165 3 8422 1
d616d323a9eeb9da1b66f8d5df671d63c092c9919cb2c0b223e29c63257c944d,8423 1 8679 2 8935 2 9192 3 9450 1
d616d323a9eeb9da1b66f8d5df671d63c092c9919cb2c0b223e29c63257c944d,35309 6 35564 8 35818 11 36073 12 36328 14 36583 15 36838 16 37094 15 37349 16 37605 15 37861 15 38117 13 38373 12 38629 11 38886 10 39142 9 39399 8 39655 7 39912 6 40169 4
d616d323a9eeb9da1b66f8d5df671d63c092c9919cb2c0b223e29c63257c944d,9708 2
d616d323a9eeb9da1b66f8d5df671d63c092c9919cb2c0b223e29c63257c944d,9199 1 9454 1 9710 1 9712 4 9965 6
d616d323a9eeb9da1b66f8d5df671d63c092c9919cb2c0b223e29c63257c944d,7665 2 7922 2 8178 3 8434 3 8691 3 8947 3 9203 2 9458 3
d6eb7ce7723e2f6dc13b90b41a29ded27dbd815bad633fdf582447c686018896,47617 4 47873 4 48129 5 48385 5 48641 5 48897 4 49153 4 49410 2
d6eb7ce7723e2f6dc13b90b41a29ded27dbd815bad633fdf582447c686018896,52741 4 52994 8 53249 9 53505 10 53761 9 54017 9 54279 1
d6eb7ce7723e2f6dc13b90b41a29ded27dbd815bad633fdf582447c686018896,54273 6 54529 6 54785 8 55041 9 55297 9 55553 10 55810 8 56067 7
d6eb7ce7723e2f6dc13b90b41a29ded27dbd815bad633fdf582447c686018896,59650 2 59906 3 60162 4 60418 4 60674 4 60931 2 61186 2
d6eb7ce7723e2f6dc13b90b41a29ded27dbd815bad633fdf582447c686018896,43021 5 43275 8 43530 9 43786 10 44041 11 44296 12 44552 11 44807 12 45063 12 45319 11 45575 11 45832 9 46088 9 46345 7 46603 4
d6eb7ce7723e2f6dc13b90b41a29ded27dbd815bad633fdf582447c686018896,62475 5 62729 8 62984 9 63240 10 63495 11 63751 12 64008 11 64264 11 64521 10 64777 11 65034 10 65291 9
d6eb7ce7723e2f6dc13b90b41a29ded27dbd815bad633fdf582447c686018896,57355 4 57611 6 57866 7 58122 8 58379 4 58635 4 58892 2 59149 2 59406 1
d6eb7ce7723e2f6dc13b90b41a29ded27dbd815bad633fdf582447c686018896,58133 3 58383 9 58639 14 58894 13 59151 11 59407 10 59664 9 59922 6 60180 5
d6eb7ce7723e2f6dc13b90b41a29ded27dbd815bad633fdf582447c686018896,55320 6 55575 8 55830 9 56086 10 56341 11 56597 11 56853 10 57110 9 57366 8 57623 7 57879 6 58136 4 58392 4
d6eb7ce7723e2f6dc13b90b41a29ded27dbd815bad633fdf582447c686018896,57889 3 58143 9 58398 10 58654 9 58907 12 59162 13 59417 15 59673 15 59928 17 60185 15 60441 15 60698 14 60954 14 61210 15 61467 14 61723 13 61980 12 62237 10 62495 7 62754 4
d6eb7ce7723e2f6dc13b90b41a29ded27dbd815bad633fdf582447c686018896,58152 8 58408 10 58663 12 58919 13 59175 13 59432 13 59688 12 59946 10 60203 7
d6eb7ce7723e2f6dc13b90b41a29ded27dbd815bad633fdf582447c686018896,49678 2 49932 4 50188 3 50443 5 50699 5 50955 7 51211 6 51468 4 51724 3
d6eb7ce7723e2f6dc13b90b41a29ded27dbd815bad633fdf582447c686018896,48916 7 49170 9 49425 9 49680 11 49936 11 50191 13 50448 13 50704 8 50965 2
d6eb7ce7723e2f6dc13b90b41a29ded27dbd815bad633fdf582447c686018896,50712 4 50967 5 51223 6 51478 8 51734 9 51989 10 52245 11 52501 11 52757 11 53014 10 53270 9 53527 8 53785 4
d6eb7ce7723e2f6dc13b90b41a29ded27dbd815bad633fdf582447c686018896,46370 4 46624 7 46877 10 47132 12 47388 12 47643 14 47899 14 48155 13 48411 13 48668 12 48923 13 49179 14 49434 15 49691 13 49947 13 50204 11 50462 10 50719 9 50976 8
d6eb7ce7723e2f6dc13b90b41a29ded27dbd815bad633fdf582447c686018896,48940 5 49194 10 49449 11 49704 13 49960 12 50215 13 50472 11 50728 9 50986 5
d6eb7ce7723e2f6dc13b90b41a29ded27dbd815bad633fdf582447c686018896,17178 4 17434 5 17689 6 17945 6 18201 6 18458 4
d6eb7ce7723e2f6dc13b90b41a29ded27dbd815bad633fdf582447c686018896,19224 4 19480 5 19735 8 19991 10 20248 9 20504 10 20759 11 21016 9 21272 9 21530 6 21787 4
d6eb7ce7723e2f6dc13b90b41a29ded27dbd815bad633fdf582447c686018896,22811 6 23066 8 23321 10 23577 11 23832 12 24088 13 24344 13 24600 13 24856 12 25113 5 25122 2 25369 3 25626 1
d6eb7ce7723e2f6dc13b90b41a29ded27dbd815bad633fdf582447c686018896,25118 4 25372 7 25627 8 25883 9 26138 11 26394 13 26650 14 26907 13 27163 14 27420 13 27677 12 27934 10 28192 8
d6eb7ce7723e2f6dc13b90b41a29ded27dbd815bad633fdf582447c686018896,11297 2 11552 4 11808 4 12063 5 12320 3
d6eb7ce7723e2f6dc13b90b41a29ded27dbd815bad633fdf582447c686018896,29728 5 29983 8 30238 10 30494 10 30749 12 31005 12 31262 11 31518 10 31774 10 32030 9 32286 9 32543 7 32799 3
d6eb7ce7723e2f6dc13b90b41a29ded27dbd815bad633fdf582447c686018896,15395 4 15649 7 15904 7 16161 5 16418 2
d6eb7ce7723e2f6dc13b90b41a29ded27dbd815bad633fdf582447c686018896,38946 2 39201 2 39456 3 39711 4 39967 5 40222 6 40478 7 40735 8 40991 7 41248 4
d6eb7ce7723e2f6dc13b90b41a29ded27dbd815bad633fdf582447c686018896,37931 3 38184 7 38438 9 38692 12 38948 15 39203 17 39459 18 39715 18 39972 18 40228 18 40485 16 40745 12 41001 11 41258 9 41516 3
d6eb7ce7723e2f6dc13b90b41a29ded27dbd815bad633fdf582447c686018896,5154 3 5409 5 5665 6 5921 7 6178 6 6437 1
d6eb7ce7723e2f6dc13b90b41a29ded27dbd815bad633fdf582447c686018896,32802 3 33057 4 33313 6 33568 8 33824 8 34079 10 34336 9 34592 8 34849 7 35107 4
d6eb7ce7723e2f6dc13b90b41a29ded27dbd815bad633fdf582447c686018896,1062 6 1318 7 1573 10 1828 11 2084 11 2339 12 2595 11 2851 11 3107 12 3363 12 3620 12 3876 11 4133 9 4390 6
d6eb7ce7723e2f6dc13b90b41a29ded27dbd815bad633fdf582447c686018896,1841 6 2095 10 2351 11 2606 11 2862 11 3119 9 3375 9 3633 7 3889 8 4147 6
d6eb7ce7723e2f6dc13b90b41a29ded27dbd815bad633fdf582447c686018896,2617 6 2873 7 3128 8 3384 9 3640 9 3897 7 4153 7 4411 3
d6eb7ce7723e2f6dc13b90b41a29ded27dbd815bad633fdf582447c686018896,20516 1 20772 1 21027 3 21283 3 21540 5 21796 4
d6eb7ce7723e2f6dc13b90b41a29ded27dbd815bad633fdf582447c686018896,17190 7 17445 9 17700 11 17956 11 18211 12 18467 11 18723 11 18979 11 19236 11 19492 11 19749 10 20005 9 20262 7 20517 6 20773 5 21030 4 21286 3
d6eb7ce7723e2f6dc13b90b41a29ded27dbd815bad633fdf582447c686018896,17458 7 17713 8 17967 9 18223 9 18478 10 18734 11 18990 11 19247 11 19503 10 19761 6
d6eb7ce7723e2f6dc13b90b41a29ded27dbd815bad633fdf582447c686018896,17211 3 17465 7 17721 7 17976 9 18232 9 18488 8 18745 7 19001 6
d6eb7ce7723e2f6dc13b90b41a29ded27dbd815bad633fdf582447c686018896,21809 4 22063 9 22317 11 22572 13 22827 14 23083 14 23338 15 23594 14 23850 14 24107 12 24363 10 24620 8 24876 8 25133 6 25390 4
d6eb7ce7723e2f6dc13b90b41a29ded27dbd815bad633fdf582447c686018896,4913 4 5167 8 5422 10 5678 11 5933 13 6189 13 6444 15 6700 15 6956 16 7213 15 7469 15 7726 13 7983 12 8240 10 8498 7 8755 6
d6eb7ce7723e2f6dc13b90b41a29ded27dbd815bad633fdf582447c686018896,12596 3 12851 6 13106 8 13360 10 13614 13 13869 14 14125 15 14380 16 14636 16 14892 15 15148 15 15405 13 15661 13 15918 11 16174 10 16431 8
d6eb7ce7723e2f6dc13b90b41a29ded27dbd815bad633fdf582447c686018896,32817 3 33072 5 33328 5 33585 3
d6eb7ce7723e2f6dc13b90b41a29ded27dbd815bad633fdf582447c686018896,44336 5 44591 8 44847 9 45102 10 45358 11 45614 11 45870 11 46126 11 46382 10 46639 9 46895 8 47153 5
d6eb7ce7723e2f6dc13b90b41a29ded27dbd815bad633fdf582447c686018896,62001 6 62255 9 62511 9 62766 11 63022 11 63278 11 63534 11 63790 11 64046 10 64303 9 64559 8 64816 5
d6eb7ce7723e2f6dc13b90b41a29ded27dbd815bad633fdf582447c686018896,35639 3 35894 5 36149 6 36404 8 36660 8 36915 9 37171 9 37427 9 37683 8 37940 6 38196 6 38453 4 38709 5 38967 3
d6eb7ce7723e2f6dc13b90b41a29ded27dbd815bad633fdf582447c686018896,37691 6 37946 9 38202 9 38457 11 38714 10 38970 9 39227 8 39483 7 39739 6 39995 5 40252 3 40508 3
d6eb7ce7723e2f6dc13b90b41a29ded27dbd815bad633fdf582447c686018896,26423 5 26679 6 26934 7 27190 8 27446 8 27701 9 27957 8 28212 9 28469 7 28725 4
d6eb7ce7723e2f6dc13b90b41a29ded27dbd815bad633fdf582447c686018896,53558 8 53813 11 54069 11 54324 13 54580 13 54837 12 55093 11 55350 10 55607 7
d6eb7ce7723e2f6dc13b90b41a29ded27dbd815bad633fdf582447c686018896,41530 7 41784 10 42040 10 42295 12 42551 12 42807 12 43062 12 43319 11 43575 10 43832 8 44089 6
d6eb7ce7723e2f6dc13b90b41a29ded27dbd815bad633fdf582447c686018896,64826 5 65080 8 65336 8
d6eb7ce7723e2f6dc13b90b41a29ded27dbd815bad633fdf582447c686018896,57658 5 57912 9 58168 7 58423 7 58680 6 58936 5 59193 4 59450 4 59709 1
d6eb7ce7723e2f6dc13b90b41a29ded27dbd815bad633fdf582447c686018896,56903 1 57157 3 57412 3 57667 4 57922 6 58175 9 58430 11 58686 12 58941 15 59197 15 59454 13 59710 13 59968 10 60225 9 60482 9 60739 6
d6eb7ce7723e2f6dc13b90b41a29ded27dbd815bad633fdf582447c686018896,56141 8 56395 12 56649 15 56904 16 57160 17 57415 18 57671 17 57928 16 58184 14 58441 10 58698 6
d6eb7ce7723e2f6dc13b90b41a29ded27dbd815bad633fdf582447c686018896,59467 7 59723 8 59978 10 60234 10 60491 7 60747 7 61004 5 61260 5 61518 3
d6eb7ce7723e2f6dc13b90b41a29ded27dbd815bad633fdf582447c686018896,60246 6 60498 11 60514 4 60754 22 61009 25 61265 26 61521 26 61778 26 62034 26 62289 28 62545 28 62801 28 63058 26 63314 26 63571 20 63828 15 64084 14 64339 15 64595 14 64851 14 65107 14 65363 14
d6eb7ce7723e2f6dc13b90b41a29ded27dbd815bad633fdf582447c686018896,49723 4 49977 6 50233 5 50488 7 50744 7 51001 7 51257 8 51514 5
d6eb7ce7723e2f6dc13b90b41a29ded27dbd815bad633fdf582447c686018896,48451 6 48706 9 48961 9 49217 9 49472 11 49727 12 49983 13 50238 13 50495 12 50751 11 51008 10 51266 8 51523 6 51780 5 52038 3 52295 3
d6eb7ce7723e2f6dc13b90b41a29ded27dbd815bad633fdf582447c686018896,47694 4 47949 5 48204 5 48459 7 48715 7 48970 10 49226 10 49483 8 49739 6
d6eb7ce7723e2f6dc13b90b41a29ded27dbd815bad633fdf582447c686018896,50251 3 50507 6 50762 10 51018 12 51274 14 51529 15 51785 16 52041 16 52298 14 52554 14 52812 11 53070 8
d6eb7ce7723e2f6dc13b90b41a29ded27dbd815bad633fdf582447c686018896,43093 8 43348 11 43604 12 43859 14 44115 14 44371 15 44627 15 44884 13 45140 14 45396 16 45651 23 45906 26 46162 26 46417 28 46673 28 46930 26 47186 26 47443 24 47698 25 47954 24 48209 23 48466 20 48722 11 48982 6
d6eb7ce7723e2f6dc13b90b41a29ded27dbd815bad633fdf582447c686018896,7744 3 7998 7 8252 11 8506 14 8762 14 9017 16 9273 16 9529 16 9786 2 10042 2
d6eb7ce7723e2f6dc13b90b41a29ded27dbd815bad633fdf582447c686018896,11322 2 11578 2 11833 9 12089 16 12345 16 12602 14 12858 14 13115 12 13372 10 13630 6
d6eb7ce7723e2f6dc13b90b41a29ded27dbd815bad633fdf582447c686018896,9788 14 10044 14 10299 14 10555 14 10812 12 11067 13 11324 13 11580 13 11842 7
d6eb7ce7723e2f6dc13b90b41a29ded27dbd815bad633fdf582447c686018896,9802 3 10058 5 10313 7 10569 7 10824 9 11080 8 11337 7 11593 6
d6eb7ce7723e2f6dc13b90b41a29ded27dbd815bad633fdf582447c686018896,29760 1 30015 2 30021 1 30267 7 30522 11 30778 10 31033 11 31290 9 31546 8 31803 6 32060 4
d6eb7ce7723e2f6dc13b90b41a29ded27dbd815bad633fdf582447c686018896,26692 5 26948 9 27203 11 27459 12 27714 13 27970 14 28226 13 28483 12 28737 13 28993 13 29248 13 29504 6 29761 5 30017 4 30274 3
d6eb7ce7723e2f6dc13b90b41a29ded27dbd815bad633fdf582447c686018896,23102 5 23357 7 23613 8 23868 10 24124 11 24380 11 24637 11 24893 11 25150 10 25406 10 25663 9 25919 8 26176 7 26433 5
d6eb7ce7723e2f6dc13b90b41a29ded27dbd815bad633fdf582447c686018896,44353 6 44607 9 44863 10 45118 12 45374 12 45631 12 45887 12 46144 11 46402 9 46659 8 46915 7 47172 6 47429 3
d6eb7ce7723e2f6dc13b90b41a29ded27dbd815bad633fdf582447c686018896,61765 4 62020 6 62275 7 62531 8 62786 9 63040 11 63295 12 63551 12 63806 12 64063 11 64319 10 64576 8 64833 6
d6eb7ce7723e2f6dc13b90b41a29ded27dbd815bad633fdf582447c686018896,4422 5 4676 9 4930 12 5186 13 5441 14 5697 15 5953 15 6210 13 6466 13 6723 11 6980 9 7238 5
d6eb7ce7723e2f6dc13b90b41a29ded27dbd815bad633fdf582447c686018896,14405 6 14660 9 14915 11 15170 13 15426 13 15681 15 15937 15 16194 13 16450 13 16707 11 16964 9
d6eb7ce7723e2f6dc13b90b41a29ded27dbd815bad633fdf582447c686018896,53060 4 53315 6 53571 7 53826 8 54082 9 54337 10 54593 10 54849 10 55106 9 55362 8 55619 7 55875 6
d6eb7ce7723e2f6dc13b90b41a29ded27dbd815bad633fdf582447c686018896,39751 7 40005 10 40260 11 40515 13 40771 13 41026 14 41283 13 41539 12 41796 11 42054 8 42312 5
d6eb7ce7723e2f6dc13b90b41a29ded27dbd815bad633fdf582447c686018896,36423 2 36678 4 36933 5 37189 7 37444 12 37700 12 37957 10 38213 10 38470 8 38727 6
d6eb7ce7723e2f6dc13b90b41a29ded27dbd815bad633fdf582447c686018896,34892 6 35147 8 35403 9 35658 10 35914 11 36169 12 36425 13 36682 11 36938 11 37196 8
d6eb7ce7723e2f6dc13b90b41a29ded27dbd815bad633fdf582447c686018896,1350 5 1606 6 1861 7 2117 8 2373 8 2629 7 2886 6 3142 5 3399 3
d6eb7ce7723e2f6dc13b90b41a29ded27dbd815bad633fdf582447c686018896,21835 1 22090 2 22345 6 22601 13 22856 15 23112 15 23368 16 23625 15 23881 15 24137 15 24394 14 24650 14 24907 13 25164 11 25421 10 25679 6
d6eb7ce7723e2f6dc13b90b41a29ded27dbd815bad633fdf582447c686018896,20045 4 20300 5 20556 5 20811 6 21067 7 21323 7 21579 8 21836 7 22092 9 22351 6
d6eb7ce7723e2f6dc13b90b41a29ded27dbd815bad633fdf582447c686018896,18519 1 18774 3 19029 4 19283 7 19538 11 19794 11 20049 12 20305 12 20561 12 20817 12 21074 11 21330 10 21587 9 21843 8
d6eb7ce7723e2f6dc13b90b41a29ded27dbd815bad633fdf582447c686018896,16220 1 16474 3 16729 5 16985 5 17240 9 17496 9 17753 8 18009 8 18264 9 18520 8 18777 7 19033 6 19290 4
d6eb7ce7723e2f6dc13b90b41a29ded27dbd815bad633fdf582447c686018896,13666 6 13922 6 14177 8 14433 8 14688 9 14944 8 15199 9 15455 9 15710 9 15965 10 16221 9 16477 9 16734 7 16990 5
d6eb7ce7723e2f6dc13b90b41a29ded27dbd815bad633fdf582447c686018896,1613 1
d6eb7ce7723e2f6dc13b90b41a29ded27dbd815bad633fdf582447c686018896,75 17 331 17 587 18 843 18 1100 17 1356 17 1614 14 1874 10 2130 7 2388 4 2645 3 2902 1 3159 1
d6eb7ce7723e2f6dc13b90b41a29ded27dbd815bad633fdf582447c686018896,2137 4 2392 7 2648 7 2903 9 3160 8 3416 9 3673 8 3928 9 4184 9 4440 6 4697 4 4953 4 5210 2
d6eb7ce7723e2f6dc13b90b41a29ded27dbd815bad633fdf582447c686018896,4446 3 4701 6 4957 8 5212 10 5469 9 5725 10 5982 9 6239 9 6495 9 6752 9 7008 9 7264 9 7521 8 7778 6 8034 6 8292 3
d6eb7ce7723e2f6dc13b90b41a29ded27dbd815bad633fdf582447c686018896,31056 4 31310 7 31566 7 31821 7 32077 8 32332 9 32589 9 32845 9 33102 6
d6eb7ce7723e2f6dc13b90b41a29ded27dbd815bad633fdf582447c686018896,30809 2 31063 5 31317 14 31573 14 31828 16 32085 15 32341 14 32598 13 32857 9 33114 7 33372 3
d6eb7ce7723e2f6dc13b90b41a29ded27dbd815bad633fdf582447c686018896,28766 1 29021 2 29272 6 29528 6 29783 8 30040 7 30296 8 30555 5 30811 7 31068 6
d6eb7ce7723e2f6dc13b90b41a29ded27dbd815bad633fdf582447c686018896,28512 5 28767 8 29023 8 29278 10 29534 10 29791 8 30047 8 30304 6 30560 4
d6eb7ce7723e2f6dc13b90b41a29ded27dbd815bad633fdf582447c686018896,5717 5 5972 9 6227 12 6483 12 6738 14 6994 13 7249 15 7506 14 7762 14 8019 13 8275 13 8532 11 8789 10 9046 8 9305 3
d6eb7ce7723e2f6dc13b90b41a29ded27dbd815bad633fdf582447c686018896,12376 4 12630 8 12884 11 13139 12 13395 13 13650 14 13906 14 14162 14 14418 14 14674 13 14930 14 15187 12 15443 12 15700 8 15957 5
d6eb7ce7723e2f6dc13b90b41a29ded27dbd815bad633fdf582447c686018896,33623 2 33878 5 34133 6 34389 6 34644 7 34901 6 35157 5 35412 1 35414 3 35668 1 35670 2 35925 1 36181 1
d6eb7ce7723e2f6dc13b90b41a29ded27dbd815bad633fdf582447c686018896,40021 4 40276 6 40531 8 40787 9 41042 10 41298 11 41554 11 41811 9 42067 9 42324 7 42581 4
d6eb7ce7723e2f6dc13b90b41a29ded27dbd815bad633fdf582447c686018896,37463 4 37718 5 37974 4 38229 5 38486 4 38742 5 38999 4 39257 3
d6eb7ce7723e2f6dc13b90b41a29ded27dbd815bad633fdf582447c686018896,35934 3 36190 4 36445 6 36701 7 36957 7 37212 9 37467 10 37723 10 37978 11 38234 10 38490 10 38747 7 39003 6
d6eb7ce7723e2f6dc13b90b41a29ded27dbd815bad633fdf582447c686018896,52058 6 52313 8 52569 9 52824 10 53080 11 53336 11 53592 10 53848 10 54104 9 54360 1 54368 1 54616 1
d6eb7ce7723e2f6dc13b90b41a29ded27dbd815bad633fdf582447c686018896,54361 7 54617 7 54872 9 55128 9 55384 10 55640 10 55896 11 56152 11 56408 10 56665 9 56921 8 57178 6
d6eb7ce7723e2f6dc13b90b41a29ded27dbd815bad633fdf582447c686018896,26206 5 26461 7 26716 8 26972 8 27229 7 27486 5
d6eb7ce7723e2f6dc13b90b41a29ded27dbd815bad633fdf582447c686018896,63591 3 64104 5 64357 10 64609 1 64611 13 64865 1 64867 13 65123 14 65380 13
d6eb7ce7723e2f6dc13b90b41a29ded27dbd815bad633fdf582447c686018896,30828 1 31077 7 31333 8 31588 9 31844 10 32101 10 32357 11 32615 10 32872 11 33128 10 33383 11 33639 10 33895 10 34151 9 34408 7 34664 5
d6eb7ce7723e2f6dc13b90b41a29ded27dbd815bad633fdf582447c686018896,29808 6 30063 8 30318 10 30573 11 30829 12 31084 13 31341 12 31597 11 31854 10 32111 8 32368 6 32625 3
d6eb7ce7723e2f6dc13b90b41a29ded27dbd815bad633fdf582447c686018896,19817 3 20073 4 20328 6 20583 7 20839 8 21094 9 21350 8 21605 9 21862 7 22118 6 22375 3
d6eb7ce7723e2f6dc13b90b41a29ded27dbd815bad633fdf582447c686018896,41575 5 41831 6 42086 9 42342 9 42598 10 42854 10 43110 11 43367 10 43622 11 43878 11 44133 12 44390 10 44646 10 44903 8 45161 4
d6eb7ce7723e2f6dc13b90b41a29ded27dbd815bad633fdf582447c686018896,102 9 358 9 615 8 871 8 1128 6 1384 6 1641 3
d6eb7ce7723e2f6dc13b90b41a29ded27dbd815bad633fdf582447c686018896,52330 3 52585 5 52841 6 53096 8 53352 8 53607 10 53864 9 54120 2 54128 1 54376 1 54384 1
d6eb7ce7723e2f6dc13b90b41a29ded27dbd815bad633fdf582447c686018896,54122 6 54377 7 54633 8 54888 9 55144 9 55400 9 55656 9 55912 9 56168 8 56425 7 56681 6 56938 3
d6eb7ce7723e2f6dc13b90b41a29ded27dbd815bad633fdf582447c686018896,25964 3 26219 4 26475 6 26730 12 26986 12 27242 12 27497 12 27753 12 28008 12 28264 10 28521 7 28777 6 29034 4
d6eb7ce7723e2f6dc13b90b41a29ded27dbd815bad633fdf582447c686018896,24177 8 24432 9 24688 10 24943 10 25199 10 25455 9 25710 10 25967 8 26223 7 26481 4
d6eb7ce7723e2f6dc13b90b41a29ded27dbd815bad633fdf582447c686018896,5483 4 5738 9 5994 10 6249 11 6505 12 6762 11 7018 11 7275 7 7532 6 7788 5 8045 5
d6eb7ce7723e2f6dc13b90b41a29ded27dbd815bad633fdf582447c686018896,13677 5 13932 5 14188 6 14443 7 14698 11 14954 11 15209 12 15465 11 15722 10 15978 8
d6eb7ce7723e2f6dc13b90b41a29ded27dbd815bad633fdf582447c686018896,6779 3 7034 5 7282 13 7538 14 7793 15 8050 13 8306 13 8563 12 8819 13 9075 13 9330 14 9586 14 9843 7 10099 4 10356 3
d6eb7ce7723e2f6dc13b90b41a29ded27dbd815bad633fdf582447c686018896,11380 2 11635 3 11891 7 12146 14 12402 14 12659 13 12915 13 13171 13 13426 13 13682 14 13937 15 14194 14 14450 13 14714 5
d6eb7ce7723e2f6dc13b90b41a29ded27dbd815bad633fdf582447c686018896,9850 6 10103 9 10359 10 10614 11 10870 12 11125 12 11382 11 11638 10 11898 6
d6eb7ce7723e2f6dc13b90b41a29ded27dbd815bad633fdf582447c686018896,34418 6 34674 6 34929 8 35183 10 35438 12 35693 13 35949 14 36204 17 36461 16 36717 17 36974 15 37235 10 37491 9 37747 8 38004 6 38260 5
d6eb7ce7723e2f6dc13b90b41a29ded27dbd815bad633fdf582447c686018896,21360 7 21615 11 21871 13 22126 15 22382 16 22638 16 22895 16 23151 16 23408 14 23666 12 23927 6
d6eb7ce7723e2f6dc13b90b41a29ded27dbd815bad633fdf582447c686018896,40816 3 41072 6 41327 9 41583 9 41840 9 42096 8 42351 9 42608 7 42864 7
d6eb7ce7723e2f6dc13b90b41a29ded27dbd815bad633fdf582447c686018896,49791 3 50046 5 50301 7 50548 5 50557 7 50803 8 50812 9 51059 18 51314 20 51570 20 51826 21 52083 20 52339 19 52596 18 52853 2 52865 3
d6eb7ce7723e2f6dc13b90b41a29ded27dbd815bad633fdf582447c686018896,52855 10 53110 12 53366 12 53621 14 53877 13 54133 1 54144 2 54389 1
d6eb7ce7723e2f6dc13b90b41a29ded27dbd815bad633fdf582447c686018896,54134 10 54390 11 54645 12 54901 13 55157 13 55413 14 55669 2 55681 2
d6eb7ce7723e2f6dc13b90b41a29ded27dbd815bad633fdf582447c686018896,55671 10 55926 12 56182 12 56437 16 56691 19 56947 19 57202 21 57458 21 57714 20 57970 20 58227 18 58483 18 58740 5 58749 7 59005 7 59262 5 59519 3
d6eb7ce7723e2f6dc13b90b41a29ded27dbd815bad633fdf582447c686018896,633 3 888 6 1142 9 1398 8 1653 9 1909 8 2166 7 2422 8 2679 6
d6eb7ce7723e2f6dc13b90b41a29ded27dbd815bad633fdf582447c686018896,1154 4 1406 9 1662 10 1917 11 2173 12 2430 11 2686 11 2943 10 3199 10 3456 9 3712 9 3969 8 4225 8 4481 7 4738 6 4994 5
d6eb7ce7723e2f6dc13b90b41a29ded27dbd815bad633fdf582447c686018896,19063 6 19318 7 19574 7 19829 7 20086 7 20342 7 20599 8 20856 6
d6eb7ce7723e2f6dc13b90b41a29ded27dbd815bad633fdf582447c686018896,16515 3 16770 5 17026 6 17281 7 17537 8 17793 8 18048 9 18304 9 18559 9 18814 11 19070 11 19325 12 19581 12 19836 12 20093 11 20349 10 20610 3
d6eb7ce7723e2f6dc13b90b41a29ded27dbd815bad633fdf582447c686018896,45432 5 45687 7 45942 8 46198 9 46453 10 46709 11 46965 11 47221 12 47478 11 47734 10 47991 9 48249 6
d6eb7ce7723e2f6dc13b90b41a29ded27dbd815bad633fdf582447c686018896,61048 7 61303 10 61558 11 61814 12 62069 12 62325 12 62581 11 62837 10 63094 9 63350 9 63607 7 63864 6
d6eb7ce7723e2f6dc13b90b41a29ded27dbd815bad633fdf582447c686018896,25214 4 25467 9 25722 11 25977 13 26233 15 26488 17 26744 17 27000 18 27257 17 27513 16 27770 7 27781 4 28026 6 28284 3
d6eb7ce7723e2f6dc13b90b41a29ded27dbd815bad633fdf582447c686018896,38272 1 38276 1 38527 7 38781 10 39036 12 39291 13 39547 14 39802 15 40058 15 40315 9 40571 8 40828 7
d6eb7ce7723e2f6dc13b90b41a29ded27dbd815bad633fdf582447c686018896,40324 5 40579 6 40835 7 41090 8 41346 9 41601 10 41857 10 42112 11 42368 11 42623 12 42880 11 43136 11 43393 10 43650 9 43906 8 44162 8 44418 8 44675 6 44931 6 45189 3
d6eb7ce7723e2f6dc13b90b41a29ded27dbd815bad633fdf582447c686018896,28288 4 28542 7 28798 8 29053 9 29309 10 29565 10 29821 10 30078 8 30334 8 30591 5
d6eb7ce7723e2f6dc13b90b41a29ded27dbd815bad633fdf582447c686018896,21123 5 21377 9 21632 10 21888 11 22143 12 22399 13 22656 11 22912 11 23169 9 23426 7
d6eb7ce7723e2f6dc13b90b41a29ded27dbd815bad633fdf582447c686018896,33927 7 34182 10 34437 17 34692 19 34948 19 35203 21 35459 21 35716 20 35972 20 36228 20 36482 22 36736 23 36992 23 37247 23 37504 21 37760 7 37770 10 38017 3 38026 9 38273 3 38284 4
d6eb7ce7723e2f6dc13b90b41a29ded27dbd815bad633fdf582447c686018896,64132 4 64387 6 64642 8 64898 8 65154 8 65411 7
d6eb7ce7723e2f6dc13b90b41a29ded27dbd815bad633fdf582447c686018896,60294 4 60550 4 60805 7 61059 9 61315 8 61570 9 61826 10 62082 10 62339 10 62595 10 62852 9 63109 7 63367 4
d6eb7ce7723e2f6dc13b90b41a29ded27dbd815bad633fdf582447c686018896,60557 4 60812 7 61068 8 61323 10 61579 10 61836 10 62092 9 62349 8 62605 7
d6eb7ce7723e2f6dc13b90b41a29ded27dbd815bad633fdf582447c686018896,45959 4 46213 7 46469 8 46724 5 46980 4 47237 3 47493 2 47750 1
d6eb7ce7723e2f6dc13b90b41a29ded27dbd815bad633fdf582447c686018896,46729 11 46984 12 47240 13 47495 14 47751 14 48008 12 48264 12 48521 10 48781 4
d6eb7ce7723e2f6dc13b90b41a29ded27dbd815bad633fdf582447c686018896,27276 1 27531 1 27786 3 28042 3 28297 5 28553 8 28810 6 29066 4
d6eb7ce7723e2f6dc13b90b41a29ded27dbd815bad633fdf582447c686018896,25493 6 25746 10 26001 12 26256 14 26511 15 26767 16 27021 19 27277 19 27532 21 27789 19 28045 6 28060 4 28302 4
d6eb7ce7723e2f6dc13b90b41a29ded27dbd815bad633fdf582447c686018896,3470 3 3724 6 3979 9 4235 10 4490 12 4746 12 5003 12 5259 11 5516 10 5773 8 6030 6
d6eb7ce7723e2f6dc13b90b41a29ded27dbd815bad633fdf582447c686018896,15504 3 15758 7 16012 10 16267 11 16523 12 16778 13 17034 12 17290 12 17547 10 17803 8 18060 3 18318 1
d6eb7ce7723e2f6dc13b90b41a29ded27dbd815bad633fdf582447c686018896,8847 4 9101 6 9357 7 9612 8 9868 9 10124 10 10380 11 10637 1
d6eb7ce7723e2f6dc13b90b41a29ded27dbd815bad633fdf582447c686018896,10638 10 10893 11 11149 11 11404 11 11660 10 11916 9 12172 8 12429 7 12685 6 12943 4
d6eb7ce7723e2f6dc13b90b41a29ded27dbd815bad633fdf582447c686018896,916 4 1172 5 1427 6 1683 7 1937 10 2193 11 2448 11 2705 9 2961 9 3218 7 3476 5 3733 4
d6eb7ce7723e2f6dc13b90b41a29ded27dbd815bad633fdf582447c686018896,18063 3 18069 4 18319 3 18323 6 18574 12 18830 12 19086 13 19343 14 19599 13 19857 10 20114 8 20371 7 20627 6 20884 5 21141 3
d6eb7ce7723e2f6dc13b90b41a29ded27dbd815bad633fdf582447c686018896,7575 2 7830 4 8085 5 8340 8 8596 13 8851 12 9107 11 9364 9 9620 8 9877 6 10134 5 10391 2 10648 1
d6eb7ce7723e2f6dc13b90b41a29ded27dbd815bad633fdf582447c686018896,11160 1 11415 2 11670 5 11925 6 12180 8 12436 9 12691 11 12947 12 13204 13 13460 8 13717 4 13974 3
d6eb7ce7723e2f6dc13b90b41a29ded27dbd815bad633fdf582447c686018896,2459 3 2714 5 2970 6 3225 8 3481 9 3737 9 3994 9 4250 5 4258 1 4506 4 4763 3 5019 2
d6eb7ce7723e2f6dc13b90b41a29ded27dbd815bad633fdf582447c686018896,13468 5 13721 9 13977 10 14232 12 14489 11 14745 6 15001 4 15257 4 15514 2 15770 2
d6eb7ce7723e2f6dc13b90b41a29ded27dbd815bad633fdf582447c686018896,16795 2 17051 3 17306 4 17562 5 17570 1 17818 9 18073 9 18329 9 18586 7 18842 5 19099 3
d6eb7ce7723e2f6dc13b90b41a29ded27dbd815bad633fdf582447c686018896,4255 3 4510 4 4766 5 5021 10 5277 11 5533 11 5787 11 6042 12 6298 11 6553 13 6809 12 7065 12 7322 10 7577 11 7834 9 8090 8 8348 5
d6eb7ce7723e2f6dc13b90b41a29ded27dbd815bad633fdf582447c686018896,8863 3 9118 9 9373 10 9628 11 9883 11 10139 11 10395 11 10652 10 10908 10 11164 10 11419 11 11675 11 11931 11 12188 11 12445 10 12702 9 12959 3
d6eb7ce7723e2f6dc13b90b41a29ded27dbd815bad633fdf582447c686018896,14751 6 15005 11 15261 10 15516 12 15772 12 16029 12 16285 11 16541 11 16797 10 17054 5 17310 4 17567 3
d6eb7ce7723e2f6dc13b90b41a29ded27dbd815bad633fdf582447c686018896,8620 4 8875 5 9130 7 9383 10 9639 10 9894 11 10150 11 10406 10 10662 10 10918 10 11174 10 11430 11 11686 11 11942 11 12199 10 12455 10 12714 7 12971 5 13227 5
d6eb7ce7723e2f6dc13b90b41a29ded27dbd815bad633fdf582447c686018896,8630 4 8885 5 9140 7 9395 8 9650 10 9905 11 10161 11 10416 12 10672 12 10928 12 11184 12 11441 11 11697 11 11954 10 12211 9 12467 8 12724 7 12981 5 13238 3
d6eb7ce7723e2f6dc13b90b41a29ded27dbd815bad633fdf582447c686018896,44435 4 44686 10 44942 10 45197 12 45454 11 45710 10 45967 9 46224 7 46480 3
d6eb7ce7723e2f6dc13b90b41a29ded27dbd815bad633fdf582447c686018896,62864 3 63120 7 63375 9 63631 9 63886 11 64143 10 64399 9 64658 6
d6eb7ce7723e2f6dc13b90b41a29ded27dbd815bad633fdf582447c686018896,31891 2 32146 2 32400 5 32656 5 32911 7 33168 8 33424 7 33681 3
d6eb7ce7723e2f6dc13b90b41a29ded27dbd815bad633fdf582447c686018896,31128 5 31382 7 31637 9 31893 8 32148 9 32405 7 32661 6 32918 4
d6eb7ce7723e2f6dc13b90b41a29ded27dbd815bad633fdf582447c686018896,48789 3 49045 3 49300 5 49556 8 49811 11 50067 11 50322 13 50579 11 50835 11 51092 10 51348 10 51605 8 51861 8 52118 5
d6eb7ce7723e2f6dc13b90b41a29ded27dbd815bad633fdf582447c686018896,57238 5 57493 7 57749 7 58004 8 58260 9 58515 10 58771 13 59027 13 59283 12 59540 10 59796 7 60052 5 60309 3 60565 3
d6eb7ce7723e2f6dc13b90b41a29ded27dbd815bad633fdf582447c686018896,56478 8 56734 9 56989 12 57245 12 57500 14 57756 14 58012 13 58269 12 58525 11
d6eb7ce7723e2f6dc13b90b41a29ded27dbd815bad633fdf582447c686018896,60316 3 60572 3 60830 2 61086 2 61343 1
d6eb7ce7723e2f6dc13b90b41a29ded27dbd815bad633fdf582447c686018896,60827 3 61083 3 61335 8 61591 8 61846 9 61856 3 62103 13 62359 13 62616 13 62872 13 63129 12 63386 10 63642 10 63900 8 64157 6 64414 5
d6eb7ce7723e2f6dc13b90b41a29ded27dbd815bad633fdf582447c686018896,154 12 409 13 666 11 920 1 922 10 1179 8 1433 1 1437 4 1690 1
d6eb7ce7723e2f6dc13b90b41a29ded27dbd815bad633fdf582447c686018896,44958 4 45213 6 45468 7 45723 9 45978 10 46233 12 46488 13 46744 13 46999 13 47255 13 47512 7 47768 7
d6eb7ce7723e2f6dc13b90b41a29ded27dbd815bad633fdf582447c686018896,20381 5 20635 9 20891 9 21146 11 21402 11 21658 12 21915 11 22171 4 22181 1 22428 3
d6eb7ce7723e2f6dc13b90b41a29ded27dbd815bad633fdf582447c686018896,22175 6 22431 6 22686 6 22942 6 23197 6 23453 6 23708 6 23964 6 24221 6 24477 6
d6eb7ce7723e2f6dc13b90b41a29ded27dbd815bad633fdf582447c686018896,22438 6 22692 8 22948 9 23203 10 23459 10 23714 12 23970 12 24227 12 24483 13 24740 12 24996 13 25252 13 25509 11 25765 11 26022 9 26279 7 26537 3
d6eb7ce7723e2f6dc13b90b41a29ded27dbd815bad633fdf582447c686018896,32418 2 32672 5 32927 6 33182 8 33437 13 33693 13 33948 14 34204 13 34459 14 34715 13 34971 13 35228 11 35484 8 35742 4
d6eb7ce7723e2f6dc13b90b41a29ded27dbd815bad633fdf582447c686018896,30886 5 31142 5 31397 5 31653 5 31909 5 32165 5 32420 6 32677 5 32933 6 33190 4
d6eb7ce7723e2f6dc13b90b41a29ded27dbd815bad633fdf582447c686018896,30891 3 31147 3 31402 5 31658 5 31914 7 32170 8 32426 9 32682 11 32939 10 33195 9 33453 3
d6eb7ce7723e2f6dc13b90b41a29ded27dbd815bad633fdf582447c686018896,33456 3 33712 3 33967 6 34222 7 34478 6 34733 7 34990 6 35246 6 35503 6 35760 5
d6eb7ce7723e2f6dc13b90b41a29ded27dbd815bad633fdf582447c686018896,28848 3 29102 7 29358 9 29613 11 29869 11 30126 9 30382 9 30639 7 30894 8 31150 8 31407 7 31663 7 31921 5 32178 5 32435 3
d6eb7ce7723e2f6dc13b90b41a29ded27dbd815bad633fdf582447c686018896,29629 3 29883 5 30135 10 30391 10 30646 11 30902 11 31158 11 31414 11 31670 12 31926 12 32183 11 32439 11 32696 1 32952 1
d6eb7ce7723e2f6dc13b90b41a29ded27dbd815bad633fdf582447c686018896,32697 8 32953 8 33208 10 33464 10 33720 10 33973 13 34229 12 34484 13 34740 12 34996 12 35252 11 35509 9 35765 8
d6eb7ce7723e2f6dc13b90b41a29ded27dbd815bad633fdf582447c686018896,50848 8 51103 10 51359 10 51614 12 51870 11 52125 12 52382 10 52638 9 52895 7
d6eb7ce7723e2f6dc13b90b41a29ded27dbd815bad633fdf582447c686018896,39330 6 39584 8 39839 10 40095 10 40350 10 40607 9 40863 8 41121 4
d6eb7ce7723e2f6dc13b90b41a29ded27dbd815bad633fdf582447c686018896,43942 1 44197 3 44453 3 44708 7 44964 11 45220 12 45477 11 45733 12 45990 10 46247 9 46504 7 46762 4
d6eb7ce7723e2f6dc13b90b41a29ded27dbd815bad633fdf582447c686018896,42412 4 42666 7 42921 9 43176 10 43432 13 43687 14 43943 14 44200 12 44456 12 44715 7
d6eb7ce7723e2f6dc13b90b41a29ded27dbd815bad633fdf582447c686018896,39603 1 39857 4 40112 5 40368 8 40623 9 40879 10 41136 9 41392 9 41648 6 41905 5 42161 4 42417 4 42673 4 42930 3 43186 3
d6eb7ce7723e2f6dc13b90b41a29ded27dbd815bad633fdf582447c686018896,44982 2 45237 4 45492 5 45747 9 46003 10 46258 11 46514 10 46771 9 47027 8 47284 6 47541 3
d6eb7ce7723e2f6dc13b90b41a29ded27dbd815bad633fdf582447c686018896,38072 3 38327 5 38582 6 38838 7 39093 8 39349 7 39604 8 39861 6 40117 5
d6eb7ce7723e2f6dc13b90b41a29ded27dbd815bad633fdf582447c686018896,40636 5 40892 5 41147 7 41403 8 41654 13 41910 14 42165 15 42421 15 42677 13 42934 12 43190 11 43446 11 43703 10 43959 9 44216 7 44472 7 44728 6 44984 5 45241 3 45497 3
d6eb7ce7723e2f6dc13b90b41a29ded27dbd815bad633fdf582447c686018896,62633 5 62888 7 63143 8 63398 10 63653 11 63909 11 64164 12 64420 11 64676 14 64933 15 65189 15 65446 15
d6eb7ce7723e2f6dc13b90b41a29ded27dbd815bad633fdf582447c686018896,5036 4 5291 6 5547 8 5798 14 6054 14 6309 16 6566 15 6822 14 7080 12 7336 10 7593 4
d6eb7ce7723e2f6dc13b90b41a29ded27dbd815bad633fdf582447c686018896,168 6 423 8 679 9 935 6 1190 7 1446 6 1703 5 1959 4 2216 3 2473 2 2730 2
d6eb7ce7723e2f6dc13b90b41a29ded27dbd815bad633fdf582447c686018896,941 5 1197 6 1452 8 1708 8 1963 10 2219 10 2475 9 2732 8 2988 7
d6eb7ce7723e2f6dc13b90b41a29ded27dbd815bad633fdf582447c686018896,14249 4 14505 9 14760 12 15016 12 15271 14 15528 13 15784 12 16042 10 16299 7 16555 6 16812 3
d6eb7ce7723e2f6dc13b90b41a29ded27dbd815bad633fdf582447c686018896,19114 2 19369 2 19624 3 19880 3 20135 5 20391 5 20647 6 20903 7 21160 8 21416 7 21673 4
d6eb7ce7723e2f6dc13b90b41a29ded27dbd815bad633fdf582447c686018896,18606 3 18860 8 19116 8 19371 10 19627 10 19883 10 20140 8 20396 8 20653 6 20910 4
d6eb7ce7723e2f6dc13b90b41a29ded27dbd815bad633fdf582447c686018896,52650 3 52904 10 53160 11 53415 12 53671 13 53927 12 54183 12 54440 1
d6eb7ce7723e2f6dc13b90b41a29ded27dbd815bad633fdf582447c686018896,54441 8 54696 9 54952 10 55207 11 55463 12 55719 12 55976 10 56232 10 56489 8
d6eb7ce7723e2f6dc13b90b41a29ded27dbd815bad633fdf582447c686018896,49325 6 49580 8 49836 9 50091 10 50347 11 50602 12 50858 11 51115 10 51371 9 51628 7
d6eb7ce7723e2f6dc13b90b41a29ded27dbd815bad633fdf582447c686018896,57517 4 57772 7 58027 9 58283 10 58538 11 58794 12 59051 11 59307 10 59564 9 59821 7 60078 5
d6eb7ce7723e2f6dc13b90b41a29ded27dbd815bad633fdf582447c686018896,3505 5 3761 5 4016 5 4272 5 4529 3 4785 4 5043 2
d6eb7ce7723e2f6dc13b90b41a29ded27dbd815bad633fdf582447c686018896,3004 5 3258 7 3513 9 3766 12 4021 13 4277 12 4532 13 4789 11 5045 11 5303 7 5560 5
d6eb7ce7723e2f6dc13b90b41a29ded27dbd815bad633fdf582447c686018896,16819 3 17073 4 17329 4 17584 4 17840 5 18097 4 18353 5 18610 3
d6eb7ce7723e2f6dc13b90b41a29ded27dbd815bad633fdf582447c686018896,16312 5 16567 8 16823 9 17077 11 17333 12 17588 13 17845 13 18101 13 18361 9 18617 8 18875 6
d6eb7ce7723e2f6dc13b90b41a29ded27dbd815bad633fdf582447c686018896,24500 3 24755 4 25010 6 25266 11 25521 13 25778 12 26034 13 26290 13 26545 14 26801 14 27057 13 27314 12 27570 11 27828 7
d6eb7ce7723e2f6dc13b90b41a29ded27dbd815bad633fdf582447c686018896,22712 1 22966 4 22975 1 23222 5 23231 1 23477 11 23733 10 23990 9 24246 8 24503 6 24759 5 25016 4
d6eb7ce7723e2f6dc13b90b41a29ded27dbd815bad633fdf582447c686018896,20668 3 20923 5 21177 7 21433 8 21688 9 21944 9 22200 8 22457 7 22713 7 22970 5 23227 4
d6eb7ce7723e2f6dc13b90b41a29ded27dbd815bad633fdf582447c686018896,61877 3 62131 7 62387 8 62642 10 62898 10 63154 11 63411 10 63667 10 63924 5 64181 4 64439 1
d6eb7ce7723e2f6dc13b90b41a29ded27dbd815bad633fdf582447c686018896,57785 5 58040 8 58296 9 58551 10 58807 11 59062 12 59319 11 59575 11 59832 9 60089 8 60345 6 60601 3 60857 2 61114 1
d6eb7ce7723e2f6dc13b90b41a29ded27dbd815bad633fdf582447c686018896,60604 3 60859 6 61115 7 61370 10 61627 10 61883 11 62140 11 62397 11 62653 11 62911 10 63167 1 63176 1 63423 1 63432 1
d6eb7ce7723e2f6dc13b90b41a29ded27dbd815bad633fdf582447c686018896,63168 8 63424 8 63679 10 63929 3 63935 10 64185 3 64191 10 64440 6 64447 10 64696 17 64952 17 65207 18 65463 18
d6eb7ce7723e2f6dc13b90b41a29ded27dbd815bad633fdf582447c686018896,47802 1 48313 2 48569 2 48826 2 49082 5 49337 7 49592 9 49848 9 50103 11 50359 11 50614 12 50871 10 51127 10 51384 8 51640 7
d6eb7ce7723e2f6dc13b90b41a29ded27dbd815bad633fdf582447c686018896,42690 4 42946 6 43201 7 43457 8 43714 7 43969 9 44225 9 44480 10 44736 10 44991 10 45247 10 45503 10 45759 10 46015 10 46271 10 46526 11 46781 11 47036 12 47292 11 47547 10 47803 9 48058 9 48315 7 48571 5 48828 3
d6eb7ce7723e2f6dc13b90b41a29ded27dbd815bad633fdf582447c686018896,185 5 441 7 698 6 955 3
d6eb7ce7723e2f6dc13b90b41a29ded27dbd815bad633fdf582447c686018896,14014 1 14269 2 14525 5 14780 8 15037 10 15293 10 15550 9 15807 9 16064 8 16321 8 16578 7 16835 5 17092 4
d6eb7ce7723e2f6dc13b90b41a29ded27dbd815bad633fdf582447c686018896,11201 1 11457 8 11713 8 11969 8 12224 9 12480 10 12736 10 12992 10 13247 11 13503 11 13758 13 14015 12 14271 11 14530 7 14788 5
d6eb7ce7723e2f6dc13b90b41a29ded27dbd815bad633fdf582447c686018896,4805 3 5059 5 5314 7 5569 8 5824 8 6078 10 6333 10 6589 10 6844 12 7100 13 7357 13 7613 18 7870 18 8126 20 8383 20 8639 21 8896 20 9152 21 9408 21 9664 21 9921 21 10177 21 10433 22 10689 9 10710 1 10946 6 10966 1 11202 7
d6eb7ce7723e2f6dc13b90b41a29ded27dbd815bad633fdf582447c686018896,10698 12 10957 9 11209 14 11465 14 11721 13 11977 13 12233 12 12490 11 12746 11 13002 10 13258 10 13514 8 13771 6 14027 4
d6eb7ce7723e2f6dc13b90b41a29ded27dbd815bad633fdf582447c686018896,37060 1 37314 5 37569 7 37824 8 38081 6 38337 4 38344 1
d6eb7ce7723e2f6dc13b90b41a29ded27dbd815bad633fdf582447c686018896,27077 3 27332 6 27587 8 27842 9 28098 10 28353 11 28609 11 28866 6 29122 5 29380 3
d6eb7ce7723e2f6dc13b90b41a29ded27dbd815bad633fdf582447c686018896,28872 3 29127 4 29383 5 29638 7 29895 7 30150 8 30406 9 30661 10 30916 11 31172 11 31427 13 31683 13 31940 12 32196 11 32453 10 32711 7 32969 4
d6eb7ce7723e2f6dc13b90b41a29ded27dbd815bad633fdf582447c686018896,52421 4 52675 6 52930 8 53186 8 53441 8 53697 8 53953 7 54209 1 54214 1 54465 1 54470 1
d6eb7ce7723e2f6dc13b90b41a29ded27dbd815bad633fdf582447c686018896,54210 4 54466 4 54721 6 54977 6 55233 7 55489 8 55745 8 56001 9 56258 8 56514 9 56771 7 57029 5
d6eb7ce7723e2f6dc13b90b41a29ded27dbd815bad633fdf582447c686018896,34246 5 34500 8 34755 9 35011 10 35266 11 35522 10 35779 9 36035 8 36292 6 36549 4
d6eb7ce7723e2f6dc13b90b41a29ded27dbd815bad633fdf582447c686018896,38853 1 39108 1 39363 2 39619 2 39874 4 40130 4 40386 5 40643 6 40899 5 41156 3
d6eb7ce7723e2f6dc13b90b41a29ded27dbd815bad633fdf582447c686018896,38349 5 38598 12 38854 13 39109 14 39365 17 39621 16 39878 13 40134 13 40391 11 40651 7 40907 6 41164 5
d6eb7ce7723e2f6dc13b90b41a29ded27dbd815bad633fdf582447c686018896,35800 5 36055 7 36310 9 36566 9 36820 12 37075 13 37331 13 37586 14 37842 13 38099 12 38354 12 38610 5 38618 3 38867 4 39123 3
d6eb7ce7723e2f6dc13b90b41a29ded27dbd815bad633fdf582447c686018896,49358 9 49613 11 49869 11 50124 12 50380 13 50635 14 50892 15 51148 15 51408 8 51665 7 51922 5 52180 3
d6eb7ce7723e2f6dc13b90b41a29ded27dbd815bad633fdf582447c686018896,51416 3 51672 9 51927 10 52183 11 52440 10 52695 10 52951 10 53206 11 53462 10 53719 9 53975 8 54233 4
d6eb7ce7723e2f6dc13b90b41a29ded27dbd815bad633fdf582447c686018896,48349 1 48603 4 48858 5 49113 8 49369 12 49624 12 49880 12 50136 12 50393 10 50649 10 50909 4
d6eb7ce7723e2f6dc13b90b41a29ded27dbd815bad633fdf582447c686018896,46052 4 46307 5 46562 7 46816 9 47072 9 47327 11 47583 11 47839 11 48095 11 48350 11 48607 10 48863 9 49121 4
d6eb7ce7723e2f6dc13b90b41a29ded27dbd815bad633fdf582447c686018896,57299 6 57554 8 57809 9 58060 3 58064 11 58316 15 58571 16 58827 14 59084 13 59340 12 59597 11 59853 11 60110 9 60368 3
d6eb7ce7723e2f6dc13b90b41a29ded27dbd815bad633fdf582447c686018896,58588 6 58841 10 59097 10 59352 12 59608 12 59864 12 60121 11 60377 10 60634 9 60891 7 61149 4
d6eb7ce7723e2f6dc13b90b41a29ded27dbd815bad633fdf582447c686018896,43470 4 43726 5 43981 7 44237 7 44492 9 44748 9 45004 9 45260 6 45517 4 45773 4 46030 2
d6eb7ce7723e2f6dc13b90b41a29ded27dbd815bad633fdf582447c686018896,45266 3 45521 4 45777 6 46032 9 46288 14 46544 14 46800 15 47055 15 47311 15 47568 13 47824 12 48081 9
d6eb7ce7723e2f6dc13b90b41a29ded27dbd815bad633fdf582447c686018896,63438 2 63693 4 63949 4 64204 6 64460 9 64716 9 64972 9 65228 9 65485 7
d6eb7ce7723e2f6dc13b90b41a29ded27dbd815bad633fdf582447c686018896,61138 7 61392 10 61648 12 61903 15 62159 15 62416 15 62672 15 62928 14 63184 14 63440 9 63697 6 63953 4 64210 3
d6eb7ce7723e2f6dc13b90b41a29ded27dbd815bad633fdf582447c686018896,40410 4 40666 5 40921 6 41177 7 41432 8 41688 9 41943 10 42198 10 42453 11 42709 10 42964 11 43221 9 43477 8 43734 5
d6eb7ce7723e2f6dc13b90b41a29ded27dbd815bad633fdf582447c686018896,33239 2 33494 2 33750 2 34005 4 34262 3 34518 5
d6eb7ce7723e2f6dc13b90b41a29ded27dbd815bad633fdf582447c686018896,32732 4 32985 7 33241 8 33496 9 33752 8 34009 7 34265 5
d6eb7ce7723e2f6dc13b90b41a29ded27dbd815bad633fdf582447c686018896,55512 7 55768 8 56023 9 56279 10 56536 9 56792 10 57049 9 57306 8 57562 7 57819 6
d6eb7ce7723e2f6dc13b90b41a29ded27dbd815bad633fdf582447c686018896,7646 3 7902 3 8157 10 8413 10 8669 11 8925 11 9181 11 9437 10 9694 9 9950 6 10208 3
d6eb7ce7723e2f6dc13b90b41a29ded27dbd815bad633fdf582447c686018896,34276 3 34531 5 34784 8 35040 9 35295 10 35551 10 35807 9 36062 10 36319 8 36575 8
d6eb7ce7723e2f6dc13b90b41a29ded27dbd815bad633fdf582447c686018896,36838 1 37350 1 37604 4 37859 5 38114 6 38370 6 38626 5 38882 5 39138 5 39396 3
d6eb7ce7723e2f6dc13b90b41a29ded27dbd815bad633fdf582447c686018896,48635 2 48891 1 49146 2 49401 3 49657 2 49663 2 49913 2 49919 2 50170 7 50427 3
d8d4bf68a76e4e4c5f21de7ac613451f7115a04db686151e78b8ec0b6a22022b,32014 3 32269 6 32524 7 32779 9 33034 10 33290 10 33545 10 33802 9 34058 9 34315 4 34572 2
d8d4bf68a76e4e4c5f21de7ac613451f7115a04db686151e78b8ec0b6a22022b,34319 3 34574 4 34830 7 35085 10 35340 11 35596 12 35851 13 36107 13 36363 13 36619 12 36875 12 37131 11 37388 10 37644 9 37901 7
d8d4bf68a76e4e4c5f21de7ac613451f7115a04db686151e78b8ec0b6a22022b,577 4 832 6 1087 8 1343 8 1598 10 1854 10 2111 9 2367 9 2624 7 2881 6 3138 4
d8d4bf68a76e4e4c5f21de7ac613451f7115a04db686151e78b8ec0b6a22022b,3396 6 3651 9 3906 10 4161 12 4417 12 4672 14 4928 14 5184 13 5440 13 5697 11 5953 10 6210 7 6468 3
d8d4bf68a76e4e4c5f21de7ac613451f7115a04db686151e78b8ec0b6a22022b,14915 5 15170 7 15425 9 15681 9 15936 11 16192 11 16448 11 16705 9 16961 9 17218 7 17476 3
d8d4bf68a76e4e4c5f21de7ac613451f7115a04db686151e78b8ec0b6a22022b,64672 3 64927 6 65182 8 65438 8
da6c593410340b19bb212b9f6d274f95b08c0fc8f2570cd66bc5ed42c560acab,13852 3 13857 3 14107 11 14363 12 14618 13 14874 14 15129 17 15385 19 15641 19 15897 20 16153 20 16409 19 16664 20 16920 19 17176 18 17433 16 17689 15 17946 13
da6c593410340b19bb212b9f6d274f95b08c0fc8f2570cd66bc5ed42c560acab,44826 14 45081 16 45337 16 45592 18 45848 17 46105 16 46361 16 46617 16 46873 15 47130 14 47386 4 47395 4 47652 1
da6c593410340b19bb212b9f6d274f95b08c0fc8f2570cd66bc5ed42c560acab,47390 5 47645 7 47901 7 48156 9 48412 9 48667 11 48924 9 49180 9 49438 5
da6c593410340b19bb212b9f6d274f95b08c0fc8f2570cd66bc5ed42c560acab,7451 4 7457 5 7706 14 7962 15 8217 16 8473 17 8729 17 8985 17 9241 16 9497 16 9753 13 10009 12 10265 10 10521 10 10777 9 11033 6 11042 1 11290 4 11546 3
da6c593410340b19bb212b9f6d274f95b08c0fc8f2570cd66bc5ed42c560acab,9515 3 9766 9 10021 10 10275 13 10531 12 10786 13 11043 11 11299 11 11556 9 11812 9 12069 7 12327 3
da6c593410340b19bb212b9f6d274f95b08c0fc8f2570cd66bc5ed42c560acab,55331 8 55580 4 55586 10 55835 19 56091 20 56346 22 56602 22 56857 24 57113 24 57370 22 57626 22 57881 22 58137 21 58394 19 58650 5 58657 9 58916 3
da6c593410340b19bb212b9f6d274f95b08c0fc8f2570cd66bc5ed42c560acab,63518 2 63772 4 64028 1 64283 2
da6c593410340b19bb212b9f6d274f95b08c0fc8f2570cd66bc5ed42c560acab,62252 3 62506 5 62760 8 63015 9 63270 10 63520 4 63526 10 63776 16 64029 19 64285 18 64540 19 64796 19 65052 18 65308 18
da6c593410340b19bb212b9f6d274f95b08c0fc8f2570cd66bc5ed42c560acab,44853 3 45103 12 45357 15 45613 17 45868 20 46124 20 46381 20 46637 20 46894 18 47150 18 47408 15 47666 12 47925 8
da6c593410340b19bb212b9f6d274f95b08c0fc8f2570cd66bc5ed42c560acab,10544 7 10799 10 11055 12 11310 14 11566 15 11822 16 12079 16 12335 17 12592 16 12849 16 13106 15 13362 14 13618 14 13875 12 14131 10 14389 3
da6c593410340b19bb212b9f6d274f95b08c0fc8f2570cd66bc5ed42c560acab,6966 5 7220 9 7475 10 7730 12 7985 12 8241 12 8496 13 8752 14 9009 13 9265 13 9524 9 9781 8 10038 5
da6c593410340b19bb212b9f6d274f95b08c0fc8f2570cd66bc5ed42c560acab,62772 2 63028 2 63283 6 63539 7 63795 12 64051 12 64307 12 64563 11 64818 12 65075 10 65331 10
da6c593410340b19bb212b9f6d274f95b08c0fc8f2570cd66bc5ed42c560acab,59454 5 59708 7 59962 10 60218 10 60473 11 60728 11 60984 11 61239 12 61495 12 61750 12 62006 12 62261 13 62517 13 62774 11 63030 11 63289 7 63546 6
da6c593410340b19bb212b9f6d274f95b08c0fc8f2570cd66bc5ed42c560acab,2874 3 2883 5 3130 15 3385 18 3641 18 3898 18 4154 17 4410 17 4667 15 4923 14 5180 6 5437 3 5694 2
da6c593410340b19bb212b9f6d274f95b08c0fc8f2570cd66bc5ed42c560acab,5186 5 5440 7 5696 8 5951 9 6207 10 6463 10 6718 12 6974 12 7229 13 7486 11 7742 2 7999 1
da6c593410340b19bb212b9f6d274f95b08c0fc8f2570cd66bc5ed42c560acab,7744 9 8000 10 8255 11 8512 11 8768 12 9024 12 9281 12 9537 12 9794 11 10051 9 10308 8
da6c593410340b19bb212b9f6d274f95b08c0fc8f2570cd66bc5ed42c560acab,52035 6 52289 8 52544 10 52799 11 53054 11 53310 11 53565 11 53821 10 54078 8 54334 5
da6c593410340b19bb212b9f6d274f95b08c0fc8f2570cd66bc5ed42c560acab,42052 5 42307 5 42562 6 42817 7 43073 7 43328 8 43585 7 43841 8 44098 7 44356 3
da6c593410340b19bb212b9f6d274f95b08c0fc8f2570cd66bc5ed42c560acab,38990 1 39245 2 39499 5 39754 6 40009 8 40265 8 40520 10 40777 10 41033 11 41289 12 41546 12 41801 15 42057 16 42312 17 42568 18 42824 17 43080 17 43336 16 43592 14 43849 10 44105 7
da6c593410340b19bb212b9f6d274f95b08c0fc8f2570cd66bc5ed42c560acab,37712 7 37968 11 38223 22 38479 23 38736 22 38991 24 39247 24 39504 22 39760 22 40017 22 40273 21 40530 20 40787 14 41044 10 41301 7 41558 4
da6c593410340b19bb212b9f6d274f95b08c0fc8f2570cd66bc5ed42c560acab,63556 1 63811 2 64068 3 64074 1 64324 7 64581 6 64838 6 65094 5 65350 5
da6c593410340b19bb212b9f6d274f95b08c0fc8f2570cd66bc5ed42c560acab,59980 2 60236 2 60491 5 60745 7 60999 9 61254 10 61510 9 61765 10 62021 9 62277 9 62533 8 62789 8 63045 7 63300 7 63557 6 63813 5 64071 3
da6c593410340b19bb212b9f6d274f95b08c0fc8f2570cd66bc5ed42c560acab,57171 1 57427 2 57682 3 57938 8 58193 17 58448 18 58704 18 58958 19 59214 19 59469 20 59725 19 59982 18 60238 17 60498 13 60755 11 61011 10 61268 7 61524 5
da6c593410340b19bb212b9f6d274f95b08c0fc8f2570cd66bc5ed42c560acab,53852 4 54107 5 54362 8 54618 8 54872 10 55128 10 55383 11 55639 11 55894 12 56150 13 56405 14 56661 14 56916 15 57172 15 57429 15 57685 15 57946 9
da6c593410340b19bb212b9f6d274f95b08c0fc8f2570cd66bc5ed42c560acab,51821 1 52076 1 52330 3 52585 4 52839 6 53094 7 53348 9 53603 10 53859 10 54114 12 54370 12 54626 12 54882 12 55138 12 55394 12 55650 12 55906 13 56163 12 56419 13 56675 11 56931 10 57187 9 57444 7 57700 3
da6c593410340b19bb212b9f6d274f95b08c0fc8f2570cd66bc5ed42c560acab,51315 3 51566 11 51822 12 52077 14 52333 14 52589 15 52845 15 53101 16 53357 16 53613 16 53869 15 54126 14 54382 13 54638 12 54894 11 55150 10 55406 8 55662 7 55919 4 56175 3
da6c593410340b19bb212b9f6d274f95b08c0fc8f2570cd66bc5ed42c560acab,5457 7 5711 11 5967 12 6222 14 6478 15 6734 15 6990 16 7247 15 7503 14 7760 13 8017 11 8274 5
da6c593410340b19bb212b9f6d274f95b08c0fc8f2570cd66bc5ed42c560acab,47957 8 48212 10 48467 12 48722 13 48977 15 49231 17 49487 17 49742 18 49998 18 50254 18 50511 16 50767 16 51024 14 51281 12 51538 9 51797 4
da6c593410340b19bb212b9f6d274f95b08c0fc8f2570cd66bc5ed42c560acab,2389 10 2643 14 2899 16 3154 17 3411 17 3667 17 3924 17 4181 16 4439 15 4698 12 4957 10 5215 8 5472 6 5730 4
da6c593410340b19bb212b9f6d274f95b08c0fc8f2570cd66bc5ed42c560acab,34899 4 35155 5 35410 4 35667 3 35923 2 36180 2 36437 1
da6c593410340b19bb212b9f6d274f95b08c0fc8f2570cd66bc5ed42c560acab,33370 6 33625 12 33881 14 34136 16 34392 17 34649 17 34905 18 35162 18 35414 20 35670 20 35925 20 36182 16 36200 2 36438 16 36695 16 36953 13 37213 9
da6c593410340b19bb212b9f6d274f95b08c0fc8f2570cd66bc5ed42c560acab,13403 8 13658 11 13913 14 14169 15 14424 16 14680 17 14937 16 15193 15 15450 14 15707 12 15964 8
da6c593410340b19bb212b9f6d274f95b08c0fc8f2570cd66bc5ed42c560acab,46441 3 46695 5 46948 7 47204 7 47459 8 47715 8 47970 10 48226 10 48483 9 48739 9 48996 9 49253 8 49510 9 49768 4
da6c593410340b19bb212b9f6d274f95b08c0fc8f2570cd66bc5ed42c560acab,46189 5 46444 8 46700 9 46955 11 47211 11 47467 12 47723 12 47980 11 48236 10 48492 10 48748 9 49005 7 49261 5
da6c593410340b19bb212b9f6d274f95b08c0fc8f2570cd66bc5ed42c560acab,17256 2 17511 3 17767 3 18025 1
da6c593410340b19bb212b9f6d274f95b08c0fc8f2570cd66bc5ed42c560acab,17258 6 17514 6 17770 6 18026 5
da6c593410340b19bb212b9f6d274f95b08c0fc8f2570cd66bc5ed42c560acab,2161 7 2410 6 2417 9 2665 17 2919 20 3175 19 3430 20 3687 18 3943 17 4200 14 4457 12 4715 9 4973 6
da6c593410340b19bb212b9f6d274f95b08c0fc8f2570cd66bc5ed42c560acab,35434 4 35690 10 35945 9 36202 7 36458 7 36715 5 36972 5 37229 4
da6c593410340b19bb212b9f6d274f95b08c0fc8f2570cd66bc5ed42c560acab,35954 5 36209 8 36465 10 36720 11 36977 11 37233 11 37490 9 37751 4
da6c593410340b19bb212b9f6d274f95b08c0fc8f2570cd66bc5ed42c560acab,32368 5 32623 8 32879 9 33134 12 33390 15 33646 16 33903 16 34159 16 34416 16 34672 16 34929 14 35187 12
da6c593410340b19bb212b9f6d274f95b08c0fc8f2570cd66bc5ed42c560acab,42871 6 43126 5 43382 4 43637 5 43893 4 44150 3 44406 4 44663 3
da6c593410340b19bb212b9f6d274f95b08c0fc8f2570cd66bc5ed42c560acab,43131 5 43386 7 43642 7 43897 6 44153 5 44410 4 44666 3
da6c593410340b19bb212b9f6d274f95b08c0fc8f2570cd66bc5ed42c560acab,43654 8 43903 3 43907 13 44158 19 44414 19 44669 21 44926 20 45181 22 45437 21 45692 22 45948 20 46203 19 46460 17 46716 14 46973 11 47232 3
da6c593410340b19bb212b9f6d274f95b08c0fc8f2570cd66bc5ed42c560acab,28283 3 28539 4
da6c593410340b19bb212b9f6d274f95b08c0fc8f2570cd66bc5ed42c560acab,28795 4 29051 4 29307 4 29563 4 29819 3 30074 3
da6c593410340b19bb212b9f6d274f95b08c0fc8f2570cd66bc5ed42c560acab,3455 3 3709 7 3965 6 4220 6 4476 6 4733 4 4989 5 5246 4
da6c593410340b19bb212b9f6d274f95b08c0fc8f2570cd66bc5ed42c560acab,3971 4 4226 7 4482 9 4737 10 4994 10 5250 10 5507 8 5764 7
da6c593410340b19bb212b9f6d274f95b08c0fc8f2570cd66bc5ed42c560acab,30083 3 30338 4 30594 10 30849 11 31105 12 31361 12 31616 13 31873 12 32129 12 32386 11 32643 11 32900 9 33157 8 33415 5
da6c593410340b19bb212b9f6d274f95b08c0fc8f2570cd66bc5ed42c560acab,1157 2 1412 3 1668 2 1923 3 2179 4 2435 4 2692 4 2948 4
da6c593410340b19bb212b9f6d274f95b08c0fc8f2570cd66bc5ed42c560acab,1159 6 1415 8 1670 9 1926 10 2183 9 2439 9 2696 7 2952 7
da6c593410340b19bb212b9f6d274f95b08c0fc8f2570cd66bc5ed42c560acab,23687 5 23941 9 24197 10 24452 12 24708 12 24963 14 25219 13 25476 12 25732 11 25989 9 26246 7 26503 3
da6c593410340b19bb212b9f6d274f95b08c0fc8f2570cd66bc5ed42c560acab,49550 5 49804 8 50058 11 50313 12 50569 13 50824 14 51077 18 51333 20 51588 21 51845 20 52101 19 52357 19 52613 19 52870 17 53126 17 53383 15 53639 14 53896 6 54153 4
da6c593410340b19bb212b9f6d274f95b08c0fc8f2570cd66bc5ed42c560acab,48027 4 48282 5 48537 7 48792 8 49048 8 49303 9 49558 8 49814 6 50069 6 50325 5 50582 4 50838 3 51095 2
da6c593410340b19bb212b9f6d274f95b08c0fc8f2570cd66bc5ed42c560acab,48035 6 48291 8 48546 9 48802 10 49058 10 49313 12 49566 15 49820 17 50075 19 50330 20 50586 20 50841 22 51097 22 51354 21 51610 21 51869 18 52125 16 52382 7 52395 2
da6c593410340b19bb212b9f6d274f95b08c0fc8f2570cd66bc5ed42c560acab,27537 4 27789 9 28043 11 28299 12 28554 13 28810 13 29067 12 29323 12 29580 10 29838 8
da6c593410340b19bb212b9f6d274f95b08c0fc8f2570cd66bc5ed42c560acab,31123 4 31378 6 31634 8 31889 9 32145 10 32401 10 32657 11 32913 11 33169 10 33426 9 33682 8 33939 6
da6c593410340b19bb212b9f6d274f95b08c0fc8f2570cd66bc5ed42c560acab,1176 4 1429 7 1684 8 1940 9 2195 10 2452 10 2708 13 2965 11 3222 8 3479 7 3737 4
da6c593410340b19bb212b9f6d274f95b08c0fc8f2570cd66bc5ed42c560acab,159 8 172 4 414 17 669 18 925 18 1180 20 1436 20 1692 20 1949 20 2205 20 2462 19 2724 9 2982 5 3240 3 3497 1
da6c593410340b19bb212b9f6d274f95b08c0fc8f2570cd66bc5ed42c560acab,2733 5 2987 9 3243 11 3498 13 3755 13 4010 15 4267 14 4523 15 4781 13 5041 8 5300 5
da6c593410340b19bb212b9f6d274f95b08c0fc8f2570cd66bc5ed42c560acab,179 10 431 14 687 15 943 16 1200 16 1456 16 1712 17 1969 15 2225 15 2484 11
da6c593410340b19bb212b9f6d274f95b08c0fc8f2570cd66bc5ed42c560acab,18070 6 18325 9 18581 10 18836 12 19092 12 19348 13 19604 7 19861 5 20117 3 20374 2 20630 1 20887 1
da6c593410340b19bb212b9f6d274f95b08c0fc8f2570cd66bc5ed42c560acab,19611 8 19866 9 20120 12 20376 12 20631 13 20888 11 21144 11 21401 10 21656 10 21912 10 22167 10 22424 9 22680 8 22938 5
da6c593410340b19bb212b9f6d274f95b08c0fc8f2570cd66bc5ed42c560acab,26267 8 26522 11 26778 11 27033 12 27289 11 27545 11 27801 11 28057 11 28313 11 28569 11 28825 11 29081 12 29337 12 29593 14 29849 13 30106 12 30362 12 30619 11 30876 11 31133 9 31390 8 31647 6
da6c593410340b19bb212b9f6d274f95b08c0fc8f2570cd66bc5ed42c560acab,26789 7 27045 8 27300 10 27556 11 27812 11 28068 12 28324 12 28580 11 28836 11 29093 8 29349 7
da6c593410340b19bb212b9f6d274f95b08c0fc8f2570cd66bc5ed42c560acab,40364 2 40618 5 40874 6 41129 7 41385 8 41641 7 41898 6 42156 3
da6c593410340b19bb212b9f6d274f95b08c0fc8f2570cd66bc5ed42c560acab,52141 3 52397 4 52652 5 52908 6 53164 6 53419 7 53675 7 53930 8 54186 8 54441 9 54697 8 54954 7 55210 6
da6c593410340b19bb212b9f6d274f95b08c0fc8f2570cd66bc5ed42c560acab,48305 6 48314 1 48559 11 48815 11 49070 12 49326 12 49582 12 49839 11 50095 11 50351 11 50607 11 50864 10 51120 10 51377 9 51634 9 51891 8 52147 9 52404 11 52661 10 52918 8
da6c593410340b19bb212b9f6d274f95b08c0fc8f2570cd66bc5ed42c560acab,47550 4 47805 6 48059 10 48315 12 48570 11 48826 11 49082 10 49338 10 49594 10 49850 10 50106 10 50362 10 50618 9 50874 9 51130 9 51386 9 51643 7 51899 7 52156 5 52417 1
da6c593410340b19bb212b9f6d274f95b08c0fc8f2570cd66bc5ed42c560acab,48581 4 48837 5 49092 9 49348 10 49604 11 49860 12 50116 13 50372 14 50627 15 50883 6 51139 5
da6c593410340b19bb212b9f6d274f95b08c0fc8f2570cd66bc5ed42c560acab,50889 9 51144 10 51395 15 51650 17 51906 17 52161 19 52418 19 52674 19 52931 18 53188 18 53444 18 53701 18 53958 17 54215 16 54474 13 54731 13 54988 12 55244 11 55501 10 55757 9 56014 8 56271 5
da6c593410340b19bb212b9f6d274f95b08c0fc8f2570cd66bc5ed42c560acab,50132 3 50387 5 50643 6 50898 8 51154 10 51410 11 51667 11 51923 11 52180 11 52438 9 52694 10 52951 9 53208 8 53464 8 53721 7 53978 5 54234 5 54491 3
da6c593410340b19bb212b9f6d274f95b08c0fc8f2570cd66bc5ed42c560acab,42163 6 42418 8 42673 9 42929 10 43184 11 43440 10 43697 9 43953 8 44211 4
da6c593410340b19bb212b9f6d274f95b08c0fc8f2570cd66bc5ed42c560acab,37048 4 37302 9 37558 12 37813 14 38069 14 38324 16 38581 14 38837 14 39094 12 39352 9 39611 4
da6c593410340b19bb212b9f6d274f95b08c0fc8f2570cd66bc5ed42c560acab,25273 7 25526 11 25782 11 26037 13 26293 13 26549 13 26805 13 27062 13 27318 12 27575 11 27832 9 28089 7 28346 5
da6c593410340b19bb212b9f6d274f95b08c0fc8f2570cd66bc5ed42c560acab,34752 3 35007 4 35263 3 35518 5 35775 4 36031 5
da6c593410340b19bb212b9f6d274f95b08c0fc8f2570cd66bc5ed42c560acab,34246 6 34500 8 34755 14 35011 23 35266 25 35523 25 35779 25 36039 22 36298 18 36555 17 36812 15 37069 14 37325 11 37581 11 37838 10 38094 9 38351 8 38609 5
da6c593410340b19bb212b9f6d274f95b08c0fc8f2570cd66bc5ed42c560acab,31181 5 31435 13 31691 15 31946 17 32202 19 32458 20 32714 21 32970 21 33226 22 33483 20 33739 20 33995 19 34252 15 34508 13 34769 8
da6c593410340b19bb212b9f6d274f95b08c0fc8f2570cd66bc5ed42c560acab,39624 4 39878 10 40133 14 40389 16 40644 19 40900 19 41157 19 41413 19 41670 17 41926 17 42184 14 42441 9
da6c593410340b19bb212b9f6d274f95b08c0fc8f2570cd66bc5ed42c560acab,21450 4 21705 6 21960 7 22216 7 22473 5 22730 4
da6c593410340b19bb212b9f6d274f95b08c0fc8f2570cd66bc5ed42c560acab,46296 4 46552 4 46807 6 47063 6 47319 7 47575 9 47588 3 47832 15 48088 16 48345 15 48601 15 48858 14 49114 14 49371 12 49628 11 49885 9 50142 7 50399 4
da6c593410340b19bb212b9f6d274f95b08c0fc8f2570cd66bc5ed42c560acab,37603 3 37851 12 38107 12 38362 14 38618 14 38874 14 39131 13 39387 12 39644 11 39900 10 40158 1 40164 1 40414 1 40420 1
da6c593410340b19bb212b9f6d274f95b08c0fc8f2570cd66bc5ed42c560acab,40159 5 40415 5 40670 7 40926 7 41181 8 41438 7 41694 7 41950 6 42207 5 42463 4
da6c593410340b19bb212b9f6d274f95b08c0fc8f2570cd66bc5ed42c560acab,32486 1 32740 3 32996 4 33252 4 33508 4 33764 3
da6c593410340b19bb212b9f6d274f95b08c0fc8f2570cd66bc5ed42c560acab,21494 3 21749 5 22004 6 22260 6 22517 4 22774 2
dab46d798d29aff2e99c23f47ed3064f5cafb1644629b015c95a2dd2ee593bb4,59694 3 59948 7 60203 9 60458 11 60714 11 60969 13 61225 13 61480 14 61736 14 61992 14 62248 13 62505 12 62761 11 63018 8 63275 6
dab46d798d29aff2e99c23f47ed3064f5cafb1644629b015c95a2dd2ee593bb4,36665 5 36919 10 37174 13 37428 16 37683 18 37938 19 38194 20 38449 21 38705 21 38961 20 39217 20 39474 18 39730 17 39987 15 40244 13 40501 10 40759 6
dab46d798d29aff2e99c23f47ed3064f5cafb1644629b015c95a2dd2ee593bb4,61026 6 61281 8 61535 11 61790 13 62045 14 62301 15 62556 16 62812 16 63067 16 63323 16 63579 16 63835 15 64092 14 64348 13 64605 12 64862 9 65120 6
dab46d798d29aff2e99c23f47ed3064f5cafb1644629b015c95a2dd2ee593bb4,20622 3 20876 7 21132 9 21387 11 21643 12 21899 12 22155 13 22412 13 22668 13 22925 13 23182 12 23439 11 23696 9 23953 8 24211 4
dab46d798d29aff2e99c23f47ed3064f5cafb1644629b015c95a2dd2ee593bb4,17308 5 17562 10 17817 12 18072 15 18328 16 18583 18 18839 18 19095 19 19351 19 19608 19 19864 19 20121 18 20377 18 20634 16 20892 14 21149 12 21406 10 21664 7
dab46d798d29aff2e99c23f47ed3064f5cafb1644629b015c95a2dd2ee593bb4,15047 6 15301 11 15557 13 15812 15 16068 16 16324 17 16580 18 16837 17 17093 18 17350 17 17607 15 17865 13 18122 11 18381 6
dab46d798d29aff2e99c23f47ed3064f5cafb1644629b015c95a2dd2ee593bb4,3814 7 4069 10 4324 13 4580 14 4835 15 5091 16 5348 15 5604 15 5862 13 6119 11 6377 9 6636 5
dab46d798d29aff2e99c23f47ed3064f5cafb1644629b015c95a2dd2ee593bb4,25841 3 26095 7 26349 10 26605 11 26860 13 27116 14 27372 14 27629 14 27885 14 28142 12 28399 11 28656 9 28914 6
dab46d798d29aff2e99c23f47ed3064f5cafb1644629b015c95a2dd2ee593bb4,51701 7 51956 10 52211 12 52466 15 52722 15 52977 16 53233 16 53490 15 53746 15 54003 14 54259 14 54516 13 54772 13 55029 12 55286 11 55544 9 55801 8 56059 6
df40099c6306ca1f47fcc8a62e2fa39486d4e223177afdc51b2ad189691802d8,26657 3 26913 4 27168 6 27424 6 27680 7 27936 7 28192 8 28448 8 28704 8 28960 9 29216 9 29472 9 29729 9 29985 9 30242 8 30499 6 30756 5 31013 3
df40099c6306ca1f47fcc8a62e2fa39486d4e223177afdc51b2ad189691802d8,42534 3 42789 6 43043 8 43298 10 43554 10 43809 11 44065 11 44321 10 44577 10 44833 9 45089 9 45345 8 45602 6 45858 4
df40099c6306ca1f47fcc8a62e2fa39486d4e223177afdc51b2ad189691802d8,10792 4 11047 6 11303 6 11558 8 11814 8 12070 8 12327 8 12583 7 12839 7 13096 6 13352 6 13609 4 13865 4
df40099c6306ca1f47fcc8a62e2fa39486d4e223177afdc51b2ad189691802d8,41 18 296 19 552 19 808 19 1064 18 1321 17 1577 16 1834 14 2091 11 2350 3
df40099c6306ca1f47fcc8a62e2fa39486d4e223177afdc51b2ad189691802d8,21548 5 21804 7 22059 9 22315 9 22570 11 22826 11 23081 11 23337 11 23593 10 23849 10 24106 8 24362 7 24619 5
df40099c6306ca1f47fcc8a62e2fa39486d4e223177afdc51b2ad189691802d8,53807 6 54062 11 54316 15 54571 17 54827 17 55082 19 55339 18 55595 17 55852 16 56109 14 56366 11 56626 5
df40099c6306ca1f47fcc8a62e2fa39486d4e223177afdc51b2ad189691802d8,34353 3 34608 6 34863 7 35118 9 35374 9 35629 11 35885 11 36140 12 36396 12 36652 12 36908 12 37164 12 37420 12 37676 11 37933 6 38189 4 38446 3 38703 1
df40099c6306ca1f47fcc8a62e2fa39486d4e223177afdc51b2ad189691802d8,37939 9 38193 12 38449 13 38704 15 38961 14 39217 15 39472 16 39729 14 39985 14 40242 12 40499 10 40756 6
df40099c6306ca1f47fcc8a62e2fa39486d4e223177afdc51b2ad189691802d8,62768 8 63022 11 63277 13 63533 14 63788 15 64044 16 64300 16 64556 15 64813 14 65068 15 65324 14
df40099c6306ca1f47fcc8a62e2fa39486d4e223177afdc51b2ad189691802d8,47410 3 47663 5 47918 7 48174 7 48429 9 48686 11 48942 9 49200 5
df40099c6306ca1f47fcc8a62e2fa39486d4e223177afdc51b2ad189691802d8,46904 4 47157 7 47413 6 47668 8 47925 7 48181 9 48438 6
df40099c6306ca1f47fcc8a62e2fa39486d4e223177afdc51b2ad189691802d8,46908 5 47164 3 47419 4 47676 2 47932 2
df40099c6306ca1f47fcc8a62e2fa39486d4e223177afdc51b2ad189691802d8,26932 8 27185 13 27440 15 27696 15 27951 17 28207 17 28462 18 28718 17 28974 17 29230 16 29486 15 29742 14 29999 12 30255 11 30512 8 30770 4
df40099c6306ca1f47fcc8a62e2fa39486d4e223177afdc51b2ad189691802d8,6710 4 6963 8 7218 9 7473 11 7728 12 7984 11 8239 12 8495 11 8752 9 9008 7
df40099c6306ca1f47fcc8a62e2fa39486d4e223177afdc51b2ad189691802d8,42557 4 42812 6 43067 7 43322 9 43576 11 43831 12 44087 12 44342 12 44598 12 44855 10 45111 9 45369 4
df40099c6306ca1f47fcc8a62e2fa39486d4e223177afdc51b2ad189691802d8,20286 4 20541 6 20796 8 21052 9 21307 10 21563 11 21819 11 22074 12 22330 12 22586 13 22842 13 23098 13 23355 12 23611 12 23868 10 24125 9 24381 8 24638 6
df40099c6306ca1f47fcc8a62e2fa39486d4e223177afdc51b2ad189691802d8,56640 12 56895 15 57150 17 57406 18 57661 19 57917 20 58173 20 58430 19 58686 19 58943 17 59201 15 59459 11 59717 7
df40099c6306ca1f47fcc8a62e2fa39486d4e223177afdc51b2ad189691802d8,46410 4 46663 9 46918 10 47167 3 47172 13 47423 18 47678 18 47934 18 48191 16 48447 12 48704 11 48960 10 49217 7
df40099c6306ca1f47fcc8a62e2fa39486d4e223177afdc51b2ad189691802d8,48459 3 48715 4 48970 6 49226 5 49482 5 49739 3 49995 4 50252 3
df40099c6306ca1f47fcc8a62e2fa39486d4e223177afdc51b2ad189691802d8,48979 5 49231 10 49487 11 49742 13 49999 12 50255 13 50513 11 50769 10 51026 9 51282 7 51539 5
df40099c6306ca1f47fcc8a62e2fa39486d4e223177afdc51b2ad189691802d8,26961 5 27208 15 27463 16 27718 18 27973 19 28229 19 28484 19 28740 19 28995 19 29251 17 29508 12 29763 12 30019 11 30274 12 30530 12 30787 10 31043 10 31300 8 31557 6
df40099c6306ca1f47fcc8a62e2fa39486d4e223177afdc51b2ad189691802d8,69 8 325 9 582 9 838 9 1095 9 1352 8 1608 8 1866 5 2123 4
df40099c6306ca1f47fcc8a62e2fa39486d4e223177afdc51b2ad189691802d8,17479 6 17735 7 17990 10 18246 11 18502 12 18758 13 19014 14 19270 15 19527 14 19783 15 20040 14 20297 13 20554 11 20810 11 21067 9 21324 7 21582 3
df40099c6306ca1f47fcc8a62e2fa39486d4e223177afdc51b2ad189691802d8,37705 6 37961 8 38216 9 38472 10 38728 10 38984 9 39239 10 39495 9 39750 9 40007 8 40263 7 40520 5
df40099c6306ca1f47fcc8a62e2fa39486d4e223177afdc51b2ad189691802d8,60500 6 60756 8 61011 11 61267 12 61523 13 61779 14 62036 13 62292 14 62549 13 62806 12 63062 11 63319 10 63577 7 63834 5
df40099c6306ca1f47fcc8a62e2fa39486d4e223177afdc51b2ad189691802d8,17498 5 17753 7 18008 8 18264 9 18519 10 18775 10 19031 11 19288 10 19544 9 19801 8 20058 6
df40099c6306ca1f47fcc8a62e2fa39486d4e223177afdc51b2ad189691802d8,18278 5 18533 6 18789 7 19044 8 19299 10 19555 10 19810 11 20066 12 20322 12 20578 13 20834 14 21090 14 21346 15 21603 14 21859 14 22116 12 22373 11 22631 8
df40099c6306ca1f47fcc8a62e2fa39486d4e223177afdc51b2ad189691802d8,12391 7 12645 7 12901 7 13156 7 13412 7 13668 7 13925 5 14181 5 14438 4 14695 3 14953 1 15210 1
df40099c6306ca1f47fcc8a62e2fa39486d4e223177afdc51b2ad189691802d8,12652 4 12908 5 13163 7 13419 9 13675 9 13930 9 14186 9 14442 9 14698 9 14954 9 15211 8 15467 9 15724 8 15981 7 16237 5
df40099c6306ca1f47fcc8a62e2fa39486d4e223177afdc51b2ad189691802d8,13174 6 13428 9 13684 10 13939 12 14195 13 14451 14 14707 14 14963 15 15219 15 15476 13 15732 13 15990 10 16249 6
df40099c6306ca1f47fcc8a62e2fa39486d4e223177afdc51b2ad189691802d8,32619 2 32874 2 33129 3 33384 5 33640 5 33895 7 34151 7 34408 8 34664 7 34922 3
df40099c6306ca1f47fcc8a62e2fa39486d4e223177afdc51b2ad189691802d8,32110 1 32365 2 32621 1 32876 2 33132 3 33389 2 33645 3 33902 4 34158 3
df40099c6306ca1f47fcc8a62e2fa39486d4e223177afdc51b2ad189691802d8,29817 5 30071 8 30325 11 30580 12 30835 14 31091 14 31346 15 31602 15 31857 15 32111 17 32367 16 32622 16 32878 16 33135 14 33391 13 33648 12 33907 8 34163 7 34421 3
df40099c6306ca1f47fcc8a62e2fa39486d4e223177afdc51b2ad189691802d8,62572 2 62827 2 63082 3 63338 3 63593 5 63849 5 64104 6 64361 6 64617 6 64874 6
df40099c6306ca1f47fcc8a62e2fa39486d4e223177afdc51b2ad189691802d8,61809 4 62063 7 62318 8 62574 9 62829 10 63085 10 63341 9 63598 8 63854 7 64110 7 64367 4 64623 3
df40099c6306ca1f47fcc8a62e2fa39486d4e223177afdc51b2ad189691802d8,49773 7 50027 10 50283 11 50538 13 50794 13 51050 14 51307 12 51563 12 51820 9
df40099c6306ca1f47fcc8a62e2fa39486d4e223177afdc51b2ad189691802d8,55667 3 55921 7 56176 9 56431 11 56687 12 56942 13 57198 14 57454 14 57710 15 57966 15 58222 15 58478 15 58735 14 58991 13 59248 6 59258 2 59505 3 59762 2
df40099c6306ca1f47fcc8a62e2fa39486d4e223177afdc51b2ad189691802d8,59254 4 59508 7 59764 7 60019 10 60275 11 60530 13 60786 13 61043 13 61299 13 61556 12 61814 9 62070 9 62329 4
df40099c6306ca1f47fcc8a62e2fa39486d4e223177afdc51b2ad189691802d8,2930 9 3185 11 3440 13 3696 13 3951 15 4207 18 4463 18 4720 18 4976 18 5233 16 5489 16 5746 14 6002 11 6259 10 6515 9 6772 8 7028 7 7285 5
df40099c6306ca1f47fcc8a62e2fa39486d4e223177afdc51b2ad189691802d8,39805 5 40059 9 40314 10 40569 12 40824 13 41079 14 41335 13 41590 14 41846 13 42102 12 42358 12 42615 10 42871 8 43129 4
df40099c6306ca1f47fcc8a62e2fa39486d4e223177afdc51b2ad189691802d8,43391 6 43644 11 43900 12 44155 13 44411 14 44668 12 44924 12 45181 10 45438 7 45696 3
df40099c6306ca1f47fcc8a62e2fa39486d4e223177afdc51b2ad189691802d8,1163 3 1416 8 1669 11 1923 14 2177 15 2432 16 2688 15 2943 16 3199 15 3456 14 3712 14 3970 4 4228 2
df40099c6306ca1f47fcc8a62e2fa39486d4e223177afdc51b2ad189691802d8,3974 8 4230 8 4485 12 4741 12 4997 13 5253 13 5509 13 5766 12 6022 12 6279 10 6536 9 6794 6 7051 3
df40099c6306ca1f47fcc8a62e2fa39486d4e223177afdc51b2ad189691802d8,8837 5 9090 11 9345 13 9600 15 9856 15 10111 17 10367 17 10623 17 10880 15 11136 15 11393 13 11650 11 11907 9 12164 7 12422 3
df40099c6306ca1f47fcc8a62e2fa39486d4e223177afdc51b2ad189691802d8,51585 2 51841 2 52096 7 52352 14 52608 14 52864 14 53120 14 53376 14 53632 14 53889 12 54145 12 54402 7 54658 6 54915 5 55173 2
df40099c6306ca1f47fcc8a62e2fa39486d4e223177afdc51b2ad189691802d8,47238 1 47493 1 47749 2 48004 3 48260 7 48515 9 48770 12 49024 17 49280 17 49535 19 49791 19 50048 19 50304 19 50561 17 50817 17 51074 15 51330 14 51587 12 51843 11 52103 7
df40099c6306ca1f47fcc8a62e2fa39486d4e223177afdc51b2ad189691802d8,54409 3 54664 4 54920 6 55175 8 55431 8 55687 9 55941 11 56196 12 56452 12 56707 13 56963 13 57218 14 57474 15 57730 16 57986 17 58242 17 58499 17 58755 17 59012 16 59270 3 59274 9 59530 9 59786 8 60043 7 60299 6 60557 3
df40099c6306ca1f47fcc8a62e2fa39486d4e223177afdc51b2ad189691802d8,45708 8 45962 11 46217 13 46473 14 46728 15 46983 17 47239 16 47494 17 47751 15 48007 14 48267 10 48524 8 48782 5
df40099c6306ca1f47fcc8a62e2fa39486d4e223177afdc51b2ad189691802d8,33668 3 33922 8 34178 9 34433 12 34689 13 34945 13 35202 13 35458 13 35715 12 35971 12 36228 10 36485 9 36742 7
df40099c6306ca1f47fcc8a62e2fa39486d4e223177afdc51b2ad189691802d8,64407 3 64661 7 64917 8 65172 9 65429 8
df40099c6306ca1f47fcc8a62e2fa39486d4e223177afdc51b2ad189691802d8,7572 4 7828 7 8083 9 8339 10 8596 10 8852 10 9109 10 9366 9 9623 7 9881 5
df40099c6306ca1f47fcc8a62e2fa39486d4e223177afdc51b2ad189691802d8,21658 4 21911 10 22165 14 22420 16 22676 16 22931 18 23187 18 23443 17 23700 16 23956 11 24214 7 24471 6 24730 2
df40099c6306ca1f47fcc8a62e2fa39486d4e223177afdc51b2ad189691802d8,23967 4 24221 13 24477 14 24732 15 24989 15 25245 15 25501 15 25757 15 26013 16 26269 17 26525 17 26780 19 27035 20 27290 21 27546 20 27801 21 28057 20 28313 19 28570 17 28826 14 29083 9 29341 3
df40099c6306ca1f47fcc8a62e2fa39486d4e223177afdc51b2ad189691802d8,13981 3 14236 5 14491 7 14747 7 15004 5 15260 4
df40099c6306ca1f47fcc8a62e2fa39486d4e223177afdc51b2ad189691802d8,46243 5 46497 8 46752 10 47006 12 47261 14 47515 16 47770 17 48026 17 48281 17 48537 17 48794 15 49050 14 49307 12 49564 9
df40099c6306ca1f47fcc8a62e2fa39486d4e223177afdc51b2ad189691802d8,2208 5 2462 8 2717 10 2971 12 3227 13 3482 14 3738 14 3994 13 4251 6 4507 3 4764 2
df40099c6306ca1f47fcc8a62e2fa39486d4e223177afdc51b2ad189691802d8,4257 6 4510 9 4766 10 5021 12 5277 13 5533 13 5788 15 6044 15 6300 16 6555 17 6811 17 7067 17 7324 16 7580 17 7837 16 8094 14 8351 13 8607 12 8862 13 9119 11 9375 11 9632 9 9889 6
df40099c6306ca1f47fcc8a62e2fa39486d4e223177afdc51b2ad189691802d8,39070 7 39324 10 39579 11 39835 12 40090 12 40346 12 40603 10 40859 9 41116 6
df40099c6306ca1f47fcc8a62e2fa39486d4e223177afdc51b2ad189691802d8,55709 2 55964 2 56219 4 56475 4 56730 6 56986 7 57242 7 57499 8 57755 7 58012 4
df40099c6306ca1f47fcc8a62e2fa39486d4e223177afdc51b2ad189691802d8,54435 3 54689 7 54944 9 55200 9 55455 11 55711 11 55966 11 56223 10 56479 9 56736 7 56993 5 57249 4
df40099c6306ca1f47fcc8a62e2fa39486d4e223177afdc51b2ad189691802d8,18086 1 18340 7 18595 8 18850 10 19105 11 19360 12 19616 11 19871 12 20128 10 20384 8 20641 4
df40099c6306ca1f47fcc8a62e2fa39486d4e223177afdc51b2ad189691802d8,15018 3 15267 13 15522 16 15777 17 16033 18 16288 19 16545 18 16801 18 17058 16 17315 15 17573 12 17831 8 18087 3
df40099c6306ca1f47fcc8a62e2fa39486d4e223177afdc51b2ad189691802d8,2477 8 2731 11 2986 12 3242 13 3497 13 3753 13 4010 11 4266 9 4523 7 4781 3
df40099c6306ca1f47fcc8a62e2fa39486d4e223177afdc51b2ad189691802d8,50097 3 50351 7 50606 9 50861 10 51117 11 51372 12 51628 12 51883 14 52139 14 52395 14 52651 13 52907 13 53163 13 53420 9 53676 9 53933 7 54190 6
df40099c6306ca1f47fcc8a62e2fa39486d4e223177afdc51b2ad189691802d8,53177 6 53429 11 53685 12 53940 14 54196 14 54453 14 54709 14 54966 6 54978 1 55222 2 55479 1
df40099c6306ca1f47fcc8a62e2fa39486d4e223177afdc51b2ad189691802d8,54972 6 55224 11 55480 11 55735 15 55991 16 56247 17 56502 19 56758 19 57014 20 57270 20 57526 19 57783 18 58039 17 58296 14 58553 11 58810 4
df40099c6306ca1f47fcc8a62e2fa39486d4e223177afdc51b2ad189691802d8,43705 3 43960 5 44211 10 44466 12 44721 13 44976 15 45231 15 45486 16 45742 15 45997 15 46254 12 46510 10 46767 7
df40099c6306ca1f47fcc8a62e2fa39486d4e223177afdc51b2ad189691802d8,8116 4 8370 8 8624 12 8880 13 9135 14 9392 14 9648 13 9906 11 10164 5
df40099c6306ca1f47fcc8a62e2fa39486d4e223177afdc51b2ad189691802d8,22452 1 22705 4 22960 4 23216 4 23471 5 23727 6 23984 5 24240 5 24497 5 24754 4
df40099c6306ca1f47fcc8a62e2fa39486d4e223177afdc51b2ad189691802d8,21948 6 22200 11 22453 14 22709 15 22964 16 23220 15 23476 15 23733 13 23989 12 24245 11 24502 7 24758 3
df40099c6306ca1f47fcc8a62e2fa39486d4e223177afdc51b2ad189691802d8,40882 5 41137 7 41393 8 41648 9 41904 10 42161 9 42417 9 42674 7 42931 6 43188 4
df40099c6306ca1f47fcc8a62e2fa39486d4e223177afdc51b2ad189691802d8,37563 7 37817 10 38072 11 38327 13 38582 14 38838 14 39093 15 39349 15 39605 15 39862 14 40118 13 40375 12 40632 10 40889 8 41146 6
df40099c6306ca1f47fcc8a62e2fa39486d4e223177afdc51b2ad189691802d8,26812 3 27066 6 27321 8 27577 14 27832 16 28088 17 28344 17 28600 18 28855 19 29111 19 29367 18 29624 17 29880 16 30137 14 30394 11 30651 8
df40099c6306ca1f47fcc8a62e2fa39486d4e223177afdc51b2ad189691802d8,40902 6 41156 9 41410 11 41665 13 41920 14 42175 14 42431 14 42686 14 42942 14 43198 13 43454 11 43711 9 43967 7 44224 5
df40099c6306ca1f47fcc8a62e2fa39486d4e223177afdc51b2ad189691802d8,32972 5 33226 9 33482 11 33737 12 33993 13 34248 14 34504 14 34760 14 35016 14 35273 13 35529 13 35785 13 36042 11 36298 11 36555 9 36812 7 37069 5
df40099c6306ca1f47fcc8a62e2fa39486d4e223177afdc51b2ad189691802d8,63954 6 64207 10 64462 11 64718 12 64973 12 65229 12 65485 11
df40099c6306ca1f47fcc8a62e2fa39486d4e223177afdc51b2ad189691802d8,27089 3 27344 6 27599 7 27855 8 28110 9 28366 10 28622 10 28878 10 29134 9 29390 9 29647 7 29903 6 30160 3
df40099c6306ca1f47fcc8a62e2fa39486d4e223177afdc51b2ad189691802d8,22744 3 22996 8 23251 9 23505 14 23761 14 24016 14 24273 13 24529 12 24787 8
df40099c6306ca1f47fcc8a62e2fa39486d4e223177afdc51b2ad189691802d8,20189 3 20444 4 20699 6 20955 6 21210 7 21466 7 21722 7 21979 6 22235 6 22491 6 22747 5 23004 4 23260 3
df40099c6306ca1f47fcc8a62e2fa39486d4e223177afdc51b2ad189691802d8,37591 5 37845 8 38099 10 38353 13 38609 13 38864 14 39120 13 39377 12 39633 10 39890 6
df40099c6306ca1f47fcc8a62e2fa39486d4e223177afdc51b2ad189691802d8,49880 8 50134 10 50389 12 50644 13 50900 13 51155 14 51411 14 51667 14 51924 12 52180 12 52437 9 52695 4
df40099c6306ca1f47fcc8a62e2fa39486d4e223177afdc51b2ad189691802d8,14044 4 14298 6 14553 8 14808 9 15064 9 15319 10 15576 9 15832 9 16089 7 16347 5
df40099c6306ca1f47fcc8a62e2fa39486d4e223177afdc51b2ad189691802d8,43743 1 43998 2 44253 3 44508 4 44763 5 45019 6 45275 6 45532 4
df40099c6306ca1f47fcc8a62e2fa39486d4e223177afdc51b2ad189691802d8,57566 3 57821 3 58077 3 58333 3 58590 3 58848 1
e17b7aedd251a016c01ef9158e6e4aa940d9f1b35942d86028dc1222192a9258,31778 5 32032 11 32287 15 32541 18 32796 20 33051 21 33307 22 33562 23 33818 22 34074 22 34329 22 34585 21 34842 19 35098 18 35356 14 35613 12 35870 9 36128 4
e17b7aedd251a016c01ef9158e6e4aa940d9f1b35942d86028dc1222192a9258,45108 4 45361 9 45616 11 45870 14 46125 16 46380 17 46635 19 46891 19 47146 21 47402 20 47658 20 47914 20 48170 19 48426 19 48683 17 48939 16 49196 14 49453 12 49710 9
e17b7aedd251a016c01ef9158e6e4aa940d9f1b35942d86028dc1222192a9258,21824 8 22078 13 22333 15 22588 17 22844 18 23099 19 23355 20 23610 21 23867 20 24123 19 24380 18 24636 17 24893 16 25151 12 25408 10
e17b7aedd251a016c01ef9158e6e4aa940d9f1b35942d86028dc1222192a9258,6499 5 6752 10 7007 13 7262 15 7518 16 7773 18 8029 19 8285 20 8541 20 8797 21 9053 21 9310 20 9566 19 9823 18 10080 16 10337 14 10595 11 10853 7
e17b7aedd251a016c01ef9158e6e4aa940d9f1b35942d86028dc1222192a9258,37257 5 37512 8 37766 11 38021 13 38276 14 38532 15 38787 16 39043 15 39298 16 39555 14 39811 14 40068 11 40324 10 40582 6
e17b7aedd251a016c01ef9158e6e4aa940d9f1b35942d86028dc1222192a9258,6087 6 6341 9 6595 12 6850 13 7105 15 7361 15 7616 16 7872 17 8128 17 8384 16 8640 16 8896 15 9153 13 9409 12 9666 10 9923 7
eea70a7948d25a9a791dbcb39228af4ea4049fe5ebdee9c04884be8cca3da835,11012 8 11024 1 11267 14 11522 16 11777 17 12033 17 12289 16 12545 16 12801 15 13057 14 13313 13 13569 12 13825 10 14082 7
eea70a7948d25a9a791dbcb39228af4ea4049fe5ebdee9c04884be8cca3da835,7188 5 7441 9 7694 13 7948 15 8203 17 8458 17 8713 18 8969 17 9224 17 9480 16 9736 15 9993 13 10249 12 10507 8 10763 5 11020 4
eea70a7948d25a9a791dbcb39228af4ea4049fe5ebdee9c04884be8cca3da835,18947 5 19201 10 19457 11 19713 13 19969 14 20225 15 20481 15 20737 16 20993 16 21249 17 21505 17 21762 16 22019 5 22033 1 22277 3
eea70a7948d25a9a791dbcb39228af4ea4049fe5ebdee9c04884be8cca3da835,22024 9 22280 9 22535 12 22792 13 23047 15 23303 17 23559 18 23815 19 24071 20 24328 19 24584 20 24841 19 25098 18 25355 17 25613 14 25872 11 26131 7
eea70a7948d25a9a791dbcb39228af4ea4049fe5ebdee9c04884be8cca3da835,27398 8 27653 11 27907 14 28162 16 28417 18 28673 18 28929 19 29185 18 29441 18 29697 17 29954 15 30211 13 30469 9
eea70a7948d25a9a791dbcb39228af4ea4049fe5ebdee9c04884be8cca3da835,31493 5 31745 12 32001 14 32257 14 32513 16 32769 16 33025 17 33281 17 33537 17 33793 16 34049 16 34305 15 34561 14 34817 13 35073 12 35329 10 35585 7
eea70a7948d25a9a791dbcb39228af4ea4049fe5ebdee9c04884be8cca3da835,61697 9 61953 11 62209 12 62465 13 62721 14 62977 15 63233 15 63489 16 63745 16 64001 16 64257 16 64513 16 64769 15 65025 16 65281 16
eea70a7948d25a9a791dbcb39228af4ea4049fe5ebdee9c04884be8cca3da835,16133 1 16386 6 16642 6 16898 6
eea70a7948d25a9a791dbcb39228af4ea4049fe5ebdee9c04884be8cca3da835,29720 1 29972 4 30227 6 30482 7 30737 10 30991 13 31247 14 31502 18 31758 18 32015 16 32271 16 32530 12 32791 5
eea70a7948d25a9a791dbcb39228af4ea4049fe5ebdee9c04884be8cca3da835,28446 1 28700 3 28954 4 29210 4 29465 5 29721 6 29976 7 30233 7 30489 7 30747 6 31004 5 31261 5
eea70a7948d25a9a791dbcb39228af4ea4049fe5ebdee9c04884be8cca3da835,27938 5 28192 8 28447 9 28703 10 28958 11 29214 11 29470 11 29727 9 29983 9 30240 7 30496 6 30753 4 31009 3
eea70a7948d25a9a791dbcb39228af4ea4049fe5ebdee9c04884be8cca3da835,43793 7 44048 9 44303 11 44559 11 44814 13 45070 14 45326 14 45583 14 45839 14 46096 13 46353 13 46609 13 46866 11 47124 9 47382 6
eea70a7948d25a9a791dbcb39228af4ea4049fe5ebdee9c04884be8cca3da835,49941 7 50195 10 50450 11 50705 13 50960 14 51216 13 51471 14 51727 14 51982 14 52238 14 52494 13 52751 11 53007 10 53264 8 53522 4
eea70a7948d25a9a791dbcb39228af4ea4049fe5ebdee9c04884be8cca3da835,14361 3 14616 4 14871 4 15126 4 15382 4 15638 3 15894 3 16151 2 16408 1 16919 2
eea70a7948d25a9a791dbcb39228af4ea4049fe5ebdee9c04884be8cca3da835,36133 6 36386 11 36640 14 36894 16 37148 19 37403 20 37658 21 37913 21 38169 21 38424 21 38680 20 38937 18 39193 15 39450 9 39707 5
eea70a7948d25a9a791dbcb39228af4ea4049fe5ebdee9c04884be8cca3da835,57626 8 57881 13 58137 16 58392 19 58648 20 58904 21 59161 21 59417 21 59674 21 59931 20 60188 18 60446 16 60704 13 60963 9 61222 5
eea70a7948d25a9a791dbcb39228af4ea4049fe5ebdee9c04884be8cca3da835,2336 4 2592 5 2847 7 3103 8 3359 9 3615 9 3871 10 4126 11 4382 11 4639 10 4895 9 5152 8 5410 5
eea70a7948d25a9a791dbcb39228af4ea4049fe5ebdee9c04884be8cca3da835,16928 5 17184 5 17440 10 17696 11 17952 12 18207 13 18463 14 18719 14 18975 14 19232 13 19488 14 19745 12 20001 12 20258 11 20514 10 20771 9 21028 7 21286 3
eea70a7948d25a9a791dbcb39228af4ea4049fe5ebdee9c04884be8cca3da835,12069 5 12324 7 12578 10 12834 10 13089 12 13345 12 13601 12 13857 12 14113 13 14369 12 14624 13 14880 13 15136 12 15392 12 15648 11 15904 5 16160 5 16417 3 16673 3
eea70a7948d25a9a791dbcb39228af4ea4049fe5ebdee9c04884be8cca3da835,39216 6 39471 8 39726 10 39981 11 40237 11 40491 12 40747 12 41002 14 41258 14 41514 15 41771 13 42027 11 42285 7
eea70a7948d25a9a791dbcb39228af4ea4049fe5ebdee9c04884be8cca3da835,35902 6 36156 10 36411 12 36666 13 36922 14 37177 15 37433 16 37689 16 37944 16 38200 16 38456 15 38713 11 38969 2 38978 1 39225 1
eea70a7948d25a9a791dbcb39228af4ea4049fe5ebdee9c04884be8cca3da835,38971 7 39226 8 39482 9 39737 10 39992 12 40248 13 40503 15 40759 15 41016 15 41272 15 41530 13 41786 12 42043 11 42300 9 42557 7 42815 3
eea70a7948d25a9a791dbcb39228af4ea4049fe5ebdee9c04884be8cca3da835,54829 6 55084 9 55339 11 55595 13 55850 15 56106 14 56363 12 56619 12 56876 10 57133 10 57390 9 57646 10 57903 8 58161 4
eea70a7948d25a9a791dbcb39228af4ea4049fe5ebdee9c04884be8cca3da835,54591 3 54845 7 55100 9 55355 11 55611 11 55866 13 56120 15 56375 16 56631 15 56886 16 57143 14 57399 13 57657 1 57666 1
eea70a7948d25a9a791dbcb39228af4ea4049fe5ebdee9c04884be8cca3da835,57658 8 57914 8 58169 10 58425 10 58681 12 58936 15 59192 15 59448 16 59705 15 59961 15 60218 14 60474 13 60731 12 60987 11 61245 8 61503 5
eea70a7948d25a9a791dbcb39228af4ea4049fe5ebdee9c04884be8cca3da835,44081 4 44335 8 44590 10 44845 11 45101 12 45356 13 45612 14 45868 14 46123 15 46379 15 46636 14 46892 14 47148 13 47405 12 47661 11 47918 10 48176 6
eea70a7948d25a9a791dbcb39228af4ea4049fe5ebdee9c04884be8cca3da835,48945 4 49199 8 49453 11 49709 12 49964 13 50220 14 50475 15 50731 15 50987 15 51243 15 51500 14 51756 13 52012 13 52269 11 52525 11 52782 9 53039 7
eea70a7948d25a9a791dbcb39228af4ea4049fe5ebdee9c04884be8cca3da835,7481 7 7736 8 7991 10 8246 11 8501 10 8756 11 9012 10 9267 11 9523 11 9779 11 10035 11 10291 11 10547 11 10803 12 11060 11 11316 10 11573 8 11831 3
eea70a7948d25a9a791dbcb39228af4ea4049fe5ebdee9c04884be8cca3da835,8511 7 8767 8 9022 9 9278 10 9534 10 9790 11 10046 11 10302 6 10558 2 10815 1
eea70a7948d25a9a791dbcb39228af4ea4049fe5ebdee9c04884be8cca3da835,10308 5 10560 13 10816 14 11071 15 11328 15 11584 15 11841 14 12097 14 12352 15 12608 14 12863 15 13119 14 13375 13 13631 13 13888 11 14144 10 14401 7 14658 5
eea70a7948d25a9a791dbcb39228af4ea4049fe5ebdee9c04884be8cca3da835,21558 5 21813 9 22068 10 22324 9 22579 10 22835 10 23091 10 23347 10 23603 10 23859 10 24115 10 24372 9 24628 10 24885 9 25142 11 25399 10 25656 8 25913 6
eea70a7948d25a9a791dbcb39228af4ea4049fe5ebdee9c04884be8cca3da835,21822 2 22078 2 22333 4 22589 4 22845 7 23101 10 23357 12 23613 12 23869 11 24125 11 24381 10 24638 9 24894 7
eea70a7948d25a9a791dbcb39228af4ea4049fe5ebdee9c04884be8cca3da835,18753 7 19009 8 19264 10 19520 11 19775 13 20031 14 20287 15 20543 15 20800 15 21056 15 21313 15 21569 15 21824 15 22080 15 22337 13 22593 12 22852 8 23111 3
eea70a7948d25a9a791dbcb39228af4ea4049fe5ebdee9c04884be8cca3da835,60 4 315 6 570 8 825 9 1081 10 1336 11 1592 11 1847 12 2103 12 2358 13 2614 13 2870 13 3126 12 3382 12 3639 10 3895 10 4152 8 4408 6
eea70a7948d25a9a791dbcb39228af4ea4049fe5ebdee9c04884be8cca3da835,28729 5 28984 7 29239 9 29495 10 29750 11 30006 12 30262 12 30518 13 30774 13 31030 13 31287 12 31543 12 31800 11 32056 11 32313 10 32570 8 32826 8 33083 6
eea70a7948d25a9a791dbcb39228af4ea4049fe5ebdee9c04884be8cca3da835,64059 5 64314 8 64569 9 64825 10 65080 11 65336 11
eea70a7948d25a9a791dbcb39228af4ea4049fe5ebdee9c04884be8cca3da835,47169 5 47424 8 47679 10 47934 12 48190 12 48445 14 48701 14 48957 14 49214 12 49470 12 49727 10 49984 8 50241 5
eea70a7948d25a9a791dbcb39228af4ea4049fe5ebdee9c04884be8cca3da835,43851 7 44105 11 44360 13 44616 15 44871 16 45127 17 45382 18 45638 19 45894 19 46151 18 46407 18 46664 16 46921 15 47179 12 47437 8
eea70a7948d25a9a791dbcb39228af4ea4049fe5ebdee9c04884be8cca3da835,49741 7 49995 11 50250 13 50504 16 50760 16 51015 18 51271 18 51526 19 51782 19 52039 17 52295 17 52552 15 52808 14 53065 12 53323 8
eea70a7948d25a9a791dbcb39228af4ea4049fe5ebdee9c04884be8cca3da835,74 13 330 13 586 11 842 11 1097 11 1353 11 1608 12 1864 13 1880 2 2120 12 2377 10 2633 9 2889 8 3146 6 3402 5
eea70a7948d25a9a791dbcb39228af4ea4049fe5ebdee9c04884be8cca3da835,597 2 853 2 1108 3 1364 4 1620 4 1877 3 2133 3
eea70a7948d25a9a791dbcb39228af4ea4049fe5ebdee9c04884be8cca3da835,1629 1
eea70a7948d25a9a791dbcb39228af4ea4049fe5ebdee9c04884be8cca3da835,87 29 343 29 599 29 855 29 1111 28 1368 27 1624 3 1630 5 1636 14 1892 13 2148 12 2405 10 2661 9 2918 7 3174 6 3431 4
eea70a7948d25a9a791dbcb39228af4ea4049fe5ebdee9c04884be8cca3da835,29771 3 30026 6 30281 8 30537 9 30792 11 31048 11 31061 3 31304 18 31560 19 31816 18 32072 18 32329 16 32585 16 32842 15 33098 14 33355 13 33612 12 33869 12 34125 12 34382 12 34640 10 34898 7 35156 3
eea70a7948d25a9a791dbcb39228af4ea4049fe5ebdee9c04884be8cca3da835,31580 7 31834 9 32090 9 32345 10 32601 10 32857 11 33112 12 33368 12 33624 13 33881 12 34137 14 34395 12 34652 12 34908 12 35165 11 35421 10 35678 9 35935 7 36192 5
eea70a7948d25a9a791dbcb39228af4ea4049fe5ebdee9c04884be8cca3da835,30054 5 30309 8 30565 9 30820 11 31076 12 31332 13 31587 14 31843 15 32099 16 32355 16 32611 17 32868 16 33124 16 33380 15 33637 14 33893 12
eea70a7948d25a9a791dbcb39228af4ea4049fe5ebdee9c04884be8cca3da835,62294 1
eea70a7948d25a9a791dbcb39228af4ea4049fe5ebdee9c04884be8cca3da835,61280 5 61535 7 61790 8 62045 10 62291 3 62301 10 62546 7 62556 12 62800 10 62811 12 63054 26 63309 27 63340 1 63565 28 63596 6 63820 28 63853 6 64075 29 64109 6 64330 30 64365 7 64585 32 64620 8 64841 32 64876 8 65096 44 65352 44
eea70a7948d25a9a791dbcb39228af4ea4049fe5ebdee9c04884be8cca3da835,63337 3 63593 3 63848 5 64104 5 64360 5 64617 3 64873 3
eea70a7948d25a9a791dbcb39228af4ea4049fe5ebdee9c04884be8cca3da835,13141 7 13396 9 13651 11 13907 12 14162 14 14418 7 14673 7 14688 1 14930 1 15186 1
eea70a7948d25a9a791dbcb39228af4ea4049fe5ebdee9c04884be8cca3da835,16980 2 16991 1 17235 3 17247 2 17491 14 17746 15 18002 15 18258 15 18513 16 18769 15 19026 14 19282 13 19539 12 19795 11 20052 9 20310 5
eea70a7948d25a9a791dbcb39228af4ea4049fe5ebdee9c04884be8cca3da835,14425 7 14680 8 14931 14 15187 14 15442 15 15699 14 15955 14 16212 13 16469 11 16725 11 16982 9 17238 9
eea70a7948d25a9a791dbcb39228af4ea4049fe5ebdee9c04884be8cca3da835,6752 6 7007 7 7262 9 7517 10 7772 12 8027 13 8282 13 8538 13 8793 14 9049 13 9304 14 9560 13 9815 14 10071 13 10327 12 10584 10 10840 9 11097 7 11354 4
eea70a7948d25a9a791dbcb39228af4ea4049fe5ebdee9c04884be8cca3da835,22105 6 22360 9 22616 10 22871 12 23127 13 23383 13 23639 14 23895 15 24152 14 24408 15 24665 14 24921 15 25178 14 25435 13 25692 12 25949 10 26206 9 26463 7 26720 5
eea70a7948d25a9a791dbcb39228af4ea4049fe5ebdee9c04884be8cca3da835,40545 8 40800 11 41055 14 41311 15 41566 17 41822 18 42078 18 42334 19 42591 18 42847 18 43104 17 43361 15 43619 13 43878 9 44137 3
eea70a7948d25a9a791dbcb39228af4ea4049fe5ebdee9c04884be8cca3da835,53352 5 53605 9 53859 12 54113 15 54368 16 54623 18 54879 18 55134 19 55390 18 55646 18 55902 17 56159 15 56415 13 56672 11 56929 8
eea70a7948d25a9a791dbcb39228af4ea4049fe5ebdee9c04884be8cca3da835,36974 6 37229 8 37485 9 37740 10 37996 11 38251 12 38507 12 38763 12 39019 12 39275 11 39531 11 39788 9 40044 8 40302 5
eea70a7948d25a9a791dbcb39228af4ea4049fe5ebdee9c04884be8cca3da835,56942 4 57197 7 57452 8 57708 9 57963 10 58219 11 58475 11 58731 12 58987 12 59244 11 59500 10 59757 9 60013 8 60270 7 60527 5
eea70a7948d25a9a791dbcb39228af4ea4049fe5ebdee9c04884be8cca3da835,122 9 377 11 633 11 889 12 1145 12 1401 12 1656 13 1912 14 2168 14 2424 13 2680 13 2936 12 3192 12 3449 10 3705 9 3962 6
eea70a7948d25a9a791dbcb39228af4ea4049fe5ebdee9c04884be8cca3da835,29308 3 29562 7 29817 9 30073 10 30328 12 30584 12 30840 13 31096 13 31352 14 31608 14 31864 14 32121 12 32377 12 32633 12 32890 10 33146 10 33403 8 33660 6 33917 3
eea70a7948d25a9a791dbcb39228af4ea4049fe5ebdee9c04884be8cca3da835,63613 4 63868 6 64123 8 64378 10 64633 12 64889 12 65144 14 65400 13
eea70a7948d25a9a791dbcb39228af4ea4049fe5ebdee9c04884be8cca3da835,48002 2 48256 6 48512 7 48767 8 49024 7 49280 6 49538 2
eea70a7948d25a9a791dbcb39228af4ea4049fe5ebdee9c04884be8cca3da835,39814 4 40069 7 40324 9 40580 10 40835 11 41091 12 41347 12 41603 13 41859 13 42116 13 42372 13 42629 12 42885 12 43142 10 43399 9 43656 7 43914 3
eea70a7948d25a9a791dbcb39228af4ea4049fe5ebdee9c04884be8cca3da835,9350 6 9605 8 9861 9 10116 11 10372 12 10628 12 10884 13 11140 14 11397 14 11653 14 11910 14 12167 13 12425 11 12682 9 12939 8 13197 5
eea70a7948d25a9a791dbcb39228af4ea4049fe5ebdee9c04884be8cca3da835,20110 3 20364 6 20619 8 20873 10 21128 12 21383 13 21638 14 21893 14 22149 14 22404 14 22660 13 22916 12 23172 11 23428 11 23685 9 23941 8 24198 5
eea70a7948d25a9a791dbcb39228af4ea4049fe5ebdee9c04884be8cca3da835,53642 3 53896 7 54151 9 54406 10 54661 12 54917 12 55172 13 55428 13 55684 12 55940 12 56196 11 56452 11 56708 10 56964 9 57221 7 57477 6 57734 3
eea70a7948d25a9a791dbcb39228af4ea4049fe5ebdee9c04884be8cca3da835,34187 1 34442 2 34697 4 34953 4 35208 8 35464 12 35720 13 35976 13 36232 13 36489 13 36745 13 37002 12 37259 11 37516 10 37773 8 38030 7 38288 3
eea70a7948d25a9a791dbcb39228af4ea4049fe5ebdee9c04884be8cca3da835,30354 5 30608 8 30863 10 31118 11 31374 12 31629 13 31885 13 32141 14 32397 1 32410 1 32653 1 32666 1
eea70a7948d25a9a791dbcb39228af4ea4049fe5ebdee9c04884be8cca3da835,32398 12 32654 12 32909 14 33165 14 33421 13 33677 13 33933 13 34188 13 34444 13 34701 11 34957 10 35216 5
eea70a7948d25a9a791dbcb39228af4ea4049fe5ebdee9c04884be8cca3da835,59279 4 59533 8 59788 9 60043 11 60298 12 60554 12 60809 13 61065 13 61320 13 61576 13 61832 13 62088 12 62345 7 62601 4 62858 3 63114 2 63371 1
eea70a7948d25a9a791dbcb39228af4ea4049fe5ebdee9c04884be8cca3da835,62352 6 62605 10 62861 11 63116 13 63372 13 63629 13 63885 13 64141 13 64396 15 64652 15 64908 15 65164 15 65420 15
eea70a7948d25a9a791dbcb39228af4ea4049fe5ebdee9c04884be8cca3da835,141 13 397 13 653 13 909 13 1165 14 1421 13 1677 13 1934 12 2190 11 2447 10 2704 8 2961 6
eea70a7948d25a9a791dbcb39228af4ea4049fe5ebdee9c04884be8cca3da835,5525 3 5780 6 6036 7 6291 9 6547 9 6802 11 7058 11 7314 11 7570 11 7826 11 8082 12 8339 8 8595 7 8852 6 9108 5 9365 4
eea70a7948d25a9a791dbcb39228af4ea4049fe5ebdee9c04884be8cca3da835,8347 5 8602 7 8858 8 9113 9 9369 10 9626 5 9882 4 10138 2 10395 1
eea70a7948d25a9a791dbcb39228af4ea4049fe5ebdee9c04884be8cca3da835,9631 4 9886 6 10140 8 10396 9 10651 10 10908 9 11164 9 11421 7 11678 6 11935 4
eea70a7948d25a9a791dbcb39228af4ea4049fe5ebdee9c04884be8cca3da835,24212 5 24468 6 24723 7 24979 8 25235 8 25490 11 25746 11 26002 11 26258 11 26514 11 26770 10 27027 9 27283 8 27540 7 27796 5
eea70a7948d25a9a791dbcb39228af4ea4049fe5ebdee9c04884be8cca3da835,44185 5 44440 7 44695 9 44951 9 45206 11 45461 12 45717 13 45972 14 46228 14 46484 14 46740 14 46996 14 47252 14 47509 13 47765 13 48022 11 48279 1 48287 2 48535 1
eea70a7948d25a9a791dbcb39228af4ea4049fe5ebdee9c04884be8cca3da835,48280 7 48536 8 48791 9 49047 10 49302 11 49558 12 49813 13 50069 13 50337 1 50580 1 50593 1
eea70a7948d25a9a791dbcb39228af4ea4049fe5ebdee9c04884be8cca3da835,50325 12 50581 12 50836 14 51092 14 51348 14 51605 13 51861 13 52118 11 52374 11 52631 9 52887 9 53144 7 53401 5
eea70a7948d25a9a791dbcb39228af4ea4049fe5ebdee9c04884be8cca3da835,21663 5 21917 7 22173 8 22428 9 22684 9 22939 10 23195 10 23451 10 23706 10 23962 10 24219 8 24474 8 24730 8 24987 5 25243 3
eea70a7948d25a9a791dbcb39228af4ea4049fe5ebdee9c04884be8cca3da835,32926 5 33181 7 33437 8 33692 9 33948 10 34203 11 34459 1 34465 5 34715 1 34724 1
eea70a7948d25a9a791dbcb39228af4ea4049fe5ebdee9c04884be8cca3da835,34460 5 34716 8 34971 10 35227 10 35482 12 35738 13 35995 12 36251 13 36508 12 36764 12 37020 12 37276 12 37532 13 37788 13 38044 12 38300 12 38557 10 38813 9 39070 7 39328 3
eea70a7948d25a9a791dbcb39228af4ea4049fe5ebdee9c04884be8cca3da835,62363 1 62619 1 62628 1 62875 11 63131 11 63388 10 63644 10 63901 7 64157 7 64414 5 64671 4
eea70a7948d25a9a791dbcb39228af4ea4049fe5ebdee9c04884be8cca3da835,58271 5 58526 7 58781 9 59037 10 59292 12 59548 12 59804 13 60060 13 60316 13 60572 12 60828 12 61083 13 61339 12 61595 12 61851 11 62107 10 62364 9 62620 8
eea70a7948d25a9a791dbcb39228af4ea4049fe5ebdee9c04884be8cca3da835,63908 2 63911 4 64164 1 64167 6 64419 1 64421 8 64677 9 64932 10 65188 10 65444 10
eea70a7948d25a9a791dbcb39228af4ea4049fe5ebdee9c04884be8cca3da835,167 5 422 6 678 7 934 7 1189 8 1445 8 1700 9 1956 9 2212 9 2467 10 2723 10 2979 10 3235 9 3492 8 3748 7 4005 6 4261 5
eea70a7948d25a9a791dbcb39228af4ea4049fe5ebdee9c04884be8cca3da835,29094 3 29349 5 29604 7 29860 7 30115 9 30371 9 30627 10 30883 10 31139 10 31395 11 31651 11 31908 10 32164 10 32421 9 32677 9 32934 7 33190 7 33447 5
eea70a7948d25a9a791dbcb39228af4ea4049fe5ebdee9c04884be8cca3da835,34477 5 34732 7 34987 9 35243 9 35498 11 35754 11 36010 11 36266 11 36522 11 36778 11 37034 11 37291 10 37547 10 37804 9 38060 8 38317 7 38574 5 38831 3
eea70a7948d25a9a791dbcb39228af4ea4049fe5ebdee9c04884be8cca3da835,58798 4 59053 7 59308 8 59564 9 59819 10 60075 10 60330 11 60586 11 60842 11 61098 11 61354 11 61610 11 61866 11 62122 10 62379 9 62635 8 62892 7 63149 4
eea70a7948d25a9a791dbcb39228af4ea4049fe5ebdee9c04884be8cca3da835,42415 7 42670 10 42926 11 43181 13 43437 14 43693 14 43949 15 44206 14 44462 14 44719 14 44976 12 45233 11 45491 8 45748 6
eea70a7948d25a9a791dbcb39228af4ea4049fe5ebdee9c04884be8cca3da835,51892 7 52146 9 52401 11 52656 12 52911 14 53166 15 53422 14 53677 15 53933 14 54189 14 54445 13 54702 11 54958 9 55216 5
eea70a7948d25a9a791dbcb39228af4ea4049fe5ebdee9c04884be8cca3da835,10419 3 10674 5 10930 5 11185 7 11441 7 11698 6 11954 6 12211 5 12468 3
eea70a7948d25a9a791dbcb39228af4ea4049fe5ebdee9c04884be8cca3da835,21171 4 21426 6 21682 6 21937 7 22193 7 22449 7 22706 5 22962 5 23219 3
eea70a7948d25a9a791dbcb39228af4ea4049fe5ebdee9c04884be8cca3da835,47301 7 47554 11 47807 14 48061 17 48316 18 48572 18 48827 19 49084 18 49340 18 49598 16 49855 14 50114 11 50373 7
eea70a7948d25a9a791dbcb39228af4ea4049fe5ebdee9c04884be8cca3da835,59584 4 59839 6 60094 8 60349 10 60605 10 60860 12 61116 12 61371 13 61627 13 61883 13 62140 12 62396 12 62653 11 62910 9 63167 8 63424 6
eea70a7948d25a9a791dbcb39228af4ea4049fe5ebdee9c04884be8cca3da835,33985 4 34240 6 34494 9 34749 10 35005 11 35260 12 35516 12 35772 12 36028 12 36284 12 36540 12 36797 10 37053 10 37310 8 37566 7 37823 6
eea70a7948d25a9a791dbcb39228af4ea4049fe5ebdee9c04884be8cca3da835,455 5 709 8 965 10 1219 13 1474 14 1730 15 1985 16 2241 16 2497 16 2754 14 3010 14 3267 11 3524 6
eea70a7948d25a9a791dbcb39228af4ea4049fe5ebdee9c04884be8cca3da835,12739 6 12994 9 13250 10 13505 11 13761 12 14017 12 14274 11 14530 11 14787 9 15043 9 15300 7 15557 4
eea70a7948d25a9a791dbcb39228af4ea4049fe5ebdee9c04884be8cca3da835,17861 4 18116 6 18371 8 18627 9 18882 10 19138 11 19394 11 19649 12 19905 11 20161 11 20418 9 20674 8 20931 6
eea70a7948d25a9a791dbcb39228af4ea4049fe5ebdee9c04884be8cca3da835,30148 8 30402 13 30658 14 30913 16 31169 16 31425 17 31682 16 31938 15 32195 14 32452 12 32710 9
eea70a7948d25a9a791dbcb39228af4ea4049fe5ebdee9c04884be8cca3da835,64712 5 64966 9 65221 11 65477 11
eea70a7948d25a9a791dbcb39228af4ea4049fe5ebdee9c04884be8cca3da835,36557 5 36811 9 37066 11 37321 12 37576 14 37831 15 38086 17 38341 17 38597 17 38852 17 39108 16 39364 15 39621 12 39877 10 40134 8 40391 5
eea70a7948d25a9a791dbcb39228af4ea4049fe5ebdee9c04884be8cca3da835,57032 4 57287 7 57541 10 57797 12 58052 14 58308 16 58564 17 58821 17 59077 17 59334 17 59591 16 59848 14 60105 13 60362 11 60619 9 60876 7
eea70a7948d25a9a791dbcb39228af4ea4049fe5ebdee9c04884be8cca3da835,6101 4 6356 6 6612 8 6867 9 7123 10 7379 10 7635 10 7891 10 8147 9 8403 9 8660 5 8916 4
eea70a7948d25a9a791dbcb39228af4ea4049fe5ebdee9c04884be8cca3da835,24023 3 24278 5 24533 7 24788 8 25044 9 25299 10 25555 10 25811 10 26067 10 26323 10 26579 10 26835 9 27092 8 27348 7 27605 4
eea70a7948d25a9a791dbcb39228af4ea4049fe5ebdee9c04884be8cca3da835,48605 5 48860 6 49117 5 49374 1
eea70a7948d25a9a791dbcb39228af4ea4049fe5ebdee9c04884be8cca3da835,44777 6 45029 10 45284 12 45539 13 45795 14 46050 18 46307 16 46563 16 46820 14 47077 11 47336 4
eea70a7948d25a9a791dbcb39228af4ea4049fe5ebdee9c04884be8cca3da835,41458 4 41713 7 41968 9 42224 10 42479 12 42735 13 42991 13 43247 14 43503 14 43759 15 44016 14 44272 15 44528 9 44783 7 45039 7 45296 5 45552 5 45809 3
eea70a7948d25a9a791dbcb39228af4ea4049fe5ebdee9c04884be8cca3da835,44537 7 44790 11 45046 11 45301 12 45557 12 45814 11 46070 11 46327 10 46583 10 46840 9 47096 9 47353 8 47610 7 47867 6 48124 5 48381 4 48638 1
eea70a7948d25a9a791dbcb39228af4ea4049fe5ebdee9c04884be8cca3da835,50407 6 50660 12 50915 15 51171 16 51426 18 51682 18 51939 14 52195 13 52452 12 52709 10 52968 7
eea70a7948d25a9a791dbcb39228af4ea4049fe5ebdee9c04884be8cca3da835,51953 5 52208 6 52464 7 52719 8 52975 10 53232 15 53488 14 53744 14 53999 14 54255 14 54511 13 54767 13 55023 12 55279 11 55536 9 55792 8 56049 6
eea70a7948d25a9a791dbcb39228af4ea4049fe5ebdee9c04884be8cca3da835,48639 2 48895 2 49150 3 49405 4 49660 5 49915 6 50170 7 50425 8 50681 8 50936 9 51191 10 51447 10 51702 11 51958 11 52214 11 52471 10 52727 10 52985 7
eea70a7948d25a9a791dbcb39228af4ea4049fe5ebdee9c04884be8cca3da835,230 12 486 12 742 12 998 11 1255 10 1512 8 1769 6 2026 3
eea70a7948d25a9a791dbcb39228af4ea4049fe5ebdee9c04884be8cca3da835,31722 4 31976 7 32231 9 32487 10 32742 11 32998 12 33254 12 33510 13 33765 14 34021 14 34278 13 34534 13 34790 13 35046 12 35303 11 35559 10 35816 8 36073 6
eea70a7948d25a9a791dbcb39228af4ea4049fe5ebdee9c04884be8cca3da835,61417 5 61672 8 61927 10 62183 11 62438 12 62694 13 62950 13 63205 14 63461 14 63717 14 63973 14 64230 13 64486 12 64742 12 64998 11 65255 10 65511 9
eea70a7948d25a9a791dbcb39228af4ea4049fe5ebdee9c04884be8cca3da835,19704 3 19959 5 20215 5 20470 7 20725 8 20981 9 21236 10 21492 11 21747 12 22004 11 22260 11 22516 10 22772 10 23029 8 23285 8 23542 6
eea70a7948d25a9a791dbcb39228af4ea4049fe5ebdee9c04884be8cca3da835,10230 6 10485 8 10741 8 10996 10 11252 10 11508 11 11764 11 12020 11 12276 10 12533 9 12789 8 13046 7 13302 6 13559 5 13816 3
eea70a7948d25a9a791dbcb39228af4ea4049fe5ebdee9c04884be8cca3da835,61694 3 61950 3 62205 4 62460 5 62716 5 62971 6 63226 7 63481 8 63737 8 63992 9 64247 10 64502 11 64758 11 65013 12 65269 12 65524 13
eea70a7948d25a9a791dbcb39228af4ea4049fe5ebdee9c04884be8cca3da835,36095 2 36351 2 36606 3 36859 6 37113 8 37368 9 37624 9 37879 10 38135 10 38391 10 38647 10 38903 10 39159 10 39416 9 39672 9 39929 8 40186 7 40443 6 40700 5
eea70a7948d25a9a791dbcb39228af4ea4049fe5ebdee9c04884be8cca3da835,56829 4 57083 6 57338 7 57593 8 57849 8 58104 9 58360 9 58615 10 58871 10 59127 10 59383 10 59639 10 59895 10 60152 9 60408 9 60666 7 60924 5 61183 2 61439 2
f0d0ab13ff53adc3c4d57e95a5f83d80b06f2cbc0bf002b52cf7b496612e0ce4,57385 5 57640 7 57895 10 58151 11 58406 13 58662 13 58918 14 59173 15 59429 15 59685 15 59941 15 60197 15 60454 14 60710 13 60966 13 61222 13 61479 12 61735 12 61991 12 62248 11 62504 10 62761 9 63018 7 63275 5
f0d0ab13ff53adc3c4d57e95a5f83d80b06f2cbc0bf002b52cf7b496612e0ce4,10810 3 11064 7 11320 7 11575 10 11831 14 12087 16 12344 16 12600 17 12856 18 13113 18 13369 18 13626 18 13883 17 14139 17 14396 17 14653 16 14910 15 15166 14 15423 13 15680 11 15938 8
f0d0ab13ff53adc3c4d57e95a5f83d80b06f2cbc0bf002b52cf7b496612e0ce4,45124 2 45378 3 45633 4 45888 5 46143 6 46398 7 46653 9 46908 10 47164 11 47419 12 47675 12 47931 13 48188 12 48444 14 48702 9
f0d0ab13ff53adc3c4d57e95a5f83d80b06f2cbc0bf002b52cf7b496612e0ce4,44617 7 44870 12 45126 13 45381 14 45637 15 45893 15 46149 15 46405 14 46662 13 46918 12 47175 11 47431 10 47687 9 47944 6 48200 4
f0d0ab13ff53adc3c4d57e95a5f83d80b06f2cbc0bf002b52cf7b496612e0ce4,42081 7 42335 9 42590 12 42845 14 43101 14 43356 17 43612 17 43869 17 44125 17 44382 17 44638 17 44895 16 45151 15 45407 15 45664 13 45920 13 46177 11 46434 10 46691 8 46948 6 47205 4
f0d0ab13ff53adc3c4d57e95a5f83d80b06f2cbc0bf002b52cf7b496612e0ce4,35185 3 35440 5 35691 11 35945 14 35961 4 36200 22 36455 24 36710 25 36966 26 37221 27 37477 27 37733 27 37989 27 38245 27 38501 26 38758 25 39014 24 39271 23 39527 22 39782 22 40038 21 40293 21 40549 21 40805 21 41062 20 41318 19 41575 18 41831 18 42088 16 42344 16 42603 12 42859 11 43117 8 43373 7 43630 3
f0d0ab13ff53adc3c4d57e95a5f83d80b06f2cbc0bf002b52cf7b496612e0ce4,49791 4 50046 7 50301 8 50557 10 50812 14 51068 14 51325 13 51581 13 51838 11 52096 9
f0d0ab13ff53adc3c4d57e95a5f83d80b06f2cbc0bf002b52cf7b496612e0ce4,47243 3 47498 5 47753 7 48008 8 48263 10 48519 10 48774 11 49030 11 49285 11 49541 11 49796 11 50053 8 50309 6 50567 3
f0d0ab13ff53adc3c4d57e95a5f83d80b06f2cbc0bf002b52cf7b496612e0ce4,53642 3 53888 4 53898 4 54143 5 54153 5 54399 6 54409 6 54654 7 54665 6 54910 8 54921 6 55165 18 55421 18 55677 18 55934 17 56190 16 56446 16 56702 15 56958 14 57215 12 57471 11 57728 9 57985 7 58242 4
f0d0ab13ff53adc3c4d57e95a5f83d80b06f2cbc0bf002b52cf7b496612e0ce4,137 13 392 15 647 15 902 16 1157 16 1412 17 1668 16 1923 16 2179 16 2434 16 2690 15 2946 14 3202 13 3458 12 3715 10 3971 8 4229 4
f0d0ab13ff53adc3c4d57e95a5f83d80b06f2cbc0bf002b52cf7b496612e0ce4,40083 4 40338 6 40593 8 40848 9 41104 10 41359 11 41614 12 41870 12 42125 13 42381 13 42636 14 42892 14 43149 13 43405 13 43663 11 43920 10 44177 8 44433 8 44689 8 44949 4 45207 2 45463 1
f0d0ab13ff53adc3c4d57e95a5f83d80b06f2cbc0bf002b52cf7b496612e0ce4,44945 4 45201 6 45456 7 45712 8 45968 7 46225 6 46481 5 46738 3
f0d0ab13ff53adc3c4d57e95a5f83d80b06f2cbc0bf002b52cf7b496612e0ce4,52650 3 52904 9 53160 11 53415 14 53671 12 53926 13 54183 11 54439 11 54696 10 54952 10 55208 9 55465 8 55721 8 55979 6 56238 3 56497 1
f0d0ab13ff53adc3c4d57e95a5f83d80b06f2cbc0bf002b52cf7b496612e0ce4,53683 3 53688 3 53939 10 54194 13 54450 14 54706 15 54962 16 55217 17 55473 18 55729 17 55985 17 56241 16 56498 15 56754 13 57012 10 57271 6
f0d0ab13ff53adc3c4d57e95a5f83d80b06f2cbc0bf002b52cf7b496612e0ce4,28086 7 28340 11 28595 13 28850 15 29106 15 29361 17 29617 17 29873 19 30129 19 30386 17 30642 18 30899 17 31155 15 31412 14 31669 11 31926 7
f0d0ab13ff53adc3c4d57e95a5f83d80b06f2cbc0bf002b52cf7b496612e0ce4,29892 6 30148 7 30403 9 30660 10 30916 11 31173 10 31429 11 31684 12 31940 12 32196 12 32452 12 32708 12 32965 10 33221 10 33478 7
f0d0ab13ff53adc3c4d57e95a5f83d80b06f2cbc0bf002b52cf7b496612e0ce4,57546 4 57800 8 58055 10 58311 11 58566 13 58822 13 59078 14 59335 13 59591 13 59848 11 60104 11 60361 9 60618 7
f0d0ab13ff53adc3c4d57e95a5f83d80b06f2cbc0bf002b52cf7b496612e0ce4,3800 5 4054 9 4309 11 4565 11 4820 13 5076 13 5331 14 5587 13 5843 13 6100 12 6356 12 6613 12 6870 10 7127 9 7384 7
f0d0ab13ff53adc3c4d57e95a5f83d80b06f2cbc0bf002b52cf7b496612e0ce4,18909 5 19163 9 19418 12 19673 13 19929 14 20184 15 20440 16 20695 17 20951 16 21208 15 21464 11 21720 10 21977 9 22233 9 22490 7 22747 6
f0d0ab13ff53adc3c4d57e95a5f83d80b06f2cbc0bf002b52cf7b496612e0ce4,29145 7 29401 8 29656 9 29912 10 30168 9 30425 8 30681 8 30937 8 31193 9 31450 7 31706 7 31964 4
f5effed21f671bbf4551ecebb7fe95f3be1cf09c16a60afe64d2f0b95be9d1eb,35355 3 35609 5 35865 5 36121 5 36377 4 36633 3 36889 2
f5effed21f671bbf4551ecebb7fe95f3be1cf09c16a60afe64d2f0b95be9d1eb,38174 5 38429 7 38684 9 38939 11 39195 12 39450 14 39706 14 39961 17 40217 18 40473 19 40729 17 40985 17 41241 16 41497 16 41753 15 42009 14 42265 14 42521 13 42778 12 43034 4 43042 4
f5effed21f671bbf4551ecebb7fe95f3be1cf09c16a60afe64d2f0b95be9d1eb,40746 3 41002 5 41257 7 41513 8 41768 9 42023 11 42279 11 42534 10 42790 10 43046 9 43303 8 43559 8 43815 8 44070 9 44327 8 44583 8 44840 7 45098 6
f5effed21f671bbf4551ecebb7fe95f3be1cf09c16a60afe64d2f0b95be9d1eb,42291 4 42544 9 42800 10 43055 12 43311 13 43567 13 43823 14 44079 14 44335 13 44591 13 44847 12 45104 9 45360 5
f5effed21f671bbf4551ecebb7fe95f3be1cf09c16a60afe64d2f0b95be9d1eb,47644 10 47898 10 48154 10 48409 10 48665 10 48921 10 49177 10 49433 9 49689 9 49945 9 50201 9 50457 9 50714 9 50970 4 50978 1
f5effed21f671bbf4551ecebb7fe95f3be1cf09c16a60afe64d2f0b95be9d1eb,47908 7 48164 9 48419 12 48675 13 48931 14 49187 15 49442 16 49698 17 49954 17 50210 18 50466 21 50723 20 50979 21 51236 19 51494 17 51752 14 52011 10
f5effed21f671bbf4551ecebb7fe95f3be1cf09c16a60afe64d2f0b95be9d1eb,47925 6 48180 9 48436 7 48691 8 48947 7 49203 7 49458 7 49715 6 49971 6 50228 5 50488 2
f5effed21f671bbf4551ecebb7fe95f3be1cf09c16a60afe64d2f0b95be9d1eb,48443 4 48699 6 48954 6 49210 6 49465 6 49721 6 49977 6 50233 5 50490 4 50746 4 51004 3 51262 1
f5effed21f671bbf4551ecebb7fe95f3be1cf09c16a60afe64d2f0b95be9d1eb,48960 3 49216 6 49471 6 49727 6 49983 5 50238 6 50494 6 50750 5 51007 4 51263 4 51521 3 51779 1
f5effed21f671bbf4551ecebb7fe95f3be1cf09c16a60afe64d2f0b95be9d1eb,49477 3 49733 8 49988 12 50244 15 50500 15 50755 17 51011 17 51267 17 51524 16 51780 15 52041 10 52299 6
f5effed21f671bbf4551ecebb7fe95f3be1cf09c16a60afe64d2f0b95be9d1eb,35365 5 35621 6 35876 8 36132 8 36388 5 36645 3 36901 3 37158 1 37415 1
f5effed21f671bbf4551ecebb7fe95f3be1cf09c16a60afe64d2f0b95be9d1eb,36141 3 36393 9 36648 12 36904 13 37159 14 37416 14 37672 15 37929 15 38186 14 38444 13 38702 11 38959 6 38968 1 39217 3
f5effed21f671bbf4551ecebb7fe95f3be1cf09c16a60afe64d2f0b95be9d1eb,38965 3 39220 4 39476 7 39730 11 39986 12 40241 14 40498 14 40754 14 41012 13 41270 11 41525 11 41782 10 42038 7 42295 3
f5effed21f671bbf4551ecebb7fe95f3be1cf09c16a60afe64d2f0b95be9d1eb,25169 3 25421 9 25674 12 25929 14 26182 16 26436 18 26691 18 26946 18 27202 17 27457 17 27714 15 27970 14 28227 12 28485 7 28743 5 29002 1 29259 1
f5effed21f671bbf4551ecebb7fe95f3be1cf09c16a60afe64d2f0b95be9d1eb,28492 7 28748 7 29003 9 29260 7 29516 7 29773 4
f5effed21f671bbf4551ecebb7fe95f3be1cf09c16a60afe64d2f0b95be9d1eb,45136 3 45391 6 45647 8 45904 7
f5effed21f671bbf4551ecebb7fe95f3be1cf09c16a60afe64d2f0b95be9d1eb,31312 3 31568 6 31823 7 32079 6 32334 8 32590 8 32847 8 33103 9
f5effed21f671bbf4551ecebb7fe95f3be1cf09c16a60afe64d2f0b95be9d1eb,31319 7 31574 8 31830 9 32085 9 32342 8 32598 7 32855 6
f5effed21f671bbf4551ecebb7fe95f3be1cf09c16a60afe64d2f0b95be9d1eb,42076 2 42323 11 42578 25 42834 25 43089 27 43346 26 43602 27 43859 28 44116 29 44373 28 44630 28 44887 26 45145 24
f5effed21f671bbf4551ecebb7fe95f3be1cf09c16a60afe64d2f0b95be9d1eb,38245 7 38498 12 38751 15 39006 17 39261 18 39517 19 39772 22 40028 23 40284 24 40540 26 40796 26 41052 27 41308 26 41565 25 41821 24 42078 22 42334 12
f5effed21f671bbf4551ecebb7fe95f3be1cf09c16a60afe64d2f0b95be9d1eb,47188 5 47443 10 47699 10 47954 12 48211 10 48467 11 48724 10 48982 9 49240 6 49498 4
f5effed21f671bbf4551ecebb7fe95f3be1cf09c16a60afe64d2f0b95be9d1eb,35165 9 35417 13 35669 18 35925 17 36180 18 36437 16 36693 16 36950 14 37208 9
f5effed21f671bbf4551ecebb7fe95f3be1cf09c16a60afe64d2f0b95be9d1eb,46693 3 46697 4 46949 3 46953 6 47203 15 47459 18 47714 19 47970 20 48227 19 48483 18 48740 8 48752 5 48997 7 49254 5
f5effed21f671bbf4551ecebb7fe95f3be1cf09c16a60afe64d2f0b95be9d1eb,48748 4 49004 4 49259 6 49515 6 49770 8 50026 7 50283 6 50539 5
f5effed21f671bbf4551ecebb7fe95f3be1cf09c16a60afe64d2f0b95be9d1eb,34416 3 34671 6 34927 7 35182 8 35439 8 35695 8 35950 8 36207 7 36463 5
f5effed21f671bbf4551ecebb7fe95f3be1cf09c16a60afe64d2f0b95be9d1eb,53359 4 53615 6 53870 8 54126 9 54383 9 54639 10 54896 9 55153 9 55409 9 55665 8 55922 7 56178 6 56436 3
fac507fa4d1649e8b24c195d990f1fc3ca3633d917839e1751a9d412a14ab5e3,15107 4 15362 7 15618 7 15873 9 16129 9 16385 9 16641 9 16897 9 17153 9 17409 8 17665 8 17921 7 18177 3 18433 3 18689 4 18945 4 19201 4 19457 5 19713 5 19969 6 20225 6 20481 6 20737 6 20993 5 21249 5 21505 4
fac507fa4d1649e8b24c195d990f1fc3ca3633d917839e1751a9d412a14ab5e3,23050 4 23302 10 23557 12 23811 14 24065 17 24321 17 24577 17 24833 17 25089 16 25345 16 25602 14 25859 12 26116 10 26373 7 26629 6 26886 4
fac507fa4d1649e8b24c195d990f1fc3ca3633d917839e1751a9d412a14ab5e3,46340 5 46595 8 46850 9 47105 11 47361 11 47617 11 47873 11 48129 11 48385 10 48642 9 48899 7 49157 4
fac507fa4d1649e8b24c195d990f1fc3ca3633d917839e1751a9d412a14ab5e3,49409 3 49665 5 49921 5 50177 6 50433 6 50689 6 50945 7 51201 7 51457 8 51713 8 51969 9 52225 9 52481 9 52737 9 52993 9 53249 9 53505 10 53761 10 54017 10 54273 10 54529 11 54785 11 55041 11 55297 10 55553 10 55810 8 56069 3
fac507fa4d1649e8b24c195d990f1fc3ca3633d917839e1751a9d412a14ab5e3,63003 5 63257 10 63512 11 63767 13 64023 12 64278 13 64535 11 64791 11 65048 9 65304 8
fac507fa4d1649e8b24c195d990f1fc3ca3633d917839e1751a9d412a14ab5e3,59934 6 60188 9 60444 9 60699 11 60955 11 61210 12 61466 12 61722 12 61979 10 62235 10 62495 5 62752 4
fac507fa4d1649e8b24c195d990f1fc3ca3633d917839e1751a9d412a14ab5e3,31524 4 31779 7 32034 9 32290 10 32545 11 32801 12 33057 12 33313 13 33570 12 33826 11 34082 11 34339 9 34595 8 34853 3
fac507fa4d1649e8b24c195d990f1fc3ca3633d917839e1751a9d412a14ab5e3,46376 4 46631 7 46886 9 47141 11 47397 12 47652 14 47908 14 48165 14 48421 14 48677 14 48933 13 49190 12 49446 11 49703 9 49960 6
fac507fa4d1649e8b24c195d990f1fc3ca3633d917839e1751a9d412a14ab5e3,16426 7 16680 11 16936 11 17191 13 17447 13 17702 14 17958 14 18215 13 18471 12 18727 12 18984 10 19240 10 19497 8 19754 5
fac507fa4d1649e8b24c195d990f1fc3ca3633d917839e1751a9d412a14ab5e3,38714 4 38969 8 39224 9 39480 9 39735 9 39992 8 40248 8 40505 8 40761 8 41018 8 41275 6
fac507fa4d1649e8b24c195d990f1fc3ca3633d917839e1751a9d412a14ab5e3,38471 5 38724 13 38979 16 39233 21 39489 23 39744 25 40000 25 40256 26 40513 25 40769 25 41028 22 41285 20 41544 17 41802 14 42060 10 42320 5
fac507fa4d1649e8b24c195d990f1fc3ca3633d917839e1751a9d412a14ab5e3,58428 3 58681 8 58936 10 59192 10 59447 11 59703 11 59959 10 60215 10 60471 10 60728 8 60984 7 61241 6 61498 3
fac507fa4d1649e8b24c195d990f1fc3ca3633d917839e1751a9d412a14ab5e3,66 7 321 8 576 10 832 10 1087 11 1343 11 1599 11 1855 11 2112 10 2368 9 2626 7
fac507fa4d1649e8b24c195d990f1fc3ca3633d917839e1751a9d412a14ab5e3,58694 7 58948 10 59204 11 59458 14 59714 14 59969 16 60225 16 60482 15 60738 15 60994 14 61250 14 61507 12 61763 11 62020 9 62278 5
fac507fa4d1649e8b24c195d990f1fc3ca3633d917839e1751a9d412a14ab5e3,55904 4 56159 6 56413 10 56668 12 56924 12 57179 14 57435 14 57691 14 57947 14 58203 13 58460 12 58716 11 58973 8 59230 5
fac507fa4d1649e8b24c195d990f1fc3ca3633d917839e1751a9d412a14ab5e3,53863 4 54118 6 54373 8 54629 9 54884 11 55140 11 55397 11 55653 11 55910 9 56166 9 56425 5 56682 3
fac507fa4d1649e8b24c195d990f1fc3ca3633d917839e1751a9d412a14ab5e3,42603 3 42857 7 43112 9 43368 10 43623 12 43879 12 44135 13 44391 13 44648 13 44904 13 45161 12 45418 11 45674 10 45931 9 46188 7 46445 5
fac507fa4d1649e8b24c195d990f1fc3ca3633d917839e1751a9d412a14ab5e3,47224 10 47479 11 47735 12 47990 14 48246 14 48503 14 48759 14 49016 14 49274 12 49530 12 49786 12 50043 11 50299 11 50556 10 50813 9 51069 8 51326 7 51583 5
fac507fa4d1649e8b24c195d990f1fc3ca3633d917839e1751a9d412a14ab5e3,61570 4 61825 7 62081 9 62336 11 62592 11 62848 12 63104 12 63360 12 63616 12 63872 12 64128 11 64385 10 64641 9 64898 7
fac507fa4d1649e8b24c195d990f1fc3ca3633d917839e1751a9d412a14ab5e3,51165 5 51420 7 51676 8 51931 8 52187 8 52444 7 52700 7 52957 6 53214 5 53470 6 53727 5 53983 5 54240 4
fac507fa4d1649e8b24c195d990f1fc3ca3633d917839e1751a9d412a14ab5e3,49642 4 49897 6 50152 8 50407 10 50662 10 50917 11 51173 10 51428 11 51684 11 51939 13 52195 13 52451 13 52707 13 52963 12 53219 12 53476 10 53732 9 53990 6
fac507fa4d1649e8b24c195d990f1fc3ca3633d917839e1751a9d412a14ab5e3,50164 4 50418 8 50672 10 50928 11 51183 12 51439 12 51695 11 51952 10 52208 9 52466 6
fac507fa4d1649e8b24c195d990f1fc3ca3633d917839e1751a9d412a14ab5e3,31463 4 31718 6 31973 8 32229 9 32484 11 32740 11 32995 13 33251 13 33508 11 33764 11 34021 7 34279 4
fac507fa4d1649e8b24c195d990f1fc3ca3633d917839e1751a9d412a14ab5e3,16108 5 16363 7 16618 8 16874 9 17129 10 17384 10 17640 10 17895 11 18151 12 18407 12 18664 12 18920 12 19177 10 19434 9 19690 3 19695 3
fac507fa4d1649e8b24c195d990f1fc3ca3633d917839e1751a9d412a14ab5e3,33011 3 33266 6 33519 10 33775 11 34030 13 34286 13 34542 14 34798 14 35055 12 35311 12 35568 10 35825 8
fac507fa4d1649e8b24c195d990f1fc3ca3633d917839e1751a9d412a14ab5e3,62461 1 62714 7 62969 8 63225 8 63480 9 63735 10 63991 10 64247 10 64502 11 64759 10 65015 10 65271 10 65528 9
fac507fa4d1649e8b24c195d990f1fc3ca3633d917839e1751a9d412a14ab5e3,32254 3 32509 4 32764 5 33020 5 33275 6 33531 6 33788 5 34043 6 34300 5 34556 5 34814 3
fe9adb627a6f45747c5a8223b671774791ededf9364f6544be487c540107fa4f,8961 3 9217 4 9473 5 9729 5 9985 6 10241 6 10497 6 10753 6 11009 6 11265 6 11521 5 11777 4 12033 4 12289 3 12546 1 12548 1
fe9adb627a6f45747c5a8223b671774791ededf9364f6544be487c540107fa4f,14595 5 14849 10 15105 12 15361 13 15617 13 15873 14 16129 11 16385 10 16641 10 16898 8 17157 5
fe9adb627a6f45747c5a8223b671774791ededf9364f6544be487c540107fa4f,15889 4 16140 3 16144 8 16395 15 16651 16 16906 17 17162 18 17419 17 17674 19 17930 19 18186 18 18442 18 18698 17 18955 16 19211 15 19468 13 19725 11 19982 9 20240 5
fe9adb627a6f45747c5a8223b671774791ededf9364f6544be487c540107fa4f,23041 3 23297 4 23553 5 23809 6 24065 6 24321 7 24583 1 24839 1
fe9adb627a6f45747c5a8223b671774791ededf9364f6544be487c540107fa4f,24577 6 24833 6 25089 7 25345 7 25601 7 25857 6 26113 6 26369 4
fe9adb627a6f45747c5a8223b671774791ededf9364f6544be487c540107fa4f,35842 2 36098 3 36353 5 36609 11 36865 11 37121 12 37377 12 37633 11 37889 11 38145 10 38402 8 38659 6 38916 4
fe9adb627a6f45747c5a8223b671774791ededf9364f6544be487c540107fa4f,32772 4 33027 4 33283 5 33538 6 33794 6 34050 6 34305 8 34561 8 34818 7 35074 7 35331 7 35588 6 35844 8 36101 6 36358 5
fe9adb627a6f45747c5a8223b671774791ededf9364f6544be487c540107fa4f,30987 1 30991 1 31242 8 31498 9 31753 11 32009 11 32265 12 32520 14 32776 15 33031 17 33288 17 33544 18 33800 19 34056 19 34313 19 34569 19 34825 19 35081 18 35338 17 35594 6 35603 6
fe9adb627a6f45747c5a8223b671774791ededf9364f6544be487c540107fa4f,54785 5 55041 6 55297 9 55553 11 55809 12 56065 13 56321 13 56577 14 56833 14 57089 14 57345 13 57601 13 57857 12 58113 11 58369 10 58626 8
fe9adb627a6f45747c5a8223b671774791ededf9364f6544be487c540107fa4f,4613 7 4868 11 5124 16 5379 18 5635 18 5891 19 6147 19 6403 18 6660 17 6916 16 7173 12 7431 7
fe9adb627a6f45747c5a8223b671774791ededf9364f6544be487c540107fa4f,11278 4 11533 6 11784 11 12038 14 12293 15 12549 14 12804 15 13060 14 13316 15 13573 14 13829 14 14086 3 14090 8 14346 8 14603 6 14859 4
fe9adb627a6f45747c5a8223b671774791ededf9364f6544be487c540107fa4f,27147 5 27402 7 27658 7 27913 8 28169 8 28424 10 28680 10 28936 11 29192 11 29448 11 29704 10 29961 9 30217 8 30474 6 30732 3 30988 3
fe9adb627a6f45747c5a8223b671774791ededf9364f6544be487c540107fa4f,48144 6 48398 9 48653 12 48909 13 49164 15 49420 15 49676 16 49932 16 50188 16 50444 16 50700 16 50956 15 51213 14 51469 13 51726 11 51983 10 52240 8 52497 5
fe9adb627a6f45747c5a8223b671774791ededf9364f6544be487c540107fa4f,23319 7 23575 8 23830 9 24085 11 24341 11 24596 12 24853 11 25109 12 25361 16 25617 15 25872 16 26128 15 26384 15 26640 15 26897 15 27152 16 27409 15 27665 14 27922 13 28179 11 28435 10 28692 8 28950 4
fe9adb627a6f45747c5a8223b671774791ededf9364f6544be487c540107fa4f,7960 3 8215 5 8470 6 8725 7 8980 9 9236 9 9491 11 9747 12 10003 11 10259 6 10515 5 10771 2 11028 1
fe9adb627a6f45747c5a8223b671774791ededf9364f6544be487c540107fa4f,10265 5 10520 7 10773 12 11029 14 11284 16 11541 15 11797 16 12053 16 12309 16 12565 16 12821 16 13078 14 13334 14 13591 12 13848 10 14107 4
fe9adb627a6f45747c5a8223b671774791ededf9364f6544be487c540107fa4f,6943 3 7198 5 7454 6 7709 7 7965 8 8220 9 8476 9 8732 8 8989 7 9245 6 9502 4
fe9adb627a6f45747c5a8223b671774791ededf9364f6544be487c540107fa4f,33825 3 34080 5 34335 8 34591 9 34845 12 35100 13 35356 14 35611 15 35867 14 36124 13 36380 13 36636 13 36893 11 37149 11 37406 6
fe9adb627a6f45747c5a8223b671774791ededf9364f6544be487c540107fa4f,54047 3 54301 7 54557 8 54812 10 55068 10 55323 10 55579 11 55835 11 56091 11 56347 11 56603 9 56859 8 57115 7 57371 6 57627 5 57883 4 58140 3 58396 2 58653 2
fe9adb627a6f45747c5a8223b671774791ededf9364f6544be487c540107fa4f,56612 3 56867 6 57122 9 57377 12 57632 14 57887 16 58143 16 58398 18 58655 16 58911 16 59168 14 59424 13 59680 11 59937 9 60193 8 60450 6
fe9adb627a6f45747c5a8223b671774791ededf9364f6544be487c540107fa4f,53805 4 54059 7 54313 10 54568 11 54822 14 55078 14 55333 15 55590 14 55846 13 56104 11 56361 9 56618 7 56876 4
fe9adb627a6f45747c5a8223b671774791ededf9364f6544be487c540107fa4f,30 9 286 10 543 9 799 9 1055 10 1311 1 1320 1 1567 1 1576 1
fe9adb627a6f45747c5a8223b671774791ededf9364f6544be487c540107fa4f,1312 8 1568 8 1823 10 2079 9 2335 6 2591 4 2848 3 3104 2
fe9adb627a6f45747c5a8223b671774791ededf9364f6544be487c540107fa4f,2341 3 2595 6 2851 7 3106 9 3363 8 3619 9 3875 9 4131 9 4388 8 4644 7 4901 7 5157 7 5414 6 5670 5 5927 4
fe9adb627a6f45747c5a8223b671774791ededf9364f6544be487c540107fa4f,42532 5 42785 10 43041 11 43296 13 43552 14 43808 14 44063 16 44319 16 44576 15 44832 15 45089 13 45345 13 45602 11 45860 8 46119 3
fe9adb627a6f45747c5a8223b671774791ededf9364f6544be487c540107fa4f,17447 6 17701 10 17956 12 18211 14 18467 14 18722 16 18978 16 19233 17 19489 17 19744 18 20000 18 20257 16 20513 16 20770 14 21026 13 21283 11 21540 8
fe9adb627a6f45747c5a8223b671774791ededf9364f6544be487c540107fa4f,63526 3 63781 4 64037 13 64292 14 64548 15 64804 15 65061 14 65317 14
fe9adb627a6f45747c5a8223b671774791ededf9364f6544be487c540107fa4f,60203 8 60458 10 60713 11 60968 13 61224 13 61479 14 61735 14 61991 14 62248 13 62504 13 62760 13 63017 11 63272 12 63529 10 63785 9
fe9adb627a6f45747c5a8223b671774791ededf9364f6544be487c540107fa4f,36652 5 36906 10 37161 12 37417 14 37672 16 37928 17 38184 18 38439 19 38696 19 38952 19 39208 20 39465 19 39721 18 39978 17 40235 15 40492 14 40749 12 41006 10
fe9adb627a6f45747c5a8223b671774791ededf9364f6544be487c540107fa4f,21299 4 21553 7 21808 9 22063 11 22318 12 22573 14 22829 14 23084 15 23340 15 23595 16 23851 15 24108 14 24364 13 24621 10 24878 7
fe9adb627a6f45747c5a8223b671774791ededf9364f6544be487c540107fa4f,6708 5 6962 9 7217 11 7472 13 7728 14 7983 16 8239 16 8495 17 8751 17 9007 17 9263 17 9520 16 9776 16 10033 15 10290 13 10547 12 10803 11 11061 8
fe9adb627a6f45747c5a8223b671774791ededf9364f6544be487c540107fa4f,27958 5 28213 8 28468 11 28723 14 28979 15 29234 16 29490 17 29746 17 30002 18 30258 18 30513 20 30769 20 31025 20 31282 19 31538 19 31795 17 32051 17 32308 15 32566 12 32823 10 33082 3
fe9adb627a6f45747c5a8223b671774791ededf9364f6544be487c540107fa4f,50239 5 50494 7 50749 9 51004 11 51260 12 51515 13 51771 14 52026 15 52282 15 52538 15 52795 14 53051 14 53308 12 53565 11 53823 7 54081 4
fe9adb627a6f45747c5a8223b671774791ededf9364f6544be487c540107fa4f,16190 5 16445 8 16701 9 16956 11 17212 11 17467 13 17723 13 17979 14 18235 14 18492 14 18748 14 19005 13 19261 13 19518 12 19775 10 20031 10 20288 8 20546 4
fe9adb627a6f45747c5a8223b671774791ededf9364f6544be487c540107fa4f,62 16 318 15 574 15 831 13 1087 12 1344 10 1601 8 1859 3
fe9adb627a6f45747c5a8223b671774791ededf9364f6544be487c540107fa4f,2376 4 2630 8 2884 11 3140 11 3395 13 3651 13 3907 13 4163 13 4419 13 4676 11 4932 11 5189 9 5446 7
fe9adb627a6f45747c5a8223b671774791ededf9364f6544be487c540107fa4f,8013 3 8267 6 8522 9 8778 9 9033 11 9288 12 9543 13 9799 14 10054 15 10310 15 10566 14 10822 14 11078 13 11334 13 11590 12 11846 12 12103 10 12359 9 12616 7 12873 4
fe9adb627a6f45747c5a8223b671774791ededf9364f6544be487c540107fa4f,23888 6 24142 9 24397 11 24653 12 24908 13 25164 14 25420 14 25676 14 25932 14 26189 13 26445 13 26702 11 26959 10 27216 8 27473 6
fe9adb627a6f45747c5a8223b671774791ededf9364f6544be487c540107fa4f,50514 6 50769 11 51024 13 51280 13 51535 13 51791 13 52047 13 52304 12 52560 12 52817 11 53074 11 53331 10 53589 9
fe9adb627a6f45747c5a8223b671774791ededf9364f6544be487c540107fa4f,50784 3 51037 7 51293 7 51548 12 51804 12 52060 13 52316 13 52572 13 52828 14 53085 13 53341 13 53599 3 53609 1 53856 1 53865 1
fe9adb627a6f45747c5a8223b671774791ededf9364f6544be487c540107fa4f,47968 5 48224 6 48479 8 48735 8 48991 10 49248 9 49504 10 49761 9 50018 9 50275 7 50532 6 50787 6 51044 4 51300 4
fe9adb627a6f45747c5a8223b671774791ededf9364f6544be487c540107fa4f,53602 7 53857 8 54113 9 54368 10 54624 10 54880 11 55136 11 55393 10 55649 6 55906 4 56163 3 56420 1
fe9adb627a6f45747c5a8223b671774791ededf9364f6544be487c540107fa4f,55655 11 55910 13 56166 16 56421 19 56677 19 56934 19 57190 19 57446 19 57703 18 57959 18 58216 16 58472 16 58728 15 58984 14 59241 12 59497 4 59755 2
fe9adb627a6f45747c5a8223b671774791ededf9364f6544be487c540107fa4f,59501 6 59757 6 60012 9 60268 10 60523 11 60779 12 61035 12 61291 12 61546 13 61802 12 62059 11 62315 10 62572 7 62829 4
fe9adb627a6f45747c5a8223b671774791ededf9364f6544be487c540107fa4f,339 7 595 7 850 9 1106 10 1362 11 1618 11 1875 11 2131 11 2388 9 2644 9 2902 5
fe9adb627a6f45747c5a8223b671774791ededf9364f6544be487c540107fa4f,8286 10 8540 13 8795 14 9050 16 9305 17 9561 17 9816 19 10072 19 10328 18 10584 18 10840 17 11096 17 11352 16 11608 15 11865 13 12121 11 12378 7 12635 4
fe9adb627a6f45747c5a8223b671774791ededf9364f6544be487c540107fa4f,59997 7 60252 10 60508 11 60763 12 61019 13 61275 13 61532 12 61788 12 62045 11 62302 9 62559 8 62816 6
fe9adb627a6f45747c5a8223b671774791ededf9364f6544be487c540107fa4f,13670 6 13923 11 14178 13 14433 15 14688 16 14943 18 15199 18 15454 19 15710 19 15965 20 16221 19 16477 19 16734 17 16990 16 17247 14 17504 12 17761 9 18019 5
fe9adb627a6f45747c5a8223b671774791ededf9364f6544be487c540107fa4f,32098 5 32353 8 32608 10 32863 12 33119 12 33374 14 33630 14 33885 15 34142 14 34398 14 34654 14 34910 14 35167 13 35423 12 35680 11 35937 9 36195 6
fe9adb627a6f45747c5a8223b671774791ededf9364f6544be487c540107fa4f,22125 3 22378 9 22632 12 22887 14 23142 16 23398 16 23653 18 23909 18 24165 18 24421 18 24678 17 24934 16 25191 15 25448 13 25705 10 25962 7
fe9adb627a6f45747c5a8223b671774791ededf9364f6544be487c540107fa4f,44659 4 44915 4 45165 11 45420 12 45674 14 45928 16 46184 16 46439 17 46695 17 46952 16 47208 16 47465 15 47726 10 47983 9 48240 7 48496 7 48753 5
fe9adb627a6f45747c5a8223b671774791ededf9364f6544be487c540107fa4f,29819 6 30074 9 30329 11 30585 12 30840 13 31096 14 31352 14 31608 14 31864 15 32121 14 32377 14 32634 12 32891 11 33147 10 33404 8 33662 4
fe9adb627a6f45747c5a8223b671774791ededf9364f6544be487c540107fa4f,4227 5 4482 7 4738 8 4993 9 5248 11 5502 13 5757 15 6012 16 6268 17 6523 18 6779 18 7036 17 7292 16 7549 15 7806 13 8067 7 8329 1
fe9adb627a6f45747c5a8223b671774791ededf9364f6544be487c540107fa4f,8325 4 8331 9 8581 4 8586 11 8836 18 9091 19 9347 20 9602 21 9858 20 10114 20 10370 20 10627 19 10883 18 11140 17 11397 15 11654 13 11911 10 12168 8 12427 3
fe9adb627a6f45747c5a8223b671774791ededf9364f6544be487c540107fa4f,56726 10 56980 14 57234 18 57489 20 57745 20 58000 22 58256 23 58511 24 58767 25 59023 25 59279 25 59535 25 59791 25 60048 23 60304 23 60561 21 60818 20 61075 18 61332 17 61591 13 61849 10 62106 9 62364 5
fe9adb627a6f45747c5a8223b671774791ededf9364f6544be487c540107fa4f,20632 1 20885 4 21140 8 21395 14 21651 14 21906 16 22162 16 22418 17 22674 17 22930 18 23186 18 23443 17 23699 17 23956 16 24212 16 24469 14 24725 14 24983 11 25240 9 25498 5
fe9adb627a6f45747c5a8223b671774791ededf9364f6544be487c540107fa4f,17822 4 18076 7 18331 9 18587 9 18842 11 19099 10 19354 10 19609 11 19865 11 20120 11 20376 11 20633 9 20889 9 21148 5
fe9adb627a6f45747c5a8223b671774791ededf9364f6544be487c540107fa4f,38048 3 38302 8 38555 13 38809 16 39064 18 39319 19 39574 21 39830 22 40085 23 40340 25 40596 25 40851 26 41107 26 41363 26 41619 26 41875 26 42132 25 42388 25 42645 23 42901 23 43158 21 43415 19 43672 17 43930 14 44188 9
fe9adb627a6f45747c5a8223b671774791ededf9364f6544be487c540107fa4f,9880 1 10135 2 10145 1 10391 12 10647 12 10903 11 11160 10 11416 9 11673 7 11931 3
fe9adb627a6f45747c5a8223b671774791ededf9364f6544be487c540107fa4f,6555 4 6810 10 7066 10 7321 12 7577 12 7832 13 8088 13 8344 13 8600 13 8856 13 9112 12 9369 11 9624 10 9881 9 10137 8
fe9adb627a6f45747c5a8223b671774791ededf9364f6544be487c540107fa4f,30625 11 30880 13 31135 15 31390 16 31646 17 31901 18 32158 17 32414 16 32671 15 32927 14 33184 11 33442 7
fe9adb627a6f45747c5a8223b671774791ededf9364f6544be487c540107fa4f,26276 5 26530 8 26786 9 27041 10 27297 11 27552 12 27808 13 28065 11 28321 11 28578 9 28835 7
fe9adb627a6f45747c5a8223b671774791ededf9364f6544be487c540107fa4f,9392 3 9646 6 9901 7 10157 9 10412 11 10668 16 10923 18 11179 18 11435 19 11692 18 11948 17 12205 16 12462 14 12719 12 12976 10 13235 5
fe9adb627a6f45747c5a8223b671774791ededf9364f6544be487c540107fa4f,6582 4 6836 7 7091 9 7347 12 7602 13 7859 13 8115 13 8371 14 8627 14 8884 12 9140 12 9395 12 9652 10 9908 9 10166 6 10423 4
fe9adb627a6f45747c5a8223b671774791ededf9364f6544be487c540107fa4f,19636 3 19890 8 20145 10 20401 11 20656 12 20912 13 21168 13 21425 12 21681 12 21938 11 22196 8 22453 7 22710 5
fe9adb627a6f45747c5a8223b671774791ededf9364f6544be487c540107fa4f,2745 4 3000 6 3256 9 3511 11 3767 12 4022 13 4278 14 4533 15 4789 14 5045 14 5302 12 5558 12 5815 10 6071 6 6330 3
fe9adb627a6f45747c5a8223b671774791ededf9364f6544be487c540107fa4f,16829 3 17083 6 17338 9 17593 10 17848 12 18104 12 18359 13 18615 13 18871 12 19128 11 19384 9 19641 8 19900 4
fe9adb627a6f45747c5a8223b671774791ededf9364f6544be487c540107fa4f,25026 1 25276 2 25281 4 25532 10 25788 10 26044 11 26299 12 26555 12 26810 12 27066 12 27323 10 27579 9 27840 3
fe9adb627a6f45747c5a8223b671774791ededf9364f6544be487c540107fa4f,21442 3 21697 6 21952 7 22206 10 22461 11 22716 12 22972 12 23227 13 23483 12 23738 13 23995 11 24251 10 24508 7 24765 5 25021 5 25278 3
fe9adb627a6f45747c5a8223b671774791ededf9364f6544be487c540107fa4f,8900 5 9155 6 9410 8 9664 10 9919 11 10175 12 10430 13 10686 13 10943 12 11199 11 11456 10 11713 8
fe9adb627a6f45747c5a8223b671774791ededf9364f6544be487c540107fa4f,18887 5 19142 8 19398 9 19653 10 19909 11 20165 11 20421 11 20678 9 20934 9 21191 7 21448 5
fe9adb627a6f45747c5a8223b671774791ededf9364f6544be487c540107fa4f,27079 6 27334 9 27590 10 27845 11 28101 12 28357 12 28613 12 28869 11 29126 10 29382 8 29640 5
fe9adb627a6f45747c5a8223b671774791ededf9364f6544be487c540107fa4f,30161 4 30415 8 30670 11 30925 13 31181 14 31436 15 31692 16 31948 16 32204 16 32460 16 32716 15 32973 14 33229 13 33487 10 33744 7
fe9adb627a6f45747c5a8223b671774791ededf9364f6544be487c540107fa4f,15065 5 15320 7 15574 10 15830 11 16085 12 16341 13 16597 13 16852 14 17108 14 17365 13 17621 12 17878 11 18135 9 18392 6
fe9adb627a6f45747c5a8223b671774791ededf9364f6544be487c540107fa4f,26587 3 26841 7 27095 10 27350 12 27606 12 27861 14 28117 14 28372 15 28628 14 28885 13 29141 12 29398 10 29656 8 29915 4
fe9adb627a6f45747c5a8223b671774791ededf9364f6544be487c540107fa4f,41181 3 41435 7 41689 10 41945 11 42200 13 42456 14 42712 14 42968 15 43224 8 43480 2 43736 2 44249 1
fe9adb627a6f45747c5a8223b671774791ededf9364f6544be487c540107fa4f,43232 8 43482 14 43738 15 43993 16 44250 15 44506 15 44763 13 45020 12 45277 10 45534 8
fe9adb627a6f45747c5a8223b671774791ededf9364f6544be487c540107fa4f,20710 6 20964 9 21220 11 21475 13 21731 13 21987 14 22243 14 22500 13 22756 13 23013 12 23269 12 23526 11 23783 10 24040 8 24298 6 24556 3
fe9adb627a6f45747c5a8223b671774791ededf9364f6544be487c540107fa4f,8178 2 8432 4 8687 4 8942 5 9198 5 9453 6 9709 6 9964 8 10220 8 10477 8 10733 5
fe9adb627a6f45747c5a8223b671774791ededf9364f6544be487c540107fa4f,7672 8 7925 12 8180 13 8436 13 8691 14 8947 14 9203 13 9459 12 9715 10 9972 6 10228 4
fe9adb627a6f45747c5a8223b671774791ededf9364f6544be487c540107fa4f,63739 2 63992 8 64246 11 64501 12 64756 13 65012 13 65267 14 65524 13
fe9adb627a6f45747c5a8223b671774791ededf9364f6544be487c540107fa4f,49657 4 49662 3 49912 9 50168 9 50423 10 50679 10 50935 10 51191 10 51447 10 51703 10 51960 9 52216 4 52222 3 52478 1 52734 1
fe9adb627a6f45747c5a8223b671774791ededf9364f6544be487c540107fa4f,52479 2 52735 2 52990 3 53246 3 53498 7 53754 7 54009 8 54265 1 54521 1
fe9adb627a6f45747c5a8223b671774791ededf9364f6544be487c540107fa4f,54266 7 54522 7 54777 8 55033 8 55289 8 55545 8 55802 7 56058 7 56315 6 56572 4
fe9adb627a6f45747c5a8223b671774791ededf9364f6544be487c540107fa4f,19198 2 19453 4 19708 5 19963 6 20219 6 20475 6 20731 6 20988 5 21245 4 21503 2
