ImageId,EncodedPixels
0114f484a16c152baa2d82fdd43740880a762c93f436c8988ac461c5c9dbe7d5,45104 9 45359 11 45614 12 45869 14 46125 14 46380 14 46637 13 46893 12 47150 9 47407 6
0114f484a16c152baa2d82fdd43740880a762c93f436c8988ac461c5c9dbe7d5,50279 8 50534 10 50788 13 51043 14 51298 16 51553 17 51809 17 52064 18 52320 17 52576 17 52832 16 53089 15 53345 14 53602 12 53859 9 54118 4
0114f484a16c152baa2d82fdd43740880a762c93f436c8988ac461c5c9dbe7d5,10893 4 11147 8 11401 10 11656 12 11911 13 12166 14 12422 14 12677 14 12933 14 13189 13 13445 12 13701 12 13958 10 14214 8 14471 6
0114f484a16c152baa2d82fdd43740880a762c93f436c8988ac461c5c9dbe7d5,31884 3 32139 3 32394 4 32649 5 32904 6 33160 6 33415 7 33671 8 33927 8 34183 8 34439 8 34696 7 34952 8 35209 7 35466 7
0114f484a16c152baa2d82fdd43740880a762c93f436c8988ac461c5c9dbe7d5,31631 8 31887 10 32142 11 32398 12 32654 12 32910 12 33166 12 33422 12 33679 10 33935 10 34191 9 34447 8 34703 7 34960 4 35216 3
0114f484a16c152baa2d82fdd43740880a762c93f436c8988ac461c5c9dbe7d5,50843 3 51097 6 51351 8 51605 11 51860 12 52115 13 52371 12 52626 13 52882 12 53137 13 53393 12 53648 12 53904 11 54161 9 54417 8 54674 5
0114f484a16c152baa2d82fdd43740880a762c93f436c8988ac461c5c9dbe7d5,31133 3 31388 5 31644 6 31900 6 32156 6 32412 6 32669 5 32926 3
0114f484a16c152baa2d82fdd43740880a762c93f436c8988ac461c5c9dbe7d5,38565 3 38819 6 39074 8 39328 10 39582 13 39838 12 40093 13 40349 13 40605 13 40862 11 41118 11 41375 9 41631 8 41888 7 42145 4
0999dab07b11bc85fb8464fc36c947fbd8b5d6ec49817361cb780659ca805eac,116776 3 117295 4 117814 4 118333 5 118852 5 119371 5 119890 6 120409 6 120928 6 121447 7 121966 7 122485 7 123004 7 123523 8 124042 8 124568 1 125087 1
0999dab07b11bc85fb8464fc36c947fbd8b5d6ec49817361cb780659ca805eac,124561 7 125080 7 125599 8 126118 8 126637 8 127156 8 127675 8 128194 7 128713 7 129232 6 129751 6 130270 4
0999dab07b11bc85fb8464fc36c947fbd8b5d6ec49817361cb780659ca805eac,25970 2 26487 3 27005 4 27522 6 28040 7 28558 8 29076 9 29594 10 30113 10 30631 11 31150 11 31669 11 32187 13 32706 13 33226 12 33745 12 34264 12 34783 12 35303 11 35822 11 36342 10 36862 10 37381 10 37902 10 38424 3
0999dab07b11bc85fb8464fc36c947fbd8b5d6ec49817361cb780659ca805eac,24937 7 25453 12 25972 14 26490 16 27009 17 27528 17 28047 18 28566 18 29085 19 29604 19 30123 19 30642 18 31161 18 31680 17 32200 16 32719 15 33238 15 33757 14 34276 14 34795 12 35314 12 35833 10 36352 8 36872 5 37391 3
0999dab07b11bc85fb8464fc36c947fbd8b5d6ec49817361cb780659ca805eac,117846 4 118362 10 118879 14 119397 16 119916 17 120434 19 120953 19 121472 20 121990 21 122509 21 123028 22 123547 22 124066 22 124585 22 125104 22 125623 22 126142 22 126661 22 127180 21 127700 20 128219 20 128739 18 129258 18 129778 16 130298 14 130819 10
0999dab07b11bc85fb8464fc36c947fbd8b5d6ec49817361cb780659ca805eac,7315 9 7832 13 8350 15 8869 16 9387 18 9906 19 10425 19 10943 21 11462 21 11980 23 12499 23 13018 23 13537 23 14056 23 14575 23 15094 23 15613 23 16132 22 16651 22 17170 22 17689 21 18208 21 18727 20 19246 19 19766 18 20285 17 20804 16 21324 15 21843 14 22363 12 22883 10 23403 7
0999dab07b11bc85fb8464fc36c947fbd8b5d6ec49817361cb780659ca805eac,28607 10 29123 16 29640 19 30157 22 30675 23 31193 25 31712 25 32230 26 32748 27 33267 27 33785 27 34304 27 34822 27 35341 26 35860 25 36379 23 36897 23 37416 22 37935 21 38454 20 38973 19 39493 17 40012 16 40532 13 41053 9
0999dab07b11bc85fb8464fc36c947fbd8b5d6ec49817361cb780659ca805eac,46268 7 46783 16 47300 21 47818 23 48336 24 48855 25 49373 26 49892 26 50410 27 50929 27 51448 27 51967 26 52486 26 53005 25 53525 23 54044 22 54564 19 55085 14
0999dab07b11bc85fb8464fc36c947fbd8b5d6ec49817361cb780659ca805eac,8899 3 9416 8 9934 10 10452 12 10971 13 11489 14 12008 15 12526 16 13045 17 13564 17 14083 17 14603 17 15122 17 15642 16 16161 9 16681 2 17201 1
0999dab07b11bc85fb8464fc36c947fbd8b5d6ec49817361cb780659ca805eac,16170 8 16683 14 17202 15 17720 16 18240 15 18759 15 19279 7 19798 2 19812 1 20318 1
0999dab07b11bc85fb8464fc36c947fbd8b5d6ec49817361cb780659ca805eac,19286 7 19800 12 20319 13 20837 14 21357 13 21876 13 22396 12 22915 11 23435 10 23955 8
0999dab07b11bc85fb8464fc36c947fbd8b5d6ec49817361cb780659ca805eac,63411 5 63927 11 64444 14 64962 16 65480 18 65999 18 66517 20 67035 21 67554 22 68072 23 68591 23 69109 24 69628 25 70147 25 70666 25 71185 25 71704 25 72223 25 72742 25 73262 24 73781 23 74301 22 74820 22 75339 22 75859 20 76378 20 76898 18 77417 17 77936 17 78456 15 78975 15 79495 13 80015 10 80536 7
0999dab07b11bc85fb8464fc36c947fbd8b5d6ec49817361cb780659ca805eac,86 7 604 9 1124 8 1644 6 2164 4
0999dab07b11bc85fb8464fc36c947fbd8b5d6ec49817361cb780659ca805eac,93546 9 94063 13 94581 15 95100 16 95618 18 96137 18 96656 19 97174 20 97693 21 98212 21 98732 21 99251 21 99770 22 100290 22 100809 22 101328 23 101848 22 102367 22 102887 21 103406 21 103926 20 104446 19 104966 17 105487 15 106008 12 106530 7
0999dab07b11bc85fb8464fc36c947fbd8b5d6ec49817361cb780659ca805eac,24519 8 25036 12 25555 13 26073 15 26592 16 27110 17 27629 18 28148 19 28667 19 29186 20 29705 9 30224 2 30244 1 30743 2
0999dab07b11bc85fb8464fc36c947fbd8b5d6ec49817361cb780659ca805eac,29714 11 30226 18 30745 19 31263 20 31782 21 32302 20 32821 20 33341 19 33860 20 34380 19 34899 19 35419 18 35939 18 36459 16 36979 15 37500 12 38021 9 38542 5
0999dab07b11bc85fb8464fc36c947fbd8b5d6ec49817361cb780659ca805eac,50481 6 50996 12 51513 15 52031 17 52549 19 53067 20 53585 22 54103 23 54622 22 55140 23 55658 24 56177 24 56695 24 57214 24 57732 24 58251 24 58770 23 59288 23 59807 22 60326 21 60845 21 61364 21 61883 20 62403 19 62922 18 63441 18 63961 16 64480 15 65000 14 65520 12 66040 9 66561 5
0999dab07b11bc85fb8464fc36c947fbd8b5d6ec49817361cb780659ca805eac,126 26 645 27 1164 27 1684 26 2203 26 2722 26 3242 25 3761 25 4281 23 4801 22 5321 21 5840 20 6360 19 6881 16 7401 15 7922 11 8443 7
0999dab07b11bc85fb8464fc36c947fbd8b5d6ec49817361cb780659ca805eac,112251 4 112764 8 113281 10 113798 11 114316 12 114834 13 115353 13 115871 14 116390 14 116909 14 117428 14 117947 14 118466 14 118985 14 119505 13 120024 13 120544 12 121064 11 121585 10 122108 6
0999dab07b11bc85fb8464fc36c947fbd8b5d6ec49817361cb780659ca805eac,112772 3 113291 3 113809 3 114328 3 114847 3 115366 3 115885 3 116404 3 116923 3 117442 3 117961 3 118480 3 118999 3 119518 3 120037 3 120556 3 121075 3 121595 2 122114 3
0999dab07b11bc85fb8464fc36c947fbd8b5d6ec49817361cb780659ca805eac,112775 8 113294 11 113812 14 114331 15 114850 16 115369 17 115888 18 116407 18 116926 19 117445 19 117964 18 118483 18 119002 18 119521 17 120040 17 120559 16 121078 14 121597 13 122117 10 122636 5
0999dab07b11bc85fb8464fc36c947fbd8b5d6ec49817361cb780659ca805eac,21429 6 21946 10 22463 14 22981 17 23499 19 24018 20 24536 22 25056 21 25575 22 26094 22 26612 23 27131 24 27650 24 28169 24 28688 25 29208 24 29727 24 30247 23 30766 23 31285 23 31805 22 32324 22 32844 21 33365 18 33885 17 34405 15 34925 13 35445 10
0999dab07b11bc85fb8464fc36c947fbd8b5d6ec49817361cb780659ca805eac,90471 9 90986 16 91503 19 92020 21 92537 24 93055 26 93574 27 94092 31 94611 31 95130 31 95649 31 96168 32 96688 31 97207 31 97727 30 98246 29 98766 28 99286 27 99805 26 100325 25 100845 23 101365 20 101886 17 102408 12 102932 3
0999dab07b11bc85fb8464fc36c947fbd8b5d6ec49817361cb780659ca805eac,81148 3 81664 10 82182 13 82700 15 83219 16 83737 17 84256 18 84774 19 85293 19 85812 20 86331 20 86850 21 87369 21 87888 21 88407 21 88927 19 89446 19 89965 19 90483 19 91002 19 91522 17 92041 16 92561 13 93081 10 93601 4
0999dab07b11bc85fb8464fc36c947fbd8b5d6ec49817361cb780659ca805eac,165 17 684 18 1204 18 1723 18 2243 18 2762 10 3281 9 3801 2 4320 2 5359 1
0999dab07b11bc85fb8464fc36c947fbd8b5d6ec49817361cb780659ca805eac,2772 9 3290 10 3803 17 4322 18 4840 19 5360 19 5879 20 6399 19 6918 20 7438 19 7957 19 8477 18 8996 18 9516 17 10036 16 10556 14 11076 13 11596 11 12116 9 12637 5
0999dab07b11bc85fb8464fc36c947fbd8b5d6ec49817361cb780659ca805eac,57791 10 58307 16 58825 18 59343 20 59861 22 60379 23 60898 24 61416 25 61935 25 62453 26 62972 26 63491 26 64010 26 64529 25 65048 25 65567 23 66087 21 66606 19 67126 16 67646 12
0999dab07b11bc85fb8464fc36c947fbd8b5d6ec49817361cb780659ca805eac,89995 9 90512 13 91030 16 91548 18 92067 19 92585 21 93104 21 93623 22 94141 24 94660 25 95180 25 95699 26 96218 12 96737 2 96763 1 97256 2
0999dab07b11bc85fb8464fc36c947fbd8b5d6ec49817361cb780659ca805eac,96230 14 96739 24 97258 25 97776 26 98295 26 98815 25 99334 26 99854 25 100374 24 100894 23 101413 23 101933 21 102453 20 102972 19 103492 18 104013 15 104533 13 105055 8
0999dab07b11bc85fb8464fc36c947fbd8b5d6ec49817361cb780659ca805eac,36030 9 36548 12 37065 15 37584 16 38102 18 38621 18 39139 20 39658 20 40176 22 40695 22 41213 23 41732 23 42250 24 42769 24 43287 25 43806 24 44325 24 44844 23 45363 23 45883 21 46402 20 46922 17 47443 13 47967 4
0999dab07b11bc85fb8464fc36c947fbd8b5d6ec49817361cb780659ca805eac,74948 1 75467 1 75486 1 75986 9 76005 1 76505 20 77024 20 77543 20 78062 20 78581 19 79100 19 79620 18 80139 17 80658 17 81178 15 81697 14 82217 13 82737 10 83258 6
0999dab07b11bc85fb8464fc36c947fbd8b5d6ec49817361cb780659ca805eac,63536 8 64053 12 64571 14 65089 16 65608 16 66126 18 66645 18 67164 19 67682 20 68201 20 68720 20 69239 1 69258 1 69758 1 69777 1
0999dab07b11bc85fb8464fc36c947fbd8b5d6ec49817361cb780659ca805eac,69240 18 69759 18 70277 20 70796 20 71315 21 71834 21 72353 21 72872 21 73391 21 73910 20 74429 20 74949 19 75468 18 75995 10
0999dab07b11bc85fb8464fc36c947fbd8b5d6ec49817361cb780659ca805eac,226 28 744 30 1263 30 1783 29 2301 30 2820 30 3339 31 3859 30 4378 30 4898 29 5417 29 5937 28 6456 28 6976 27 7495 27 8015 25 8534 25 9053 24 9572 24 10091 23 10611 22 11130 21 11650 20 12169 19 12689 17 13208 16 13729 12 14249 9
0999dab07b11bc85fb8464fc36c947fbd8b5d6ec49817361cb780659ca805eac,114436 4 114952 9 115469 13 115987 14 116504 17 117023 17 117541 18 118059 20 118577 21 119095 22 119613 23 120130 25 120648 26 121165 27 121683 28 122201 29 122719 30 123238 28 123756 28 124275 27 124794 26 125313 23 125832 20 126351 19 126870 18 127390 16 127909 15 128429 14 128949 12 129470 10 129991 7
0999dab07b11bc85fb8464fc36c947fbd8b5d6ec49817361cb780659ca805eac,123266 3 123784 8 124302 13 124820 17 125336 22 125852 27 126370 29 126888 31 127406 33 127924 34 128443 35 128961 36 129480 36 130000 35 130519 36 131038 35
0999dab07b11bc85fb8464fc36c947fbd8b5d6ec49817361cb780659ca805eac,29307 8 29824 14 30343 16 30861 19 31380 20 31899 21 32418 22 32938 22 33457 23 33977 22 34496 23 35015 23 35534 23 36054 22 36573 22 37092 22 37612 21 38131 21 38650 21 39170 19 39689 19 40209 17 40729 14 41250 11 41773 3
0999dab07b11bc85fb8464fc36c947fbd8b5d6ec49817361cb780659ca805eac,84330 4 84846 12 85363 16 85881 19 86399 22 86918 23 87436 25 87955 26 88474 26 88993 27 89512 27 90031 27 90550 27 91070 26 91589 26 92109 25 92629 24 93149 22 93668 22 94189 19 94709 18 95229 16 95751 11
0999dab07b11bc85fb8464fc36c947fbd8b5d6ec49817361cb780659ca805eac,53721 14 54238 19 54755 23 55272 26 55790 28 56309 29 56827 31 57346 32 57864 34 58383 34 58901 36 59421 35 59940 36 60460 35 60979 35 61499 34 62018 34 62538 32 63057 32 63577 30 64097 28 64618 25 65139 21 65661 16 66184 9
0999dab07b11bc85fb8464fc36c947fbd8b5d6ec49817361cb780659ca805eac,24685 13 25202 17 25719 20 26236 23 26754 25 27272 26 27791 27 28309 28 28827 29 29346 29 29864 31 30383 31 30902 31 31420 32 31939 31 32458 31 32977 30 33496 30 34016 28 34535 28 35054 27 35574 25 36093 24 36613 22 37133 20 37653 17 38174 13
0999dab07b11bc85fb8464fc36c947fbd8b5d6ec49817361cb780659ca805eac,79698 5 80215 12 80733 15 81251 18 81769 20 82288 21 82806 24 83325 24 83844 25 84363 26 84883 26 85402 26 85922 26 86441 26 86961 26 87480 25 88000 24 88519 23 89039 22 89560 19 90081 15 90604 8
0999dab07b11bc85fb8464fc36c947fbd8b5d6ec49817361cb780659ca805eac,113968 9 114486 12 115003 16 115521 18 116039 20 116557 22 117076 23 117594 25 118113 26 118632 27 119151 28 119670 29 120189 29 120708 30 121228 29 121747 29 122267 28 122786 28 123306 27 123826 26 124347 24 124868 21 125391 17 125913 13 126435 8
0999dab07b11bc85fb8464fc36c947fbd8b5d6ec49817361cb780659ca805eac,129025 8 129542 12 130060 15 130579 15 131097 17
0999dab07b11bc85fb8464fc36c947fbd8b5d6ec49817361cb780659ca805eac,850 5 1366 8 1883 9 2400 11 2918 12 3436 13 3954 14 4473 14 4991 15 5510 14 6029 14 6548 14 7068 13 7587 13 8107 12 8627 11 9148 10
0999dab07b11bc85fb8464fc36c947fbd8b5d6ec49817361cb780659ca805eac,855 3 1374 6 1892 9 2411 11 2930 13 3449 14 3968 14 4487 15 5006 15 5524 16 6043 16 6562 16 7081 16 7600 15 8119 15 8638 14 9158 11 9677 8
0999dab07b11bc85fb8464fc36c947fbd8b5d6ec49817361cb780659ca805eac,11232 4 11747 12 12263 16 12781 19 13299 22 13817 24 14335 26 14854 27 15372 28 15891 29 16409 30 16928 30 17447 30 17966 30 18485 30 19004 30 19524 29 20043 28 20562 28 21082 26 21601 26 22121 24 22641 23 23161 21 23681 19 24201 17 24722 13 25243 8
0999dab07b11bc85fb8464fc36c947fbd8b5d6ec49817361cb780659ca805eac,71443 8 71959 13 72476 17 72993 20 73510 23 74028 24 74546 26 75064 27 75582 29 76101 29 76619 30 77137 31 77655 32 78174 32 78692 33 79211 32 79730 32 80248 32 80767 32 81285 32 81804 32 82323 31 82842 30 83361 29 83880 28 84400 25 84919 23 85439 20 85959 17 86480 13 87002 6
0999dab07b11bc85fb8464fc36c947fbd8b5d6ec49817361cb780659ca805eac,100509 4 101025 12 101542 16 102060 18 102579 19 103097 21 103616 21 104135 22 104654 22 105172 23 105691 23 106210 23 106729 23 107248 22 107766 23 108285 23 108804 23 109323 23 109842 22 110361 22 110880 21 111399 21 111919 19 112438 19 112958 17 113478 15 113999 11 114521 5
0999dab07b11bc85fb8464fc36c947fbd8b5d6ec49817361cb780659ca805eac,40826 8 41342 16 41860 20 42378 23 42896 25 43414 27 43933 28 44451 29 44970 30 45488 31 46007 31 46525 32 47044 32 47563 32 48082 31 48601 31 49121 29 49640 28 50160 26 50680 22 51201 17
0999dab07b11bc85fb8464fc36c947fbd8b5d6ec49817361cb780659ca805eac,125445 5 125961 11 126479 13 126997 15 127515 16 128033 18 128552 18 129070 19 129589 19 130107 19 130626 20 131145 19
0999dab07b11bc85fb8464fc36c947fbd8b5d6ec49817361cb780659ca805eac,10761 9 11277 14 11794 17 12312 18 12830 20 13348 21 13866 22 14384 24 14902 25 15421 25 15939 25 16458 25 16976 26 17495 26 18013 27 18532 27 19051 26 19569 27 20088 26 20607 25 21126 24 21645 24 22164 23 22684 21 23203 20 23723 18 24243 16 24764 11
0999dab07b11bc85fb8464fc36c947fbd8b5d6ec49817361cb780659ca805eac,109359 2 109878 2 110397 8 110915 18 111434 18 111953 18 112472 18 112991 17 113510 17 114029 16 114549 14 115068 12 115588 9
0999dab07b11bc85fb8464fc36c947fbd8b5d6ec49817361cb780659ca805eac,99506 5 100023 9 100541 11 101059 13 101578 14 102096 16 102615 16 103134 17 103652 18 104171 19 104690 19 105209 19 105728 19 106246 20 106765 20 107284 19 107803 19 108322 18 108841 17 109361 16 109880 15 110405 9
0999dab07b11bc85fb8464fc36c947fbd8b5d6ec49817361cb780659ca805eac,90181 8 90698 12 91216 15 91734 18 92252 20 92771 21 93289 22 93808 23 94327 23 94846 23 95366 22 95885 23 96405 22 96924 22 97443 21 97962 21 98481 21 99001 20 99520 20 100039 20 100559 18 101078 18 101598 16 102118 15 102638 12 103159 7
0999dab07b11bc85fb8464fc36c947fbd8b5d6ec49817361cb780659ca805eac,400 20 918 22 1437 22 1956 22 2474 23 2993 23 3512 24 4031 24 4551 23 5070 22 5590 21 6110 19 6631 17 7153 13 7675 7
0999dab07b11bc85fb8464fc36c947fbd8b5d6ec49817361cb780659ca805eac,47126 4 47640 13 48156 18 48673 21 49190 25 49708 27 50227 28 50745 29 51264 30 51782 31 52301 32 52820 32 53339 31 53858 31 54377 30 54897 29 55416 28 55936 27 56456 24 56977 20 57499 12
0999dab07b11bc85fb8464fc36c947fbd8b5d6ec49817361cb780659ca805eac,122889 1 123407 2 123926 19 124445 19 124963 20 125482 19 126001 19 126519 19 127038 19 127557 18 128076 17 128595 17 129114 16 129633 15 130153 12 130672 12 131192 9
0999dab07b11bc85fb8464fc36c947fbd8b5d6ec49817361cb780659ca805eac,114596 7 115113 11 115630 13 116148 15 116667 15 117185 16 117704 16 118222 17 118740 18 119259 18 119777 18 120296 18 120814 19 121333 19 121852 19 122370 19 122890 18 123409 17
0999dab07b11bc85fb8464fc36c947fbd8b5d6ec49817361cb780659ca805eac,27915 1 28433 2 28458 1 28952 13 29471 25 29989 25 30508 25 31027 25 31546 24 32065 24 32584 23 33103 22 33623 20 34142 19 34662 17 35182 13 35703 8
0999dab07b11bc85fb8464fc36c947fbd8b5d6ec49817361cb780659ca805eac,20660 7 21176 13 21694 15 22211 18 22729 20 23248 20 23766 22 24285 22 24803 23 25322 23 25841 23 26359 24 26878 24 27396 25 27916 24 28435 23 28965 12
0999dab07b11bc85fb8464fc36c947fbd8b5d6ec49817361cb780659ca805eac,66870 10 67386 13 67903 14 68420 16 68939 16 69457 17 69976 17 70495 17 71014 17 71533 17 72053 16 72572 16 73092 15 73612 14 74132 13 74654 11 75178 6
0999dab07b11bc85fb8464fc36c947fbd8b5d6ec49817361cb780659ca805eac,66880 11 67399 14 67917 16 68436 17 68955 18 69474 18 69993 19 70512 19 71031 19 71550 19 72069 18 72588 18 73107 17 73626 16 74145 15 74665 11 75184 8
0999dab07b11bc85fb8464fc36c947fbd8b5d6ec49817361cb780659ca805eac,109956 7 110472 13 110989 17 111507 20 112025 22 112544 23 113062 25 113581 25 114100 26 114619 26 115139 26 115658 26 116178 26 116698 25 117217 25 117737 25 118257 24 118777 23 119297 22 119818 20 120338 20 120859 18 121380 15 121901 13 122422 10 122945 5
0999dab07b11bc85fb8464fc36c947fbd8b5d6ec49817361cb780659ca805eac,95945 9 96463 8 96982 8 97500 8 98020 7 98539 6 99059 5 99579 5 100100 3
0999dab07b11bc85fb8464fc36c947fbd8b5d6ec49817361cb780659ca805eac,96471 5 96990 5 97508 5 98027 5 98545 6 99064 5 99584 4 100103 4 100623 4 101145 1
0999dab07b11bc85fb8464fc36c947fbd8b5d6ec49817361cb780659ca805eac,81436 8 81952 14 82469 14 82987 15 83506 14 84024 15 84543 15 85062 15 85581 15 86100 15 86619 15 87138 14 87658 13 88177 13 88697 12 89217 10 89737 9 90258 6 90780 3
0999dab07b11bc85fb8464fc36c947fbd8b5d6ec49817361cb780659ca805eac,92859 2 93376 4 93894 8 94411 16 94929 18 95447 19 95964 22 96476 29 96995 30 97513 31 98032 31 98551 30 99069 31 99588 30 100107 29 100627 27 101146 25 101668 20 102193 11
0999dab07b11bc85fb8464fc36c947fbd8b5d6ec49817361cb780659ca805eac,82483 5 83002 6 83520 9 84039 10 84558 11 85077 12 85596 14 86115 15 86634 17 87152 19 87671 21 88190 21 88709 23 89227 24 89746 25 90264 26 90783 26 91302 26 91822 24 92341 24 92861 10 93380 9 93902 6
0999dab07b11bc85fb8464fc36c947fbd8b5d6ec49817361cb780659ca805eac,449 22 967 24 1487 23 2006 23 2525 23 3044 23 3563 23 4082 23 4601 22 5121 21 5640 20 6160 19 6679 18 7200 15 7720 12 8242 7
0999dab07b11bc85fb8464fc36c947fbd8b5d6ec49817361cb780659ca805eac,26420 10 26935 17 27452 20 27970 19 28488 20 29006 20 29525 20 30043 21 30562 21 31080 22 31599 22 32118 22 32636 23 33155 23 33673 24 34192 24 34710 25 35229 25 35748 25 36267 25 36786 25 37305 25 37824 25 38344 24 38863 24 39383 23 39903 16 39923 2 40424 11 40443 1 40963 1
0999dab07b11bc85fb8464fc36c947fbd8b5d6ec49817361cb780659ca805eac,27989 4 28002 6 28508 5 28518 11 29026 24 29545 25 30064 25 30583 26 31102 26 31621 27 32140 27 32659 27 33178 27 33697 27 34216 27 34735 27 35254 27 35773 27 36292 27 36811 27 37330 27 37849 27 38368 27 38887 26 39406 26 39925 25 40444 24 40964 22 41483 20 42004 15 42527 7
0999dab07b11bc85fb8464fc36c947fbd8b5d6ec49817361cb780659ca805eac,52395 5 52913 7 53432 8 53950 9 54469 10 54988 10 55507 10 56026 10 56545 11 57064 11 57583 5 57593 1 58103 1 58622 1
0999dab07b11bc85fb8464fc36c947fbd8b5d6ec49817361cb780659ca805eac,57588 5 58104 9 58623 9 59141 11 59660 11 60179 12 60699 11 61218 11 61737 11 62256 11 62776 10 63295 9 63815 8 64335 6 64855 5 65375 3
0999dab07b11bc85fb8464fc36c947fbd8b5d6ec49817361cb780659ca805eac,501 15 1020 15 1541 11 2062 6
0999dab07b11bc85fb8464fc36c947fbd8b5d6ec49817361cb780659ca805eac,46189 3 46707 4 47225 5 47744 5 48262 6 48781 6 49300 6 49819 6 50338 6 50857 6 51376 6 51896 5 52415 5 52935 4
0a849e0eb15faa8a6d7329c3dd66aabe9a294cccb52ed30a90c8ca99092ae732,1537 2 1793 3 2049 4 2305 4 2561 5 2817 6 3073 7 3329 8 3585 8 3841 8 4097 7 4353 7 4609 7 4865 7 5121 6 5377 6 5633 6 5889 6 6145 7 6401 7 6657 4
0a849e0eb15faa8a6d7329c3dd66aabe9a294cccb52ed30a90c8ca99092ae732,2834 5 3088 9 3342 12 3593 18 3849 19 4104 21 4360 21 4616 20 4872 20 5127 21 5383 21 5639 21 5895 21 6152 20 6408 20 6665 19 6922 19 7178 19 7435 18 7692 15 7948 14 8205 12
0a849e0eb15faa8a6d7329c3dd66aabe9a294cccb52ed30a90c8ca99092ae732,1823 13 2079 14 2334 17 2590 17 2846 18 3102 19 3358 20 3614 20 3871 20 4125 22 4381 23 4636 24 4892 25 5148 25 5404 24 5660 24 5916 23 6172 23 6428 22 6684 22 6941 20 7197 19 7456 15 7714 9
0a849e0eb15faa8a6d7329c3dd66aabe9a294cccb52ed30a90c8ca99092ae732,15627 2
0a849e0eb15faa8a6d7329c3dd66aabe9a294cccb52ed30a90c8ca99092ae732,12033 2 12289 3 12545 3 12801 6 13057 7 13313 9 13569 9 13825 10 14081 10 14337 11 14593 11 14849 11 15105 11 15361 11 15617 10 15873 11 16129 11 16385 11 16641 12 16897 12 17153 12 17409 11 17665 11 17921 10 18177 10 18433 10 18689 10 18945 9 19201 9 19457 8 19713 7 19969 4
0a849e0eb15faa8a6d7329c3dd66aabe9a294cccb52ed30a90c8ca99092ae732,33537 3 33793 4 34049 5 34305 6 34561 7 34817 7 35073 8 35329 8 35585 8 35841 8 36097 9 36353 9 36609 8 36865 8 37121 8 37377 7 37633 7 37889 6 38145 6 38401 5 38657 3
0a849e0eb15faa8a6d7329c3dd66aabe9a294cccb52ed30a90c8ca99092ae732,43009 6 43265 8 43521 9 43777 10 44033 11 44289 11 44545 12 44801 12 45057 12 45313 12 45569 12 45825 11 46082 10 46338 8 46596 4
0a849e0eb15faa8a6d7329c3dd66aabe9a294cccb52ed30a90c8ca99092ae732,49665 5 49921 7 50177 10 50433 11 50689 11 50945 12 51201 11 51457 9 51713 3 51969 2 52225 2
0a849e0eb15faa8a6d7329c3dd66aabe9a294cccb52ed30a90c8ca99092ae732,52481 2 52737 2 52993 3 53249 3 53505 3 53761 4 54017 4 54273 4 54529 5 54785 5 55041 6 55297 6 55553 6 55809 6 56065 6 56321 5 56577 5 56833 4 57089 4 57345 4 57601 3 57857 3 58113 2
0a849e0eb15faa8a6d7329c3dd66aabe9a294cccb52ed30a90c8ca99092ae732,58369 2 58625 2 58881 3 59137 4 59393 4 59649 5 59905 5 60161 4 60417 4 60673 4 60929 4 61185 5 61441 5 61697 5 61953 6 62209 6 62465 6 62721 6 62977 6 63233 5 63489 5 63745 5 64001 4 64257 4 64513 4 64769 3 65025 3 65281 3
0a849e0eb15faa8a6d7329c3dd66aabe9a294cccb52ed30a90c8ca99092ae732,51466 6 51722 7 51977 9 52233 9 52489 10 52744 11 53000 11 53255 12 53512 11 53768 11 54024 11 54280 10 54537 9 54793 9 55050 7 55308 5
0a849e0eb15faa8a6d7329c3dd66aabe9a294cccb52ed30a90c8ca99092ae732,38166 5 38419 10 38674 13 38929 15 38945 2 39184 19 39439 20 39694 22 39950 22 40205 23 40461 24 40716 25 40972 25 41227 27 41484 26 41740 27 41997 28 42253 28 42510 27 42766 26 43023 25 43279 24 43536 23 43792 22 44049 21 44306 19 44563 18 44820 16 45077 13 45335 10 45591 7 45849 4
0a849e0eb15faa8a6d7329c3dd66aabe9a294cccb52ed30a90c8ca99092ae732,39203 1 39459 1 39716 4 39972 5 40228 11 40485 10 40741 9 40997 9 41254 7 41510 6 41767 4
0a849e0eb15faa8a6d7329c3dd66aabe9a294cccb52ed30a90c8ca99092ae732,36648 7 36903 9 37159 10 37414 11 37669 13 37925 13 38180 14 38436 14 38691 15 38947 14 39204 13 39460 13 39720 8 39977 7
0a849e0eb15faa8a6d7329c3dd66aabe9a294cccb52ed30a90c8ca99092ae732,51219 3 51475 5 51731 6 51988 5 52242 1 52245 3
0a849e0eb15faa8a6d7329c3dd66aabe9a294cccb52ed30a90c8ca99092ae732,10020 9 10275 12 10530 15 10785 17 11041 17 11296 19 11551 20 11806 21 12061 22 12316 24 12572 24 12827 25 13083 26 13338 26 13594 26 13849 27 14105 27 14361 26 14617 26 14873 26 15129 26 15385 25 15642 24 15898 23 16160 16 16416 13 16673 10 16930 8 17189 3
0a849e0eb15faa8a6d7329c3dd66aabe9a294cccb52ed30a90c8ca99092ae732,51999 10 52254 12 52508 15 52763 16 53019 17 53274 18 53530 19 53786 19 54041 21 54297 22 54553 23 54809 24 55065 15 55321 14 55577 13 55833 11 56089 10 56345 9 56602 7 56858 7 57115 5 57373 3
0a849e0eb15faa8a6d7329c3dd66aabe9a294cccb52ed30a90c8ca99092ae732,63265 1 63521 1 63540 1 63776 10 63796 1 64032 21 64287 22 64543 23 64799 24 65054 25 65311 25
0a849e0eb15faa8a6d7329c3dd66aabe9a294cccb52ed30a90c8ca99092ae732,55080 10 55335 12 55590 14 55844 16 56099 18 56354 19 56609 20 56865 20 57120 22 57376 22 57632 22 57889 21 58145 21 58401 1 58657 1
0a849e0eb15faa8a6d7329c3dd66aabe9a294cccb52ed30a90c8ca99092ae732,58402 21 58658 21 58913 23 59169 23 59424 25 59680 25 59936 25 60192 26 60447 27 60703 27 60959 26 61215 26 61471 25 61726 26 61983 25 62239 24 62496 23 62753 21 63009 20 63266 19 63522 18 63786 10
0a849e0eb15faa8a6d7329c3dd66aabe9a294cccb52ed30a90c8ca99092ae732,28706 8 28961 10 29216 12 29472 12 29727 14 29983 14 30239 14 30495 15 30751 15 31007 16 31263 16 31519 16 31776 15 32032 14 32289 13 32546 11 32803 9 33060 6
0a849e0eb15faa8a6d7329c3dd66aabe9a294cccb52ed30a90c8ca99092ae732,46386 8 46641 11 46892 17 47147 19 47402 20 47658 21 47913 22 48169 22 48425 22 48681 22 48937 22 49193 23 49449 23 49706 22 49962 22 50219 21 50476 19 50732 19 50989 18 51246 16 51503 15 51759 15 52017 12 52274 11 52532 8 52791 4
0a849e0eb15faa8a6d7329c3dd66aabe9a294cccb52ed30a90c8ca99092ae732,20527 8 20782 10 21037 11 21293 12 21548 13 21804 13 22060 13 22316 13 22573 12 22829 12 23086 10 23342 10 23599 8 23857 5
0a849e0eb15faa8a6d7329c3dd66aabe9a294cccb52ed30a90c8ca99092ae732,37950 8 38205 10 38460 12 38716 12 38971 14 39226 15 39481 17 39737 17 39992 18 40247 20 40502 21 40758 21 41013 22 41269 21 41525 21 41781 21 42037 20 42293 20 42549 19 42805 18 43062 16 43318 14 43576 11 43834 7 44092 3
0a849e0eb15faa8a6d7329c3dd66aabe9a294cccb52ed30a90c8ca99092ae732,25668 3 25923 6 26177 10 26432 12 26688 13 26943 15 27199 15 27454 17 27710 17 27966 17 28222 17 28477 18 28733 18 28990 17 29246 16 29503 15 29760 13 30016 12 30279 3
0a849e0eb15faa8a6d7329c3dd66aabe9a294cccb52ed30a90c8ca99092ae732,26487 4 26740 11 26995 14 27250 18 27506 19 27761 21 28017 22 28272 23 28528 24 28784 24 29040 24 29296 24 29552 23 29808 23 30064 22 30321 21 30577 20 30834 18 31091 17 31348 14 31605 12 31863 7 32121 3
0a849e0eb15faa8a6d7329c3dd66aabe9a294cccb52ed30a90c8ca99092ae732,4473 3 4727 7 4982 11 5237 14 5492 16 5747 18 6003 19 6258 20 6514 21 6769 22 7025 22 7281 22 7537 23 7793 23 8049 23 8305 22 8562 21 8818 21 9075 20 9331 19 9588 18 9845 16 10102 15 10359 13 10617 9 10875 5
0a849e0eb15faa8a6d7329c3dd66aabe9a294cccb52ed30a90c8ca99092ae732,19599 3 19849 11 20104 14 20359 16 20614 18 20869 20 21125 20 21380 22 21636 22 21891 24 22147 24 22403 24 22659 24 22915 24 23171 24 23427 23 23683 23 23940 21 24196 20 24453 19 24710 16 24968 13 25227 6
0a849e0eb15faa8a6d7329c3dd66aabe9a294cccb52ed30a90c8ca99092ae732,2191 6 2446 9 2701 11 2956 13 3212 15 3467 19 3723 19 3979 21 4235 22 4491 23 4747 23 5003 24 5259 24 5516 24 5772 24 6029 23 6285 24 6542 23 6798 23 7055 22 7312 21 7569 20 7827 17 8084 16 8343 11 8600 8
0a849e0eb15faa8a6d7329c3dd66aabe9a294cccb52ed30a90c8ca99092ae732,10647 1 10901 3 11154 7 11409 8 11664 10 11919 12 12174 13 12429 14 12685 14 12940 16 13196 16 13451 17 13707 17 13963 17 14219 17 14475 18 14732 17 14988 18 15245 18 15502 20 15759 19 16015 18 16272 16 16530 12 16789 7
0a849e0eb15faa8a6d7329c3dd66aabe9a294cccb52ed30a90c8ca99092ae732,8612 1 8867 2 9122 2 9375 5 9626 10 9882 10 10137 11 10393 11 10648 12 10904 12 11161 11 11417 11 11674 11 11931 10 12187 11 12443 11 12699 11 12956 10 13212 10 13468 10 13724 10 13980 10 14236 11 14493 10 14749 12 15006 8 15263 5
0a849e0eb15faa8a6d7329c3dd66aabe9a294cccb52ed30a90c8ca99092ae732,8613 7 8869 9 9124 12 9380 14 9636 15 9892 15 10148 16 10404 16 10660 17 10916 17 11172 17 11428 17 11685 16 11941 16 12198 15 12454 15 12710 15 12966 14 13222 14 13478 13 13734 12 13990 11 14247 5 14503 4
0a849e0eb15faa8a6d7329c3dd66aabe9a294cccb52ed30a90c8ca99092ae732,151 19 407 19 664 18 920 18 1177 16 1434 15 1692 12 1951 9 2209 4
0a849e0eb15faa8a6d7329c3dd66aabe9a294cccb52ed30a90c8ca99092ae732,29356 3 29610 7 29864 12 30119 14 30374 16 30630 17 30885 18 31141 19 31396 20 31652 21 31908 21 32164 21 32420 22 32675 23 32932 22 33188 22 33444 22 33700 22 33957 21 34213 20 34470 19 34727 17 34984 15 35241 13 35499 9 35757 5
0a849e0eb15faa8a6d7329c3dd66aabe9a294cccb52ed30a90c8ca99092ae732,21164 5 21419 9 21433 3 21674 18 21929 20 22185 21 22440 22 22696 23 22952 24 23207 25 23463 26 23719 26 23975 26 24231 26 24488 25 24744 25 25000 25 25256 25 25513 24 25769 23 26026 22 26283 20 26539 20 26797 17 27054 15 27312 8
0a849e0eb15faa8a6d7329c3dd66aabe9a294cccb52ed30a90c8ca99092ae732,15029 5 15283 8 15537 12 15790 16 16044 19 16300 20 16555 21 16811 22 17066 23 17322 24 17578 24 17834 24 18090 24 18346 24 18602 24 18858 24 19115 23 19371 22 19628 21 19884 20 20143 16 20404 10 20666 3
0a849e0eb15faa8a6d7329c3dd66aabe9a294cccb52ed30a90c8ca99092ae732,4025 3 4279 7 4533 13 4788 16 5043 20 5298 24 5554 25 5809 26 6065 27 6321 27 6577 28 6833 28 7089 29 7345 28 7602 27 7858 27 8115 26 8371 25 8628 24 8884 22 9141 20 9397 19 9654 15 9913 10 10172 7 10428 6 10685 5
0a849e0eb15faa8a6d7329c3dd66aabe9a294cccb52ed30a90c8ca99092ae732,190 23 446 23 702 23 958 23 1214 22 1470 22 1727 20 1983 19 2240 18 2497 16 2755 13 3012 12 3271 5
0a849e0eb15faa8a6d7329c3dd66aabe9a294cccb52ed30a90c8ca99092ae732,25043 6 25296 12 25551 14 25805 18 26060 20 26316 21 26571 24 26827 24 27082 26 27339 25 27595 26 27851 26 28107 26 28363 26 28619 25 28876 24 29132 24 29388 24 29645 22 29901 22 30158 20 30415 18 30672 16 30930 13 31188 10
0a849e0eb15faa8a6d7329c3dd66aabe9a294cccb52ed30a90c8ca99092ae732,39640 6 39889 15 40145 16 40400 18 40656 19 40912 20 41167 21 41423 20 41678 22 41934 22 42190 23 42446 25 42702 25 42958 24 43214 24 43470 24 43727 23 43983 23 44240 22 44496 22 44753 20 45009 20 45266 18 45523 16 45781 12 46038 10 46297 4
0a849e0eb15faa8a6d7329c3dd66aabe9a294cccb52ed30a90c8ca99092ae732,37872 7 38124 14 38378 17 38632 21 38887 23 39143 24 39398 25 39654 26 39909 27 40165 27 40421 27 40677 27 40932 28 41188 28 41443 30 41700 29 41956 29 42213 27 42473 23 42730 21 42990 17 43248 14 43506 10 43766 4
0a849e0eb15faa8a6d7329c3dd66aabe9a294cccb52ed30a90c8ca99092ae732,1761 7 2016 10 2270 14 2525 16 2779 18 3035 19 3290 20 3546 21 3801 22 4057 22 4313 22 4569 22 4825 22 5081 22 5337 22 5594 21 5850 20 6107 19 6368 12 6626 9
0a849e0eb15faa8a6d7329c3dd66aabe9a294cccb52ed30a90c8ca99092ae732,61159 4 61414 6 61665 11 61920 13 62174 16 62426 21 62682 22 62937 23 63194 23 63450 23 63707 22 63964 22 64221 21 64477 21 64733 21 64989 21 65245 22 65500 23
0a849e0eb15faa8a6d7329c3dd66aabe9a294cccb52ed30a90c8ca99092ae732,31464 14 31718 17 31971 21 32226 22 32481 24 32736 25 32991 25 33247 25 33502 26 33758 25 34014 25 34270 25 34526 24 34782 24 35038 24 35294 23 35551 22 35807 21 36064 19 36321 17 36578 14 36840 5
0a849e0eb15faa8a6d7329c3dd66aabe9a294cccb52ed30a90c8ca99092ae732,46830 4 47085 6 47341 6 47592 12 47845 15 48100 16 48355 18 48610 20 48865 22 49121 22 49376 24 49632 24 49888 25 50144 25 50400 25 50656 25 50912 25 51168 25 51425 24 51681 24 51938 23 52194 22 52451 21 52707 19 52964 16 53222 13 53481 9 53737 7
0a849e0eb15faa8a6d7329c3dd66aabe9a294cccb52ed30a90c8ca99092ae732,7670 4 7924 9 8178 13 8433 16 8688 17 8943 18 9199 18 9454 19 9710 19 9965 20 10221 20 10477 20 10733 20 10990 19 11246 19 11502 19 11759 18 12015 18 12272 17 12528 17 12785 16 13042 15 13299 14 13557 12 13815 10 14074 5
0a849e0eb15faa8a6d7329c3dd66aabe9a294cccb52ed30a90c8ca99092ae732,30462 3 30717 4 30972 5 31228 5 31483 6 31739 6 31995 6 32250 7 32505 8 32761 8 33016 9 33273 8 33529 8 33786 7 34043 6 34299 6 34555 6 34811 6 35068 5 35324 5 35581 4 35837 4 36093 4 36350 3 36606 3
0a849e0eb15faa8a6d7329c3dd66aabe9a294cccb52ed30a90c8ca99092ae732,25855 2 26111 2 26367 2 26623 2 26879 2 27135 2 27391 2 27647 2 27903 2 28159 2
0e132f71c8b4875c3c2dd7a22997468a3e842b46aa9bd47cf7b0e8b7d63f0925,47625 6 47880 9 48135 10 48391 11 48646 12 48902 13 49158 12 49413 13 49670 11 49926 11 50183 9 50439 9 50697 5
0e132f71c8b4875c3c2dd7a22997468a3e842b46aa9bd47cf7b0e8b7d63f0925,28170 3 28424 8 28679 11 28935 12 29190 13 29447 13 29703 13 29960 12 30217 10 30474 9 30731 7 30988 6
0e132f71c8b4875c3c2dd7a22997468a3e842b46aa9bd47cf7b0e8b7d63f0925,9768 5 10021 8 10276 8 10532 8 10787 9 11044 7 11300 7 11557 6 11816 4 12075 1
0e132f71c8b4875c3c2dd7a22997468a3e842b46aa9bd47cf7b0e8b7d63f0925,9773 6 10029 8 10284 10 10540 11 10796 12 11051 13 11307 14 11563 14 11820 12 12076 12 12335 8 12593 4
0e132f71c8b4875c3c2dd7a22997468a3e842b46aa9bd47cf7b0e8b7d63f0925,35124 5 35378 8 35634 9 35889 11 36145 12 36401 12 36657 13 36913 13 37169 13 37425 12 37682 11 37938 9 38196 5
0e132f71c8b4875c3c2dd7a22997468a3e842b46aa9bd47cf7b0e8b7d63f0925,45883 6 46138 8 46393 10 46649 11 46904 12 47160 13 47416 13 47672 13 47929 12 48185 12 48442 10 48702 6 48959 4
0e132f71c8b4875c3c2dd7a22997468a3e842b46aa9bd47cf7b0e8b7d63f0925,19518 3 19773 5 20029 7 20284 12 20540 14 20796 15 21053 14 21309 15 21567 13 21823 13 22079 13 22335 13 22592 11 22848 11 23105 9 23362 7
0e132f71c8b4875c3c2dd7a22997468a3e842b46aa9bd47cf7b0e8b7d63f0925,9798 1 10054 3 10309 4 10564 5 10818 5
0e132f71c8b4875c3c2dd7a22997468a3e842b46aa9bd47cf7b0e8b7d63f0925,210 16 466 15 725 3 731 5
0ed3555a4bd48046d3b63d8baf03a5aa97e523aa483aaa07459e7afa39fb96c6,34307 5 34561 8 34817 9 35073 9 35329 10 35585 10 35841 10 36097 9 36353 9 36609 7 36865 4
0ed3555a4bd48046d3b63d8baf03a5aa97e523aa483aaa07459e7afa39fb96c6,58124 7 58378 10 58633 11 58889 12 59144 13 59400 13 59656 13 59912 12 60169 11 60425 10 60682 9 60939 7 61197 3
0ed3555a4bd48046d3b63d8baf03a5aa97e523aa483aaa07459e7afa39fb96c6,28275 3 28529 6 28785 7 29040 8 29296 9 29552 8 29809 7 30065 6 30323 3
0ed3555a4bd48046d3b63d8baf03a5aa97e523aa483aaa07459e7afa39fb96c6,31354 6 31609 7 31865 8 32120 9 32376 9 32632 8 32889 7 33145 6
0ed3555a4bd48046d3b63d8baf03a5aa97e523aa483aaa07459e7afa39fb96c6,39099 1 39352 3 39607 4 39862 6 40118 6 40373 9 40629 9 40886 7 41142 7 41399 5
0ed3555a4bd48046d3b63d8baf03a5aa97e523aa483aaa07459e7afa39fb96c6,38079 5 38333 8 38589 8 38844 10 39100 10 39355 10 39611 10 39868 7 40124 3
0ed3555a4bd48046d3b63d8baf03a5aa97e523aa483aaa07459e7afa39fb96c6,40143 2 40399 2 40654 14 40910 15 41165 16 41421 17 41678 16 41934 16 42191 14 42449 12 42705 10 42962 8
0ed3555a4bd48046d3b63d8baf03a5aa97e523aa483aaa07459e7afa39fb96c6,37586 5 37840 11 38096 13 38351 14 38607 15 38863 15 39119 15 39375 15 39632 13 39888 13 40145 11 40401 10
0ed3555a4bd48046d3b63d8baf03a5aa97e523aa483aaa07459e7afa39fb96c6,44243 7 44498 8 44753 10 45009 10 45264 11 45520 12 45776 12 46033 11 46289 11 46546 9 46802 9 47059 7
0ed3555a4bd48046d3b63d8baf03a5aa97e523aa483aaa07459e7afa39fb96c6,44002 5 44257 6 44512 6 44768 6 45023 7 45279 7 45535 7 45792 7 46048 7
0ed3555a4bd48046d3b63d8baf03a5aa97e523aa483aaa07459e7afa39fb96c6,43752 6 44007 8 44263 9 44518 10 44774 11 45030 11 45286 12 45542 11 45799 10 46055 10 46313 8 46569 7 46826 6 47084 3
0ed3555a4bd48046d3b63d8baf03a5aa97e523aa483aaa07459e7afa39fb96c6,39655 3 39909 6 40164 7 40420 8 40675 9 40931 8 41187 8 41444 6 41700 5
0ed3555a4bd48046d3b63d8baf03a5aa97e523aa483aaa07459e7afa39fb96c6,34793 5 35048 6 35304 7 35559 8 35815 9 36071 5 36328 3 36584 3 36841 1
0ed3555a4bd48046d3b63d8baf03a5aa97e523aa483aaa07459e7afa39fb96c6,36076 3 36331 4 36587 4 36842 5 37098 6 37354 6 37610 7 37866 8 38123 8 38379 10 38637 7 38895 4
0ed3555a4bd48046d3b63d8baf03a5aa97e523aa483aaa07459e7afa39fb96c6,35057 6 35313 6 35568 8 35824 8 36079 10 36336 9 36591 10 36847 10 37104 9 37360 9 37617 7 37874 6 38131 3
0f1f896d9ae5a04752d3239c690402c022db4d72c0d2c087d73380896f72c466,208387 3 208899 3 209410 5 209922 5 210433 6 210945 6 211457 6 211969 6 212481 6 212993 6 213505 6 214017 6 214529 6 215041 6 215553 6 216065 6 216577 5 217089 5 217601 5 218113 5 218625 5 219137 5 219649 5 220162 3 220674 3
0f1f896d9ae5a04752d3239c690402c022db4d72c0d2c087d73380896f72c466,256521 3 257031 6 257541 9 258052 11 258563 13 259075 13 259586 15 260097 16 260609 17 261121 17 261633 18 262145 18 262657 18 263169 18 263681 19 264193 19 264705 19 265217 19 265729 19 266241 19 266753 20 267265 20 267777 20 268289 20 268801 20 269313 19 269825 19 270337 18 270849 17 271361 16 271873 15 272385 14 272898 13 273410 12 273922 12 274434 11 274946 11 275458 10 275970 10 276482 9 276994 8 277506 8 278018 7 278530 6 279042 6 279555 4 280067 4
0f1f896d9ae5a04752d3239c690402c022db4d72c0d2c087d73380896f72c466,49161 4 49669 13 50180 16 50692 17 51203 18 51715 19 52227 21 52738 23 53250 23 53762 24 54274 24 54786 25 55298 25 55810 24 56322 24 56834 24 57347 1 57368 2 57859 1 57880 1
0f1f896d9ae5a04752d3239c690402c022db4d72c0d2c087d73380896f72c466,57348 20 57860 20 58371 22 58883 22 59395 23 59907 23 60420 22 60932 22 61444 22 61956 22 62468 23 62981 22 63492 23 64004 23 64516 24 65029 24 65541 25 66055 21 66569 18 67085 14 67600 10 68114 8 68627 8
0f1f896d9ae5a04752d3239c690402c022db4d72c0d2c087d73380896f72c466,63019 3 63529 7 64040 9 64551 10 65062 12 65572 15 66076 23 66587 25 67099 25 67610 26 68122 26 68635 25 69147 25 69660 24 70173 24 70686 23 71199 22 71711 22 72223 22 72736 20 73248 20 73761 18 74274 16 74787 11
0f1f896d9ae5a04752d3239c690402c022db4d72c0d2c087d73380896f72c466,315910 1 315912 2 316422 5 316935 5 317447 6 317960 5 318472 5 318984 5 319497 4 320009 3 320522 1
0f1f896d9ae5a04752d3239c690402c022db4d72c0d2c087d73380896f72c466,215052 1 215065 1 215564 1 216076 13 216588 1 216600 1 217100 1 217112 1
0f1f896d9ae5a04752d3239c690402c022db4d72c0d2c087d73380896f72c466,216589 11 217101 11 217612 13 218124 13 218636 6 219148 2 219660 2
0f1f896d9ae5a04752d3239c690402c022db4d72c0d2c087d73380896f72c466,218642 7 219150 11 219662 12 220173 14 220685 14 221197 15 221709 15 222222 14 222734 13 223247 12 223759 12 224272 9 224785 7 225297 7 225811 4 226324 3 226837 3 227351 1
0f1f896d9ae5a04752d3239c690402c022db4d72c0d2c087d73380896f72c466,201753 3 202264 10 202775 14 203286 16 203798 16 204309 18 204820 20 205331 18 205842 18 206354 18 206865 18 207376 19 207887 20 208399 17 208910 18 209422 17 209933 18 210445 18 210957 17 211469 17 211980 17 212492 16 213004 16 213516 15 214028 14 214540 14 215053 12 215565 12
0f1f896d9ae5a04752d3239c690402c022db4d72c0d2c087d73380896f72c466,223775 3 224281 9 224792 9 225304 10 225815 11 226327 14 226840 11 227352 9 227867 4
0f1f896d9ae5a04752d3239c690402c022db4d72c0d2c087d73380896f72c466,217126 2 217638 2 218149 7 218661 14 219172 15 219683 15 220195 15 220706 15 221218 15 221730 14 222242 13 222754 12 223267 10 223778 11 224290 10 224801 10 225314 7 225826 4
0f1f896d9ae5a04752d3239c690402c022db4d72c0d2c087d73380896f72c466,213032 1 213543 2 214055 6 214067 1 214567 13 215079 13 215591 13 216103 13 216615 13 217128 12 217640 11 218156 7
0f1f896d9ae5a04752d3239c690402c022db4d72c0d2c087d73380896f72c466,205349 6 205860 10 206372 11 206883 12 207395 13 207907 14 208420 15 208931 18 209443 18 209956 18 210468 18 210982 16 211496 13 212008 13 212520 13 213033 11 213545 11 214061 6
0f1f896d9ae5a04752d3239c690402c022db4d72c0d2c087d73380896f72c466,325647 3 326158 4 326670 5 327183 4 327695 4 328207 4 328721 2
0f1f896d9ae5a04752d3239c690402c022db4d72c0d2c087d73380896f72c466,242725 1 243236 1 243747 2 244257 4 244766 7 245275 10 245785 12 246296 13 246807 14 247318 15 247829 16 248341 16 248852 17 249364 17 249876 17 250388 18 250900 18 251412 18 251924 18 252436 18 252949 17 253461 17 253973 17 254486 16 254998 16 255511 15 256023 15 256536 14 257049 13 257564 11 258078 9 258591 9 259105 5
0f1f896d9ae5a04752d3239c690402c022db4d72c0d2c087d73380896f72c466,240684 2 241194 4 241704 7 242214 9 242726 10 243237 11 243749 12 244261 13 244773 13 245285 13 245797 13 246309 13 246821 14 247333 14 247845 14 248357 14 248869 14 249381 14 249893 14 250406 13 250918 13 251430 13 251942 13 252454 13 252966 13 253478 13 253990 14 254502 14 255014 15 255526 13 256038 11 256550 8 257062 7 257575 5 258087 3
0f1f896d9ae5a04752d3239c690402c022db4d72c0d2c087d73380896f72c466,227889 7 228400 10 228911 13 229423 14 229934 15 230446 16 230958 17 231470 18 231982 18 232494 19 233006 20 233518 20 234030 21 234542 21 235054 22 235566 22 236079 10 236099 1 236591 2 237103 2
0f1f896d9ae5a04752d3239c690402c022db4d72c0d2c087d73380896f72c466,236089 10 236593 19 237105 19 237616 21 238128 21 238640 22 239151 24 239663 25 240174 27 240686 30 241198 31 241711 30 242223 31 242736 30 243248 30 243761 28 244274 27 244786 26 245298 26 245810 25 246322 25 246835 23 247347 22 247859 21 248371 21 248883 20 249395 19 249907 18 250419 16 250931 15 251443 13 251955 10 252467 9 252979 7 253491 6 254004 4 254516 3
0f1f896d9ae5a04752d3239c690402c022db4d72c0d2c087d73380896f72c466,288281 5 288791 9 289302 11 289814 12 290325 14 290837 14 291349 15 291861 14 292373 14 292885 13 293398 11 293910 10 294423 7
0f1f896d9ae5a04752d3239c690402c022db4d72c0d2c087d73380896f72c466,134206 7 134716 10 135225 14 135734 18 136245 19 136756 21 137267 22 137779 22 138290 24 138801 25 139313 25 139824 26 140336 26 140847 26 141358 27 141869 28 142381 27 142892 28 143403 28 143915 26 144426 26 144938 24 145450 23 145962 22 146474 21 146986 20 147498 19 148010 18 148522 17 149034 16 149547 14 150059 13 150572 11 151085 8 151598 6
0f1f896d9ae5a04752d3239c690402c022db4d72c0d2c087d73380896f72c466,275512 1 276024 3 276535 4 277048 3 277560 3 278073 1
0f1f896d9ae5a04752d3239c690402c022db4d72c0d2c087d73380896f72c466,18542 5 19051 8 19560 12 20071 13 20581 16 21092 18 21603 20 22113 23 22624 24 23135 26 23647 26 24158 26 24668 28 25179 28 25690 29 26201 29 26711 31 27222 32 27734 31 28245 32 28756 33 29268 32 29779 33 30291 32 30802 33 31314 33 31826 32 32337 33 32849 33 33360 33 33871 34 34378 39 34888 41 35399 41 35910 42 36422 42 36933 43 37446 41 37958 41 38470 41 38982 41 39494 40 40006 40 40518 39 41030 39 41542 38 42055 36 42567 35 43081 31 43595 26 44109 21 44623 16
0f1f896d9ae5a04752d3239c690402c022db4d72c0d2c087d73380896f72c466,259666 4 260176 9 260687 12 261198 15 261710 16 262221 18 262733 18 263245 19 263757 19 264269 19 264781 19 265294 19 265806 16 266320 14 266837 8 267352 5
0f1f896d9ae5a04752d3239c690402c022db4d72c0d2c087d73380896f72c466,263786 3 264297 8 264805 13 265315 16 265822 23 266334 21 266845 22 267357 21 267870 20 268382 20 268895 18 269407 18 269920 17 270432 17 270945 17 271458 14 271971 12 272486 7
0f1f896d9ae5a04752d3239c690402c022db4d72c0d2c087d73380896f72c466,266355 6 266867 4 267378 5 267890 4 268402 4 268913 5 269425 4 269937 4 270449 4 270962 3 271474 3 271989 1
0f1f896d9ae5a04752d3239c690402c022db4d72c0d2c087d73380896f72c466,266871 4 267383 6 267894 8 268406 9 268918 10 269429 12 269941 13 270453 13 270965 14 271477 14 271990 13 272502 12 273017 9 273532 4
0f1f896d9ae5a04752d3239c690402c022db4d72c0d2c087d73380896f72c466,304217 4 304729 5 305240 7 305752 7 306265 7 306777 7 307290 7 307802 8 308314 9 308827 9 309339 10 309851 11 310363 12 310876 11 311388 12 311900 9 312413 7 312925 6 313438 4 313951 3 314463 2 314976 2
0f1f896d9ae5a04752d3239c690402c022db4d72c0d2c087d73380896f72c466,311909 4 312420 6 312931 8 313442 10 313954 11 314465 9 314978 7 315490 6 316003 4 316516 3 317029 1 317542 1
0f1f896d9ae5a04752d3239c690402c022db4d72c0d2c087d73380896f72c466,314474 4 314985 6 315496 7 316007 9 316519 4 317030 3 317543 2 318055 1
0f1f896d9ae5a04752d3239c690402c022db4d72c0d2c087d73380896f72c466,316523 6 317033 9 317545 9 318056 10 318568 9 319081 8 319593 8 320106 7 320619 6 321132 6 321645 5 322159 5
0f1f896d9ae5a04752d3239c690402c022db4d72c0d2c087d73380896f72c466,317554 7 318066 9 318577 10 319089 11 319601 11 320113 11 320625 10 321138 9 321650 7
0f1f896d9ae5a04752d3239c690402c022db4d72c0d2c087d73380896f72c466,141928 4 142438 7 142950 6 143461 7 143972 7 144483 8 144995 8 145506 9 146017 10 146528 11 147040 11 147551 12 148062 13 148573 14 149084 15 149595 16 150107 16 150618 18 151130 18 151641 16 152153 11 152666 9 153178 8 153691 6 154203 5
0f1f896d9ae5a04752d3239c690402c022db4d72c0d2c087d73380896f72c466,142956 3 143468 3 143979 3 144491 3 145003 3 145515 3 146027 3 146539 3 147051 3 147563 3 148075 3 148587 3 149099 3 149611 3 150123 3 150636 3 151148 3
0f1f896d9ae5a04752d3239c690402c022db4d72c0d2c087d73380896f72c466,142451 5 142959 10 143471 11 143982 12 144494 13 145006 13 145518 14 146030 14 146542 14 147054 14 147566 15 148078 15 148590 15 149102 15 149614 15 150126 14 150639 13 151151 12 151665 10 152181 5
0f1f896d9ae5a04752d3239c690402c022db4d72c0d2c087d73380896f72c466,236645 7 237155 8 237666 9 238178 8 238689 9 239201 9 239712 10 240224 9 240737 8 241249 8 241762 7 242275 6 242790 3 243305 1
0f1f896d9ae5a04752d3239c690402c022db4d72c0d2c087d73380896f72c466,237163 3 237675 5 238186 9 238698 10 239210 11 239722 12 240233 13 240745 14 241257 14 241769 14 242281 14 242793 14 243306 13 243818 13 244331 11 244844 10 245357 9 245869 8 246381 8 246894 7 247406 7 247918 7 248431 1 248436 1 248943 1 248948 1
0f1f896d9ae5a04752d3239c690402c022db4d72c0d2c087d73380896f72c466,248432 4 248944 4 249455 6 249967 6 250479 5 250992 4 251504 3
0f1f896d9ae5a04752d3239c690402c022db4d72c0d2c087d73380896f72c466,216167 5 216677 8 217188 10 217699 12 218210 13 218722 14 219233 15 219745 15 220257 15 220769 15 221281 15 221793 15 222305 15 222818 13 223330 13 223843 11 224356 9 224870 6
0f1f896d9ae5a04752d3239c690402c022db4d72c0d2c087d73380896f72c466,109177 1 110200 2 110712 2 111222 8 111733 14 112243 16 112753 17 113263 19 113773 21 114284 22 114796 22 115307 23 115819 24 116331 24 116842 26 117354 27 117866 28 118378 29 118889 31 118921 1 119402 31 119914 31 120426 31 120938 31 121451 31 121963 31 122476 31 122989 30 123502 30 124015 29 124530 28 125047 22 125565 14 126080 8
0f1f896d9ae5a04752d3239c690402c022db4d72c0d2c087d73380896f72c466,116879 1 117389 3 117900 4 118410 6 118922 6 119433 8 119945 8 120457 8 120969 8 121482 8 121994 8 122507 9 123019 8 123532 5 124044 3
0f1f896d9ae5a04752d3239c690402c022db4d72c0d2c087d73380896f72c466,98956 6 99466 7 99976 9 100487 9 100997 11 101508 12 102018 14 102529 15 103040 16 103551 17 104063 17 104574 18 105085 18 105597 18 106108 19 106620 19 107131 20 107643 20 108155 20 108666 20 109178 20 109689 15 110202 12 110714 11 111230 6
0f1f896d9ae5a04752d3239c690402c022db4d72c0d2c087d73380896f72c466,99473 3 99985 4 100496 3 101008 3 101520 2 102032 2 102544 2 103056 2 103568 2 104080 2 104592 2 105103 3 105615 2 106127 2 106639 2 107151 1
0f1f896d9ae5a04752d3239c690402c022db4d72c0d2c087d73380896f72c466,115346 1 115857 2 116369 3 116880 4 117392 7 117904 12 118416 11 118928 11 119441 9 119953 9 120465 8 120977 7 121490 5 122002 3
0f1f896d9ae5a04752d3239c690402c022db4d72c0d2c087d73380896f72c466,100499 4 101011 6 101522 8 102034 9 102546 10 103058 11 103570 14 104082 13 104594 14 105106 14 105617 16 106129 16 106641 17 107152 19 107663 21 108175 21 108686 24 109198 23 109710 22 110223 21 110735 20 111248 19 111761 17 112274 16 112787 14 113300 13 113812 12 114324 11 114836 11 115347 11 115859 10 116372 9 116884 8 117399 5
0f1f896d9ae5a04752d3239c690402c022db4d72c0d2c087d73380896f72c466,98982 5 99493 6 100004 8 100515 11 101026 12 101538 13 102049 14 102561 14 103072 15 103584 15 104095 16 104608 14 105120 14 105633 13 106145 12 106658 11 107171 9 107684 6 108196 3
0f1f896d9ae5a04752d3239c690402c022db4d72c0d2c087d73380896f72c466,221820 3 222330 7 222841 10 223352 12 223863 14 224375 14 224886 16 225398 16 225909 17 226421 17 226933 18 227445 18 227957 19 228469 20 228981 21 229494 20 230006 20 230519 18 231031 18 231544 17 232057 16 232570 15 233083 14 233597 12 234112 10 234626 8 235141 7
0f1f896d9ae5a04752d3239c690402c022db4d72c0d2c087d73380896f72c466,228494 5 229005 6 229514 10 230026 11 230537 12 231049 13 231561 13 232073 12 232585 12 233097 11 233609 10 234122 8 234634 8
0f1f896d9ae5a04752d3239c690402c022db4d72c0d2c087d73380896f72c466,41615 5 42125 8 42636 10 43147 12 43658 14 44169 16 44680 18 45192 19 45703 21 46214 22 46726 23 47237 24 47749 24 48260 25 48772 25 49284 25 49795 26 50307 25 50819 25 51330 25 51842 21 52354 20 52866 19 53379 17 53891 15 54404 13 54917 11 55430 9 55943 6 56456 4
0f1f896d9ae5a04752d3239c690402c022db4d72c0d2c087d73380896f72c466,243860 3 244368 9 244878 13 245389 16 245901 17 246412 18 246924 19 247435 21 247947 21 248459 22 248971 23 249483 24 249995 25 250507 26 251019 27 251531 27 252043 28 252555 28 253067 28 253579 28 254091 28 254603 28 255115 28 255627 29 256139 30 256651 30 257163 29 257675 29 258188 28 258700 28 259212 28 259724 29 260236 29 260748 28 261261 25 261773 25 262285 24 262797 24 263310 22 263822 22 264335 21 264847 21 265360 20 265872 20 266385 19 266898 18 267410 18 267923 18 268436 17 268949 16 269461 16 269974 15 270486 16 270999 15 271512 14 272025 13 272538 11 273050 11 273563 9 274076 8 274589 6 275103 3
0f1f896d9ae5a04752d3239c690402c022db4d72c0d2c087d73380896f72c466,246960 1 246973 1 247472 1 247485 1 247984 14 248495 15 249007 15 249519 15 250030 16 250542 16 251054 16 251566 16 252077 17 252589 17 253101 17 253613 17 254125 17 254636 18 255148 18 255659 18 256169 20 256681 20 257192 20 257704 20 258216 19 258728 18 259240 15 259753 12 260265 11 260779 8 261293 5
0f1f896d9ae5a04752d3239c690402c022db4d72c0d2c087d73380896f72c466,239795 6 240306 8 240818 9 241329 10 241841 11 242353 11 242865 11 243377 12 243889 12 244400 13 244912 13 245424 14 245936 14 246448 14 246961 12 247473 12
0f1f896d9ae5a04752d3239c690402c022db4d72c0d2c087d73380896f72c466,178838 6 179349 8 179859 11 180371 11 180882 13 181394 13 181905 14 182417 14 182929 14 183441 14 183953 15 184465 15 184977 15 185489 15 186001 15 186513 14 187026 13 187538 13 188051 11 188564 10 189077 8 189590 6 190103 4
0f1f896d9ae5a04752d3239c690402c022db4d72c0d2c087d73380896f72c466,164517 4 165025 11 165536 17 166047 20 166558 23 167070 24 167581 25 168093 26 168604 28 169116 28 169628 29 170140 29 170652 29 171164 29 171677 28 172189 27 172702 26 173214 26 173727 25 174240 24 174752 24 175265 23 175778 23 176290 12 176803 2 177316 1
0f1f896d9ae5a04752d3239c690402c022db4d72c0d2c087d73380896f72c466,176302 11 176805 21 177317 21 177828 23 178340 23 178853 22 179365 22 179878 21 180390 21 180902 21 181415 20 181926 21 182438 20 182950 20 183462 19 183974 19 184486 18 184999 17 185511 16 186023 15 186535 15 187047 14 187559 14 188072 12 188584 12 189097 10 189610 8 190124 4
0f1f896d9ae5a04752d3239c690402c022db4d72c0d2c087d73380896f72c466,67750 9 68262 9 68773 11 69285 11 69796 12 70308 12 70820 12 71332 11 71844 11 72356 11 72868 10 73381 9 73893 8 74406 6 74918 5 75431 3
0f1f896d9ae5a04752d3239c690402c022db4d72c0d2c087d73380896f72c466,140464 1 140974 5 141485 7 141997 8 142509 8 143021 8
0f1f896d9ae5a04752d3239c690402c022db4d72c0d2c087d73380896f72c466,338610 4 339122 8 339633 11 340146 12 340658 13 341171 13 341683 13 342196 13 342708 13 343221 12 343733 11 344246 10 344760 7
0f1f896d9ae5a04752d3239c690402c022db4d72c0d2c087d73380896f72c466,292028 3 292539 5 293050 7 293562 7 294073 9 294585 9 295097 10 295609 10 296120 11 296632 11 297143 12 297655 12 298167 13 298679 14 299191 15 299703 16 300216 15 300728 8 301241 2 301753 2
0f1f896d9ae5a04752d3239c690402c022db4d72c0d2c087d73380896f72c466,300736 8 301243 14 301755 15 302266 10 302778 9 303291 7 303803 3 304316 2 305341 1
0f1f896d9ae5a04752d3239c690402c022db4d72c0d2c087d73380896f72c466,302276 7 302787 9 303298 10 303806 15 304318 13 304829 11 305342 9 305854 4 306367 3 306880 1 307393 1
0f1f896d9ae5a04752d3239c690402c022db4d72c0d2c087d73380896f72c466,304840 2 305351 3 305858 7 306370 7 306881 8 307394 6 307906 6 308419 5 308932 4 309445 3 309958 2 310471 1 310984 1
0f1f896d9ae5a04752d3239c690402c022db4d72c0d2c087d73380896f72c466,304331 3 304842 6 305354 7 305865 10 306377 8 306889 8 307400 8 307912 8 308424 8 308936 8 309448 7 309960 7 310472 6 310985 5 311497 5 312010 4 312523 3 313036 2 313549 1 314062 1
0f1f896d9ae5a04752d3239c690402c022db4d72c0d2c087d73380896f72c466,306385 3 306897 4 307408 7 307920 8 308432 9 308944 10 309455 12 309967 13 310478 7 310990 6 311502 5 312014 1 312526 1
0f1f896d9ae5a04752d3239c690402c022db4d72c0d2c087d73380896f72c466,310485 8 310996 10 311507 12 312015 16 312527 17 313038 15 313550 14 314063 12 314575 11 315088 9 315601 7 316114 6 316627 4 317140 3 317654 1 318167 1
0f1f896d9ae5a04752d3239c690402c022db4d72c0d2c087d73380896f72c466,313053 4 313564 7 314075 9 314586 12 315097 14 315608 13 316120 13 316631 13 317143 13 317655 13 318168 12 318680 12 319193 10 319706 9 320220 7 320733 6 321247 4 321760 4 322275 1
0f1f896d9ae5a04752d3239c690402c022db4d72c0d2c087d73380896f72c466,315621 3 316133 5 316644 7 317156 5 317668 5 318180 4 318692 4 319203 5 319715 5 320227 5 320739 5 321251 5 321764 4 322276 5
0f1f896d9ae5a04752d3239c690402c022db4d72c0d2c087d73380896f72c466,314616 1 315126 2 315635 5 316145 7 316653 11 317161 15 317673 15 318184 17 318696 17 319208 17 319720 17 320232 18 320744 18 321256 20 321768 19 322281 18 322793 17 323306 15 323818 15 324331 13 324843 12 325356 10 325869 8
0f1f896d9ae5a04752d3239c690402c022db4d72c0d2c087d73380896f72c466,313594 1 314105 1 314617 2 315128 3 315640 8 316152 14 316664 14 317176 13 317688 13 318201 11 318713 9 319225 8 319737 7 320250 5 320762 4
0f1f896d9ae5a04752d3239c690402c022db4d72c0d2c087d73380896f72c466,307968 4 308479 6 308990 7 309502 8 310013 9 310525 10 311037 10 311548 11 312060 12 312572 12 313083 13 313595 13 314106 14 314619 13 315131 12 315648 7
0f1f896d9ae5a04752d3239c690402c022db4d72c0d2c087d73380896f72c466,95955 7 96465 10 96977 10 97488 12 98000 12 98511 12 99024 14 99536 15 100045 4 100050 14 100555 21 101058 4 101066 23 101570 31 102081 32 102593 32 103105 33 103617 33 104129 33 104642 32 105154 32 105664 34 106174 35 106685 36 107196 37 107708 36 108219 37 108731 36 109242 36 109755 34 110267 30 110779 29 111291 29 111804 28 112316 27 112829 26 113341 25 113854 24 114368 22 114884 18 115399 15 115912 13 116425 12 116937 11 117449 10 117962 7 118474 6
0f1f896d9ae5a04752d3239c690402c022db4d72c0d2c087d73380896f72c466,143038 2 143549 4 144060 5 144572 5 145085 2
0f1f896d9ae5a04752d3239c690402c022db4d72c0d2c087d73380896f72c466,221892 3 222403 6 222915 6 223426 8 223938 8 224449 9 224961 9 225473 10 225984 11 226496 11 227008 11 227520 12 228031 13 228543 13 229055 13 229567 13 230080 11 230592 11 231105 9 231618 5
0f1f896d9ae5a04752d3239c690402c022db4d72c0d2c087d73380896f72c466,55007 9 55517 12 56028 15 56539 17 57050 19 57561 21 58072 22 58582 25 59094 25 59605 27 60116 28 60627 30 61138 31 61650 31 62161 32 62673 32 63184 33 63696 33 64207 34 64719 33 65231 33 65742 33 66254 33 66766 32 67278 32 67789 32 68301 32 68812 32 69323 32 69835 31 70346 31 70857 31 71368 30 71880 29 72391 29 72903 28 73415 27 73926 27 74438 27 74950 26 75462 25 75973 25 76485 24 76997 23 77509 22 78021 20 78533 19 79046 16 79558 15 80070 14 80583 12 81095 10 81608 7 82121 4
0f1f896d9ae5a04752d3239c690402c022db4d72c0d2c087d73380896f72c466,48329 3 48840 5 49352 5 49863 7 50375 7 50887 7 51399 7 51911 7 52424 5 52936 5 53449 3
0f1f896d9ae5a04752d3239c690402c022db4d72c0d2c087d73380896f72c466,261331 1 261843 3 262355 1
0f1f896d9ae5a04752d3239c690402c022db4d72c0d2c087d73380896f72c466,262356 3 262867 4 263379 4 263891 4 264403 4 264916 3
0f1f896d9ae5a04752d3239c690402c022db4d72c0d2c087d73380896f72c466,334043 6 334554 7 335065 9 335576 10 336087 11 336598 11 337108 13 337619 13 338131 12 338642 11 339155 8 339667 7
0f1f896d9ae5a04752d3239c690402c022db4d72c0d2c087d73380896f72c466,242405 3 242914 6 243425 8 243936 9 244439 19 244950 21 245462 22 245973 24 246486 24 246998 25 247510 25 248022 26 248534 27 249046 28 249558 25 250070 24 250581 16 251094 4 251606 4 252119 2 252632 2
0f1f896d9ae5a04752d3239c690402c022db4d72c0d2c087d73380896f72c466,249583 4 250094 6 250597 17 251098 28 251610 29 252121 30 252634 30 253146 30 253659 30 254171 30 254684 29 255196 29 255709 29 256222 28 256735 27 257248 25 257760 25 258273 24 258786 23 259298 22 259811 21 260324 19 260837 17 261350 14 261863 11 262377 5
0f1f896d9ae5a04752d3239c690402c022db4d72c0d2c087d73380896f72c466,286962 4 287474 6 287985 8 288497 8 289008 10 289520 10 290033 9 290545 9 291057 9 291570 7 292082 7 292595 5 293108 3
0f1f896d9ae5a04752d3239c690402c022db4d72c0d2c087d73380896f72c466,7423 4 7934 8 8446 8 8957 10 9469 9 9981 9 10492 10 11004 10 11515 11 12027 11 12539 12 13050 13 13562 13 14074 13 14585 13 15096 14 15608 13 16119 13 16631 12 17142 12 17655 9 18167 8 18680 5
0f1f896d9ae5a04752d3239c690402c022db4d72c0d2c087d73380896f72c466,111356 4 111867 6 112379 6 112890 8 113403 7 113915 7 114427 6 114939 6 115452 5 115964 4 116477 3
0f1f896d9ae5a04752d3239c690402c022db4d72c0d2c087d73380896f72c466,49430 7 49941 9 50451 12 50962 15 51473 18 51984 20 52495 22 53006 23 53518 24 54029 25 54540 27 55051 28 55562 29 56074 29 56585 30 57097 30 57608 31 58120 31 58632 30 59143 31 59655 30 60167 30 60678 30 61190 29 61702 28 62213 28 62724 28 63235 28 63746 28 64258 26 64769 26 65281 24 65792 23 66304 22 66816 21 67328 19 67840 17 68352 15 68865 13 69377 12 69890 10 70402 9 70915 7 71429 3
0f1f896d9ae5a04752d3239c690402c022db4d72c0d2c087d73380896f72c466,3331 3 3843 2 4354 3 4867 1 5379 2
0f1f896d9ae5a04752d3239c690402c022db4d72c0d2c087d73380896f72c466,270 35 782 35 1293 37 1804 39 2315 41 2827 42 3334 47 3845 49 4357 49 4868 49 5381 48 5893 40 6408 34 6920 32 7432 31 7945 29 8457 27 8970 24 9483 23 9997 12 10512 7 11026 3
0f1f896d9ae5a04752d3239c690402c022db4d72c0d2c087d73380896f72c466,100618 5 101129 8 101640 10 102151 12 102663 13 103174 14 103686 15 104197 16 104709 16 105221 16 105733 15 106246 14 106758 14 107270 13 107782 13 108295 11 108807 10 109320 8 109835 3
0f1f896d9ae5a04752d3239c690402c022db4d72c0d2c087d73380896f72c466,77078 6 77588 9 78097 13 78608 15 79119 17 79630 18 80141 20 80653 20 81164 21 81676 21 82187 22 82699 22 83210 23 83722 23 84234 22 84746 22 85258 22 85770 21 86282 21 86794 20 87306 19 87818 19 88330 18 88842 18 89354 17 89866 17 90378 16 90890 16 91403 14 91915 14 92428 12 92940 11 93453 9 93967 6
0f1f896d9ae5a04752d3239c690402c022db4d72c0d2c087d73380896f72c466,243995 3 244507 4 245019 5 245531 7 246045 5 246559 2
0f1f896d9ae5a04752d3239c690402c022db4d72c0d2c087d73380896f72c466,218919 9 219430 11 219941 13 220452 15 220963 17 221474 18 221986 19 222497 20 223008 21 223519 22 224030 23 224542 23 225053 24 225565 24 226076 24 226588 24 227099 25 227611 24 228123 24 228635 24 229146 24 229658 24 230170 24 230682 24 231194 24 231706 24 232218 23 232730 23 233243 22 233755 22 234268 21 234781 20 235293 19 235806 18 236318 17 236831 16 237344 14 237857 12 238370 11 238883 8
0f1f896d9ae5a04752d3239c690402c022db4d72c0d2c087d73380896f72c466,300319 4 300831 5 301342 7 301854 8 302366 9 302878 10 303391 8 303903 7 304416 6 304929 4 305444 2
0f1f896d9ae5a04752d3239c690402c022db4d72c0d2c087d73380896f72c466,303399 3 303910 5 304422 13 304933 14 305446 14 305958 15 306471 15 306984 18 307498 17 308011 16 308524 16 309037 15 309550 14 310063 13 310575 13 311088 12 311600 12 312113 10 312625 10 313138 8 313650 8 314163 6 314677 3
0f1f896d9ae5a04752d3239c690402c022db4d72c0d2c087d73380896f72c466,269618 5 270130 6 270641 8 271153 9 271665 9 272177 10 272689 10 273201 11 273713 11 274226 10 274738 10 275251 8 275763 8 276276 6 276789 5
0f1f896d9ae5a04752d3239c690402c022db4d72c0d2c087d73380896f72c466,1368 7 1878 13 2390 13 2901 15 3413 14 3926 13 4438 13 4950 12 5462 12 5975 10 6487 9 7000 8 7514 5
0f1f896d9ae5a04752d3239c690402c022db4d72c0d2c087d73380896f72c466,183128 6 183640 6 184151 8 184663 8 185174 10 185686 10 186197 11 186710 2 187222 2
0f1f896d9ae5a04752d3239c690402c022db4d72c0d2c087d73380896f72c466,186712 8 187224 9 187735 10 188247 11 188759 11 189271 12 189783 12 190295 11 190806 12 191318 12 191830 11 192343 10 192855 9 193368 7 193882 3
0f1f896d9ae5a04752d3239c690402c022db4d72c0d2c087d73380896f72c466,70493 1 71005 1 71517 11 71540 1 72029 24 72541 23 73053 23 73565 23 74077 23 74589 23 75101 23 75613 23 76125 23 76637 22 77149 22 77661 21 78173 21 78685 21 79197 20 79710 19 80222 19 80735 18 81247 18 81760 17 82272 17 82785 16 83297 16 83809 16 84321 16 84834 16 85346 16 85859 14 86372 13 86884 13 87397 12 87910 11 88422 11 88935 10 89448 9 89961 8 90474 7 90987 6 91500 4 92013 3
0f1f896d9ae5a04752d3239c690402c022db4d72c0d2c087d73380896f72c466,55656 6 56167 9 56678 10 57189 12 57701 12 58212 13 58724 14 59235 15 59747 15 60259 16 60771 16 61282 18 61794 18 62306 18 62817 20 63329 20 63841 20 64353 20 64864 21 65376 21 65887 22 66399 22 66911 22 67422 23 67934 23 68446 23 68957 25 69469 25 69981 25 70494 23 71006 23 71528 12
0f1f896d9ae5a04752d3239c690402c022db4d72c0d2c087d73380896f72c466,220537 1 221047 4 221558 6 222070 6 222582 6 223095 5 223608 4 224121 3 224634 1
0f1f896d9ae5a04752d3239c690402c022db4d72c0d2c087d73380896f72c466,1422 2 1933 7 2445 7 2958 6
0f1f896d9ae5a04752d3239c690402c022db4d72c0d2c087d73380896f72c466,230294 4 230805 5 231317 6 231828 7 232340 8 232851 9 233363 10 233876 9 234388 10 234900 10 235413 10 235925 10 236437 6 236950 2 237462 2
0f1f896d9ae5a04752d3239c690402c022db4d72c0d2c087d73380896f72c466,236443 5 236952 9 237464 10 237975 12 238487 12 239000 12 239512 12 240025 12 240537 12 241050 11 241562 11 242075 11 242588 10 243100 10 243613 7 244125 6 244638 4 245151 3 245664 1 246177 1
0f1f896d9ae5a04752d3239c690402c022db4d72c0d2c087d73380896f72c466,243620 3 244131 5 244642 7 245154 7 245665 4 246178 2 246690 2
0f1f896d9ae5a04752d3239c690402c022db4d72c0d2c087d73380896f72c466,245669 5 246180 7 246692 8 247203 10 247715 10 248228 10 248740 10 249253 10 249765 6 250278 4 250792 2
0f1f896d9ae5a04752d3239c690402c022db4d72c0d2c087d73380896f72c466,249771 4 250282 6 250794 7 251305 9 251818 9 252330 10 252842 11 253355 10 253867 11 254379 11 254891 11 255404 10 255916 10 256428 10 256941 9 257453 9 257966 8 258479 6 258992 5
0f1f896d9ae5a04752d3239c690402c022db4d72c0d2c087d73380896f72c466,224159 4 224669 7 225180 9 225692 9 226203 11 226715 10 227227 10 227739 9 228252 7 228764 5
0f1f896d9ae5a04752d3239c690402c022db4d72c0d2c087d73380896f72c466,39864 3 40375 6 40887 7 41398 10 41416 3 41910 11 41925 6 42422 22 42933 23 43445 23 43957 23 44469 24 44980 24 45492 24 46004 23 46516 23 47028 23 47540 24 48053 2 48565 2
0f1f896d9ae5a04752d3239c690402c022db4d72c0d2c087d73380896f72c466,48055 21 48567 22 49078 26 49591 29 50103 29 50616 29 51128 29 51640 29 52151 29 52663 29 53174 28 53686 27 54197 28 54709 28 55221 29 55733 30 56246 15 56758 14 57271 2 57783 2
0f1f896d9ae5a04752d3239c690402c022db4d72c0d2c087d73380896f72c466,56261 15 56772 18 57273 30 57785 30 58296 32 58808 32 59321 31 59833 32 60346 31 60858 32 61371 31 61883 32 62396 30 62908 30 63420 30 63932 29 64445 28 64957 27 65469 25 65981 17 66493 16 67005 15 67517 13 68030 11 68542 9 69055 7 69569 3
0f1f896d9ae5a04752d3239c690402c022db4d72c0d2c087d73380896f72c466,222668 4 223178 7 223688 10 224199 12 224711 13 225222 14 225734 15 226245 16 226757 17 227270 17 227782 18 228294 19 228806 20 229319 20 229831 20 230343 21 230855 22 231368 21 231880 22 232393 22 232906 22 233418 23 233931 23 234444 23 234958 22 235472 22 235986 21 236501 18 237014 18 237529 16 238045 13 238558 12 239072 11 239586 8 240101 5
0f1f896d9ae5a04752d3239c690402c022db4d72c0d2c087d73380896f72c466,30668 3 31180 4 31691 6 32203 7 32715 8 33227 9 33739 10 34251 10 34763 11 35275 11 35787 12 36300 10 36812 10
0f1f896d9ae5a04752d3239c690402c022db4d72c0d2c087d73380896f72c466,15829 4 16341 5 16852 6 17364 7 17876 7 18388 7 18900 7 19413 6 19925 5 20438 4
0f1f896d9ae5a04752d3239c690402c022db4d72c0d2c087d73380896f72c466,168939 3 169449 5 169959 8 170469 10 170981 11 171492 12 172004 12 172517 10 173029 10 173542 7 174055 4
0f1f896d9ae5a04752d3239c690402c022db4d72c0d2c087d73380896f72c466,36854 3 37364 6 37875 8 38385 10 38896 12 39408 12 39919 13 40431 13 40943 12 41456 11 41968 10 42484 6
0f1f896d9ae5a04752d3239c690402c022db4d72c0d2c087d73380896f72c466,243700 3 244211 4 244723 5 245234 6 245746 7 246258 7 246771 1 246775 2 247283 1 247287 2
0f1f896d9ae5a04752d3239c690402c022db4d72c0d2c087d73380896f72c466,246772 3 247284 3 247795 5 248307 5 248819 5 249332 3 249844 3
0f1f896d9ae5a04752d3239c690402c022db4d72c0d2c087d73380896f72c466,9720 4 10231 5 10743 6 11254 7 11766 7 12277 9 12789 9 13301 9 13813 9 14325 9 14837 9 15350 3 15357 1 15862 2 15869 1 16374 2
0f1f896d9ae5a04752d3239c690402c022db4d72c0d2c087d73380896f72c466,15353 4 15864 5 16376 6 16887 7 17399 7 17911 7 18424 6 18936 6 19448 5 19961 4 20473 3
0f1f896d9ae5a04752d3239c690402c022db4d72c0d2c087d73380896f72c466,42998 3 43510 4 44021 5 44533 6 45045 6 45557 7 46069 7 46581 1 46588 1 47093 1 47100 1
0f1f896d9ae5a04752d3239c690402c022db4d72c0d2c087d73380896f72c466,46582 6 47094 6 47605 8 48117 3 48124 1 48629 2 48636 1 49141 2
0f1f896d9ae5a04752d3239c690402c022db4d72c0d2c087d73380896f72c466,48120 4 48631 5 49143 6 49654 7 50166 1 50172 1 50678 1 50684 1
0f1f896d9ae5a04752d3239c690402c022db4d72c0d2c087d73380896f72c466,50167 5 50679 5 51190 7 51702 7 52214 7 52726 7 53239 6 53751 6 54264 4 54776 4
1747f62148a919c8feb6d607faeebdf504b5e2ad42b6b1710b1189c37ebcdb2c,153601 4 154113 4 154625 5 155137 5 155649 5 156161 5 156673 6 157185 6 157697 6 158209 6 158721 6 159233 6 159745 6 160257 5 160769 5
1747f62148a919c8feb6d607faeebdf504b5e2ad42b6b1710b1189c37ebcdb2c,276481 5 276993 6 277505 6 278017 7 278529 7 279041 8 279553 8 280065 8 280577 8 281089 9 281601 9 282113 10 282625 10 283137 11 283649 11 284161 11 284673 10 285185 10 285697 9 286209 9 286721 9 287233 8 287745 8 288257 3 288264 1 288769 3 288776 1 289281 2 289793 2 290305 2 290818 2
1747f62148a919c8feb6d607faeebdf504b5e2ad42b6b1710b1189c37ebcdb2c,288260 4 288772 4 289283 6 289795 6 290307 6 290820 4 291332 4
1747f62148a919c8feb6d607faeebdf504b5e2ad42b6b1710b1189c37ebcdb2c,197697 3 198207 5 198718 5 199229 6 199740 7 200252 7 200763 8 201275 8 201788 8 202300 8 202813 7 203326 3
1747f62148a919c8feb6d607faeebdf504b5e2ad42b6b1710b1189c37ebcdb2c,197700 3 198212 7 198723 9 199235 10 199747 10 200259 11 200771 11 201283 11 201796 10 202308 9 202822 7
1747f62148a919c8feb6d607faeebdf504b5e2ad42b6b1710b1189c37ebcdb2c,29901 5 30411 8 30921 11 31432 12 31940 17 32450 19 32961 20 33465 4 33471 23 33976 30 34487 32 34999 33 35510 35 36022 36 36533 38 37045 38 37557 39 38068 41 38580 41 39092 42 39604 42 40116 42 40628 42 41141 41 41653 40 42166 39 42680 36 43194 34 43707 32 44219 32 44732 31 45244 31 45757 29 46270 28 46783 27 47296 25 47810 23 48323 21 48836 5 48848 7
1747f62148a919c8feb6d607faeebdf504b5e2ad42b6b1710b1189c37ebcdb2c,324305 3 324817 4 325329 5 325841 5 326354 3
1747f62148a919c8feb6d607faeebdf504b5e2ad42b6b1710b1189c37ebcdb2c,5342 12 5853 16 6363 23 6875 24 7386 27 7897 29 8408 32 8920 33 9431 36 9942 38 10453 40 10965 41 11476 42 11988 43 12499 44 13011 45 13523 45 14034 46 14546 47 15058 47 15571 46 16083 46 16595 47 17107 47 17619 47 18132 46 18644 46 19157 45 19670 44 20183 43 20696 41 21209 40 21722 38 22234 38 22747 37 23260 35 23773 34 24286 32 24802 28 25315 26 25828 21 26340 19 26853 7 26866 3 27367 3
1747f62148a919c8feb6d607faeebdf504b5e2ad42b6b1710b1189c37ebcdb2c,13081 5 13591 10 14101 16 14612 15 15122 17 15633 17 16144 18 16656 18 17167 19 17679 19 18191 19 18702 20 19214 20 19726 20 20238 20 20750 20 21261 21 21774 20 22286 20 22798 20 23310 19 23823 18 24335 18 24848 17 25360 17 25873 16 26386 15 26899 14 27412 13 27925 12 28438 11 28952 9 29465 8 29980 5 30494 3 31008 2
1747f62148a919c8feb6d607faeebdf504b5e2ad42b6b1710b1189c37ebcdb2c,14627 4 15139 6 15650 8 16162 12 16674 15 17186 16 17698 19 18210 22 18722 25 19234 26 19746 27 20258 28 20770 29 21282 30 21794 30 22306 31 22818 31 23329 32 23841 33 24353 33 24865 33 25377 33 25889 33 26401 33 26913 33 27425 32 27937 32 28449 32 28961 32 29473 31 29985 31 30497 30 31010 29 31522 28 32035 26 32549 24 33064 19 33582 9 34095 5 34608 3
1747f62148a919c8feb6d607faeebdf504b5e2ad42b6b1710b1189c37ebcdb2c,252262 3 252773 7 253283 14 253795 15 254306 18 254818 19 255329 21 255841 22 256353 23 256864 26 257376 27 257888 28 258399 30 258911 31 259423 32 259934 34 260446 35 260958 36 261470 36 261981 38 262493 38 263005 39 263516 40 264028 40 264540 41 265051 42 265563 42 266075 42 266588 41 267100 41 267612 41 268124 41 268636 40 269148 40 269660 40 270172 40 270685 39 271197 38 271710 37 272222 37 272735 36 273247 35 273760 34 274272 33 274784 33 275296 31 275808 31 276320 26 276833 22 277345 4 277351 14 277864 13 278377 11 278891 4
1747f62148a919c8feb6d607faeebdf504b5e2ad42b6b1710b1189c37ebcdb2c,91540 6 92046 15 92556 20 93067 23 93578 27 94090 28 94601 31 95113 32 95624 33 96136 34 96648 35 97159 36 97671 37 98183 37 98695 38 99207 38 99718 39 100230 39 100741 40 101253 41 101764 42 102276 43 102789 42 103301 42 103814 42 104326 42 104838 42 105351 41 105863 41 106375 40 106887 40 107400 38 107912 38 108425 36 108937 36 109449 36 109962 34 110474 34 110987 32 111499 32 112012 30 112524 29 113036 28 113548 27 114061 25 114573 24 115085 23 115598 21 116110 20 116623 18 117137 13 117650 11 118164 6
1747f62148a919c8feb6d607faeebdf504b5e2ad42b6b1710b1189c37ebcdb2c,318355 3 318867 4 319378 5 319890 5 320402 5 320914 5 321427 4 321939 4
1747f62148a919c8feb6d607faeebdf504b5e2ad42b6b1710b1189c37ebcdb2c,325037 4 325548 6 326058 8 326571 7 327083 6 327596 5
1747f62148a919c8feb6d607faeebdf504b5e2ad42b6b1710b1189c37ebcdb2c,184828 4 185338 7 185849 8 186361 8 186872 9 187383 10 187895 10 188406 11 188918 11 189429 12 189941 12 190452 13 190964 13 191475 14 191987 14 192498 15 193010 15 193522 15 194033 16 194545 16 195057 16 195569 16 196081 16 196593 16 197105 16 197617 16 198129 16 198641 16 199153 16 199666 15 200178 15 200691 14 201203 14 201716 13 202228 13 202740 13 203252 13 203765 12 204277 12 204790 11 205305 8 205818 7 206331 6 206843 6 207356 5
17b9bf4356db24967c4677b8376ac38f826de73a88b93a8d73a8b452e399cdff,4 3 516 4 1027 5 1538 7 2050 7 2561 9 3074 2 3081 1 3586 2 3593 1
17b9bf4356db24967c4677b8376ac38f826de73a88b93a8d73a8b452e399cdff,3076 5 3588 5 4099 7 4611 7 5123 7 5635 1 6147 1
17b9bf4356db24967c4677b8376ac38f826de73a88b93a8d73a8b452e399cdff,35843 1 36355 1 36867 7 37379 7 37891 7 38403 8 38915 9 39427 9 39939 10 40451 10 40963 9 41475 9 41988 7 42500 7 43012 6 43525 4 44037 4
17b9bf4356db24967c4677b8376ac38f826de73a88b93a8d73a8b452e399cdff,28165 1 28172 1 28677 1 28684 1 29189 8 29700 9 30212 9 30724 9 31236 9 31748 9 32260 9 32772 9 33284 8 33796 8 34308 7 34820 6 35331 7 35844 5 36356 5
17b9bf4356db24967c4677b8376ac38f826de73a88b93a8d73a8b452e399cdff,5636 6 6148 6 6155 3 6659 12 7171 12 7683 13 8195 12 8707 12 9219 12 9731 8 10244 6 10756 4 11269 3 11782 1
17b9bf4356db24967c4677b8376ac38f826de73a88b93a8d73a8b452e399cdff,9739 4 10250 6 10760 8 11272 9 11783 10 12296 9 12808 10 13320 10 13832 10 14344 8 14853 11 15364 11 15875 12 16387 12 16898 13 17410 13 17922 13 18434 13 18947 12 19459 12 19972 11 20484 11 20997 10 21509 10 22021 10 22533 11 23045 11 23556 12 24068 11 24580 10 25092 10 25604 9 26116 9 26628 9 27141 8 27653 8 28166 6 28678 6
17b9bf4356db24967c4677b8376ac38f826de73a88b93a8d73a8b452e399cdff,13340 6 13849 10 14352 3 14359 13 14864 20 15375 22 15887 22 16399 23 16911 22 17423 22 17935 18 18447 18 18959 18 19471 18 19983 17 20495 17 21007 16 21519 15 22031 14 22544 13 23056 12 23573 6 24087 4
17b9bf4356db24967c4677b8376ac38f826de73a88b93a8d73a8b452e399cdff,195077 6 195588 7 196100 8 196611 9 197123 9 197635 9 198147 8 198659 8 199171 7 199683 6 200195 6 200707 5 201220 3 201732 3
17b9bf4356db24967c4677b8376ac38f826de73a88b93a8d73a8b452e399cdff,54278 3 54789 6 55301 7 55812 9 56324 10 56837 10 57349 17 57861 18 58373 18 58885 19 59397 19 59909 19 60421 19 60933 18 61445 18 61957 17 62469 17 62982 15 63494 15 64009 10 64523 6
17b9bf4356db24967c4677b8376ac38f826de73a88b93a8d73a8b452e399cdff,104970 2 105481 4 105993 4 106506 3 107019 2
17b9bf4356db24967c4677b8376ac38f826de73a88b93a8d73a8b452e399cdff,23579 1 24604 5 25116 5 25628 5 26141 4 26653 4
17b9bf4356db24967c4677b8376ac38f826de73a88b93a8d73a8b452e399cdff,184352 2 184864 2 185375 8 185887 14 186398 15 186910 14 187422 14 187934 13 188447 11 188959 10 189472 8 189985 6
17b9bf4356db24967c4677b8376ac38f826de73a88b93a8d73a8b452e399cdff,178724 1 179236 1 179247 1 179748 5 179759 1 180259 13 180771 13 181283 13 181794 14 182306 13 182818 13 183329 14 183841 14 184354 13 184866 12 185383 7
17b9bf4356db24967c4677b8376ac38f826de73a88b93a8d73a8b452e399cdff,168998 8 169508 11 170020 12 170531 13 171043 14 171555 14 172067 14 172580 13 173092 13 173604 13 174116 13 174628 13 175141 1 175152 1 175653 1 175664 1
17b9bf4356db24967c4677b8376ac38f826de73a88b93a8d73a8b452e399cdff,175142 10 175654 10 176165 12 176677 12 177189 12 177700 12 178212 12 178725 11 179237 10 179753 6
17b9bf4356db24967c4677b8376ac38f826de73a88b93a8d73a8b452e399cdff,158261 3 158772 4 159284 5 159795 6 160307 6 160818 7 161330 7 161842 7 162353 8 162865 7 163377 7 163889 7 164401 6 164913 6 165426 4 165938 3
17b9bf4356db24967c4677b8376ac38f826de73a88b93a8d73a8b452e399cdff,152646 6 153157 6 153669 6 154180 7 154692 8 155204 8 155716 8 156229 8 156741 8
17b9bf4356db24967c4677b8376ac38f826de73a88b93a8d73a8b452e399cdff,148564 2 149075 2 149586 3 150097 4 150608 6 151119 7 151629 9 152140 11 152652 11 153163 14 153675 13 154187 12 154700 11 155212 10 155724 9 156237 7 156749 3
17b9bf4356db24967c4677b8376ac38f826de73a88b93a8d73a8b452e399cdff,147036 1 147544 4 148054 6 148566 7 149077 8 149589 10 150101 9 150614 7 151126 6 151638 6 152151 4 152663 3
17b9bf4356db24967c4677b8376ac38f826de73a88b93a8d73a8b452e399cdff,142434 6 142945 11 143456 11 143968 12 144479 13 144991 14 145502 18 146014 16 146525 16 147037 15 147548 14 148060 12 148573 7 149085 4
17b9bf4356db24967c4677b8376ac38f826de73a88b93a8d73a8b452e399cdff,139378 1 139889 1 140400 2 140911 4 141423 4 141934 6 142444 13 142956 12 143467 13 143980 11 144492 9 145005 5
17b9bf4356db24967c4677b8376ac38f826de73a88b93a8d73a8b452e399cdff,136822 1 137333 1 137844 3 138356 3 138867 5 139379 6 139890 11 140402 10 140915 8 141427 7 141940 5
17b9bf4356db24967c4677b8376ac38f826de73a88b93a8d73a8b452e399cdff,135288 1 135800 2 136311 3 136823 5 137334 10 137847 9 138359 8 138872 6 139385 4
17b9bf4356db24967c4677b8376ac38f826de73a88b93a8d73a8b452e399cdff,132221 5 132732 6 133243 8 133754 9 134266 9 134777 10 135289 10 135802 8 136314 8 136828 5
17b9bf4356db24967c4677b8376ac38f826de73a88b93a8d73a8b452e399cdff,29787 2 30299 4 30811 5 31324 5 31836 6 32349 4 32863 2
17b9bf4356db24967c4677b8376ac38f826de73a88b93a8d73a8b452e399cdff,99436 3 99948 4 100459 6 100971 7 101483 7 101995 8 102507 1 102514 1 103019 1 103026 1
17b9bf4356db24967c4677b8376ac38f826de73a88b93a8d73a8b452e399cdff,102508 6 103020 6 103531 8 104043 8 104555 8 105067 8 105579 8 106091 7 106604 6 107116 5 107630 3
17b9bf4356db24967c4677b8376ac38f826de73a88b93a8d73a8b452e399cdff,116377 2 116888 2 117398 4 117909 6 118419 8 118931 10 119442 10 119954 10 120467 8 120979 7 121492 4
17b9bf4356db24967c4677b8376ac38f826de73a88b93a8d73a8b452e399cdff,114846 6 115356 8 115867 10 116379 10 116890 10 117402 10 117915 8 118427 3
17b9bf4356db24967c4677b8376ac38f826de73a88b93a8d73a8b452e399cdff,128668 6 129179 7 129690 9 130202 9 130713 10 131225 11 131737 10 132249 10 132762 8 133274 8 133788 4
17b9bf4356db24967c4677b8376ac38f826de73a88b93a8d73a8b452e399cdff,112811 4 113322 5 113833 7 114344 8 114856 8 115367 9 115880 8 116392 7 116905 6
17b9bf4356db24967c4677b8376ac38f826de73a88b93a8d73a8b452e399cdff,92358 1 92868 2 93378 4 93881 14 94393 14 94904 15 95416 15 95928 15 96439 16 96951 16 97462 17 97974 17 98485 19 98997 19 99508 20 100020 20 100532 20 101044 20 101555 21 102067 21 102579 21 103092 20 103604 21 104116 21 104628 24 105141 22 105653 22 106165 21 106677 20 107189 20 107701 18 108213 17 108725 16 109237 14 109750 11 110262 10 110775 7 111288 5
17b9bf4356db24967c4677b8376ac38f826de73a88b93a8d73a8b452e399cdff,94919 1 95431 2 95943 4 96455 9 96967 16 97479 17 97991 18 98504 19 99016 18 99528 18 100040 17 100552 16 101064 15 101576 14 102088 13 102600 12 103112 10 103625 6 104137 4
17b9bf4356db24967c4677b8376ac38f826de73a88b93a8d73a8b452e399cdff,86736 4 86748 7 87246 9 87257 11 87757 23 88268 25 88778 27 89290 27 89801 28 90313 28 90824 29 91336 29 91847 30 92359 30 92870 30 93382 30 93895 29 94407 28 94920 27 95433 25 95947 23 96464 17 96983 8 97496 6 98009 3
17b9bf4356db24967c4677b8376ac38f826de73a88b93a8d73a8b452e399cdff,73983 3 74492 9 75003 11 75515 11 76026 13 76538 13 77050 13 77562 13 78074 13 78586 13 79097 13 79609 13 80121 12 80632 13 81144 12 81655 12 82167 11 82678 11 83190 10 83702 9 84214 9 84727 7 85239 5
17b9bf4356db24967c4677b8376ac38f826de73a88b93a8d73a8b452e399cdff,48386 7 48896 9 49408 9 49919 9 50431 9 50943 9 51454 11 51966 11 52478 11 52990 12 53503 11 54015 11 54528 8 55041 6
17b9bf4356db24967c4677b8376ac38f826de73a88b93a8d73a8b452e399cdff,48905 4 49417 4 49928 13 50440 22 50952 22 51465 21 51977 20 52489 20 53002 19 53514 19 54029 16 54542 14 55055 13 55568 11 56081 10 56595 6
17b9bf4356db24967c4677b8376ac38f826de73a88b93a8d73a8b452e399cdff,38169 1 38671 5 38680 1 39182 11 39694 12 40205 13 40717 20 41228 29 41740 29 42252 28 42764 28 43276 28 43788 27 44300 27 44812 26 45324 26 45836 25 46349 24 46861 23 47373 22 47884 22 48396 21 48909 19 49421 18 49941 10
17b9bf4356db24967c4677b8376ac38f826de73a88b93a8d73a8b452e399cdff,36635 1 37147 2 37658 9 37675 1 38170 18 38681 18 39193 18 39706 17 40218 16 40737 9
17b9bf4356db24967c4677b8376ac38f826de73a88b93a8d73a8b452e399cdff,25890 3 26402 3 26913 5 27425 5 27937 6 28449 7 28961 8 29472 10 29984 10 30495 12 31006 13 31517 15 32027 17 32539 17 33050 18 33562 18 34073 19 34586 19 35098 19 35611 18 36124 17 36636 16 37149 15 37667 8
17b9bf4356db24967c4677b8376ac38f826de73a88b93a8d73a8b452e399cdff,65292 6 65802 8 66313 10 66825 10 67336 11 67848 11 68360 11 68872 11 69384 11 69896 11 70408 11 70920 10 71433 9 71945 8 72458 7 72972 4
17b9bf4356db24967c4677b8376ac38f826de73a88b93a8d73a8b452e399cdff,19241 1 19752 2 20263 4 20775 4 21286 5 21798 4 22309 5 22821 5 23333 4 23845 4 24357 3
17b9bf4356db24967c4677b8376ac38f826de73a88b93a8d73a8b452e399cdff,328537 5 329037 3 329049 6 329546 7 329560 8 330057 9 330072 9 330568 11 330583 12 331078 31 331589 34 332100 35 332611 37 333122 37 333634 37 334145 33 334657 30 335168 30 335680 29 336191 29 336702 30 337213 31 337724 32 338235 32 338746 33 339257 34 339768 34 340280 34 340791 35 341302 36 341814 36 342325 37 342837 37 343348 39 343860 39 344372 39 344884 39 345395 40 345907 39 346419 39 346931 38 347444 34 347956 33
17b9bf4356db24967c4677b8376ac38f826de73a88b93a8d73a8b452e399cdff,301405 5 301915 7 302425 10 302936 11 303448 12 303959 13 304471 13 304982 14 305494 14 306005 15 306517 15 307029 15 307541 15 308053 15 308565 14 309077 14 309590 13 310102 13 310615 12 311128 11 311641 9 312154 8 312667 7 313180 5 313693 4
17b9bf4356db24967c4677b8376ac38f826de73a88b93a8d73a8b452e399cdff,15201 3 15712 5 16224 6 16735 7 17247 8 17759 8 18272 7 18784 7 19297 5 19810 4
17b9bf4356db24967c4677b8376ac38f826de73a88b93a8d73a8b452e399cdff,285027 2 285539 2 286050 5 286562 10 287074 11 287585 12 288098 11 288610 11 289122 12 289635 11 290147 11 290660 9 291173 8 291687 5 292200 4
17b9bf4356db24967c4677b8376ac38f826de73a88b93a8d73a8b452e399cdff,273252 2 273764 2 274276 6 274800 1 275312 1
17b9bf4356db24967c4677b8376ac38f826de73a88b93a8d73a8b452e399cdff,274788 12 275300 12 275811 14 276323 14 276835 15 277347 15 277859 16 278371 16 278883 17 279395 17 279907 17 280419 17 280931 16 281443 16 281956 14 282468 14 282980 13 283492 12 284004 12 284516 11 285029 8 285541 8 286055 5
17b9bf4356db24967c4677b8376ac38f826de73a88b93a8d73a8b452e399cdff,267625 1 268136 2 268648 7 269159 15 269671 15 270182 16 270694 16 271205 16 271717 16 272229 15 272741 15 273254 13 273766 12 274282 7
17b9bf4356db24967c4677b8376ac38f826de73a88b93a8d73a8b452e399cdff,255352 3 255862 5 256373 7 256884 8 257394 10 257905 11 258416 12 258927 13 259438 14 259950 13 260461 14 260973 14 261484 15 261996 15 262507 15 263019 15 263531 15 264042 16 264554 16 265066 15 265578 15 266090 15 266601 15 267113 15 267626 13 268138 13 268655 7
17b9bf4356db24967c4677b8376ac38f826de73a88b93a8d73a8b452e399cdff,318308 5 318819 7 319331 8 319842 10 320354 11 320866 12 321378 13 321891 14 322403 15 322915 15 323428 15 323940 14 324453 13 324966 7 325478 7 325991 5 326504 4
17b9bf4356db24967c4677b8376ac38f826de73a88b93a8d73a8b452e399cdff,233849 5 234361 6 234872 7 235384 8 235895 9 236407 10 236919 10 237431 11 237943 11 238455 11 238967 5 239479 1 239490 1 239991 1
17b9bf4356db24967c4677b8376ac38f826de73a88b93a8d73a8b452e399cdff,238972 6 239480 10 239992 11 240503 12 241015 12 241527 13 242039 13 242551 13 243064 12 243576 13 244088 13 244601 12 245113 12 245626 11 246138 11 246650 10 247162 10 247675 9 248187 9 248699 2 248706 1 249211 2 249218 1
17b9bf4356db24967c4677b8376ac38f826de73a88b93a8d73a8b452e399cdff,248701 5 249213 5 249724 7 250236 7 250748 7 251260 1 251266 1 251772 1 251778 1
17b9bf4356db24967c4677b8376ac38f826de73a88b93a8d73a8b452e399cdff,251261 5 251773 5 252284 7 252796 7 253308 7 253820 6 254333 5 254845 4
17b9bf4356db24967c4677b8376ac38f826de73a88b93a8d73a8b452e399cdff,223100 1 223612 1 223621 1 224124 4 224636 9 225148 9 225660 9 226172 8 226684 8 227197 6 227709 5
17b9bf4356db24967c4677b8376ac38f826de73a88b93a8d73a8b452e399cdff,216963 4 217474 7 217985 8 218496 10 219007 11 219518 11 220029 12 220541 11 221052 12 221564 11 222076 10 222588 10 223101 9 223613 8 224128 5
17b9bf4356db24967c4677b8376ac38f826de73a88b93a8d73a8b452e399cdff,205189 5 205700 6 206212 5 206723 7 207235 7 207747 8 208259 7 208772 5 209284 4
17b9bf4356db24967c4677b8376ac38f826de73a88b93a8d73a8b452e399cdff,202126 6 202637 7 203149 8 203660 9 204172 9 204683 11 205194 12 205706 12 206217 12 206730 11 207242 10 207759 4
17b9bf4356db24967c4677b8376ac38f826de73a88b93a8d73a8b452e399cdff,326551 3 327062 5 327574 6 328086 6 328598 6 329111 5 329623 5 330136 3 330649 2
17b9bf4356db24967c4677b8376ac38f826de73a88b93a8d73a8b452e399cdff,176558 1 177069 1 177580 3 178091 4 178602 13 179113 25 179624 25 180136 24 180647 24 181158 25 181670 25 182181 25 182693 25 183204 26 183716 26 184228 25 184739 26 185251 25 185763 24 186274 24 186786 23 187298 20 187809 20 188321 19 188833 18 189344 19 189856 18 190368 18 190879 18 191391 18 191903 17 192415 16 192927 14 193439 13 193951 12 194463 12 194975 11 195487 11 196000 9 196512 9 197025 7 197538 5 198051 3
17b9bf4356db24967c4677b8376ac38f826de73a88b93a8d73a8b452e399cdff,175025 2 175536 3 176047 11 176559 21 177070 22 177583 21 178095 20 178615 12
17b9bf4356db24967c4677b8376ac38f826de73a88b93a8d73a8b452e399cdff,163782 4 164291 7 164801 10 165311 12 165822 13 166333 14 166844 15 167355 16 167866 17 168377 18 168888 19 169399 20 169910 21 170422 21 170933 21 171445 21 171956 22 172468 21 172979 22 173491 21 174002 22 174514 21 175027 19 175539 19 176058 11
17b9bf4356db24967c4677b8376ac38f826de73a88b93a8d73a8b452e399cdff,262609 3 263118 8 263629 10 264140 12 264651 14 265162 16 265673 20 266183 22 266693 24 267204 24 267715 25 268227 25 268738 26 269250 25 269762 25 270273 26 270785 26 271297 27 271808 28 272320 25 272831 25 273343 25 273855 24 274367 24 274878 26 275390 27 275903 27 276415 27 276927 26 277439 26 277952 25 278464 25 278977 25 279490 24 280003 22 280516 20 281029 18 281542 15 282055 14 282568 12 283082 8
17b9bf4356db24967c4677b8376ac38f826de73a88b93a8d73a8b452e399cdff,275421 2 275930 4 276442 5 276953 6 277465 7 277977 14 278489 15 279002 19 279514 20 280028 21 280541 20 281054 18 281567 17 282079 16 282592 14 283105 12
17b9bf4356db24967c4677b8376ac38f826de73a88b93a8d73a8b452e399cdff,265696 5 266205 11 266717 16 267228 21 267740 23 268252 25 268764 27 269275 30 269787 31 270299 32 270811 33 271324 32 271836 33 272350 31 272863 30 273375 30 273888 29 274400 29 274911 30 275423 30 275934 31 276447 30 276959 30 277472 29 277991 22 278504 21 279021 16 279534 15 280051 10 280565 8 281078 7 281591 5 282103 5 282616 3
17b9bf4356db24967c4677b8376ac38f826de73a88b93a8d73a8b452e399cdff,241621 1 241632 1 242133 1 242144 1 242645 12 243156 13 243668 13 244179 15 244691 15 245202 16 245714 15 246226 15 246738 15 247250 15 247762 15 248275 13 248787 13 249299 12 249811 11 250324 9 250836 7 251349 4
17b9bf4356db24967c4677b8376ac38f826de73a88b93a8d73a8b452e399cdff,234969 7 235480 7 235991 9 236502 10 237014 11 237525 15 238037 13 238548 14 239060 13 239572 13 240084 13 240597 12 241109 12 241622 10 242134 10
17b9bf4356db24967c4677b8376ac38f826de73a88b93a8d73a8b452e399cdff,233444 3 233954 6 234464 9 234976 9 235487 11 236000 9 236512 9 237025 7
17b9bf4356db24967c4677b8376ac38f826de73a88b93a8d73a8b452e399cdff,149477 3 149987 5 150498 7 151008 9 151519 9 152029 11 152540 12 153051 12 153562 13 154073 14 154585 13 155096 14 155607 15 156118 15 156630 15 157141 15 157653 15 158165 14 158677 14 159190 13 159702 13 160215 11 160730 8 161243 5
17b9bf4356db24967c4677b8376ac38f826de73a88b93a8d73a8b452e399cdff,180703 3 181215 2 181726 3 182238 3 182750 2 183262 2
17b9bf4356db24967c4677b8376ac38f826de73a88b93a8d73a8b452e399cdff,146411 1 146922 2 146929 1 147434 3 147440 2 147946 8 148457 8 148970 7 149482 6
17b9bf4356db24967c4677b8376ac38f826de73a88b93a8d73a8b452e399cdff,144364 1 144875 2 145387 3 145899 7 146412 5 146924 5 147437 3
17b9bf4356db24967c4677b8376ac38f826de73a88b93a8d73a8b452e399cdff,134137 4 134649 4 135160 6 135671 6 136182 7 136693 7 137204 8 137716 9 138227 10 138738 11 139250 11 139761 12 140273 11 140784 12 141295 13 141806 13 142317 14 142829 13 143340 14 143852 13 144365 12 144877 5 145390 4
17b9bf4356db24967c4677b8376ac38f826de73a88b93a8d73a8b452e399cdff,289783 4 290294 6 290805 8 291316 10 291827 11 292337 14 292848 15 293359 16 293870 17 294382 17 294893 18 295405 18 295917 18 296429 18 296940 19 297452 19 297964 19 298476 19 298987 20 299500 19 300012 19 300525 17 301038 16 301552 14 302068 9 302581 8 303094 6
17b9bf4356db24967c4677b8376ac38f826de73a88b93a8d73a8b452e399cdff,235000 1 235511 3 236022 5 236534 5 237046 5 237558 5 238071 3
1879f4f4f05e2bada0ffeb46c128b8df7a79b14c84f38c3e216a69653495153b,
191b2b2205f2f5cc9da04702c5d422bc249faf8bca1107af792da63cccfba829,37404 7 37659 9 37914 11 38169 12 38425 13 38680 14 38936 14 39192 14 39448 1 39461 1 39704 1 39717 1
191b2b2205f2f5cc9da04702c5d422bc249faf8bca1107af792da63cccfba829,39449 12 39705 12 39960 14 40216 14 40472 14 40728 14 40985 13 41241 12 41498 11 41754 10 42011 9 42268 6
191b2b2205f2f5cc9da04702c5d422bc249faf8bca1107af792da63cccfba829,54864 5 55118 9 55372 12 55627 14 55882 15 56137 17 56392 18 56648 18 56903 19 57159 19 57415 19 57670 19 57926 19 58182 18 58438 18 58694 17 58951 16 59207 15 59464 12 59721 10 59979 6
191b2b2205f2f5cc9da04702c5d422bc249faf8bca1107af792da63cccfba829,40018 8 40273 10 40528 11 40784 12 41039 13 41295 14 41550 15 41806 15 42062 14 42318 14 42574 14 42830 13 43086 13 43342 12 43599 11 43855 10 44113 6
191b2b2205f2f5cc9da04702c5d422bc249faf8bca1107af792da63cccfba829,21100 4 21355 6 21610 7 21866 8 22121 9 22377 9 22632 10 22888 10 23144 10 23400 10 23656 10 23912 9 24168 9 24424 9 24680 8 24937 7 25193 6 25450 3
191b2b2205f2f5cc9da04702c5d422bc249faf8bca1107af792da63cccfba829,48786 5 49040 9 49295 11 49550 12 49805 14 50061 14 50316 15 50572 15 50828 15 51084 14 51340 14 51596 13 51853 11 52109 11 52366 9 52622 8 52880 5
191b2b2205f2f5cc9da04702c5d422bc249faf8bca1107af792da63cccfba829,13250 6 13505 8 13760 10 14016 10 14271 12 14527 12 14783 12 15039 1 15050 1 15295 1 15306 1
191b2b2205f2f5cc9da04702c5d422bc249faf8bca1107af792da63cccfba829,15040 10 15296 10 15551 12 15807 12 16063 12 16319 12 16576 10 16832 10 17089 8 17347 4
191b2b2205f2f5cc9da04702c5d422bc249faf8bca1107af792da63cccfba829,44513 5 44767 8 45020 12 45275 13 45530 15 45785 16 46040 17 46296 17 46551 18 46807 18 47063 18 47319 17 47575 17 47831 16 48087 15 48344 13 48600 12 48858 8 49115 5
191b2b2205f2f5cc9da04702c5d422bc249faf8bca1107af792da63cccfba829,28914 6 29168 9 29423 11 29679 11 29934 13 30190 13 30446 13 30702 13 30958 13 31214 13 31470 13 31726 13 31982 12 32239 11 32495 10 32752 9 33009 7
1962d0c5faf3e85cda80e0578e0cb7aca50826d781620e5c1c4cc586bc69f81a,1 10 520 11 1039 12 1558 13 2077 14 2596 15 3115 15 3634 16 4153 16 4672 16 5191 16 5710 16 6229 15 6748 15 7267 14 7786 12 8305 12 8825 9
1962d0c5faf3e85cda80e0578e0cb7aca50826d781620e5c1c4cc586bc69f81a,22837 2 23356 3 23875 4 24394 4 24913 5
1962d0c5faf3e85cda80e0578e0cb7aca50826d781620e5c1c4cc586bc69f81a,25432 5 25951 5 26470 5 26989 5 27508 4
1962d0c5faf3e85cda80e0578e0cb7aca50826d781620e5c1c4cc586bc69f81a,71112 1
1962d0c5faf3e85cda80e0578e0cb7aca50826d781620e5c1c4cc586bc69f81a,67990 6 68509 7 69028 8 69547 8 70066 9 70585 9 71104 8 71623 9 72142 9 72661 9 73180 8 73699 9 74218 9 74737 11 75256 13 75775 16 76294 19 76813 20 77334 20 77854 20 78374 20 78893 20 79411 22 79930 22 80449 22 80967 23 81486 23 82005 23 82524 23 83043 23 83562 24
1962d0c5faf3e85cda80e0578e0cb7aca50826d781620e5c1c4cc586bc69f81a,31155 6 31672 11 32191 14 32709 17 33227 18 33746 19 34264 20 34783 21 35301 22 35820 23 36338 24 36856 25 37374 27 37893 27 38411 28 38929 30 39448 31 39966 33 40485 32 41005 31 41524 30 42046 27 42569 23 43090 21 43612 17 44132 16 44652 15 45171 15 45691 15 46214 11 46735 7
1962d0c5faf3e85cda80e0578e0cb7aca50826d781620e5c1c4cc586bc69f81a,39488 3 40005 7 40517 15 41036 15 41554 17 42073 17 42592 17 43111 17 43629 18 44148 9 44166 1 44667 2 44685 1 45186 2
1962d0c5faf3e85cda80e0578e0cb7aca50826d781620e5c1c4cc586bc69f81a,44157 9 44669 16 45188 17 45706 18 46225 18 46745 17 47264 17 47783 17 48302 18 48822 17 49341 18 49861 17 50381 16 50901 15 51422 13 51942 12 52462 12 52982 11 53502 10 54022 10 54542 8 55062 7 55582 5
1962d0c5faf3e85cda80e0578e0cb7aca50826d781620e5c1c4cc586bc69f81a,55036 8 55554 11 56072 16 56590 20 57108 23 57626 25 58145 27 58663 29 59182 29 59701 30 60220 30 60738 31 61257 31 61776 32 62295 32 62813 32 63332 32 63851 32 64370 31 64890 30 65409 30 65930 27 66450 26 66971 23 67491 22 68011 20 68531 19 69051 17 69570 16 70090 14 70609 13 71129 11 71650 7
1962d0c5faf3e85cda80e0578e0cb7aca50826d781620e5c1c4cc586bc69f81a,22334 4 22852 5 23371 4 23889 5 24409 4 24928 4 25448 4 25970 1
1962d0c5faf3e85cda80e0578e0cb7aca50826d781620e5c1c4cc586bc69f81a,22338 5 22857 6 23375 7 23894 6 24413 6 24932 7 25452 6 25971 6
1962d0c5faf3e85cda80e0578e0cb7aca50826d781620e5c1c4cc586bc69f81a,22863 3 23382 5 23900 6 24419 7 24939 5 25458 5
1962d0c5faf3e85cda80e0578e0cb7aca50826d781620e5c1c4cc586bc69f81a,21 16 540 16 1060 15 1579 15 2098 17 2617 18 3137 17 3656 17 4176 16 4696 15 5215 15 5734 15 6253 16 6772 16 7291 16 7811 15 8330 15 8849 15 9369 14 9888 14 10408 13 10927 13 11447 13 11967 12 12489 9
1962d0c5faf3e85cda80e0578e0cb7aca50826d781620e5c1c4cc586bc69f81a,37 23 556 23 1079 19 1598 19 2115 22 2635 21 3154 22 3673 22 4192 23 4711 23 5230 24 5749 24 6269 23 6788 23 7307 23 7826 23 8345 23 8864 23 9383 23 9902 22 10421 22 10940 21 11460 4 11472 5 11979 3
1962d0c5faf3e85cda80e0578e0cb7aca50826d781620e5c1c4cc586bc69f81a,74259 14 74774 20 75290 25 75808 28 76327 28 76845 30 77364 32 77882 34 78401 35 78919 37 79438 37 79957 38 80476 38 80996 37 81514 39 82033 39 82552 39 83072 38 83591 37
1962d0c5faf3e85cda80e0578e0cb7aca50826d781620e5c1c4cc586bc69f81a,47293 7 47811 9 48330 9 48850 7 49370 5 49891 1
1962d0c5faf3e85cda80e0578e0cb7aca50826d781620e5c1c4cc586bc69f81a,69 14 589 12 1110 8
1962d0c5faf3e85cda80e0578e0cb7aca50826d781620e5c1c4cc586bc69f81a,47842 6 48361 6 48879 6 49399 5 49918 5 50438 4 50958 4 51480 1
1962d0c5faf3e85cda80e0578e0cb7aca50826d781620e5c1c4cc586bc69f81a,47848 4 48367 4 48885 4 49404 4 49923 4 50442 4 50962 4 51481 4
1962d0c5faf3e85cda80e0578e0cb7aca50826d781620e5c1c4cc586bc69f81a,42148 5 42667 5 43185 7 43703 8 44222 8 44740 9 45259 9 45778 9 46297 10 46816 9 47335 10 47852 12 48371 11 48889 12 49408 12 49927 11 50446 11 50966 9 51485 8
1962d0c5faf3e85cda80e0578e0cb7aca50826d781620e5c1c4cc586bc69f81a,62913 3 63430 6 63948 7 64467 7 64987 5 65506 3
1962d0c5faf3e85cda80e0578e0cb7aca50826d781620e5c1c4cc586bc69f81a,56183 4 56701 8 57220 9 57738 12 58258 11 58777 12 59298 10 59818 8 60338 7 60857 5
1962d0c5faf3e85cda80e0578e0cb7aca50826d781620e5c1c4cc586bc69f81a,4868 1 5381 6 5898 9 6417 9 6935 11 7454 11 7973 12 8492 12 9012 12 9531 13 10050 13 10570 13 11089 13 11609 13 12129 14 12649 13 13170 10 13691 5
1962d0c5faf3e85cda80e0578e0cb7aca50826d781620e5c1c4cc586bc69f81a,1239 6 1757 8 2276 9 2794 11 3313 12 3832 12 4350 14 4869 14 5387 16 5907 15 6426 15 6946 14 7465 14 7985 13 8504 12 9024 11 9544 9 10063 9 10583 7 11102 6 11622 3
1962d0c5faf3e85cda80e0578e0cb7aca50826d781620e5c1c4cc586bc69f81a,9588 8 10105 11 10624 11 11123 6 11141 14 11639 35 12156 38 12675 40 13193 42 13696 12 13711 44 14215 61 14733 63 15253 62 15772 63 16292 62 16812 61 17332 59 17852 58 18373 55 18894 52 19414 50 19935 46 20455 44 20976 41 21496 38 22017 35 22537 33 23057 31 23577 28 24097 26 24617 23 25137 21 25657 18 26177 16 26696 16 27216 14 27735 14 28255 13 28774 13 29293 13 29813 12 30332 11 30851 11 31370 11 31889 11 32409 10 32928 9 33448 8 33968 6
1962d0c5faf3e85cda80e0578e0cb7aca50826d781620e5c1c4cc586bc69f81a,37617 12 38133 17 38649 21 39168 22 39686 23 40205 24 40724 25 41244 25 41763 25 42282 26 42801 26 43320 27 43839 27 44357 28 44876 29 45395 29 45914 29 46433 28 46953 27 47472 27 47990 28 48509 28 49029 27 49548 27 50068 26 50587 26 51106 26 51625 25 52144 25 52663 24 53183 22 53702 19 54222 15 54741 13 55263 8 55784 5
1962d0c5faf3e85cda80e0578e0cb7aca50826d781620e5c1c4cc586bc69f81a,18960 5 19477 9 19996 10 20514 11 21032 13 21551 13 22069 15 22588 15 23107 14 23625 15 24144 14 24663 13 25180 15 25699 14 26217 8 26736 4 27256 3 27775 2
1962d0c5faf3e85cda80e0578e0cb7aca50826d781620e5c1c4cc586bc69f81a,20015 5 20532 11 21051 14 21569 17 22088 18 22607 19 23127 19 23646 20 24166 20 24685 21 25205 20 25723 22 26225 6 26243 21 26740 17 26762 23 27259 46 27777 47 28296 48 28816 47 29334 48 29853 48 30372 48 30890 50 31409 50 31929 50 32448 50 32968 50 33487 50 34007 49 34526 49 35046 49 35566 48 36087 46 36607 45 37127 44 37647 43 38167 42 38687 41 39207 39 39728 37 40249 34 40770 27 41292 16
1962d0c5faf3e85cda80e0578e0cb7aca50826d781620e5c1c4cc586bc69f81a,12235 8 12753 9 13272 8 13790 10 14309 10 14829 12 15348 9 15868 6
1962d0c5faf3e85cda80e0578e0cb7aca50826d781620e5c1c4cc586bc69f81a,11725 5 12243 6 12762 7 13280 7 13800 6 14319 5
1962d0c5faf3e85cda80e0578e0cb7aca50826d781620e5c1c4cc586bc69f81a,48055 4 48573 7 49091 9 49609 11 50127 12 50644 15 51163 14 51681 15 52200 14 52718 15 53237 15 53757 15 54276 15 54796 14 55315 14 55835 13 56355 13 56875 12 57395 10 57915 9 58436 6
1962d0c5faf3e85cda80e0578e0cb7aca50826d781620e5c1c4cc586bc69f81a,67271 3 67790 4 68308 7 68827 8 69346 8 69865 9 70382 11 70901 11 71419 12 71937 13 72454 16 72972 17 73490 19 74008 20 74527 21 75045 22 75564 23 76082 24 76601 24 77120 23 77638 24 78157 24 78676 23 79194 24 79713 24 80232 24 80751 24 81270 23 81789 23 82308 22 82827 22 83345 23 83864 23
1962d0c5faf3e85cda80e0578e0cb7aca50826d781620e5c1c4cc586bc69f81a,82854 10 83372 13 83890 15
1962d0c5faf3e85cda80e0578e0cb7aca50826d781620e5c1c4cc586bc69f81a,62615 8 63132 12 63651 13 64169 16 64688 17 65206 19 65725 19 66244 20 66764 19 67283 20 67803 19 68322 20 68842 20 69362 20 69881 20 70401 20 70920 20 71440 20 71959 21 72479 14 72999 12 73519 10 74039 4 74559 3 75079 1 75599 1
1962d0c5faf3e85cda80e0578e0cb7aca50826d781620e5c1c4cc586bc69f81a,72493 7 73011 9 73529 10 74043 16 74562 17 75080 12 75600 10 76119 9 76639 7 77159 4 77679 3 78199 1 78719 1
1962d0c5faf3e85cda80e0578e0cb7aca50826d781620e5c1c4cc586bc69f81a,75092 7 75610 9 76128 10 76646 9 77163 10 77682 9 78200 9 78720 8 79239 7 79759 6 80279 5 80799 4 81319 3 81839 2 82359 2 82879 1
1962d0c5faf3e85cda80e0578e0cb7aca50826d781620e5c1c4cc586bc69f81a,76655 4 77173 6 77691 9 78209 11 78728 12 79246 15 79765 16 80284 17 80803 17 81322 18 81841 18 82361 17 82880 17 83400 16 83920 14
1962d0c5faf3e85cda80e0578e0cb7aca50826d781620e5c1c4cc586bc69f81a,14870 4 15387 8 15906 9 16424 11 16943 12 17462 13 17981 14 18499 16 19018 17 19536 19 20055 20 20574 21 21093 22 21612 23 22132 22 22651 23 23170 23 23690 23 24209 23 24728 23 25247 23 25767 22 26286 23 26806 2 26827 1 27325 2
1962d0c5faf3e85cda80e0578e0cb7aca50826d781620e5c1c4cc586bc69f81a,26808 19 27327 20 27845 21 28364 22 28884 21 29403 21 29922 21 30441 21 30961 10 30981 1 31480 2 32000 1
1962d0c5faf3e85cda80e0578e0cb7aca50826d781620e5c1c4cc586bc69f81a,30971 10 31482 19 32001 19 32519 21 33038 21 33558 20 34077 20 34597 19 35116 20 35636 19 36155 19 36675 18 37194 17 37714 16 38234 14 38755 12 39277 7
1962d0c5faf3e85cda80e0578e0cb7aca50826d781620e5c1c4cc586bc69f81a,55882 7 56400 10 56919 12 57437 14 57956 14 58475 15 58994 15 59514 13 60033 13 60554 10 61077 3
1962d0c5faf3e85cda80e0578e0cb7aca50826d781620e5c1c4cc586bc69f81a,354 23 874 23 1393 23 1913 22 2432 21 2952 20 3471 19 3991 18 4510 17 5029 17 5548 17 6068 16 6587 16 7107 15 7626 15 8146 14 8665 13 9185 12 9705 11 10224 10 10744 9 11263 8 11784 4
1962d0c5faf3e85cda80e0578e0cb7aca50826d781620e5c1c4cc586bc69f81a,41881 7 42399 10 42917 12 43436 13 43954 14 44473 15 44992 15 45512 15 46031 16 46550 8 47070 2 47589 2
1962d0c5faf3e85cda80e0578e0cb7aca50826d781620e5c1c4cc586bc69f81a,46558 9 47072 15 47591 15 48109 17 48628 17 49148 17 49667 17 50187 16 50706 17 51225 18 51744 11 52264 9 52783 3 53303 2 53822 1 54342 1
1962d0c5faf3e85cda80e0578e0cb7aca50826d781620e5c1c4cc586bc69f81a,51755 7 52273 9 52786 16 53305 16 53823 18 54343 17 54862 18 55382 17 55902 16 56421 16 56941 15 57460 15 57980 15 58499 15 59019 13 59539 12 60060 9 60581 5
1962d0c5faf3e85cda80e0578e0cb7aca50826d781620e5c1c4cc586bc69f81a,12317 6 12836 7 13354 9 13873 10 14392 11 14911 11 15431 11 15950 12 16469 13 16988 14 17508 14 18027 14 18546 15 19065 16 19584 17 20104 16 20623 17 21143 16 21662 17 22182 16 22701 17 23220 17 23739 10 24259 8 24778 3 25298 2 25817 1
1962d0c5faf3e85cda80e0578e0cb7aca50826d781620e5c1c4cc586bc69f81a,23749 8 24267 9 24781 15 25300 16 25818 18 26337 18 26857 18 27376 18 27895 18 28414 18 28933 10 29453 3 29470 1 29972 3 30492 1
1962d0c5faf3e85cda80e0578e0cb7aca50826d781620e5c1c4cc586bc69f81a,28943 8 29456 14 29975 15 30493 16 31012 17 31532 16 32051 17 32570 17 33090 16 33609 16 34129 2 34648 2
1962d0c5faf3e85cda80e0578e0cb7aca50826d781620e5c1c4cc586bc69f81a,34131 13 34650 16 35168 19 35688 18 36207 19 36726 19 37246 17 37765 17 38285 15 38804 14 39324 13 39844 11 40364 10 40884 9 41403 9 41923 8 42443 7 42962 6 43482 5
1962d0c5faf3e85cda80e0578e0cb7aca50826d781620e5c1c4cc586bc69f81a,69411 4 69927 11 70445 13 70964 14 71482 15 72001 16 72521 16 73040 18 73561 17 74084 14 74603 14 75121 16 75640 16 76159 17 76678 17 77197 17 77716 17 78235 17 78754 16 79274 15 79793 14 80313 12 80833 10 81354 7 81874 5 82394 4 82913 3
1962d0c5faf3e85cda80e0578e0cb7aca50826d781620e5c1c4cc586bc69f81a,446 13 965 13 1484 12 2003 12 2522 11 3041 10 3561 6 4080 5 4599 2 5119 1
1962d0c5faf3e85cda80e0578e0cb7aca50826d781620e5c1c4cc586bc69f81a,461 18 980 19 1500 19 2019 21 2539 21 3058 22 3567 4 3577 22 4085 34 4601 37 5120 37 5638 38 6158 38 6677 38 7197 37 7717 36 8237 35 8757 34 9277 33 9797 32 10317 30 10837 29 11358 26 11879 24 12400 21 12924 16 13450 7
1962d0c5faf3e85cda80e0578e0cb7aca50826d781620e5c1c4cc586bc69f81a,14995 10 15512 15 16030 19 16548 22 17066 25 17584 27 18102 30 18621 31 19139 32 19658 33 20177 33 20696 34 21215 24 21241 7 21734 24 21763 4 22253 25 22772 25 23291 25 23811 22 24330 13 24850 3 25369 3 25889 1 26409 1
1962d0c5faf3e85cda80e0578e0cb7aca50826d781620e5c1c4cc586bc69f81a,23833 3 24343 14 24853 23 25372 22 25890 23 26410 22 26929 22 27449 21 27968 21 28487 21 29007 20 29526 20 30046 19 30566 18 31086 17 31606 17 32126 16 32646 16 33168 8
1962d0c5faf3e85cda80e0578e0cb7aca50826d781620e5c1c4cc586bc69f81a,24357 11 24876 10 25394 12 25913 12 26432 13 26951 14 27470 16 27989 15 28508 15 29027 15 29546 15 30065 14 30584 14 31103 13 31623 10 32142 3
1962d0c5faf3e85cda80e0578e0cb7aca50826d781620e5c1c4cc586bc69f81a,17626 4 18143 8 18661 11 19180 12 19698 14 20218 11 20737 11 21257 9 21775 10 22294 10 22813 10 23331 11 23849 12 24368 11 24886 12 25406 11 25925 11 26445 10 26965 3 26970 3 27491 1
1962d0c5faf3e85cda80e0578e0cb7aca50826d781620e5c1c4cc586bc69f81a,28530 1 29049 2 29056 1 29568 8 30086 10 30605 10 31123 12 31642 12 32162 11 32681 11 33201 10 33722 8 34243 7 34765 4
1962d0c5faf3e85cda80e0578e0cb7aca50826d781620e5c1c4cc586bc69f81a,18681 4 19198 6 19717 6 20229 3 20235 7 20748 4 20754 7 21266 14 21785 14 22304 14 22823 14 23342 14 23861 14 24379 15 24898 15 25417 15 25936 15 26455 15 26973 16 27492 16 28012 5 28020 7 28531 15 29051 5 29057 8 29576 8 30096 7 30615 7 31135 6 31654 6 32173 6 32692 6 33211 6 33730 6 34250 5 34769 4
1962d0c5faf3e85cda80e0578e0cb7aca50826d781620e5c1c4cc586bc69f81a,492 28 1011 28 1529 29 2049 28 2568 28 3087 28 3607 27 4126 27 4646 26 5166 25 5686 24 6206 23 6726 22 7246 21 7767 19 8287 18 8807 17 9326 17 9846 16 10366 15 10886 14 11406 13 11926 12 12445 12 12965 11 13486 9 14006 8 14526 7 15045 7 15564 7 16084 6 16603 6 17124 4
1cdbfee1951356e7b0a215073828695fe1ead5f8b1add119b6645d2fdc8d844e,73729 4 74241 5 74753 7 75265 8 75777 8 76289 10 76801 11 77313 12 77825 12 78337 13 78849 14 79361 15 79873 15 80385 16 80897 17 81409 18 81921 19 82433 20 82945 21 83457 22 83969 23 84481 23 84993 24 85505 24 86017 24 86529 25 87041 25 87553 25 88065 25 88577 25 89089 25 89601 25 90113 25 90625 25 91137 24 91649 24 92161 23 92673 22 93185 21 93697 19 94209 18 94721 15 95233 8 95745 5
1cdbfee1951356e7b0a215073828695fe1ead5f8b1add119b6645d2fdc8d844e,169988 3 170499 4 171010 6 171521 7 172033 7 172545 7 173057 6 173569 6 174081 5 174593 5 175106 3
1cdbfee1951356e7b0a215073828695fe1ead5f8b1add119b6645d2fdc8d844e,124945 6 125456 7 125968 8 126479 9 126991 9 127503 9 128015 9 128528 8 129040 7 129554 5
1cdbfee1951356e7b0a215073828695fe1ead5f8b1add119b6645d2fdc8d844e,28303 12 28813 16 29322 22 29833 24 30344 26 30856 27 31367 28 31878 30 32389 31 32901 32 33412 34 33924 34 34435 36 34947 36 35458 38 35970 38 36482 39 36994 39 37506 40 38018 40 38530 40 39042 41 39554 41 40066 41 40578 41 41090 41 41602 41 42114 40 42626 40 43139 39 43651 39 44164 38 44676 37 45189 36 45701 35 46213 34 46726 33 47238 32 47751 30 48264 28 48776 27 49289 25 49801 24 50314 21 50828 17 51343 12
1cdbfee1951356e7b0a215073828695fe1ead5f8b1add119b6645d2fdc8d844e,265 19 777 20 1289 21 1800 23 2312 23 2824 24 3336 21 3848 20 4360 19 4872 19 5383 19 5895 19 6406 20 6917 21 7429 21 7940 22 8452 22 8964 22 9477 21 9989 21 10501 21 11014 20 11526 20 12038 20 12551 19 13063 19 13576 18 14088 18 14601 17 15113 17 15626 16 16139 15 16651 15 17164 14 17677 13 18189 13 18702 12 19215 11 19728 11 20241 10
1cdbfee1951356e7b0a215073828695fe1ead5f8b1add119b6645d2fdc8d844e,3357 4 3868 10 4379 15 4891 17 5402 20 5914 21 6426 21 6938 22 7450 22 7962 22 8474 23 8986 23 9498 24 10010 25 10522 25 11034 26 11546 26 12058 26 12570 26 13082 26 13594 26 14106 25 14618 25 15130 24 15642 24 16154 23 16666 23 17178 22 17690 22 18202 21 18714 20 19226 19 19739 15 20251 14 20765 10
1cdbfee1951356e7b0a215073828695fe1ead5f8b1add119b6645d2fdc8d844e,78208 4 78718 8 79228 12 79739 14 80250 15 80762 16 81273 17 81785 17 82297 18 82809 18 83321 18 83833 18 84345 18 84857 18 85369 18 85881 18 86393 18 86906 16 87418 16 87931 14 88443 14 88956 11 89469 8
1cdbfee1951356e7b0a215073828695fe1ead5f8b1add119b6645d2fdc8d844e,312226 12 312735 18 313246 21 313756 27 314266 30 314774 35 315284 38 315795 40 316306 42 316817 43 317329 44 317840 46 318352 47 318864 48 319375 51 319887 53 320399 55 320911 55 321423 56 321935 56 322446 58 322958 58 323470 58 323981 60 324493 60 325004 61 325516 61 326027 62 326539 62 327052 61 327564 61
1cdbfee1951356e7b0a215073828695fe1ead5f8b1add119b6645d2fdc8d844e,28158 3 28668 5 29179 6 29690 7 30202 7 30713 8 31225 8 31736 9 32248 9 32759 10 33271 10 33783 10 34295 1 34807 1
1cdbfee1951356e7b0a215073828695fe1ead5f8b1add119b6645d2fdc8d844e,34296 9 34808 9 35319 10 35831 10 36343 10 36855 10 37368 9 37880 9 38392 9 38905 8 39417 8 39929 1 39934 3 40441 1 40446 3 40959 2 41465 1 41470 3 41977 1 41982 3 42490 7 43002 7 43514 7 44027 6 44539 6 45051 6 45563 6 46075 6 46587 6 47099 6 47612 5 48124 5 48637 4
1cdbfee1951356e7b0a215073828695fe1ead5f8b1add119b6645d2fdc8d844e,39930 4 40442 4 40953 6 41466 4 41978 4
1d9eacb3161f1e2b45550389ecf7c535c7199c6b44b1c6a46303f7b965e508f1,22533 5 23057 8 23581 8 24105 9 24629 9 25153 10 25677 10 26201 10 26725 10 27249 10 27773 9 28297 9 28821 7
1d9eacb3161f1e2b45550389ecf7c535c7199c6b44b1c6a46303f7b965e508f1,96942 4 97465 6 97989 6 98513 7 99037 7 99561 6 100085 6 100609 5 101133 5 101657 5 102181 4 102706 3
1d9eacb3161f1e2b45550389ecf7c535c7199c6b44b1c6a46303f7b965e508f1,123148 7 123668 12 124191 14 124713 17 125237 18 125761 18 126285 19 126809 19 127333 20 127857 20 128383 19 128910 16 129435 14 129960 13 130486 10 131013 4
1d9eacb3161f1e2b45550389ecf7c535c7199c6b44b1c6a46303f7b965e508f1,176601 3 177121 10 177644 12 178167 14 178689 16 179211 19 179734 20 180257 21 180781 22 181305 22 181829 22
1d9eacb3161f1e2b45550389ecf7c535c7199c6b44b1c6a46303f7b965e508f1,70760 6 71281 11 71804 14 72327 16 72850 18 73374 19 73897 21 74421 21 74946 21 75470 21 75995 19 76520 18 77046 15 77573 11
1d9eacb3161f1e2b45550389ecf7c535c7199c6b44b1c6a46303f7b965e508f1,81761 8 82283 11 82807 12 83330 13 83854 14 84377 15 84901 16 85425 16 85949 16 86473 16 86997 16 87521 16 88045 16 88570 14 89094 14 89619 12 90144 10 90670 5
1d9eacb3161f1e2b45550389ecf7c535c7199c6b44b1c6a46303f7b965e508f1,26743 8 27266 11 27790 11 28313 13 28837 13 29361 13 29885 12 30408 13 30933 11 31457 11 31982 9 32507 7
1d9eacb3161f1e2b45550389ecf7c535c7199c6b44b1c6a46303f7b965e508f1,141505 5 142027 9 142549 12 143073 12 143596 14 144120 14 144643 15 145167 15 145691 15 146215 15 146739 15 147263 15 147787 15 148312 13 148836 13 149361 11 149886 8
1d9eacb3161f1e2b45550389ecf7c535c7199c6b44b1c6a46303f7b965e508f1,114258 6 114780 9 115303 11 115826 13 116350 13 116873 15 117397 15 117920 16 118444 16 118968 17 119492 17 120016 17 120540 16 121064 16 121589 14 122113 13 122638 12 123162 11 123687 9 124214 4
1d9eacb3161f1e2b45550389ecf7c535c7199c6b44b1c6a46303f7b965e508f1,102728 1 103252 1 103265 1 103776 6 103789 1 104300 14 104824 14 105348 13 105873 12 106397 11 106923 8 107448 6
1d9eacb3161f1e2b45550389ecf7c535c7199c6b44b1c6a46303f7b965e508f1,97493 5 98015 10 98538 11 99061 13 99585 13 100108 15 100632 15 101156 15 101680 14 102204 14 102729 13 103253 12 103782 7
1d9eacb3161f1e2b45550389ecf7c535c7199c6b44b1c6a46303f7b965e508f1,157230 5 157752 9 158275 11 158798 13 159322 13 159845 15 160369 15 160893 15 161417 15 161941 15 162465 15 162989 15 163513 15 164037 15 164562 13 165086 13 165611 11 166136 9 166661 7
1d9eacb3161f1e2b45550389ecf7c535c7199c6b44b1c6a46303f7b965e508f1,37758 3 38280 7 38803 8 39327 9 39850 10 40374 10 40899 9 41423 9 41948 7 42474 5
1d9eacb3161f1e2b45550389ecf7c535c7199c6b44b1c6a46303f7b965e508f1,25186 6 25709 8 26232 9 26756 10 27279 11 27803 11 28328 10 28852 9 29377 8 29902 6 30427 4
1d9eacb3161f1e2b45550389ecf7c535c7199c6b44b1c6a46303f7b965e508f1,37 12 560 14 1084 14 1607 16 2131 16 2655 16 3178 16 3702 16 4226 15 4751 14 5275 12 5800 10 6327 4
1d9eacb3161f1e2b45550389ecf7c535c7199c6b44b1c6a46303f7b965e508f1,52434 2 52445 1 52958 2 52969 1 53482 12 54006 12 54530 12 55054 12 55578 11 56102 11 56626 10 57151 9 57675 8 58200 6 58724 4
1d9eacb3161f1e2b45550389ecf7c535c7199c6b44b1c6a46303f7b965e508f1,45101 5 45625 7 46148 9 46672 9 47196 10 47719 11 48243 11 48767 1 48777 1 49291 1 49301 1
1d9eacb3161f1e2b45550389ecf7c535c7199c6b44b1c6a46303f7b965e508f1,48768 9 49292 9 49815 11 50339 11 50863 11 51387 11 51911 11 52436 9 52960 9
1d9eacb3161f1e2b45550389ecf7c535c7199c6b44b1c6a46303f7b965e508f1,150963 3 151486 6 152010 6 152535 5
1d9eacb3161f1e2b45550389ecf7c535c7199c6b44b1c6a46303f7b965e508f1,140492 9 141014 12 141537 13 142061 14 142584 15 143108 16 143632 16 144156 16 144681 15 145205 14 145730 13 146255 11 146781 8
1d9eacb3161f1e2b45550389ecf7c535c7199c6b44b1c6a46303f7b965e508f1,61377 7 61899 9 62422 11 62945 12 63469 13 63992 14 64516 14 65039 15 65563 15 66086 15 66610 15 67134 15 67658 14 68181 15 68705 14 69229 14 69753 14 70277 13 70802 12 71326 11 71851 10 72376 7
1d9eacb3161f1e2b45550389ecf7c535c7199c6b44b1c6a46303f7b965e508f1,41468 9 41991 11 42514 12 43038 13 43561 14 44085 14 44609 14 45133 14 45657 14 46181 15 46705 15 47229 15 47754 14 48278 14 48802 14 49327 12 49851 12 50376 9
1d9eacb3161f1e2b45550389ecf7c535c7199c6b44b1c6a46303f7b965e508f1,113258 6 113780 10 114303 12 114827 12 115350 14 115874 14 116398 14 116922 15 117446 15 117970 15 118494 15 119018 15 119543 14 120067 13 120591 13 121116 11 121640 10 122165 8
1d9eacb3161f1e2b45550389ecf7c535c7199c6b44b1c6a46303f7b965e508f1,18940 4 19463 7 19986 9 20510 10 21033 12 21557 12 22081 13 22605 13 23129 13 23653 13 24177 13 24701 13 25225 12 25749 12 26273 12 26798 10 27322 10 27847 8
1d9eacb3161f1e2b45550389ecf7c535c7199c6b44b1c6a46303f7b965e508f1,137365 7 137887 10 138410 12 138934 12 139457 14 139981 14 140505 14 141029 14 141553 14 142077 14 142601 7 143126 1 143650 1
1d9eacb3161f1e2b45550389ecf7c535c7199c6b44b1c6a46303f7b965e508f1,142608 7 143127 13 143651 13 144174 15 144698 15 145223 14 145747 1 145758 2 146271 1 146283 1
1d9eacb3161f1e2b45550389ecf7c535c7199c6b44b1c6a46303f7b965e508f1,145748 10 146272 11 146795 12 147319 13 147843 13 148367 13 148891 14 149416 13 149940 13 150464 13 150989 11 151513 11 152038 9
1d9eacb3161f1e2b45550389ecf7c535c7199c6b44b1c6a46303f7b965e508f1,8469 6 8991 10 9514 12 10038 13 10561 14 11085 15 11609 15 12133 15 12658 13 13182 13 13707 11 14232 9
1d9eacb3161f1e2b45550389ecf7c535c7199c6b44b1c6a46303f7b965e508f1,85 9 608 11 1132 11 1656 11 2180 10 2705 8 3231 4
1d9eacb3161f1e2b45550389ecf7c535c7199c6b44b1c6a46303f7b965e508f1,166718 9 167241 11 167764 13 168288 13 168811 15 169336 14 169860 15 170384 15 170908 15 171432 15 171957 14 172481 14 173006 12 173530 12 174055 10 174580 7
1d9eacb3161f1e2b45550389ecf7c535c7199c6b44b1c6a46303f7b965e508f1,170942 7 171464 11 171988 11 172511 13 173035 13 173558 14 174082 14 174606 14 175130 14 175654 14 176179 13 176703 13 177228 11 177752 11 178277 9 178802 6
1d9eacb3161f1e2b45550389ecf7c535c7199c6b44b1c6a46303f7b965e508f1,97062 3 97584 5 98107 5 98631 5 99154 6 99678 6 100202 6 100727 5 101251 6 101776 5
1d9eacb3161f1e2b45550389ecf7c535c7199c6b44b1c6a46303f7b965e508f1,97065 5 97589 7 98112 8 98636 9 99160 9 99684 9 100208 9 100732 8 101257 7 101781 6
1d9eacb3161f1e2b45550389ecf7c535c7199c6b44b1c6a46303f7b965e508f1,138982 7 139505 10 140028 12 140552 13 141075 14 141599 15 142123 15 142647 15 143171 15 143696 13 144220 13 144745 11 145269 9 145796 3
1d9eacb3161f1e2b45550389ecf7c535c7199c6b44b1c6a46303f7b965e508f1,118550 3 119072 7 119595 9 120119 9 120642 11 121166 11 121690 11 122214 12 122738 12 123262 13 123786 13 124310 14 124834 14 125358 15 125882 15 126407 15 126931 11 126945 1 127456 9 127980 9 128504 6 129029 5 129553 4 130078 3
1d9eacb3161f1e2b45550389ecf7c535c7199c6b44b1c6a46303f7b965e508f1,126942 3 127465 5 127989 5 128512 7 129036 5 129559 5 130084 4 130608 3 131134 1
1d9eacb3161f1e2b45550389ecf7c535c7199c6b44b1c6a46303f7b965e508f1,129041 3 129564 5 130088 6 130611 10 131135 12 131659 13 132184 12 132708 13 133232 13 133756 13 134280 13 134804 13 135328 13 135851 14 136375 15 136899 14 137423 14 137948 13 138472 12 138997 11
1d9eacb3161f1e2b45550389ecf7c535c7199c6b44b1c6a46303f7b965e508f1,159946 6 160469 8 160992 10 161516 11 162039 12 162563 13 163086 14 163610 14 164135 12 164659 12 165184 10 165710 7
1d9eacb3161f1e2b45550389ecf7c535c7199c6b44b1c6a46303f7b965e508f1,36803 1 37327 1 37338 1 37851 5 37862 1 38375 12 38899 12 39423 11 39948 10 40472 9 40997 7 41522 5
1d9eacb3161f1e2b45550389ecf7c535c7199c6b44b1c6a46303f7b965e508f1,31569 6 32090 9 32613 11 33137 11 33660 12 34184 12 34708 12 35231 13 35755 12 36279 12 36804 11 37328 10 37856 6
1d9eacb3161f1e2b45550389ecf7c535c7199c6b44b1c6a46303f7b965e508f1,108074 4 108596 9 109119 12 109643 13 110166 14 110690 15 111215 14 111739 15 112264 14 112789 13 113313 13 113838 12 114362 12 114887 10 115414 7
1d9eacb3161f1e2b45550389ecf7c535c7199c6b44b1c6a46303f7b965e508f1,78207 7 78730 10 79253 12 79777 13 80300 14 80824 15 81348 15 81872 16 82397 15 82921 15 83445 15 83970 14 84494 14 85019 13 85544 11 86068 11 86593 9 87120 3
1d9eacb3161f1e2b45550389ecf7c535c7199c6b44b1c6a46303f7b965e508f1,46247 5 46770 7 47293 9 47816 10 48340 11 48863 12 49387 12 49911 12 50435 1 50446 1 50959 1 50970 1
1d9eacb3161f1e2b45550389ecf7c535c7199c6b44b1c6a46303f7b965e508f1,50436 10 50960 10 51483 12 52007 1 52018 1 52531 1 52542 1
1d9eacb3161f1e2b45550389ecf7c535c7199c6b44b1c6a46303f7b965e508f1,52008 10 52532 10 53055 12 53579 12 54103 12 54627 12 55151 12 55675 11 56199 11 56723 11 57247 10 57771 10 58296 8 58820 7 59345 5
1d9eacb3161f1e2b45550389ecf7c535c7199c6b44b1c6a46303f7b965e508f1,65636 13 66158 16 66681 18 67205 19 67728 21 68252 23 68776 24 69300 24 69825 24 70349 23 70874 22 71398 20 71923 18 72448 15 72973 13 73498 10
1d9eacb3161f1e2b45550389ecf7c535c7199c6b44b1c6a46303f7b965e508f1,4857 4 5377 11 5900 13 6423 14 6947 15 7470 16 7994 16 8518 17 9043 16 9567 16 10093 13 10618 12 11145 8
1d9eacb3161f1e2b45550389ecf7c535c7199c6b44b1c6a46303f7b965e508f1,23194 7 23717 7 24241 8 24764 9 25288 12 25812 12 26336 12 26861 11 27385 10 27911 8
1d9eacb3161f1e2b45550389ecf7c535c7199c6b44b1c6a46303f7b965e508f1,19016 5 19537 10 20060 12 20583 13 21107 14 21630 15 22154 16 22677 17 23201 18 23724 19 24249 18 24773 18 25302 14 25828 13 26354 8 26879 6 27405 4 27930 2 28455 1
1d9eacb3161f1e2b45550389ecf7c535c7199c6b44b1c6a46303f7b965e508f1,26362 3 26885 5 27409 6 27932 7 28456 8 28980 8 29505 7 30029 7 30554 7 31078 7 31602 7 32127 6 32651 5 33177 3
1d9eacb3161f1e2b45550389ecf7c535c7199c6b44b1c6a46303f7b965e508f1,116469 8 116993 10 117516 12 118040 12 118564 13 119088 13 119612 13 120136 13 120660 13 121185 11 121709 11 122234 9
1d9eacb3161f1e2b45550389ecf7c535c7199c6b44b1c6a46303f7b965e508f1,100231 5 100753 9 101276 11 101799 13 102323 13 102846 15 103370 14 103894 14 104418 14 104942 14 105466 13 105990 13 106514 13 107039 12 107563 11 108088 10 108613 8
1d9eacb3161f1e2b45550389ecf7c535c7199c6b44b1c6a46303f7b965e508f1,82419 8 82941 11 83465 11 83988 13 84512 13 85036 13 85560 13 86083 13 86607 13 87131 13 87654 14 88178 14 88702 14 89226 14 89749 15 90274 13 90798 13 91323 11 91848 8
1d9eacb3161f1e2b45550389ecf7c535c7199c6b44b1c6a46303f7b965e508f1,161020 5 161542 9 162065 11 162589 11 163112 13 163636 13 164160 13 164684 13 165208 12 165733 11 166257 11 166781 10 167305 10 167830 8 168354 8 168879 6
1d9eacb3161f1e2b45550389ecf7c535c7199c6b44b1c6a46303f7b965e508f1,49939 3 50462 7 50986 7 51509 9 52033 9 52557 9 53080 11 53604 11 54128 11 54652 11 55175 12 55699 12 56222 13 56746 13 57270 12 57794 12 58318 11 58843 9 59367 7
1d9eacb3161f1e2b45550389ecf7c535c7199c6b44b1c6a46303f7b965e508f1,99211 4 99735 5 100258 6 100782 7 101306 7 101830 1 101835 2 102354 1 102359 1
1d9eacb3161f1e2b45550389ecf7c535c7199c6b44b1c6a46303f7b965e508f1,101831 4 102355 4 102878 6 103402 6 103926 7 104449 8 104973 1 104980 1 105497 1 105504 1
1d9eacb3161f1e2b45550389ecf7c535c7199c6b44b1c6a46303f7b965e508f1,104974 6 105498 6 106021 8 106545 8 107069 9 107593 9 108117 9 108641 1 108649 1 109165 1 109173 1
1d9eacb3161f1e2b45550389ecf7c535c7199c6b44b1c6a46303f7b965e508f1,108642 7 109166 7 109689 9 110213 9 110737 9 111261 9 111785 9 112309 9 112833 8 113357 8 113882 7 114406 7 114931 5 115455 5
1d9eacb3161f1e2b45550389ecf7c535c7199c6b44b1c6a46303f7b965e508f1,115992 6 116515 8 117038 10 117562 10 118085 12 118609 12 119133 12 119657 5 119668 1 120181 1 120192 1 120705 1
1d9eacb3161f1e2b45550389ecf7c535c7199c6b44b1c6a46303f7b965e508f1,119662 6 120182 10 120706 11 121229 12 121753 12 122277 13 122801 13 123325 13 123849 1 123861 1 124373 1 124385 1
1d9eacb3161f1e2b45550389ecf7c535c7199c6b44b1c6a46303f7b965e508f1,123850 11 124374 11 124897 13 125421 13 125945 13 126469 13 126994 12 127518 11 128043 10 128568 8
1d9eacb3161f1e2b45550389ecf7c535c7199c6b44b1c6a46303f7b965e508f1,162626 1 163150 1 163159 1 163674 4 163683 1 164198 1 164207 1 164722 1 164731 1
1d9eacb3161f1e2b45550389ecf7c535c7199c6b44b1c6a46303f7b965e508f1,164199 8 164723 8 165246 10 165770 10 166294 10 166818 10 167342 10 167866 9 168390 9 168914 8 169438 8 169962 7 170486 7 171011 5 171535 4 172060 3
1d9eacb3161f1e2b45550389ecf7c535c7199c6b44b1c6a46303f7b965e508f1,153197 4 153720 6 154244 7 154767 9 155291 9 155814 11 156338 11 156862 11 157386 1 157397 1 157910 1 157921 1
1d9eacb3161f1e2b45550389ecf7c535c7199c6b44b1c6a46303f7b965e508f1,157387 10 157911 10 158434 12 158958 11 159482 11 160006 11 160530 11 161054 11 161578 10 162102 10 162627 9 163151 8 163678 5
1d9eacb3161f1e2b45550389ecf7c535c7199c6b44b1c6a46303f7b965e508f1,177827 6 178350 8 178874 8 179397 10 179921 10 180445 10 180970 8 181494 8 182019 7
1d9eacb3161f1e2b45550389ecf7c535c7199c6b44b1c6a46303f7b965e508f1,74605 4 75128 5 75652 6 76175 7 76699 7 77224 6 77748 5 78274 1
1d9eacb3161f1e2b45550389ecf7c535c7199c6b44b1c6a46303f7b965e508f1,31115 1 31639 1 31648 1 32163 4 32172 1 32687 10 33210 11 33734 11 34258 12 34782 1 34793 1 35306 1 35317 1
1d9eacb3161f1e2b45550389ecf7c535c7199c6b44b1c6a46303f7b965e508f1,34783 10 35307 10 35830 12 36354 12 36878 12 37402 12 37927 10 38451 10 38976 8 39502 4
1d9eacb3161f1e2b45550389ecf7c535c7199c6b44b1c6a46303f7b965e508f1,24306 7 24829 8 25353 9 25876 10 26400 10 26923 11 27447 11 27971 11 28495 11 29019 11 29543 11 30067 10 30591 10 31116 9 31640 8 32167 5
1d9eacb3161f1e2b45550389ecf7c535c7199c6b44b1c6a46303f7b965e508f1,76761 3 77284 4 77808 4 78332 3 78856 3
1d9eacb3161f1e2b45550389ecf7c535c7199c6b44b1c6a46303f7b965e508f1,29080 3 29603 4 30126 6 30650 6 31173 7 31697 7 32221 7 32745 6 33269 6 33793 6 34318 4 34842 4
1d9eacb3161f1e2b45550389ecf7c535c7199c6b44b1c6a46303f7b965e508f1,21744 2 22268 2 22275 1 22792 1 22799 1 23316 1 23323 1
1d9eacb3161f1e2b45550389ecf7c535c7199c6b44b1c6a46303f7b965e508f1,22793 6 23317 6 23840 8 24364 8 24887 9 25411 8 25936 7 26460 6 26985 4 27509 3
1d9eacb3161f1e2b45550389ecf7c535c7199c6b44b1c6a46303f7b965e508f1,15985 3 16508 4 17031 6 17555 6 18078 7 18602 7 19126 7 19649 8 20173 8 20697 8 21221 7 21746 6 22270 5
1d9eacb3161f1e2b45550389ecf7c535c7199c6b44b1c6a46303f7b965e508f1,92488 3 93011 5 93534 6 94058 7 94581 8 95105 8 95629 8 96153 8 96677 7 97201 7 97725 6 98249 6 98773 6 99297 5 99822 4 100346 3
1d9eacb3161f1e2b45550389ecf7c535c7199c6b44b1c6a46303f7b965e508f1,101444 8 101966 11 102490 11 103013 13 103537 13 104061 14 104585 14 105109 14 105634 13 106158 13 106682 14 107206 14 107730 13 108255 12 108779 11 109304 10 109829 6
1d9eacb3161f1e2b45550389ecf7c535c7199c6b44b1c6a46303f7b965e508f1,22325 2 22849 3 23372 4 23896 4 24420 4 24944 4 25468 4 25992 4 26517 1
1d9eacb3161f1e2b45550389ecf7c535c7199c6b44b1c6a46303f7b965e508f1,59036 1 59560 1 59571 1 60084 5 60095 1 60608 11 61133 10 61657 9 62182 7 62706 6 63231 4
1d9eacb3161f1e2b45550389ecf7c535c7199c6b44b1c6a46303f7b965e508f1,55369 1 55893 1 55904 1 56417 5 56428 1 56941 11 57465 11 57989 11 58512 12 59037 11 59561 10 60089 6
1d9eacb3161f1e2b45550389ecf7c535c7199c6b44b1c6a46303f7b965e508f1,48563 4 49086 6 49609 7 50132 9 50655 10 51179 11 51702 12 52226 12 52750 12 53273 13 53797 13 54321 12 54845 12 55370 11 55894 10 56422 6
1d9eacb3161f1e2b45550389ecf7c535c7199c6b44b1c6a46303f7b965e508f1,37030 2 37554 2 38078 4 38602 9 39126 9 39650 9 40174 9 40699 7 41223 7 41748 5
1d9eacb3161f1e2b45550389ecf7c535c7199c6b44b1c6a46303f7b965e508f1,30745 1 31269 1 31276 1 31793 3 31800 1 32316 9 32840 9 33364 9 33887 10 34411 9 34935 9 35459 9 35983 9 36507 9 37032 8 37556 7 38082 5
1d9eacb3161f1e2b45550389ecf7c535c7199c6b44b1c6a46303f7b965e508f1,27603 1 28127 2 28132 1 28651 2 28656 1 29174 7 29698 7 30221 8 30746 7 31270 6 31796 4
1d9eacb3161f1e2b45550389ecf7c535c7199c6b44b1c6a46303f7b965e508f1,25509 3 26033 3 26556 5 27080 5 27604 5 28129 3 28653 3
1d9eacb3161f1e2b45550389ecf7c535c7199c6b44b1c6a46303f7b965e508f1,172248 2 172771 3 173295 6 173818 11 174341 12 174864 12 175387 13 175911 13 176434 14 176957 14 177481 14 178004 15 178528 14 179053 13 179577 12 180103 9
1d9eacb3161f1e2b45550389ecf7c535c7199c6b44b1c6a46303f7b965e508f1,163350 5 163872 7 164395 9 164918 10 165441 11 165965 11 166488 12 167012 12 167535 12 168059 12 168583 11 169107 11 169630 11 170154 11 170678 10 171202 10 171725 10 172250 8 172774 8 173301 4
1d9eacb3161f1e2b45550389ecf7c535c7199c6b44b1c6a46303f7b965e508f1,122496 1 123019 1 123542 3 124065 4 124588 7 125112 8 125635 12 126158 13 126682 12 127205 12 127729 12 128252 12 128776 12 129299 12 129823 11 130347 10 130871 9 131395 8 131919 7 132442 7 132966 6 133491 5 134015 4
1d9eacb3161f1e2b45550389ecf7c535c7199c6b44b1c6a46303f7b965e508f1,118314 3 118836 5 119359 7 119881 9 120404 9 120927 10 121450 10 121973 10 122497 10 123020 10 123545 9 124069 8 124595 6 125120 4
1d9eacb3161f1e2b45550389ecf7c535c7199c6b44b1c6a46303f7b965e508f1,147132 5 147656 5 148179 2 148184 2 148703 1 148708 1 149227 1
1d9eacb3161f1e2b45550389ecf7c535c7199c6b44b1c6a46303f7b965e508f1,148181 3 148704 4 149228 5 149751 6 150275 6 150798 8 151322 8 151846 8 152369 8 152893 8 153416 8 153941 6 154465 4
1d9eacb3161f1e2b45550389ecf7c535c7199c6b44b1c6a46303f7b965e508f1,159192 5 159714 9 160237 10 160761 11 161284 12 161808 12 162331 12 162854 13 163377 13 163900 14 164423 15 164947 15 165470 16 165994 16 166518 17 167042 17 167566 17 168091 16 168615 16 169140 14 169664 14 170189 12 170715 8
1d9eacb3161f1e2b45550389ecf7c535c7199c6b44b1c6a46303f7b965e508f1,89506 5 90028 7 90552 8 91075 9 91599 10 92123 10 92646 12 93171 12 93694 14 94218 14 94742 15 95266 15 95789 16 96313 16 96837 15 97360 16 97885 14 98409 14 98934 12 99458 12 99983 9
1d9eacb3161f1e2b45550389ecf7c535c7199c6b44b1c6a46303f7b965e508f1,57025 6 57547 10 58070 11 58593 13 59117 13 59640 14 60164 14 60687 15 61211 15 61735 15 62259 15 62783 15 63307 15 63831 15 64356 14 64880 13 65405 12 65930 9
1d9eacb3161f1e2b45550389ecf7c535c7199c6b44b1c6a46303f7b965e508f1,111521 1 112044 2 112568 5 113091 7 113615 12 114139 11 114663 11 115188 9 115712 7 116237 4
1d9eacb3161f1e2b45550389ecf7c535c7199c6b44b1c6a46303f7b965e508f1,109950 2 110474 2 110997 6 111522 11 112046 10 112573 7 113098 5
1d9eacb3161f1e2b45550389ecf7c535c7199c6b44b1c6a46303f7b965e508f1,103150 3 103673 4 104196 6 104719 7 105242 8 105764 10 106287 11 106810 11 107333 12 107856 13 108380 12 108903 13 109427 13 109952 11 110476 11 111003 7
1d9eacb3161f1e2b45550389ecf7c535c7199c6b44b1c6a46303f7b965e508f1,143495 2 144019 2 144543 4 144551 1 145066 10 145590 9 146113 10 146637 9 147161 9 147686 7 148210 6
1d9eacb3161f1e2b45550389ecf7c535c7199c6b44b1c6a46303f7b965e508f1,139832 3 140354 6 140877 7 141401 8 141924 9 142448 9 142972 9 143497 7 144021 7 144547 4
1d9eacb3161f1e2b45550389ecf7c535c7199c6b44b1c6a46303f7b965e508f1,73823 19 74346 21 74870 22 75393 23 75917 24 76442 23 76966 23 77491 22 78016 21 78541 20 79067 18 79592 4 79608 2 80118 2 80132 2
1d9eacb3161f1e2b45550389ecf7c535c7199c6b44b1c6a46303f7b965e508f1,79596 12 80120 12 80643 14 81168 13 81692 13 82215 15 82739 15 83262 16 83786 16 84309 16 84833 16 85357 16 85881 15 86405 15 86929 14 87453 13 87978 12 88502 11 89026 10 89551 8 90075 7 90601 3
1d9eacb3161f1e2b45550389ecf7c535c7199c6b44b1c6a46303f7b965e508f1,143008 4 143529 9 144052 11 144575 12 145098 14 145622 13 146145 14 146669 14 147192 14 147716 14 148240 13 148763 14 149287 13 149811 13 150335 12 150859 11 151383 11 151908 9 152432 7
1d9eacb3161f1e2b45550389ecf7c535c7199c6b44b1c6a46303f7b965e508f1,39788 2 40310 4 40833 8 41356 9 41879 10 42403 9 42926 10 43450 10 43973 11 44497 10 45021 10 45544 11 46068 11 46592 11 47115 12 47639 12 48163 12 48686 13 49210 12 49733 13 50257 13 50781 13 51305 12 51828 13 52352 13 52876 12 53400 12 53924 11 54448 11 54972 10 55496 10 56020 9 56544 8 57069 7 57593 5
1d9eacb3161f1e2b45550389ecf7c535c7199c6b44b1c6a46303f7b965e508f1,23033 3 23554 6 24076 9 24595 14 25117 16 25640 17 26162 18 26686 18 27209 19 27733 19 28257 18 28781 18 29305 18 29829 18 30353 19 30877 18 31402 17 31926 16 32451 15 32976 1 32989 1 33500 1 33513 1
1d9eacb3161f1e2b45550389ecf7c535c7199c6b44b1c6a46303f7b965e508f1,32977 12 33501 12 34024 14 34548 14 35072 14 35596 14 36120 13 36644 13 37168 12 37693 10 38217 9 38741 7 39265 5 39790 3 40314 3
1d9eacb3161f1e2b45550389ecf7c535c7199c6b44b1c6a46303f7b965e508f1,137254 1 137778 1 138302 11 138826 11 139350 11 139875 10 140399 10 140923 10 141448 8 141972 8 142497 6 143023 3
1d9eacb3161f1e2b45550389ecf7c535c7199c6b44b1c6a46303f7b965e508f1,131494 6 132016 10 132540 10 133063 12 133587 12 134110 13 134634 13 135158 13 135682 13 136206 12 136730 12 137255 10 137779 10
1d9eacb3161f1e2b45550389ecf7c535c7199c6b44b1c6a46303f7b965e508f1,115254 6 115777 9 116301 9 116824 11 117348 11 117871 12 118395 13 118919 13 119444 11 119968 11 120493 10 121017 9 121542 8 122068 3
1d9eacb3161f1e2b45550389ecf7c535c7199c6b44b1c6a46303f7b965e508f1,162413 1 162936 2 162949 1 163460 13 163984 13 164507 13 165031 13 165555 12 166079 12 166604 10 167128 8 167653 6
1d9eacb3161f1e2b45550389ecf7c535c7199c6b44b1c6a46303f7b965e508f1,156653 7 157175 11 157699 11 158222 13 158746 13 159270 13 159794 13 160318 13 160842 13 161365 14 161889 13 162414 12 162938 11
1d9eacb3161f1e2b45550389ecf7c535c7199c6b44b1c6a46303f7b965e508f1,85914 6 86437 7 86961 7 87485 6 88011 3
1d9eacb3161f1e2b45550389ecf7c535c7199c6b44b1c6a46303f7b965e508f1,69148 1 70195 2 70718 3 71242 6 71765 8 72289 14 72812 15 73336 14 73861 12 74385 12 74910 9
1d9eacb3161f1e2b45550389ecf7c535c7199c6b44b1c6a46303f7b965e508f1,64963 5 65485 9 66008 11 66531 13 67055 13 67578 15 68102 15 68625 16 69149 15 69672 16 70197 14 70721 13 71248 9 71773 7
1ef68e93964c2d9230100c1347c328f6385a7bc027879dc3d4c055e6fe80cb3c,11533 6 11787 9 12043 10 12298 12 12554 12 12809 14 13065 14 13321 14 13577 14 13833 13 14090 12 14346 11 14603 9 14860 7
1ef68e93964c2d9230100c1347c328f6385a7bc027879dc3d4c055e6fe80cb3c,5394 3 5648 8 5902 11 6157 13 6413 13 6668 15 6924 15 7180 15 7435 16 7691 15 7948 14 8204 13 8461 12 8717 10
1ef68e93964c2d9230100c1347c328f6385a7bc027879dc3d4c055e6fe80cb3c,41238 4 41493 7 41744 13 41998 16 42254 16 42509 18 42765 18 43021 18 43277 18 43533 17 43790 16 44046 15 44303 14 44559 12
1ef68e93964c2d9230100c1347c328f6385a7bc027879dc3d4c055e6fe80cb3c,18198 10 18454 11 18709 12 18965 13 19221 13 19477 13 19733 13 19989 13 20245 12 20502 11 20758 10 21015 8
1ef68e93964c2d9230100c1347c328f6385a7bc027879dc3d4c055e6fe80cb3c,31516 7 31769 11 32024 12 32279 12 32534 13 32790 13 33045 14 33301 14 33557 15 33813 15 34069 17 34326 16 34582 15 34840 12 35097 10
1ef68e93964c2d9230100c1347c328f6385a7bc027879dc3d4c055e6fe80cb3c,31527 4 31780 9 32036 9 32291 11 32547 11 32803 12 33059 12 33315 12 33572 12 33828 12 34087 9 34344 8 34601 7 34857 6 35114 5
1ef68e93964c2d9230100c1347c328f6385a7bc027879dc3d4c055e6fe80cb3c,12583 4 12838 6 13093 7 13348 9 13604 9 13859 10 14115 10 14370 11 14626 11 14882 11 15138 11 15395 10 15651 10 15908 8 16164 8 16421 6
1ef68e93964c2d9230100c1347c328f6385a7bc027879dc3d4c055e6fe80cb3c,62789 7 63043 10 63299 10 63554 12 63810 12 64066 12 64322 12 64578 12 64834 11 65090 11 65346 11
1ef68e93964c2d9230100c1347c328f6385a7bc027879dc3d4c055e6fe80cb3c,8269 3 8276 8 8523 7 8532 9 8777 20 9033 21 9288 22 9544 22 9799 22 10055 22 10312 19 10568 17 10824 15 11080 15 11336 16 11592 16 11848 16 12105 15 12361 15 12618 13 12874 13 13132 10 13391 4
1ef68e93964c2d9230100c1347c328f6385a7bc027879dc3d4c055e6fe80cb3c,18773 9 19027 12 19282 14 19537 16 19793 17 20048 18 20304 19 20560 19 20816 19 21073 18 21329 18 21586 16 21842 16 22099 14 22358 9
1ef68e93964c2d9230100c1347c328f6385a7bc027879dc3d4c055e6fe80cb3c,11888 5 12142 7 12397 9 12653 9 12908 10 13164 11 13420 11 13677 10 13933 9 14190 8 14449 4
1ef68e93964c2d9230100c1347c328f6385a7bc027879dc3d4c055e6fe80cb3c,12412 4 12667 8 12923 9 13178 11 13434 12 13690 12 13946 13 14203 12 14459 12 14716 11 14974 8 15233 5
1ef68e93964c2d9230100c1347c328f6385a7bc027879dc3d4c055e6fe80cb3c,134 10 390 10 646 8 903 6
1ef68e93964c2d9230100c1347c328f6385a7bc027879dc3d4c055e6fe80cb3c,1422 5 1676 9 1931 11 2186 12 2442 13 2697 14 2954 13 3210 12 3467 11 3730 3
1ef68e93964c2d9230100c1347c328f6385a7bc027879dc3d4c055e6fe80cb3c,23437 3 23693 3 23948 8 24204 8 24461 6 24717 6 24974 4
1ef68e93964c2d9230100c1347c328f6385a7bc027879dc3d4c055e6fe80cb3c,20112 6 20367 8 20622 10 20878 10 21133 12 21389 12 21645 12 21901 12 22158 11 22414 11 22671 10 22927 9 23183 9 23440 7 23696 3
1ef68e93964c2d9230100c1347c328f6385a7bc027879dc3d4c055e6fe80cb3c,9373 5 9627 9 9882 11 10137 13 10392 14 10647 16 10902 17 11157 18 11413 18 11668 18 11924 18 12180 17 12436 16 12693 14 12949 14 13206 12 13463 9 13720 7
1ef68e93964c2d9230100c1347c328f6385a7bc027879dc3d4c055e6fe80cb3c,23969 7 24225 7 24480 9 24736 9 24992 9 25248 9 25504 9 25761 7 26017 7 26275 4
1ef68e93964c2d9230100c1347c328f6385a7bc027879dc3d4c055e6fe80cb3c,166 9 422 9 677 11 933 11 1188 13 1444 13 1699 15 1955 15 2211 14 2468 13 2724 12 2984 6
1ef68e93964c2d9230100c1347c328f6385a7bc027879dc3d4c055e6fe80cb3c,13482 4 13736 6 13991 8 14246 9 14502 9 14757 10 15013 9 15269 9 15526 7 15782 6
1ef68e93964c2d9230100c1347c328f6385a7bc027879dc3d4c055e6fe80cb3c,7356 5 7609 8 7863 11 8119 11 8374 12 8630 12 8885 14 9141 14 9397 13 9654 12 9910 11 10167 10 10423 9 10680 7 10937 4
1ef68e93964c2d9230100c1347c328f6385a7bc027879dc3d4c055e6fe80cb3c,6392 5 6648 6 6903 7 7152 15 7408 15 7663 16 7919 16 8174 17 8430 17 8686 17 8942 17 9198 17 9455 15 9711 15 9968 13 10224 13 10480 12 10737 10 10993 8 11251 4
1ef68e93964c2d9230100c1347c328f6385a7bc027879dc3d4c055e6fe80cb3c,20471 3 20479 2 20726 6 20734 3 20982 11 21237 12 21493 12 21749 12 22005 12 22261 12 22517 12 22773 12 23030 11 23286 11 23543 10 23801 8 24058 7
1ef68e93964c2d9230100c1347c328f6385a7bc027879dc3d4c055e6fe80cb3c,2042 7 2296 9 2552 9 2807 10 3063 10 3319 10 3576 9 3832 9 4089 8 4347 6
259b35151d4a7a5ffdd7ab7f171b142db8cfe40beeee67277fac6adca4d042c4,107523 3 108035 4 108546 5 109057 7 109569 7 110081 7 110593 7 111105 8 111617 8 112129 8 112641 8 113153 8 113665 7 114178 6 114691 5 115203 5 115716 3 116228 3
259b35151d4a7a5ffdd7ab7f171b142db8cfe40beeee67277fac6adca4d042c4,202756 2 203267 2 203779 3 204290 4 204802 5 205314 6 205826 5 206339 4 206852 2 207364 2
259b35151d4a7a5ffdd7ab7f171b142db8cfe40beeee67277fac6adca4d042c4,206337 2 206849 3 207361 3 207873 4 208385 4 208897 4 209409 3 209921 3 210433 3 210945 3 211457 3 211969 4 212481 4 212993 5 213505 6 214017 7 214529 7 215041 8 215559 2 216071 1
259b35151d4a7a5ffdd7ab7f171b142db8cfe40beeee67277fac6adca4d042c4,215553 6 216065 6 216577 7 217089 7 217601 8 218113 8 218626 7 219138 7 219651 5 220163 5 220676 3 221188 3
259b35151d4a7a5ffdd7ab7f171b142db8cfe40beeee67277fac6adca4d042c4,218123 1 218634 2 219146 5 219659 4 220171 3
259b35151d4a7a5ffdd7ab7f171b142db8cfe40beeee67277fac6adca4d042c4,201737 8 202246 16 202758 17 203269 18 203782 18 204294 18 204807 17 205322 14 205834 14 206346 15 206857 18 207369 19 207881 19 208393 20 208905 20 209417 21 209929 21 210441 21 210953 22 211465 23 211977 24 212489 24 213001 25 213513 26 214025 26 214537 27 215050 26 215562 26 216075 25 216588 24 217100 25 217611 26 218124 5 218132 17 218636 4 218646 15 219159 14 219672 13 220185 11 220698 10 221211 8 221724 6 222237 4
259b35151d4a7a5ffdd7ab7f171b142db8cfe40beeee67277fac6adca4d042c4,268804 9 269315 11 269827 11 270338 13 270849 14 271361 14 271873 14 272385 14 272897 14 273409 14 273921 15 274433 15 274945 15 275457 16 275969 16 276481 17 276993 17 277505 17 278017 17 278529 18 279041 18 279553 18 280065 18 280577 18 281089 18 281601 18 282113 18 282625 18 283137 17 283650 16 284162 15 284674 13 285186 13 285698 12 286211 11 286723 10 287235 10 287747 9 288259 8 288772 4 289284 3
259b35151d4a7a5ffdd7ab7f171b142db8cfe40beeee67277fac6adca4d042c4,99844 1 100355 3 100867 3 101380 3 101892 3 102404 4 102917 3 103429 3 103942 2
259b35151d4a7a5ffdd7ab7f171b142db8cfe40beeee67277fac6adca4d042c4,343555 1 344066 2 344578 3 345090 7 345602 8 346114 7 346627 6 347139 5 347652 4
259b35151d4a7a5ffdd7ab7f171b142db8cfe40beeee67277fac6adca4d042c4,335880 4 336391 6 336902 7 337413 9 337925 9 338436 10 338948 10 339460 10 339972 11 340483 11 340995 11 341507 10 342019 9 342531 8 343043 7 343556 6 344068 5 344581 4
259b35151d4a7a5ffdd7ab7f171b142db8cfe40beeee67277fac6adca4d042c4,27177 2 27689 2 28200 9 28712 14 29223 18 29735 18 30246 18 30758 18 31269 19 31781 19 31803 1 32293 22 32805 23 33317 23 33829 24 34341 26 34854 25 35366 30 35879 28 36391 29 36904 28 37416 30 37929 26 38443 22 38965 11 39478 7
259b35151d4a7a5ffdd7ab7f171b142db8cfe40beeee67277fac6adca4d042c4,19510 5 20019 10 20530 13 21040 14 21551 15 22062 16 22574 16 23085 17 23597 17 24109 17 24620 18 25132 19 25643 20 26155 22 26666 22 27179 20 27691 19 28209 12 28726 6
259b35151d4a7a5ffdd7ab7f171b142db8cfe40beeee67277fac6adca4d042c4,20031 5 20543 7 21054 9 21566 11 22078 12 22590 12 23102 8 23614 7 24126 5 24638 5 25151 3 25663 3
259b35151d4a7a5ffdd7ab7f171b142db8cfe40beeee67277fac6adca4d042c4,23110 5 23621 7 24131 10 24643 11 25154 16 25666 16 26179 16 26691 16 27203 17 27715 17 28226 18 28737 19 29248 20 29758 21 30269 22 30781 22 31292 23 31804 22 32315 23 32828 21 33340 21 33853 4 33860 12 34373 10 34884 11 35396 10 35907 10 36420 8 36932 6
259b35151d4a7a5ffdd7ab7f171b142db8cfe40beeee67277fac6adca4d042c4,216621 3 217132 5 217643 6 218155 7 218666 8 219178 8 219691 7 220203 7 220716 5 221229 4
259b35151d4a7a5ffdd7ab7f171b142db8cfe40beeee67277fac6adca4d042c4,120396 7 120905 12 121416 14 121926 18 122437 19 122459 3 122949 25 123460 25 123970 27 124482 27 124993 28 125505 28 126016 30 126528 30 127039 31 127551 31 128063 31 128575 31 129087 32 129599 32 130111 32 130623 30 131135 27 131648 25 132160 24 132672 23 133185 21 133697 20 134210 19 134733 7
259b35151d4a7a5ffdd7ab7f171b142db8cfe40beeee67277fac6adca4d042c4,118894 3 119406 3 119917 5 120420 6 120427 7 120929 17 121440 18 121951 18 122462 19 122974 18 123485 19 123997 18 124509 17 125021 17 125533 16 126046 15 126558 14 127070 13 127582 12 128094 11 128606 10 129119 6 129631 3
259b35151d4a7a5ffdd7ab7f171b142db8cfe40beeee67277fac6adca4d042c4,158279 6 158788 10 159299 13 159811 15 160322 19 160834 19 161346 20 161858 20 162370 20 162882 21 163394 21 163906 22 164418 22 164930 22 165442 22 165954 23 166466 23 166978 23 167491 21 168003 21 168516 18 169030 15 169543 13 170055 12 170568 11 171079 11 171591 11 172102 11 172615 5 172622 3 173127 4
259b35151d4a7a5ffdd7ab7f171b142db8cfe40beeee67277fac6adca4d042c4,328776 5 329288 6 329799 9 330311 10 330823 11 331335 13 331847 14 332359 15 332872 15 333384 16 333897 15 334409 16 334922 15 335434 15 335947 14 336461 8 336974 6 337487 3 338000 2
259b35151d4a7a5ffdd7ab7f171b142db8cfe40beeee67277fac6adca4d042c4,336469 4 336980 6 337490 8 338002 18 338513 21 339026 21 339538 23 340050 24 340563 24 341075 24 341587 25 342099 26 342611 26 343123 27 343635 27 344147 28 344659 29 345171 30 345684 32 346196 33 346710 32 347223 31 347735 32
259b35151d4a7a5ffdd7ab7f171b142db8cfe40beeee67277fac6adca4d042c4,196692 4 197203 6 197714 6 198225 7 198737 6 199248 7 199760 7 200271 8 200781 10 201293 10 201804 11 202316 10 202828 10 203340 10 203853 9 204365 9 204878 8 205391 7 205905 5 206421 1 206934 1
259b35151d4a7a5ffdd7ab7f171b142db8cfe40beeee67277fac6adca4d042c4,197720 3 198232 5 198743 7 199255 8 199767 10 200279 15 200791 18 201303 21 201815 25 202326 26 202838 27 203350 27 203862 27 204374 29 204886 30 205398 31 205910 31 206422 32 206935 31 207447 33 207960 33 208473 33 208985 35 209498 34 210011 34 210524 33 211037 33 211550 32 212064 30 212578 29 213093 27 213606 22 214119 20 214633 17 215146 15 215660 12 216174 10 216691 4 217206 1
259b35151d4a7a5ffdd7ab7f171b142db8cfe40beeee67277fac6adca4d042c4,213628 5 214139 7 214650 9 215161 11 215672 13 216184 14 216695 15 217207 16 217720 15 218232 16 218745 15 219258 14 219770 14 220282 13 220795 12 221307 11 221820 9 222334 5
259b35151d4a7a5ffdd7ab7f171b142db8cfe40beeee67277fac6adca4d042c4,304732 3 305241 8 305753 9 306264 11 306776 12 307287 14 307799 15 308311 17 308823 17 309335 18 309847 18 310359 19 310871 20 311384 20 311896 20 312408 21 312921 20 313433 20 313946 19 314459 17 314971 17 315484 14 315997 11 316510 8 317023 3
259b35151d4a7a5ffdd7ab7f171b142db8cfe40beeee67277fac6adca4d042c4,86640 2 87150 4 87661 16 88171 18 88682 19 89193 24 89704 26 90215 27 90727 28 91238 28 91750 28 92261 27 92773 25 93285 24 93796 24 94308 21 94821 17 95333 16 95846 13
259b35151d4a7a5ffdd7ab7f171b142db8cfe40beeee67277fac6adca4d042c4,60024 2 60534 3 61045 4 61555 6 62066 8 62578 8 63089 10 63601 11 64113 11 64624 14 65136 13 65648 12 66160 12 66672 12 67185 10 67697 10 68209 1 68721 1
259b35151d4a7a5ffdd7ab7f171b142db8cfe40beeee67277fac6adca4d042c4,68210 9 68722 9 69233 11 69745 11 70258 10 70770 11 71282 11 71794 5 72306 1 72317 1 72818 1
259b35151d4a7a5ffdd7ab7f171b142db8cfe40beeee67277fac6adca4d042c4,71799 6 72307 10 72819 11 73330 12 73842 12 74354 13 74866 14 75378 14 75890 15 76402 18 76914 19 77427 21 77939 22 78451 22 78963 23 79475 23 79986 24 80498 25 81010 25 81522 24 82034 24 82546 23 83058 22 83570 19 84082 18 84594 16 85106 15 85618 15 86129 15 86642 12 87154 11
259b35151d4a7a5ffdd7ab7f171b142db8cfe40beeee67277fac6adca4d042c4,57982 3 58492 8 59003 10 59514 12 60026 12 60537 14 61049 13 61561 13 62074 11 62586 11 63099 9 63612 6 64124 4
259b35151d4a7a5ffdd7ab7f171b142db8cfe40beeee67277fac6adca4d042c4,253545 4 254054 11 254565 16 255077 18 255588 21 256100 22 256612 24 257125 25 257637 29 258150 28 258663 26 259176 25 259690 23 260204 21 260717 19 261230 18 261743 17 262257 15 262770 14 263284 7 263296 1 263797 5
259b35151d4a7a5ffdd7ab7f171b142db8cfe40beeee67277fac6adca4d042c4,257666 4 258178 2 258689 3 259201 2 259713 2 260225 2 260736 3 261248 2 261760 2 262272 2 262784 2 263297 1 263809 1 264322 1
259b35151d4a7a5ffdd7ab7f171b142db8cfe40beeee67277fac6adca4d042c4,258180 4 258692 5 259203 7 259715 8 260227 9 260739 10 261250 13 261762 14 262274 12 262786 11 263298 10 263810 9 264323 8 264835 7 265348 6 265866 1
259b35151d4a7a5ffdd7ab7f171b142db8cfe40beeee67277fac6adca4d042c4,262286 3 262797 6 263308 8 263819 11 264331 11 264842 12 265354 11 265867 10 266379 9 266892 8 267405 8 267919 6
259b35151d4a7a5ffdd7ab7f171b142db8cfe40beeee67277fac6adca4d042c4,264342 6 264854 8 265365 10 265877 11 266388 13 266900 13 267413 13 267925 12 268439 10 268952 5 269464 4
259b35151d4a7a5ffdd7ab7f171b142db8cfe40beeee67277fac6adca4d042c4,179307 1 179818 4 180330 4 180842 3 181353 4 181864 1 181867 1 182376 1
259b35151d4a7a5ffdd7ab7f171b142db8cfe40beeee67277fac6adca4d042c4,230510 7 231022 10 231533 12 232046 12 232558 12 233071 9 233583 8 234097 5 234610 4 235124 1
259b35151d4a7a5ffdd7ab7f171b142db8cfe40beeee67277fac6adca4d042c4,233080 3 233591 7 234102 19 234614 21 235125 23 235638 23 236150 24 236661 25 237167 32 237678 34 238190 35 238701 36 239213 37 239725 38 240237 38 240750 38 241262 38 241775 23 242287 19 242802 16 243315 14 243828 12 244341 10 244853 9 245366 7 245879 6 246394 2 246908 1
259b35151d4a7a5ffdd7ab7f171b142db8cfe40beeee67277fac6adca4d042c4,249468 2 249978 4 250490 10 251001 19 251514 19 252026 19 252539 20 253051 23 253564 24 254078 22 254594 19 255107 18 255620 16 256134 14
259b35151d4a7a5ffdd7ab7f171b142db8cfe40beeee67277fac6adca4d042c4,241798 15 242306 20 242818 21 243329 23 243840 24 244351 26 244862 27 245373 28 245885 27 246396 28 246909 27 247421 26 247934 25 248446 24 248957 25 249470 23 249982 21 250500 12
259b35151d4a7a5ffdd7ab7f171b142db8cfe40beeee67277fac6adca4d042c4,325749 3 326260 5 326772 5 327283 7 327795 4 328308 2 328820 2
259b35151d4a7a5ffdd7ab7f171b142db8cfe40beeee67277fac6adca4d042c4,327799 3 328310 4 328822 5 329333 7 329845 7 330358 7 330870 7 331382 7 331895 6 332407 5 332920 4
259b35151d4a7a5ffdd7ab7f171b142db8cfe40beeee67277fac6adca4d042c4,329864 3 330375 4 330885 7 331396 8 331907 9 332419 9 332930 9 333442 9 333955 7 334467 7 334982 3
259b35151d4a7a5ffdd7ab7f171b142db8cfe40beeee67277fac6adca4d042c4,89739 3 90250 5 90760 1 90762 5 91272 7 91786 4
259b35151d4a7a5ffdd7ab7f171b142db8cfe40beeee67277fac6adca4d042c4,279175 6 279687 3 280198 4 280711 2 281223 3 281737 1
259b35151d4a7a5ffdd7ab7f171b142db8cfe40beeee67277fac6adca4d042c4,279690 7 280202 10 280713 15 281226 15 281738 13 282251 12 282763 11 283276 10 283788 10 284300 10 284812 9 285324 9 285836 8 286349 7 286861 6 287374 5 287891 1
259b35151d4a7a5ffdd7ab7f171b142db8cfe40beeee67277fac6adca4d042c4,281751 3 282263 4 282774 7 283286 10 283798 11 284310 12 284821 14 285333 15 285844 16 286356 17 286867 18 287379 19 287892 18 288404 19 288917 18 289429 17 289941 17 290453 16 290964 17 291476 13 291989 5 292501 3
259b35151d4a7a5ffdd7ab7f171b142db8cfe40beeee67277fac6adca4d042c4,152715 3 153226 5 153738 5 154249 7 154761 7 155272 8 155784 8 156296 8 156809 7 157321 6 157834 5 158347 3
259b35151d4a7a5ffdd7ab7f171b142db8cfe40beeee67277fac6adca4d042c4,49810 1 50833 2 51344 3 51856 5 52367 7 52879 12 53391 12 53903 11 54415 11 54928 10 55440 9 55953 8 56467 5
259b35151d4a7a5ffdd7ab7f171b142db8cfe40beeee67277fac6adca4d042c4,34972 6 35483 15 35994 17 36506 18 37017 20 37529 22 38040 27 38551 31 39063 32 39574 33 40085 35 40597 35 41108 37 41620 37 42131 38 42643 38 43155 39 43668 38 44180 39 44692 39 45204 39 45716 39 46228 40 46740 40 47252 40 47764 41 48276 41 48788 41 49299 42 49811 42 50322 42 50835 41 51347 40 51861 38 52374 6 52382 28 52895 26 53407 21 53919 20 54432 18 54944 18 55457 17 55969 17 56482 16 56995 14 57508 13 58022 10
259b35151d4a7a5ffdd7ab7f171b142db8cfe40beeee67277fac6adca4d042c4,143512 4 144023 6 144534 7 145046 8 145557 9 146069 9 146581 9 147093 9 147605 9 148116 9 148628 9 149140 8 149652 7 150165 5 150677 3
259b35151d4a7a5ffdd7ab7f171b142db8cfe40beeee67277fac6adca4d042c4,137902 4 138413 6 138925 7 139436 8 139948 9 140460 9 140972 9 141485 8 141997 7 142510 6 143022 5 143535 3
259b35151d4a7a5ffdd7ab7f171b142db8cfe40beeee67277fac6adca4d042c4,291505 5 292017 6 292528 7 293040 8 293552 8 294064 8 294577 6 295089 6 295602 4 296115 3
259b35151d4a7a5ffdd7ab7f171b142db8cfe40beeee67277fac6adca4d042c4,101051 1 101562 1 102074 2 102585 3 103097 4 103610 6 104122 4
259b35151d4a7a5ffdd7ab7f171b142db8cfe40beeee67277fac6adca4d042c4,100030 5 100540 7 101052 8 101563 9 102076 7 102588 7 103101 5
259b35151d4a7a5ffdd7ab7f171b142db8cfe40beeee67277fac6adca4d042c4,20681 3 21191 6 21704 6 22216 6 22728 6 23241 5 23753 5
259b35151d4a7a5ffdd7ab7f171b142db8cfe40beeee67277fac6adca4d042c4,97998 4 98508 7 99019 8 99531 9 100042 9 100554 9 101067 7 101579 6
259b35151d4a7a5ffdd7ab7f171b142db8cfe40beeee67277fac6adca4d042c4,7894 4 8406 6 8917 7 9429 8 9941 9 10453 11 10965 12 11477 14 11989 14 12501 15 13014 14 13526 13 14038 13 14551 11 15063 10 15575 9 16087 9 16600 7 17112 7 17625 5 18137 5 18650 3
259b35151d4a7a5ffdd7ab7f171b142db8cfe40beeee67277fac6adca4d042c4,232 40 744 40 1250 47 1761 48 2273 48 2784 49 3297 47 3808 48 4320 47 4831 47 5344 44 5856 42 6371 34 6884 30 7396 29 7909 11 7925 9 8422 8 8935 5 9448 3
259b35151d4a7a5ffdd7ab7f171b142db8cfe40beeee67277fac6adca4d042c4,84200 4 84711 6 85222 9 85734 11 86245 14 86757 16 87268 20 87780 22 88292 22 88803 23 89315 22 89828 21 90340 21 90852 20 91365 19 91877 19 92390 19 92902 19 93415 17 93927 17 94439 16 94951 16 95463 16 95976 14 96488 14 97001 12 97513 11 98028 7
259b35151d4a7a5ffdd7ab7f171b142db8cfe40beeee67277fac6adca4d042c4,87298 4 87807 9 88314 15 88826 16 89337 17 89849 18 90361 18 90872 20 91384 20 91896 20 92409 19 92921 19 93435 16 93947 16 94460 15 94972 15 95485 14 95997 13 96511 11 97028 5
259b35151d4a7a5ffdd7ab7f171b142db8cfe40beeee67277fac6adca4d042c4,173804 7 174314 10 174825 12 175336 13 175847 15 176359 15 176870 16 177383 15 177895 15 178408 14 178920 13 179433 12 179946 10 180459 8 180974 3
259b35151d4a7a5ffdd7ab7f171b142db8cfe40beeee67277fac6adca4d042c4,235253 1 235760 5 236270 7 236782 7 237293 8 237805 9 238317 9 238828 11 239339 12 239850 15 240361 10 240873 8 241384 8 241897 6 242409 4
259b35151d4a7a5ffdd7ab7f171b142db8cfe40beeee67277fac6adca4d042c4,230139 7 230650 9 231162 9 231673 11 232185 11 232697 11 233208 12 233720 12 234231 13 234742 13 235254 13 235765 13 236277 12 236789 11 237301 10 237814 8 238326 7 238839 6 239351 4
259b35151d4a7a5ffdd7ab7f171b142db8cfe40beeee67277fac6adca4d042c4,311021 2 311532 2 312044 2 312555 4 313067 4 313579 5 314092 6 314604 4
259b35151d4a7a5ffdd7ab7f171b142db8cfe40beeee67277fac6adca4d042c4,308470 3 308981 4 309492 6 310002 8 310511 11 311023 11 311534 11 312046 11 312559 9 313071 8 313584 7
259b35151d4a7a5ffdd7ab7f171b142db8cfe40beeee67277fac6adca4d042c4,261894 6 261901 5 262405 14 262917 14 263428 16 263941 15 264453 15 264968 13 265481 12 265993 13 266504 14 267016 14 267527 15 268037 17 268545 21 269057 21 269568 23 270080 23 270593 23 271105 7 271114 14 271628 12 272141 11 272654 10 273167 8 273680 7 274194 3
259b35151d4a7a5ffdd7ab7f171b142db8cfe40beeee67277fac6adca4d042c4,251668 3 252179 7 252690 8 253202 9 253713 10 254225 11 254737 11 255249 11 255761 11 256274 10 256786 9 257299 8 257813 5 258326 4
259b35151d4a7a5ffdd7ab7f171b142db8cfe40beeee67277fac6adca4d042c4,39190 2 39701 4 40212 5 40724 5 41236 1 41239 1
259b35151d4a7a5ffdd7ab7f171b142db8cfe40beeee67277fac6adca4d042c4,240934 3 241446 4 241957 6 242469 7 242981 9 243493 8 244004 9 244515 10 245026 11 245537 12 246049 12 246560 13 247073 12 247585 12 248098 11 248610 11 249123 10 249636 10 250150 8
259b35151d4a7a5ffdd7ab7f171b142db8cfe40beeee67277fac6adca4d042c4,240947 7 241458 10 241968 13 242478 16 242990 18 243501 20 244013 20 244525 21 245037 21 245549 21 246061 21 246573 21 247085 20 247597 20 248109 20 248621 20 249133 19 249646 18 250158 11
259b35151d4a7a5ffdd7ab7f171b142db8cfe40beeee67277fac6adca4d042c4,105258 2 105769 2 106278 5 106789 6 107300 7 107812 8 108323 9 108835 10 109347 10 109858 12 110370 12 110882 14 111393 14 111905 13 112417 12 112930 10 113442 9 113956 5
259b35151d4a7a5ffdd7ab7f171b142db8cfe40beeee67277fac6adca4d042c4,99634 6 100146 6 100657 8 101169 8 101680 9 102192 9 102704 9 103215 10 103726 11 104237 12 104748 13 105260 13 105771 14 106283 14 106795 13 107307 13 107820 11 108332 11 108845 8 109357 7 109870 5 110382 3
259b35151d4a7a5ffdd7ab7f171b142db8cfe40beeee67277fac6adca4d042c4,338230 1 338742 1 338747 1 339254 2 339259 1 339765 7 340277 7 340789 7 341302 6 341814 5 342327 4
259b35151d4a7a5ffdd7ab7f171b142db8cfe40beeee67277fac6adca4d042c4,326457 3 326969 3 327480 5 327992 5 328504 5 329015 6 329527 1 329532 1 330039 1 330044 1
259b35151d4a7a5ffdd7ab7f171b142db8cfe40beeee67277fac6adca4d042c4,329528 4 330040 4 330551 6 331063 1 331067 2 331575 1 331579 1
259b35151d4a7a5ffdd7ab7f171b142db8cfe40beeee67277fac6adca4d042c4,331064 3 331576 3 332087 5 332599 5 333111 5 333623 1 333627 1 334135 1 334139 1
259b35151d4a7a5ffdd7ab7f171b142db8cfe40beeee67277fac6adca4d042c4,333624 3 334136 3 334647 5 335159 5 335671 1 335675 1 336183 1 336187 1
259b35151d4a7a5ffdd7ab7f171b142db8cfe40beeee67277fac6adca4d042c4,335672 3 336184 3 336695 5 337207 5 337718 6 338231 5 338743 4 339256 3
259b35151d4a7a5ffdd7ab7f171b142db8cfe40beeee67277fac6adca4d042c4,89410 1 89920 4 90430 7 90942 7 91455 5 91967 5 92480 3 92993 2
259b35151d4a7a5ffdd7ab7f171b142db8cfe40beeee67277fac6adca4d042c4,315709 1 315719 1 316220 2 316231 1 316732 12 317244 12 317756 1 317766 2 318268 1 318278 2
259b35151d4a7a5ffdd7ab7f171b142db8cfe40beeee67277fac6adca4d042c4,317757 9 318269 9 318780 11 319292 11 319804 11 320316 11 320828 11 321340 10 321852 10 322364 9 322876 9 323388 8 323900 7 324413 6 324925 4
259b35151d4a7a5ffdd7ab7f171b142db8cfe40beeee67277fac6adca4d042c4,308034 4 308544 6 309055 8 309566 9 310077 10 310589 10 311100 11 311612 11 312125 10 312637 11 313149 11 313661 11 314173 11 314685 11 315197 11 315710 9 316222 9
259b35151d4a7a5ffdd7ab7f171b142db8cfe40beeee67277fac6adca4d042c4,172862 5 173374 6 173885 8 174397 9 174909 9 175421 10 175934 9 176446 9 176959 8 177472 7 177985 5 178498 4
259b35151d4a7a5ffdd7ab7f171b142db8cfe40beeee67277fac6adca4d042c4,187205 6 187715 10 188226 11 188737 13 189249 13 189760 14 190273 13 190785 12 191298 11 191811 10 192324 8 192837 7 193352 3
259b35151d4a7a5ffdd7ab7f171b142db8cfe40beeee67277fac6adca4d042c4,21836 6 22346 9 22857 11 23369 11 23880 13 24392 14 24904 15 25416 15 25928 16 26440 16 26953 16 27465 17 27977 17 28490 17 29002 17 29514 17 30027 17 30539 17 31052 16 31564 17 32076 17 32588 17 33101 17 33613 10 34126 8 34142 1 34638 3 35151 2
259b35151d4a7a5ffdd7ab7f171b142db8cfe40beeee67277fac6adca4d042c4,33623 7 34134 8 34641 14 35153 14 35664 16 36177 15 36689 8 37202 6 37216 1 37714 1 38226 1
259b35151d4a7a5ffdd7ab7f171b142db8cfe40beeee67277fac6adca4d042c4,36697 7 37208 8 37715 14 38227 14 38738 15 39251 15 39763 15 40275 15 40787 7 40802 1 41299 1 41314 1 41811 1
259b35151d4a7a5ffdd7ab7f171b142db8cfe40beeee67277fac6adca4d042c4,62292 1 62804 1 62821 1 63316 8 63333 1 63827 19 64339 19 64851 19 65362 19 65874 19 66386 19 66897 20 67409 20 67921 20 68432 21 68944 21 69456 20 69967 21 70479 20 70990 21 71501 21 72012 22 72522 23 73032 24 73543 25 74053 26 74565 25 75076 25 75588 25 76099 24 76612 21 77124 20 77636 17 78149 11 78661 9 79174 5
259b35151d4a7a5ffdd7ab7f171b142db8cfe40beeee67277fac6adca4d042c4,40794 8 41300 14 41812 15 42323 16 42835 16 43347 17 43859 17 44371 8 44883 1 45395 1
259b35151d4a7a5ffdd7ab7f171b142db8cfe40beeee67277fac6adca4d042c4,44379 9 44884 16 45396 17 45907 18 46420 17 46932 17 47444 8 47956 1 47973 1 48468 1
259b35151d4a7a5ffdd7ab7f171b142db8cfe40beeee67277fac6adca4d042c4,47452 9 47957 16 48469 17 48980 18 49493 8 50005 1 50022 1 50517 1
259b35151d4a7a5ffdd7ab7f171b142db8cfe40beeee67277fac6adca4d042c4,49501 9 50006 16 50518 17 51029 18 51542 17 52054 17 52566 1 52582 1 53078 1 53094 1
259b35151d4a7a5ffdd7ab7f171b142db8cfe40beeee67277fac6adca4d042c4,52567 15 53079 15 53590 17 54102 17 54614 18 55125 19 55637 19 56149 19 56661 19 57172 20 57684 20 58196 20 58708 20 59220 19 59733 18 60245 18 60757 18 61268 18 61780 18 62293 17 62805 16 63324 9
259b35151d4a7a5ffdd7ab7f171b142db8cfe40beeee67277fac6adca4d042c4,85320 2 85831 4 86343 4 86854 5 87366 5 87878 4 88390 4 88902 3
259b35151d4a7a5ffdd7ab7f171b142db8cfe40beeee67277fac6adca4d042c4,301893 1 302405 1 302416 1 302917 5 303429 11 303941 11 304453 10 304965 10 305477 9 305989 8 306501 7 307014 5 307526 3
259b35151d4a7a5ffdd7ab7f171b142db8cfe40beeee67277fac6adca4d042c4,294218 1 294729 2 294739 1 295241 5 295251 1 295753 10 296264 11 296776 11 297287 12 297799 12 298310 13 298822 13 299333 13 299845 13 300357 13 300869 12 301381 12 301894 11 302406 10 302922 6
259b35151d4a7a5ffdd7ab7f171b142db8cfe40beeee67277fac6adca4d042c4,291659 1 291668 1 292171 1 292180 1 292683 10 293195 10 293706 10 294219 9 294731 8 295246 5
259b35151d4a7a5ffdd7ab7f171b142db8cfe40beeee67277fac6adca4d042c4,287052 2 287564 2 288076 10 288588 1 288596 2 289100 1 289108 2
259b35151d4a7a5ffdd7ab7f171b142db8cfe40beeee67277fac6adca4d042c4,288589 7 289101 7 289612 9 290124 9 290636 9 291147 10 291660 8 292172 8
259b35151d4a7a5ffdd7ab7f171b142db8cfe40beeee67277fac6adca4d042c4,278860 1 279372 1 279884 11 280396 11 280908 11 281421 1 281430 1 281933 1 281942 1
259b35151d4a7a5ffdd7ab7f171b142db8cfe40beeee67277fac6adca4d042c4,281422 8 281934 8 282445 10 282957 10 283469 10 283981 1 283990 1 284493 1 284502 1
259b35151d4a7a5ffdd7ab7f171b142db8cfe40beeee67277fac6adca4d042c4,283982 8 284494 8 285005 10 285517 10 286029 10 286541 10 287054 8 287566 8
259b35151d4a7a5ffdd7ab7f171b142db8cfe40beeee67277fac6adca4d042c4,268632 5 269142 7 269653 9 270164 10 270675 12 271186 13 271697 13 272208 14 272719 15 273231 14 273742 15 274253 15 274764 16 275276 15 275787 16 276299 15 276812 13 277324 13 277836 12 278348 12 278861 10 279373 10
259b35151d4a7a5ffdd7ab7f171b142db8cfe40beeee67277fac6adca4d042c4,184661 6 185173 8 185684 11 186196 13 186708 14 187220 16 187732 18 188244 16 188756 16 189268 15 189780 15 190292 15 190804 15 191317 14 191829 14 192341 13 192854 11 193366 11 193879 9 194392 8 194905 7 195418 6 195932 3 196446 1 196959 1
259b35151d4a7a5ffdd7ab7f171b142db8cfe40beeee67277fac6adca4d042c4,188260 3 188772 4 189283 6 189795 7 190307 9 190819 10 191331 11 191843 12 192354 14 192865 16 193377 17 193888 19 194400 20 194912 20 195424 21 195935 23 196447 24 196960 23 197472 24 197985 23 198498 23 199010 23 199523 22 200036 11 200548 2 201061 1
259b35151d4a7a5ffdd7ab7f171b142db8cfe40beeee67277fac6adca4d042c4,200047 11 200550 20 201062 21 201573 22 202086 22 202598 22 203111 22 203623 22 204135 23 204647 23 205159 24 205672 23 206184 23 206696 23 207208 23 207720 23 208232 23 208745 22 209257 22 209769 22 210281 22 210793 21 211305 21 211817 21 212330 1 212349 1 212842 1 212861 1
259b35151d4a7a5ffdd7ab7f171b142db8cfe40beeee67277fac6adca4d042c4,212331 18 212843 18 213354 20 213867 19 214379 19 214891 19 215403 19 215915 19 216427 19 216940 18 217452 18 217965 17 218477 17 218990 16 219503 15 220015 14 220528 13 221040 13 221553 12 222065 12 222578 10 223091 9 223604 7 224118 3
259b35151d4a7a5ffdd7ab7f171b142db8cfe40beeee67277fac6adca4d042c4,259426 1 259935 3 260446 4 260958 5 261469 6 261981 7 262493 10 263005 9 263517 8 264030 6 264542 4
259b35151d4a7a5ffdd7ab7f171b142db8cfe40beeee67277fac6adca4d042c4,258404 1 258915 2 259427 5 259436 1 259938 10 260450 10 260963 8 261475 7 261988 4
259b35151d4a7a5ffdd7ab7f171b142db8cfe40beeee67277fac6adca4d042c4,235887 1 236399 1 236404 1 236911 2 236916 1 237422 7 237934 7 238446 7 238957 8 239469 8 239980 9 240492 9 241003 10 241514 10 242025 11 242536 12 243047 13 243558 14 244069 15 244581 15 245092 15 245604 15 246116 15 246628 15 247139 16 247652 1 247667 1 248164 1 248179 1
259b35151d4a7a5ffdd7ab7f171b142db8cfe40beeee67277fac6adca4d042c4,247653 14 248165 14 248676 16 249188 16 249700 17 250212 17 250723 18 251236 17 251748 17 252260 17 252772 17 253285 16 253797 16 254309 16 254821 15 255333 15 255845 13 256357 12 256869 10 257381 9 257892 10 258405 8 258917 8 259432 4
259b35151d4a7a5ffdd7ab7f171b142db8cfe40beeee67277fac6adca4d042c4,233841 3 234352 4 234864 5 235375 6 235888 5 236400 4 236913 3
295682d9eb5acb5c1976a460c085734bfaf38482b0a3f02591c2bfdcd4128549,57939 3 58193 5 58449 6 58704 7 58961 5 59217 8 59472 10 59728 10 59983 12 60239 12 60495 12 60751 12 61008 11 61264 10 61521 9 61779 6
295682d9eb5acb5c1976a460c085734bfaf38482b0a3f02591c2bfdcd4128549,17532 5 17788 7 18043 8 18299 9 18555 9 18812 8 19068 7 19325 6
295682d9eb5acb5c1976a460c085734bfaf38482b0a3f02591c2bfdcd4128549,23441 8 23696 10 23952 11 24207 13 24463 13 24720 8 24976 5 25233 4 25491 1 25748 1
295682d9eb5acb5c1976a460c085734bfaf38482b0a3f02591c2bfdcd4128549,24728 5 24981 8 25237 9 25492 10 25749 10 26005 10 26262 9 26518 9 26775 7 27031 7 27288 5
295682d9eb5acb5c1976a460c085734bfaf38482b0a3f02591c2bfdcd4128549,38811 3 39065 6 39321 7 39576 9 39832 9 40088 10 40344 10 40600 10 40856 11 41112 11 41368 11 41624 11 41880 11 42137 10 42393 10 42650 10 42906 10 43163 9 43420 7 43677 6
295682d9eb5acb5c1976a460c085734bfaf38482b0a3f02591c2bfdcd4128549,36262 2 36269 1 36517 3 36525 2 36772 11 37028 12 37283 13 37539 13 37795 12 38052 11 38308 10 38565 8 38822 6
295682d9eb5acb5c1976a460c085734bfaf38482b0a3f02591c2bfdcd4128549,33704 6 33959 8 34214 9 34470 10 34725 11 34981 11 35238 9 35494 9 35751 7 36007 7 36264 5 36520 5
295682d9eb5acb5c1976a460c085734bfaf38482b0a3f02591c2bfdcd4128549,10670 4 10926 6 11181 8 11437 8 11693 9 11948 10 12204 10 12460 10 12715 11 12971 11 13226 11 13482 11 13738 10 13993 11 14250 9 14506 8 14763 6
295682d9eb5acb5c1976a460c085734bfaf38482b0a3f02591c2bfdcd4128549,12987 8 13241 11 13496 13 13751 14 14007 15 14262 16 14518 16 14774 15 15030 15 15286 14 15543 13 15799 9 16056 6
295682d9eb5acb5c1976a460c085734bfaf38482b0a3f02591c2bfdcd4128549,62934 8 63188 11 63442 15 63698 16 63953 17 64209 18 64465 18 64721 18 64977 18 65233 18 65489 18
31f1fbe85b8899258ea5bcf5f93f7ac8238660c386aeab40649c715bd2e38a0a,24878 5 25133 7 25389 8 25644 11 25900 12 26156 13 26412 13 26669 13 26925 13 27181 12 27438 11 27694 10 27951 9 28208 6
31f1fbe85b8899258ea5bcf5f93f7ac8238660c386aeab40649c715bd2e38a0a,16451 3 16706 7 16956 15 17209 18 17460 24 17716 26 17971 28 18228 28 18484 28 18741 28 18997 27 19254 26 19513 21 19770 20 20027 17 20284 14 20543 9 20801 4
31f1fbe85b8899258ea5bcf5f93f7ac8238660c386aeab40649c715bd2e38a0a,37459 3 37713 6 37968 7 38222 10 38477 12 38733 13 38988 15 39243 16 39499 17 39754 18 40010 18 40266 17 40523 16 40779 15 41036 12
31f1fbe85b8899258ea5bcf5f93f7ac8238660c386aeab40649c715bd2e38a0a,14200 4 14451 12 14706 14 14960 16 15216 17 15471 18 15727 18 15983 17 16240 16 16496 15 16754 12 17013 6
31f1fbe85b8899258ea5bcf5f93f7ac8238660c386aeab40649c715bd2e38a0a,37263 5 37517 9 37771 11 38026 13 38281 14 38537 14 38792 14 39048 14 39304 13 39560 14 39817 13 40073 14 40330 12 40592 6 40849 4
31f1fbe85b8899258ea5bcf5f93f7ac8238660c386aeab40649c715bd2e38a0a,12031 2 12287 2 12542 3 12796 5 13052 5 13307 6 13563 6 13819 6 14075 6 14332 5 14588 5 14846 3 15103 2
336d3e4105766f8ad328a7ee9571e743f376f8cbcf6a969ca7e353fe3235c523,23362 4 23877 10 24394 14 24913 16 25432 17 25951 18 26470 19 26989 20 27508 20 28027 21 28546 21 29065 22 29584 22 30103 22 30622 22 31141 23 31660 23 32179 23 32698 23 33217 23 33736 23 34255 23 34774 22 35294 21 35814 19 36334 18 36855 15 37376 11 37898 6
336d3e4105766f8ad328a7ee9571e743f376f8cbcf6a969ca7e353fe3235c523,108478 3 108993 10 109511 13 110029 15 110548 16 111067 17 111586 19 112105 19 112624 20 113143 20 113662 21 114181 21 114700 21 115219 22 115738 22 116257 23 116776 23 117295 24 117814 24 118333 24 118852 24 119371 24 119890 23 120409 23 120928 22 121447 21 121966 20 122485 6 122493 10 123004 5 123523 4 124042 4 124561 4 125080 4 125599 4 126118 3 126637 3
336d3e4105766f8ad328a7ee9571e743f376f8cbcf6a969ca7e353fe3235c523,45702 7 46220 11 46738 13 47256 15 47775 16 48293 18 48812 18 49331 19 49850 19 50368 21 50887 21 51407 9 51426 1 51926 1 51945 1 52445 1
336d3e4105766f8ad328a7ee9571e743f376f8cbcf6a969ca7e353fe3235c523,51416 10 51927 18 52446 19 52964 20 53483 2 53502 1 54003 1 54021 1
336d3e4105766f8ad328a7ee9571e743f376f8cbcf6a969ca7e353fe3235c523,53485 17 54004 17 54522 19 55041 19 55560 19 56079 19 56598 19 57117 19 57636 19 58155 18 58675 17 59194 16 59714 15 60233 14 60753 12 61274 8 61795 4
336d3e4105766f8ad328a7ee9571e743f376f8cbcf6a969ca7e353fe3235c523,93971 6 94488 12 95006 15 95524 18 96043 19 96561 21 97080 21 97599 22 98118 22 98637 23 99156 23 99676 23 100195 23 100715 21 101234 21 101754 20 102274 20 102794 19 103314 19 103835 16 104366 3 104885 2
336d3e4105766f8ad328a7ee9571e743f376f8cbcf6a969ca7e353fe3235c523,104354 12 104873 12 105390 15 105907 17 106425 18 106944 18 107462 20 107981 21 108500 21 109019 22 109538 23 110057 23 110576 24 111095 24 111615 23 112134 24 112653 24 113173 23 113692 23 114212 22 114731 21 115251 20 115771 18 116291 17 116812 14 117332 12 117853 9 118374 5
336d3e4105766f8ad328a7ee9571e743f376f8cbcf6a969ca7e353fe3235c523,97631 3 98147 9 98665 8 99182 10 99699 11 100218 11 100736 12 101255 12 101774 12 102294 11 102813 10 103334 8 103855 6 104376 4 104896 3 105417 2
336d3e4105766f8ad328a7ee9571e743f376f8cbcf6a969ca7e353fe3235c523,98673 3 99192 4 99710 7 100229 9 100748 11 101267 11 101786 12 102305 12 102823 14 103342 14 103861 13 104380 13 104899 12 105419 11 105938 10 106460 5
336d3e4105766f8ad328a7ee9571e743f376f8cbcf6a969ca7e353fe3235c523,71675 9 72192 9 72709 11 73227 11 73746 11 74264 12 74783 12 75302 12 75821 11 76340 11 76860 9 77379 9 77899 8 78418 8 78938 7 79459 5 79980 3 80501 2
336d3e4105766f8ad328a7ee9571e743f376f8cbcf6a969ca7e353fe3235c523,72201 4 72720 6 73238 9 73757 10 74276 11 74795 13 75314 14 75832 15 76351 16 76869 17 77388 18 77907 18 78426 19 78945 19 79464 19 79983 19 80503 17 81022 17 81544 13 82068 6
336d3e4105766f8ad328a7ee9571e743f376f8cbcf6a969ca7e353fe3235c523,126171 8 126688 13 127205 17 127723 19 128242 21 128760 22 129279 23 129798 24 130316 25 130835 26
336d3e4105766f8ad328a7ee9571e743f376f8cbcf6a969ca7e353fe3235c523,84131 20 84649 23 85168 25 85686 28 86205 29 86724 30 87243 31 87763 30 88282 31 88802 30 89322 30 89842 29 90363 27 90883 26 91405 22 91927 19 92449 10 92971 5 93493 2
336d3e4105766f8ad328a7ee9571e743f376f8cbcf6a969ca7e353fe3235c523,92459 5 92976 7 93495 8 94013 12 94532 14 95049 14 95568 14 96086 14 96605 14 97123 15 97642 15 98162 14 98681 14 99201 13 99721 11 100241 10 100760 10 101281 8 101802 6 102322 5 102842 4 103362 3 103882 2 104402 2
336d3e4105766f8ad328a7ee9571e743f376f8cbcf6a969ca7e353fe3235c523,95063 4 95582 5 96100 8 96619 9 97138 10 97657 11 98176 12 98695 12 99214 13 99732 14 100251 15 100770 15 101289 15 101808 15 102327 15 102846 15 103365 15 103884 14 104404 13 104923 12 105444 9
336d3e4105766f8ad328a7ee9571e743f376f8cbcf6a969ca7e353fe3235c523,22379 7 22895 14 23413 17 23931 20 24450 22 24968 25 25487 26 26006 27 26525 28 27044 28 27564 28 28083 28 28602 29 29122 28 29641 28 30161 27 30681 25 31201 24 31722 21 32242 19 32763 16 33284 12
336d3e4105766f8ad328a7ee9571e743f376f8cbcf6a969ca7e353fe3235c523,56125 10 56643 13 57161 15 57679 18 58198 20 58716 21 59235 22 59754 23 60273 24 60792 24 61311 25 61830 25 62350 25 62869 25 63388 25 63908 25 64427 25 64947 24 65466 24 65986 23 66506 22 67025 22 67545 20 68065 19 68586 16 69107 13 69629 8
336d3e4105766f8ad328a7ee9571e743f376f8cbcf6a969ca7e353fe3235c523,108039 5 108554 12 109072 15 109590 17 110109 17 110627 19 111146 19 111664 21 112183 21 112703 20 113222 20 113741 19 114260 19 114780 17 115299 17 115819 15 116340 12 116861 8
336d3e4105766f8ad328a7ee9571e743f376f8cbcf6a969ca7e353fe3235c523,116360 6 116876 9 117393 11 117911 11 118429 12 118947 13 119466 13 119984 14 120503 14 121021 15 121540 15 122058 16 122577 16 123095 16 123614 16 124133 15 124652 15 125171 14 125689 14 126209 13 126728 12 127248 11 127768 8
336d3e4105766f8ad328a7ee9571e743f376f8cbcf6a969ca7e353fe3235c523,116885 3 117404 4 117922 6 118441 9 118960 11 119479 13 119998 14 120517 14 121036 15 121555 15 122074 16 122593 16 123111 17 123630 18 124148 19 124667 19 125185 20 125703 21 126222 21 126740 22 127259 22 127779 21 128298 21 128818 19 129337 19 129856 18 130375 18 130894 17
336d3e4105766f8ad328a7ee9571e743f376f8cbcf6a969ca7e353fe3235c523,41118 9 41636 11 42154 13 42672 15 43190 16 43709 17 44227 18 44746 18 45264 20 45783 20 46301 21 46820 21 47339 21 47858 21 48377 21 48896 20 49414 21 49933 21 50452 20 50970 21 51489 20 52008 20 52526 20 53045 20 53564 19 54083 18 54602 17 55122 15 55641 13 56162 9 56682 5
336d3e4105766f8ad328a7ee9571e743f376f8cbcf6a969ca7e353fe3235c523,81615 4 82132 8 82649 10 83167 12 83684 14 84200 17 84715 21 85231 24 85749 25 86266 27 86785 27 87303 28 87822 28 88340 28 88859 28 89378 27 89897 26 90416 25 90935 24 91455 22 91974 21 92494 19 93014 16 93534 13 94055 9
336d3e4105766f8ad328a7ee9571e743f376f8cbcf6a969ca7e353fe3235c523,65521 11 66034 19 66550 24 67068 26 67586 28 68105 29 68623 30 69142 31 69661 31 70180 31 70700 30 71219 30 71738 30 72257 29 72777 28 73296 27 73816 25 74336 23 74856 21 75376 20 75897 16 76418 13 76940 7
336d3e4105766f8ad328a7ee9571e743f376f8cbcf6a969ca7e353fe3235c523,93051 5 93566 11 94082 15 94600 17 95118 18 95636 20 96155 20 96673 21 97192 21 97710 22 98229 21 98748 21 99267 20 99787 19 100306 18 100826 17 101346 14 101867 11 102388 6
336d3e4105766f8ad328a7ee9571e743f376f8cbcf6a969ca7e353fe3235c523,74372 4 74887 10 75404 14 75922 15 76441 16 76959 17 77478 17 77997 17 78516 17 79035 8 79554 1 79571 1 80073 1
336d3e4105766f8ad328a7ee9571e743f376f8cbcf6a969ca7e353fe3235c523,79043 9 79555 16 80074 17 80592 18 81112 17 81631 17 82150 17 82669 17 83188 17 83708 16 84227 16 84747 14 85266 14 85786 13 86305 13 86825 11 87344 11 87864 9 88385 4
336d3e4105766f8ad328a7ee9571e743f376f8cbcf6a969ca7e353fe3235c523,108624 9 109141 9 109659 10 110178 9 110696 10 111215 10 111734 10 112253 10 112772 9 113292 8 113811 8 114331 7 114851 6 115371 6 115893 3
336d3e4105766f8ad328a7ee9571e743f376f8cbcf6a969ca7e353fe3235c523,109150 6 109669 8 110187 11 110706 12 111225 12 111744 13 112263 13 112781 14 113300 14 113819 14 114338 13 114857 13 115377 11 115896 10 116416 6
336d3e4105766f8ad328a7ee9571e743f376f8cbcf6a969ca7e353fe3235c523,92553 6 93070 10 93588 13 94106 15 94625 16 95143 17 95662 18 96181 18 96700 19 97219 19 97738 19 98256 21 98776 9 98795 1 99295 1 99314 1 99814 1
336d3e4105766f8ad328a7ee9571e743f376f8cbcf6a969ca7e353fe3235c523,98785 10 99296 18 99815 19 100333 20 100852 21 101371 22 101890 20 102410 19 102929 18 103448 18 103968 17 104487 17 105007 15 105526 15 106046 14 106566 13 107086 12 107606 12 108128 4
336d3e4105766f8ad328a7ee9571e743f376f8cbcf6a969ca7e353fe3235c523,100876 2 101395 2 101404 1 101910 15 102429 16 102947 17 103466 18 103985 17 104504 17 105022 18 105541 18 106060 18 106579 17 107098 17 107618 15 108137 15 108657 13 109178 9 109700 3
336d3e4105766f8ad328a7ee9571e743f376f8cbcf6a969ca7e353fe3235c523,96728 5 97245 8 97764 8 98282 10 98801 10 99320 10 99839 10 100358 9 100878 8 101397 7
336d3e4105766f8ad328a7ee9571e743f376f8cbcf6a969ca7e353fe3235c523,7956 1 8993 2 9512 2 10030 10 10549 19 11068 18 11587 18 12106 17 12625 16 13145 14 13664 13 14184 12 14705 9 15225 6
336d3e4105766f8ad328a7ee9571e743f376f8cbcf6a969ca7e353fe3235c523,2777 7 3293 12 3811 13 4328 16 4846 17 5365 17 5883 18 6401 19 6920 19 7438 20 7957 19 8475 20 8995 18 9514 18 10040 10
336d3e4105766f8ad328a7ee9571e743f376f8cbcf6a969ca7e353fe3235c523,26659 5 27174 12 27692 15 28210 16 28729 17 29247 18 29767 18 30286 18 30806 17 31325 17 31845 16 32364 16 32884 15 33403 14 33923 13 34443 11 34963 9 35485 5
336d3e4105766f8ad328a7ee9571e743f376f8cbcf6a969ca7e353fe3235c523,120611 12 121127 14 121644 16 122161 18 122679 19 123196 21 123714 22 124233 23 124751 24 125269 25 125788 25 126306 26 126825 26 127344 27 127863 27 128382 29 128902 27 129421 26 129941 24 130461 22 130982 18
336d3e4105766f8ad328a7ee9571e743f376f8cbcf6a969ca7e353fe3235c523,119588 7 120104 12 120623 14 121141 16 121660 16 122179 17 122698 18 123217 19 123736 19 124256 19 124775 19 125294 20 125813 20 126332 20 126851 19 127371 18 127890 3 127896 11 128417 7
336d3e4105766f8ad328a7ee9571e743f376f8cbcf6a969ca7e353fe3235c523,37072 10 37588 16 38105 20 38623 23 39140 25 39658 27 40177 27 40695 28 41214 28 41732 29 42251 28 42771 27 43290 26 43810 25 44329 24 44849 21 45369 19 45891 14 46413 8
336d3e4105766f8ad328a7ee9571e743f376f8cbcf6a969ca7e353fe3235c523,15295 10 15812 12 16330 13 16849 12 17367 13 17886 13 18405 13 18924 13 19443 13 19962 13 20481 13 21001 12 21520 11 22040 10 22559 10 23079 9 23599 8 24119 7 24639 6 25160 4 25681 3 26202 1
336d3e4105766f8ad328a7ee9571e743f376f8cbcf6a969ca7e353fe3235c523,15824 3 16343 5 16861 8 17380 10 17899 11 18418 13 18937 15 19456 16 19975 16 20494 17 21013 18 21531 19 22050 20 22569 20 23088 20 23607 20 24126 20 24645 20 25164 20 25684 18 26203 18 26723 15 27245 10
336d3e4105766f8ad328a7ee9571e743f376f8cbcf6a969ca7e353fe3235c523,255 28 775 27 1294 26 1815 24 2334 23 2855 20 3375 11 3897 3 4417 2
336d3e4105766f8ad328a7ee9571e743f376f8cbcf6a969ca7e353fe3235c523,3386 8 3900 13 4419 14 4937 15 5456 15 5975 16 6494 16 7013 17 7532 17 8050 18 8569 18 9089 17 9608 17 10127 17 10646 15 11166 14 11685 13 12205 11 12725 7
336d3e4105766f8ad328a7ee9571e743f376f8cbcf6a969ca7e353fe3235c523,52702 13 53218 19 53735 23 54253 25 54770 28 55288 30 55806 31 56324 33 56843 33 57361 34 57880 34 58398 35 58917 35 59436 35 59955 35 60473 36 60992 35 61511 35 62031 33 62550 32 63069 31 63588 30 64107 29 64627 27 65146 26 65666 24 66186 21 66706 18 67227 13 67749 6
336d3e4105766f8ad328a7ee9571e743f376f8cbcf6a969ca7e353fe3235c523,10147 14 10661 22 11180 23 11698 25 12217 25 12737 25 13256 25 13775 26 14294 26 14813 26 15332 26 15851 26 16369 27 16888 27 17407 27 17926 26 18444 27 18963 26 19482 26 20000 27 20520 25 21039 25 21559 23 22078 22 22598 20 23117 19 23637 16 24158 12
336d3e4105766f8ad328a7ee9571e743f376f8cbcf6a969ca7e353fe3235c523,93721 5 94235 14 94751 19 95267 22 95784 25 96300 28 96817 30 97335 31 97854 31 98372 32 98891 32 99410 31 99929 31 100448 30 100968 28 101487 27 102007 24 102527 21 103049 15 103572 6
336d3e4105766f8ad328a7ee9571e743f376f8cbcf6a969ca7e353fe3235c523,122281 3 122798 7 123315 11 123833 13 124352 14 124870 15 125389 16 125907 17 126425 19 126943 20 127461 21 127980 21 128498 21 129017 21 129537 20 130056 20 130574 21 131093 20
336d3e4105766f8ad328a7ee9571e743f376f8cbcf6a969ca7e353fe3235c523,308 20 827 21 1346 22 1864 24 2384 24 2903 14 3422 13 3941 12 4461 10 4980 2 5500 1
336d3e4105766f8ad328a7ee9571e743f376f8cbcf6a969ca7e353fe3235c523,2917 10 3435 12 3953 14 4471 15 4982 24 5501 24 6019 26 6539 25 7058 25 7578 24 8098 23 8618 22 9138 21 9657 21 10177 20 10697 18 11217 17 11737 15 12258 12 12779 9
336d3e4105766f8ad328a7ee9571e743f376f8cbcf6a969ca7e353fe3235c523,67296 4 67812 9 68330 11 68847 13 69365 15 69883 16 70401 17 70919 18 71437 18 71955 19 72474 18 72992 19 73511 18 74029 19 74548 19 75066 19 75585 19 76103 19 76621 20 77139 20 77657 20 78176 20 78694 20 79213 19 79732 18 80251 17 80771 15 81290 13 81810 11 82331 6
336d3e4105766f8ad328a7ee9571e743f376f8cbcf6a969ca7e353fe3235c523,42383 11 42900 16 43417 21 43935 23 44453 26 44971 27 45490 28 46008 29 46527 30 47045 31 47564 31 48083 31 48602 31 49121 31 49640 31 50160 30 50679 29 51199 28 51719 26 52239 24 52760 21 53281 17 53803 10
336d3e4105766f8ad328a7ee9571e743f376f8cbcf6a969ca7e353fe3235c523,82871 5 83389 8 83907 10 84426 11 84944 14 85463 17 85982 18 86501 18 87019 20 87538 19 88056 20 88575 19 89094 19 89613 18 90131 18 90650 18 91169 17 91688 17 92207 16 92726 16 93244 16 93763 16 94283 14 94802 14 95321 13 95841 11 96360 10 96881 6
336d3e4105766f8ad328a7ee9571e743f376f8cbcf6a969ca7e353fe3235c523,357 17 875 18 1394 18 1912 19 2431 19 2950 19 3468 19 3987 19 4506 18 5025 18 5544 17 6064 15 6583 15 7103 12 7624 8
336d3e4105766f8ad328a7ee9571e743f376f8cbcf6a969ca7e353fe3235c523,95345 3 95860 7 96377 10 96894 12 97412 16 97930 18 98448 24 98967 24 99485 25 100004 25 100523 26 101041 27 101560 27 102079 28 102598 28 103118 28 103637 28 104156 29 104676 28 105195 28 105715 27 106234 27 106754 26 107273 26 107793 24 108313 23 108833 21 109353 20 109873 18 110394 14 110916 9
336d3e4105766f8ad328a7ee9571e743f376f8cbcf6a969ca7e353fe3235c523,91199 1 92236 2 92755 2 93273 6 93792 7 94311 13 94830 12 95348 13 95867 13 96387 11 96906 11 97428 7 97948 6
336d3e4105766f8ad328a7ee9571e743f376f8cbcf6a969ca7e353fe3235c523,83939 7 84456 11 84975 12 85493 13 86012 14 86530 16 87049 16 87568 17 88087 17 88606 17 89125 18 89644 18 90163 18 90681 19 91200 19 91718 19 92238 18 92757 16 93279 11 93799 7
336d3e4105766f8ad328a7ee9571e743f376f8cbcf6a969ca7e353fe3235c523,21134 1 21653 1 21670 1 22172 8 22189 1 22691 17 23209 18 23728 18 24247 18 24765 18 25284 18 25803 17 26323 15 26842 14 27362 13 27881 12 28401 9 28922 5
336d3e4105766f8ad328a7ee9571e743f376f8cbcf6a969ca7e353fe3235c523,11799 7 12316 11 12834 12 13353 13 13871 14 14390 15 14908 16 15427 16 15946 17 16465 17 16984 17 17502 18 18021 18 18540 18 19059 17 19578 17 20096 18 20615 18 21135 17 21654 16 22180 9
336d3e4105766f8ad328a7ee9571e743f376f8cbcf6a969ca7e353fe3235c523,117689 8 118206 13 118723 16 119241 19 119759 21 120277 22 120796 23 121314 24 121832 25 122350 26 122868 27 123387 28 123905 29 124424 29 124942 30 125461 30 125979 30 126498 30 127016 31 127535 31 128053 31 128572 31 129091 30 129610 30 130129 29 130647 29 131167 27
336d3e4105766f8ad328a7ee9571e743f376f8cbcf6a969ca7e353fe3235c523,64748 10 65265 16 65782 20 66301 21 66819 23 67338 24 67857 24 68376 25 68895 25 69414 26 69933 26 70453 26 70972 26 71492 25 72011 25 72531 24 73050 24 73570 23 74090 22 74610 21 75130 19 75650 18 76171 15 76692 11
336d3e4105766f8ad328a7ee9571e743f376f8cbcf6a969ca7e353fe3235c523,46610 4 47127 8 47644 12 48162 14 48681 15 49199 17 49717 18 50236 19 50754 20 51273 20 51791 21 52310 21 52829 21 53348 21 53866 22 54385 22 54904 21 55422 22 55941 22 56460 22 56979 22 57499 20 58018 20 58537 19 59057 18 59576 17 60095 17 60615 15 61134 14 61654 11 62174 8
336d3e4105766f8ad328a7ee9571e743f376f8cbcf6a969ca7e353fe3235c523,116185 5 116701 10 117217 14 117734 17 118251 19 118768 22 119285 24 119803 25 120320 27 120838 27 121357 27 121875 28 122393 28 122912 28 123430 28 123949 28 124467 28 124986 28 125505 27 126024 26 126543 25 127062 25 127581 23 128101 21 128620 20 129140 17 129660 13 130180 10 130702 4
336d3e4105766f8ad328a7ee9571e743f376f8cbcf6a969ca7e353fe3235c523,436 29 956 30 1475 30 1996 29 2522 23 3042 23 3562 22 4081 23 4601 22 5120 22 5640 21 6159 20 6679 19 7199 17 7720 14 8242 8
336d3e4105766f8ad328a7ee9571e743f376f8cbcf6a969ca7e353fe3235c523,67396 1 67913 2 68432 3 68950 4 69468 6 69986 12 70505 13 71023 16 71542 17 72061 20 72580 19 73100 18 73619 17 74139 14 74659 11 75180 6
336d3e4105766f8ad328a7ee9571e743f376f8cbcf6a969ca7e353fe3235c523,58587 11 59102 18 59619 22 60136 25 60654 28 61172 29 61691 30 62209 31 62728 32 63247 33 63766 34 64285 35 64804 36 65323 36 65842 22 66360 21 66878 21 67397 20 67915 20 68435 18 68954 17 69474 15 69998 10 70518 8 71039 6 71559 4
336d3e4105766f8ad328a7ee9571e743f376f8cbcf6a969ca7e353fe3235c523,65864 15 66381 17 66899 19 67417 20 67935 22 68453 23 68971 24 69489 24 70008 24 70526 25 71045 25 71565 23 72084 23 72604 21 73123 21 73642 20 74161 20 74681 18 75200 16 75720 14 76242 7
336d3e4105766f8ad328a7ee9571e743f376f8cbcf6a969ca7e353fe3235c523,12907 12 13424 17 13941 21 14459 23 14978 23 15496 25 16015 26 16534 27 17053 28 17572 29 18091 29 18610 30 19129 30 19649 29 20168 29 20688 28 21207 28 21727 27 22246 27 22766 3 23287 1
336d3e4105766f8ad328a7ee9571e743f376f8cbcf6a969ca7e353fe3235c523,22769 23 23288 24 23806 26 24326 25 24845 26 25364 26 25883 26 26402 26 26921 26 27440 26 27960 25 28479 25 28999 24 29519 24 30038 24 30558 24 31077 24 31595 25 32114 25 32633 25 33151 25 33670 25 34189 24 34709 22 35228 21 35748 18 36268 15 36789 9
336d3e4105766f8ad328a7ee9571e743f376f8cbcf6a969ca7e353fe3235c523,87158 1 87675 3 88192 4 88709 6 89227 7 89745 8 90263 9 90782 9 91300 10 91819 10 92338 10 92856 12 93375 12 93893 14 94412 14 94931 14 95450 14 95970 13 96489 13 97009 12 97528 12 98048 12 98569 10 99092 5
336d3e4105766f8ad328a7ee9571e743f376f8cbcf6a969ca7e353fe3235c523,86126 9 86641 15 87159 17 87678 18 88196 19 88715 20 89234 20 89753 20 90272 20 90791 20 91310 19 91829 19 92348 19 92868 17 93387 17 93907 15 94426 15 94945 14 95464 13 95983 12 96502 11 97021 9 97540 8 98060 5 98579 3
336d3e4105766f8ad328a7ee9571e743f376f8cbcf6a969ca7e353fe3235c523,105846 8 106362 13 106879 16 107397 19 107914 22 108432 24 108950 25 109469 26 109987 27 110506 28 111024 29 111543 29 112061 31 112580 31 113098 31 113617 31 114136 31 114655 30 115174 30 115694 28 116213 28 116732 27 117252 26 117771 25 118291 23 118811 21 119331 18 119851 15 120372 11 120894 5
336d3e4105766f8ad328a7ee9571e743f376f8cbcf6a969ca7e353fe3235c523,33209 8 33725 11 34242 13 34760 14 35278 15 35796 16 36315 16 36833 17 37352 17 37870 18 38389 18 38908 18 39427 18 39946 18 40465 18 40984 18 41504 17 42023 17 42543 16 43062 16 43582 15 44103 13 44623 12 45145 9
336d3e4105766f8ad328a7ee9571e743f376f8cbcf6a969ca7e353fe3235c523,60196 9 60712 12 61229 14 61747 15 62266 15 62784 16 63303 16 63822 16 64341 16 64860 16 65379 16 65898 16 66418 15 66937 15 67457 14 67977 13 68497 12 69019 9 69542 5
38f5cfb55fc8b048e82a5c895b25fefae7a70c71ab9990c535d1030637bf6a1f,6 7 262 7 519 6 775 6 1032 5 1289 5 1547 3
38f5cfb55fc8b048e82a5c895b25fefae7a70c71ab9990c535d1030637bf6a1f,13 8 269 8 525 8 781 7 1037 7 1294 5 1550 4
38f5cfb55fc8b048e82a5c895b25fefae7a70c71ab9990c535d1030637bf6a1f,48670 3 48924 7 49180 7 49435 9 49691 9 49947 10 50203 10 50459 10 50716 9 50972 9 51228 9 51485 8 51741 7 51998 6 52255 4
38f5cfb55fc8b048e82a5c895b25fefae7a70c71ab9990c535d1030637bf6a1f,23333 5 23588 7 23843 9 24098 10 24354 11 24609 12 24865 12 25121 12 25377 12 25633 12 25889 12 26146 10 26402 10 26659 8 26916 6
38f5cfb55fc8b048e82a5c895b25fefae7a70c71ab9990c535d1030637bf6a1f,47926 3 48181 6 48436 8 48691 10 48947 10 49202 12 49458 12 49714 12 49970 12 50226 12 50482 11 50739 10 50995 9 51252 8 51509 6
38f5cfb55fc8b048e82a5c895b25fefae7a70c71ab9990c535d1030637bf6a1f,25688 3 25942 7 26198 8 26453 9 26709 10 26965 10 27221 10 27477 10 27733 10 27989 10 28246 8 28502 8 28759 6
38f5cfb55fc8b048e82a5c895b25fefae7a70c71ab9990c535d1030637bf6a1f,48222 5 48476 8 48731 9 48986 11 49242 11 49497 12 49753 11 50009 11 50265 10 50522 8 50778 7 51035 5
38f5cfb55fc8b048e82a5c895b25fefae7a70c71ab9990c535d1030637bf6a1f,65184 7 65440 8
38f5cfb55fc8b048e82a5c895b25fefae7a70c71ab9990c535d1030637bf6a1f,9654 5 9908 9 10163 10 10419 11 10674 13 10930 13 11186 14 11441 15 11697 15 11954 14 12210 14 12466 14 12723 13 12979 12 13236 11 13493 9 13751 6
38f5cfb55fc8b048e82a5c895b25fefae7a70c71ab9990c535d1030637bf6a1f,54466 6 54720 10 54975 12 55230 13 55486 14 55741 15 55997 15 56253 14 56509 14 56765 13 57022 11 57278 9 57536 5
38f5cfb55fc8b048e82a5c895b25fefae7a70c71ab9990c535d1030637bf6a1f,3277 4 3532 6 3787 8 4043 8 4298 10 4554 10 4810 10 5066 11 5323 10 5579 10 5836 8 6092 8 6350 4
38f5cfb55fc8b048e82a5c895b25fefae7a70c71ab9990c535d1030637bf6a1f,36837 3 37091 6 37346 8 37601 10 37857 10 38112 12 38368 12 38624 12 38881 11 39137 11 39393 10 39650 9 39906 8 40163 6 40421 3
3c4c675825f7509877bc10497f498c9a2e3433bf922bd870914a2eb21a54fd26,72340 8 72862 11 73385 12 73909 13 74432 14 74956 14 75480 14 76003 15 76527 15 77051 15 77575 15 78099 15 78623 15 79147 15 79671 14 80195 14 80720 12 81244 12 81770 8
3c4c675825f7509877bc10497f498c9a2e3433bf922bd870914a2eb21a54fd26,144137 5 144659 8 145182 9 145706 10 146229 10 146754 9 147278 8 147804 4
3c4c675825f7509877bc10497f498c9a2e3433bf922bd870914a2eb21a54fd26,159336 2 159860 2 160383 4 160390 1 160907 8 161431 8 161954 8 162479 7 163003 6 163528 4
3c4c675825f7509877bc10497f498c9a2e3433bf922bd870914a2eb21a54fd26,147818 3 148339 10 148862 11 149386 12 149909 13 150433 14 150957 13 151481 13 152005 1 152017 1 152541 1
3c4c675825f7509877bc10497f498c9a2e3433bf922bd870914a2eb21a54fd26,152006 11 152529 12 153053 13 153576 14 154100 14 154623 15 155146 16 155670 16 156193 16 156717 16 157241 14 157765 12 158289 9 158813 7 159338 5 159862 4 160387 3
3c4c675825f7509877bc10497f498c9a2e3433bf922bd870914a2eb21a54fd26,51405 4 51926 9 52448 13 52971 14 53494 16 54018 16 54541 17 55065 17 55589 17 56113 17 56637 16 57161 16 57684 16 58208 15 58733 14 59257 12 59783 9
3c4c675825f7509877bc10497f498c9a2e3433bf922bd870914a2eb21a54fd26,169301 1 169824 2 170348 13 170872 13 171396 12 171919 13 172443 12 172967 12 173492 10 174016 10 174541 8 175066 6
3c4c675825f7509877bc10497f498c9a2e3433bf922bd870914a2eb21a54fd26,160403 6 160926 7 161449 9 161972 10 162495 11 163019 11 163542 12 164066 12 164589 13 165112 13 165636 13 166159 14 166683 13 167206 14 167730 13 168254 13 168777 13 169302 12 169826 11
3c4c675825f7509877bc10497f498c9a2e3433bf922bd870914a2eb21a54fd26,14725 5 15249 5 15772 7 16296 7 16820 7 17344 1 17349 2 17868 1
3c4c675825f7509877bc10497f498c9a2e3433bf922bd870914a2eb21a54fd26,17345 4 17869 5 18392 6 18916 7 19439 8 19963 9 20486 10 21010 10 21534 11 22058 11 22581 12 23105 12 23630 11 24154 11 24678 11 25202 10 25726 10 26250 10 26774 10 27299 8 27823 8 28348 6 28873 4
3c4c675825f7509877bc10497f498c9a2e3433bf922bd870914a2eb21a54fd26,121627 3 122148 9 122670 13 123193 14 123717 15 124240 16 124764 16 125288 15 125811 16 126335 15 126859 15 127383 14 127907 13 128430 13 128954 12 129478 12 130002 11 130526 11 131050 11 131574 10 132099 9 132623 8
3c4c675825f7509877bc10497f498c9a2e3433bf922bd870914a2eb21a54fd26,86531 3 87055 3 87578 5 88102 5 88626 2 89150 1 89674 1
3c4c675825f7509877bc10497f498c9a2e3433bf922bd870914a2eb21a54fd26,88628 3 89151 4 89675 5 90198 6 90722 6 91246 6 91770 7 92294 7 92818 7 93342 7 93866 6 94391 5 94915 4
3c4c675825f7509877bc10497f498c9a2e3433bf922bd870914a2eb21a54fd26,48812 3 49336 4 49859 5 50383 6 50906 7 51430 7 51953 8 52477 8 53001 8 53524 9 54048 10 54572 10 55096 10 55620 10 56143 11 56667 11 57192 10 57716 9 58240 9 58765 7 59289 6 59814 4
3c4c675825f7509877bc10497f498c9a2e3433bf922bd870914a2eb21a54fd26,155189 5 155711 9 156234 11 156757 12 157280 14 157804 14 158327 16 158851 16 159374 17 159898 17 160422 17 160946 17 161470 17 161993 18 162517 18 163041 19 163564 20 164088 19 164612 19 165136 19 165660 18 166184 18 166708 17 167232 16 167756 16 168281 14 168805 13 169330 11 169855 9 170380 6
3c4c675825f7509877bc10497f498c9a2e3433bf922bd870914a2eb21a54fd26,106997 1 107519 3 108042 10 108565 12 109089 13 109612 14 110136 15 110660 15 111184 16 111708 7 111723 1 112232 1 112247 1 112756 1
3c4c675825f7509877bc10497f498c9a2e3433bf922bd870914a2eb21a54fd26,111715 8 112233 14 112757 15 113280 16 113804 16 114329 15 114853 15 115377 15 115902 14 116426 14 116951 13 117475 13 118000 12 118524 11 119049 10 119575 7
3c4c675825f7509877bc10497f498c9a2e3433bf922bd870914a2eb21a54fd26,97567 3 98091 3 98614 5 99138 5 99661 7 100185 8 100709 8 101233 9 101756 10 102280 11 102804 11 103328 11 103852 12 104376 12 104900 11 105424 11 105949 9 106473 9 106998 6 107522 6
3c4c675825f7509877bc10497f498c9a2e3433bf922bd870914a2eb21a54fd26,171979 5 172500 9 173023 11 173545 13 174069 14 174592 15 175115 16 175639 16 176162 17 176686 17 177210 16 177733 17 178257 16 178781 16 179306 14 179830 13 180354 12 180879 10 181403 8 181928 5
3c4c675825f7509877bc10497f498c9a2e3433bf922bd870914a2eb21a54fd26,29975 4 30498 6 31022 6 31545 8 32069 3 32076 1 32593 1 32600 1 33117 1
3c4c675825f7509877bc10497f498c9a2e3433bf922bd870914a2eb21a54fd26,32072 4 32594 6 33118 7 33641 8 34165 8 34689 9 35212 10 35736 10 36259 11 36783 12 37307 12 37831 11 38355 1 38365 1 38879 1 38889 1
3c4c675825f7509877bc10497f498c9a2e3433bf922bd870914a2eb21a54fd26,38356 9 38880 9 39403 11 39927 11 40451 11 40974 13 41498 13 42022 13 42546 13 43071 11 43595 11 44119 10 44643 10 45167 9 45691 9 46216 7 46740 6
3c4c675825f7509877bc10497f498c9a2e3433bf922bd870914a2eb21a54fd26,51991 4 52512 9 53035 11 53558 12 54082 13 54605 14 55129 14 55653 14 56176 15 56700 15 57224 15 57748 15 58272 15 58796 15 59319 16 59844 15 60368 14 60893 13 61417 12 61942 10 62470 3
3c4c675825f7509877bc10497f498c9a2e3433bf922bd870914a2eb21a54fd26,14269 11 14791 13 15313 16 15836 17 16360 17 16883 17 17407 17 17931 16 18455 16 18978 16 19502 15 20026 14 20551 12 21075 11 21600 8
3c4c675825f7509877bc10497f498c9a2e3433bf922bd870914a2eb21a54fd26,154175 6 154697 9 155220 11 155744 9 156267 10 156791 9 157315 8 157840 7 158364 6 158889 5 159414 3 159940 2
3c4c675825f7509877bc10497f498c9a2e3433bf922bd870914a2eb21a54fd26,155753 3 156277 5 156800 7 157323 9 157847 9 158370 11 158894 11 159417 6 159942 2 160466 2
3c4c675825f7509877bc10497f498c9a2e3433bf922bd870914a2eb21a54fd26,159423 6 159944 9 160468 10 160991 11 161515 11 162039 11 162563 11 163088 9 163612 9 164137 7 164663 3
3c4c675825f7509877bc10497f498c9a2e3433bf922bd870914a2eb21a54fd26,70336 5 70859 7 71383 7 71908 6 72433 5 72959 3
3c4c675825f7509877bc10497f498c9a2e3433bf922bd870914a2eb21a54fd26,74534 1 75057 4 75581 4 76104 5 76629 5 77153 4 77678 3
3c4c675825f7509877bc10497f498c9a2e3433bf922bd870914a2eb21a54fd26,135320 6 135843 9 136366 11 136890 11 137413 13 137937 13 138461 13 138985 13 139509 13 140034 12 140558 6 141082 2 141607 1
3c4c675825f7509877bc10497f498c9a2e3433bf922bd870914a2eb21a54fd26,140564 6 141084 11 141608 11 142131 13 142656 6 143180 3 143705 2 144229 1
3c4c675825f7509877bc10497f498c9a2e3433bf922bd870914a2eb21a54fd26,142662 7 143183 11 143707 12 144230 13 144754 14 145279 13 145803 13 146327 13 146852 11 147376 11 147901 9 148426 7
3c4c675825f7509877bc10497f498c9a2e3433bf922bd870914a2eb21a54fd26,90256 1 90780 1 91304 5 91828 11 92352 11 92876 12 93400 12 93924 12 94448 12 94972 11 95496 11 96020 10 96545 8 97069 7 97593 6 98117 5 98641 5 99166 3 99690 3
3c4c675825f7509877bc10497f498c9a2e3433bf922bd870914a2eb21a54fd26,83975 3 84497 6 85020 7 85543 9 86067 9 86590 10 87114 11 87638 11 88161 12 88685 12 89208 13 89732 13 90257 11 90781 11 91309 6
3c4c675825f7509877bc10497f498c9a2e3433bf922bd870914a2eb21a54fd26,51483 4 52007 5 52530 8 53054 8 53578 9 54103 9 54627 9 55152 9 55677 8 56202 6 56727 5
3c4c675825f7509877bc10497f498c9a2e3433bf922bd870914a2eb21a54fd26,3805 5 4327 8 4850 9 5373 11 5897 11 6420 12 6944 12 7468 11 7993 10 8517 9 9042 7
3c4c675825f7509877bc10497f498c9a2e3433bf922bd870914a2eb21a54fd26,30011 8 30534 10 31057 11 31581 12 32104 13 32628 13 33152 13 33675 14 34199 14 34723 14 35247 14 35771 13 36295 13 36819 12 37343 12 37867 11 38391 10 38915 10 39440 8 39964 7
3c4c675825f7509877bc10497f498c9a2e3433bf922bd870914a2eb21a54fd26,166251 3 166774 5 167298 6 167822 6 168347 5 168873 3
3c4c675825f7509877bc10497f498c9a2e3433bf922bd870914a2eb21a54fd26,170969 6 171491 9 172014 10 172537 12 173061 12 173584 14 174109 13 174633 14 175158 13 175683 12 176208 11 176733 10 177258 9 177783 7 178309 5
3c4c675825f7509877bc10497f498c9a2e3433bf922bd870914a2eb21a54fd26,52035 4 52556 10 53078 13 53602 13 54125 15 54648 16 55172 15 55695 16 56217 17 56740 17 57262 19 57785 19 58309 19 58832 19 59357 18 59881 18 60406 17 60932 15 61457 13 61982 12 62506 11 63032 8 63559 3
3c4c675825f7509877bc10497f498c9a2e3433bf922bd870914a2eb21a54fd26,121201 8 121723 10 122247 11 122770 12 123294 12 123818 12 124342 12 124867 10 125391 10 125916 7
3c4c675825f7509877bc10497f498c9a2e3433bf922bd870914a2eb21a54fd26,32131 3 32653 7 33176 8 33699 10 34223 10 34746 11 35270 11 35793 12 36317 12 36841 12 37364 13 37888 13 38412 13 38935 14 39459 14 39982 14 40506 14 41030 14 41555 12 42079 12 42604 10 43130 5
3c4c675825f7509877bc10497f498c9a2e3433bf922bd870914a2eb21a54fd26,111253 7 111776 8 112299 10 112823 10 113346 11 113870 11 114394 11 114918 11 115442 11 115966 11 116490 11 117014 11 117539 10 118063 10 118588 8 119112 8 119637 6 120162 4
3c4c675825f7509877bc10497f498c9a2e3433bf922bd870914a2eb21a54fd26,14323 6 14846 8 15369 9 15893 10 16416 11 16940 11 17463 12 17987 13 18510 14 19034 14 19558 14 20082 13 20606 13 21130 12 21655 11 22179 10 22704 8
3c4c675825f7509877bc10497f498c9a2e3433bf922bd870914a2eb21a54fd26,99736 8 100259 11 100782 13 101306 13 101829 15 102353 15 102877 15 103401 15 103925 15 104449 15 104973 14 105497 14 106022 13 106546 12 107071 11 107595 10
3c4c675825f7509877bc10497f498c9a2e3433bf922bd870914a2eb21a54fd26,85600 4 86120 10 86643 11 87167 12 87690 13 88214 13 88737 14 89261 14 89785 13 90309 13 90833 13 91356 14 91880 13 92404 13 92928 13 93452 12 93977 11 94501 10 95027 6
3c4c675825f7509877bc10497f498c9a2e3433bf922bd870914a2eb21a54fd26,154766 5 155288 8 155811 9 156335 10 156858 11 157382 11 157905 11 158429 11 158953 10 159478 9 160002 8 160527 6
3c4c675825f7509877bc10497f498c9a2e3433bf922bd870914a2eb21a54fd26,164721 7 165243 11 165766 12 166290 13 166813 14 167337 14 167861 13 168386 12 168910 12 169435 11 169959 11 170483 11 171007 11 171532 9 172056 9 172581 7
3c4c675825f7509877bc10497f498c9a2e3433bf922bd870914a2eb21a54fd26,59922 4 60445 5 60969 4 61492 5 62016 5 62541 4 63065 5 63591 3
3c4c675825f7509877bc10497f498c9a2e3433bf922bd870914a2eb21a54fd26,59926 6 60450 6 60973 8 61497 8 62021 8 62545 7 63070 6 63594 3
3c4c675825f7509877bc10497f498c9a2e3433bf922bd870914a2eb21a54fd26,121756 2 122280 2 122290 1 122803 6 123327 11 123851 11 124375 10 124898 11 125422 10 125945 10 126469 9 126993 8 127516 8 128041 6 128565 5 129090 3
3c4c675825f7509877bc10497f498c9a2e3433bf922bd870914a2eb21a54fd26,114427 4 114950 6 115474 6 115997 8 116521 8 117044 9 117568 9 118091 10 118615 10 119138 11 119662 10 120185 11 120709 10 121233 10 121758 9 122282 8 122809 5
3c4c675825f7509877bc10497f498c9a2e3433bf922bd870914a2eb21a54fd26,70929 8 71452 10 71975 11 72499 12 73022 13 73546 13 74070 12 74594 12 75118 12 75642 12 76167 11 76691 11 77216 9 77740 9 78265 7 78790 4
3c4c675825f7509877bc10497f498c9a2e3433bf922bd870914a2eb21a54fd26,43687 4 44209 8 44732 9 45256 10 45779 11 46303 11 46826 12 47350 12 47874 12 48397 13 48921 13 49445 13 49969 12 50493 12 51017 12 51541 11 52065 11 52589 11 53114 9 53638 9 54163 6
3c4c675825f7509877bc10497f498c9a2e3433bf922bd870914a2eb21a54fd26,91376 1 91899 2 91907 1 92423 4 92431 1 92947 8 93470 9 93994 9 94518 9 95042 8 95566 8 96090 8 96614 8 97139 6 97663 6 98188 4
3c4c675825f7509877bc10497f498c9a2e3433bf922bd870914a2eb21a54fd26,88757 2 88764 1 89281 2 89288 1 89805 8 90328 8 90852 8 91377 7 91901 6 92427 4
3c4c675825f7509877bc10497f498c9a2e3433bf922bd870914a2eb21a54fd26,84568 4 85092 4 85615 6 86139 6 86662 7 87186 7 87710 7 88234 7 88759 5 89283 5
3c4c675825f7509877bc10497f498c9a2e3433bf922bd870914a2eb21a54fd26,127537 11 128058 15 128581 16 129104 19 129627 19 130151 19 130674 19 131199 17 131723 16 132248 14 132773 11 133302 3
3c4c675825f7509877bc10497f498c9a2e3433bf922bd870914a2eb21a54fd26,27978 6 28500 11 29023 14 29546 15 30070 16 30593 17 31118 16 31642 17 32167 16 32692 15 33216 14 33741 13 34266 11 34791 9 35318 4
3c4c675825f7509877bc10497f498c9a2e3433bf922bd870914a2eb21a54fd26,165793 6 166317 8 166840 10 167364 10 167889 10 168413 10 168937 10 169461 11 169985 11 170510 4 170519 1 171034 1 171043 1 171558 1
3c4c675825f7509877bc10497f498c9a2e3433bf922bd870914a2eb21a54fd26,177848 1 178372 1 178895 3 178901 1 179418 8 179941 9 180465 9 180988 10 181512 10 182037 9
3c4c675825f7509877bc10497f498c9a2e3433bf922bd870914a2eb21a54fd26,170514 5 171035 8 171559 9 172082 10 172607 9 173131 9 173655 9 174179 9 174703 9 175228 7 175752 7 176276 7 176800 7 177324 7 177849 5 178373 5 178898 3
3c4c675825f7509877bc10497f498c9a2e3433bf922bd870914a2eb21a54fd26,16457 4 16979 7 17502 9 18026 9 18549 11 19073 11 19597 12 20121 13 20645 13 21169 14 21693 14 22217 14 22742 14 23266 14 23791 14 24316 13 24841 12 25367 10 25892 9 26418 6 26943 5
3c4c675825f7509877bc10497f498c9a2e3433bf922bd870914a2eb21a54fd26,111824 7 112347 9 112871 9 113394 11 113918 11 114442 10 114967 9 115491 7
3c4c675825f7509877bc10497f498c9a2e3433bf922bd870914a2eb21a54fd26,151129 3 151652 5 152175 6 152699 7 153222 8 153746 8 154269 9 154793 9 155317 9 155841 8 156366 7 156890 6
3c4c675825f7509877bc10497f498c9a2e3433bf922bd870914a2eb21a54fd26,34811 4 35333 8 35855 11 36377 14 36900 16 37422 18 37945 20 38468 21 38992 22 39515 23 40040 22 40564 22 41089 21 41615 19 42140 18 42665 17 43190 16 43714 16 44239 16 44763 16 45288 15 45812 15 46337 13 46862 12 47387 10 47912 8 48438 4
3c4c675825f7509877bc10497f498c9a2e3433bf922bd870914a2eb21a54fd26,122313 3 122835 6 123359 6 123882 8 124406 8 124930 8 125453 9 125977 8 126501 8 127024 8 127548 7 128073 5 128597 3
3c4c675825f7509877bc10497f498c9a2e3433bf922bd870914a2eb21a54fd26,97688 7 98211 9 98735 9 99258 11 99782 11 100307 9 100831 9 101356 6
3c4c675825f7509877bc10497f498c9a2e3433bf922bd870914a2eb21a54fd26,2852 5 3374 11 3897 13 4420 16 4944 16 5467 18 5991 18 6514 20 7038 19 7561 13 7577 4 8084 14 8608 14 9131 15 9655 16 10179 16 10703 16 11228 16 11752 16 12277 15 12801 15 13326 14 13851 13 14375 12 14900 11 15425 10 15950 9 16474 9 16999 7 17525 5
3c4c675825f7509877bc10497f498c9a2e3433bf922bd870914a2eb21a54fd26,154289 7 154812 10 155336 10 155859 12 156383 12 156907 12 157431 12 157955 12 158480 10 159004 10 159529 8
3c4c675825f7509877bc10497f498c9a2e3433bf922bd870914a2eb21a54fd26,135955 6 136477 9 137000 11 137524 11 138047 13 138571 13 139095 13 139619 13 140143 13 140667 13 141191 12 141715 12 142239 12 142763 12 143288 10 143812 10 144337 8 144862 5
3c4c675825f7509877bc10497f498c9a2e3433bf922bd870914a2eb21a54fd26,25392 6 25915 9 26439 10 26962 12 27486 12 28010 13 28534 13 29059 5 29070 1 29583 1 29594 1 30107 1
3c4c675825f7509877bc10497f498c9a2e3433bf922bd870914a2eb21a54fd26,29064 6 29584 10 30108 11 30631 12 31155 13 31679 13 32203 13 32728 12 33252 11 33777 10 34302 8 34828 4
3c4c675825f7509877bc10497f498c9a2e3433bf922bd870914a2eb21a54fd26,159542 4 160064 9 160587 11 161110 12 161634 13 162157 14 162681 14 163205 14 163729 14 164253 14 164776 15 165300 14 165825 13 166349 12 166874 11 167398 10 167923 8
3c4c675825f7509877bc10497f498c9a2e3433bf922bd870914a2eb21a54fd26,89862 5 90385 8 90908 10 91432 10 91955 12 92479 12 93003 13 93527 13 94051 13 94575 13 95099 13 95623 13 96148 12 96672 12 97196 12 97720 13 98245 12 98769 12 99294 11 99819 10 100344 8 100870 6
3c4c675825f7509877bc10497f498c9a2e3433bf922bd870914a2eb21a54fd26,54759 7 55281 10 55804 12 56327 13 56850 15 57374 15 57897 16 58421 15 58945 15 59468 16 59992 16 60516 15 61040 15 61565 13 62089 13 62614 10
3c4c675825f7509877bc10497f498c9a2e3433bf922bd870914a2eb21a54fd26,37470 6 37992 10 38515 11 39038 13 39561 14 40084 15 40608 15 41131 15 41655 15 42179 14 42704 12 43228 11 43753 9 44280 3
3c4c675825f7509877bc10497f498c9a2e3433bf922bd870914a2eb21a54fd26,104024 5 104546 7 105069 9 105593 9 106116 11 106640 11 107163 13 107687 13 108210 14 108734 14 109258 14 109782 1 109795 1 110306 1 110319 1
3c4c675825f7509877bc10497f498c9a2e3433bf922bd870914a2eb21a54fd26,109783 12 110307 12 110830 14 111354 14 111878 14 112402 13 112926 13 113450 13 113974 12 114498 12 115022 11 115547 10 116071 9 116597 5
3c4c675825f7509877bc10497f498c9a2e3433bf922bd870914a2eb21a54fd26,72066 4 72588 6 73111 8 73633 10 74156 12 74679 13 75203 12 75726 13 76250 13 76773 13 77297 13 77820 14 78344 13 78867 14 79391 13 79915 13 80439 12 80963 12 81487 11 82011 10 82535 9 83059 8 83584 6 84108 5
3c4c675825f7509877bc10497f498c9a2e3433bf922bd870914a2eb21a54fd26,142803 9 143326 11 143849 12 144372 14 144895 15 145419 15 145942 16 146466 16 146989 17 147513 16 148037 16 148561 15 149085 14 149608 14 150132 14 150656 13 151180 13 151704 12 152229 11 152753 10 153278 8 153804 4
3c4c675825f7509877bc10497f498c9a2e3433bf922bd870914a2eb21a54fd26,167430 1 167954 1 167965 1 168478 5 169002 11 169526 11 170050 11 170574 10 171099 9 171623 8 172149 5
3c4c675825f7509877bc10497f498c9a2e3433bf922bd870914a2eb21a54fd26,160625 8 161147 10 161670 12 162193 13 162717 13 163240 14 163764 14 164287 14 164811 14 165335 13 165859 12 166383 12 166906 12 167431 11 167955 10 168483 6
3c4c675825f7509877bc10497f498c9a2e3433bf922bd870914a2eb21a54fd26,29632 4 30155 5 30678 10 31201 11 31723 14 32246 14 32769 15 33293 14 33816 14 34339 15 34863 14 35386 13 35910 12 36434 12 36958 11 37483 8 38007 7
3c4c675825f7509877bc10497f498c9a2e3433bf922bd870914a2eb21a54fd26,134425 1 134949 1 135472 4 135480 1 135996 9 136520 8 137044 8 137567 8 138092 6 138616 5
3c4c675825f7509877bc10497f498c9a2e3433bf922bd870914a2eb21a54fd26,129714 4 130237 6 130760 7 131283 9 131807 8 132330 9 132854 9 133377 9 133901 9 134426 7 134950 7 135476 4
3c4c675825f7509877bc10497f498c9a2e3433bf922bd870914a2eb21a54fd26,15487 7 16010 9 16533 10 17057 11 17580 12 18104 12 18628 12 19151 12 19675 12 20199 11 20723 10 21246 10 21769 11 22293 11 22816 11 23340 11 23863 11 24387 10 24911 9 25436 7 25960 5
3c4c675825f7509877bc10497f498c9a2e3433bf922bd870914a2eb21a54fd26,50591 1 51114 2 51638 6 52161 8 52685 11 53209 11 53733 10 54256 11 54780 11 55305 9 55829 9 56354 7
3c4c675825f7509877bc10497f498c9a2e3433bf922bd870914a2eb21a54fd26,45364 1 45887 1 46410 3 46927 10 47450 12 47974 13 48497 15 49020 18 49544 18 50067 18 50592 16 51116 16 51644 10 52169 8
3c4c675825f7509877bc10497f498c9a2e3433bf922bd870914a2eb21a54fd26,42748 1 43272 2 43795 3 44318 5 44841 7 45365 8 45888 12 46413 11 46937 11 47462 9 47987 8 48512 3
3c4c675825f7509877bc10497f498c9a2e3433bf922bd870914a2eb21a54fd26,32790 5 33313 9 33836 11 34360 19 34883 21 35406 23 35930 24 36453 25 36976 27 37500 27 38023 28 38546 29 39070 28 39593 9 39604 18 40118 5 40129 16 40642 4 40654 14 41178 13 41702 13 42225 13 42749 12 43274 10 43798 10 44323 8 44848 6 45373 4
3c4c675825f7509877bc10497f498c9a2e3433bf922bd870914a2eb21a54fd26,1340 3 1863 5 2387 9 2910 10 3434 11 3958 10 4482 10 5007 8 5531 7
3c4c675825f7509877bc10497f498c9a2e3433bf922bd870914a2eb21a54fd26,114003 1 114526 1 115050 2 115573 3 116097 10 116621 18 117145 17 117669 17 118193 16 118718 15 119242 2 119255 1 119766 2 119779 1
3c4c675825f7509877bc10497f498c9a2e3433bf922bd870914a2eb21a54fd26,119244 11 119768 11 120291 13 120815 13 121339 13 121863 13 122387 13 122911 12 123435 12 123959 12 124483 12 125006 12 125530 12 126055 10 126579 9 127104 6
3c4c675825f7509877bc10497f498c9a2e3433bf922bd870914a2eb21a54fd26,101445 5 101967 8 102489 10 103012 12 103535 13 104058 14 104582 13 105105 14 105628 14 106150 16 106674 16 107197 17 107720 25 108243 26 108767 27 109290 27 109814 27 110338 26 110862 26 111386 25 111909 25 112433 23 112957 23 113480 22 114004 19 114527 19 115052 17 115576 16 116107 8
3c4c675825f7509877bc10497f498c9a2e3433bf922bd870914a2eb21a54fd26,78375 6 78898 7 79421 9 79945 9 80468 10 80992 10 81515 10 82039 10 82563 9 83087 9 83612 7 84136 6
3c4c675825f7509877bc10497f498c9a2e3433bf922bd870914a2eb21a54fd26,57414 11 57937 12 58461 13 58984 13 59508 13 60032 12 60556 11 61080 10 61605 8 62129 6
3c4c675825f7509877bc10497f498c9a2e3433bf922bd870914a2eb21a54fd26,130252 7 130775 9 131298 11 131821 12 132345 13 132868 14 133392 14 133916 13 134440 13 134965 11 135489 11 136014 8
3c4c675825f7509877bc10497f498c9a2e3433bf922bd870914a2eb21a54fd26,93054 6 93577 9 94099 11 94622 13 95145 13 95669 13 96192 13 96716 13 97239 13 97763 12 98286 12 98810 11 99333 11 99858 9 100382 8 100907 5
3c4c675825f7509877bc10497f498c9a2e3433bf922bd870914a2eb21a54fd26,69468 1 69991 2 70515 7 71039 13 71562 14 72086 14 72610 14 73134 14 73659 12 74183 12 74708 10 75233 8 75758 5
3c4c675825f7509877bc10497f498c9a2e3433bf922bd870914a2eb21a54fd26,63710 7 64232 10 64755 11 65278 13 65802 13 66325 14 66849 14 67373 14 67897 14 68420 14 68944 14 69469 12 69993 12 70522 6
3c4c675825f7509877bc10497f498c9a2e3433bf922bd870914a2eb21a54fd26,143355 1 143878 1 144402 2 144925 3 145449 5 145972 7 146496 12 147020 11 147544 10 148069 8 148593 6
3c4c675825f7509877bc10497f498c9a2e3433bf922bd870914a2eb21a54fd26,139170 5 139692 9 140215 10 140738 12 141262 12 141785 12 142309 12 142832 12 143356 11 143879 12 144404 10 144928 10 145454 7 145979 6
3c4c675825f7509877bc10497f498c9a2e3433bf922bd870914a2eb21a54fd26,149657 2 150179 6 150701 9 151223 11 151746 12 152268 14 152791 14 153313 16 153836 16 154359 16 154882 17 155406 16 155929 15 156453 14 156976 14 157500 13 158024 12 158549 10 159073 10 159598 8
3c4c675825f7509877bc10497f498c9a2e3433bf922bd870914a2eb21a54fd26,161179 8 161702 10 162225 11 162749 12 163271 14 163794 15 164317 17 164839 19 165362 20 165885 21 166409 21 166932 23 167456 23 167980 22 168505 21 169029 20 169554 4 169566 7
3c4c675825f7509877bc10497f498c9a2e3433bf922bd870914a2eb21a54fd26,18124 3 18646 7 19169 8 19692 10 20216 10 20739 11 21263 10 21786 11 22310 10 22834 10 23358 9 23883 7 24407 6 24932 3
3c4c675825f7509877bc10497f498c9a2e3433bf922bd870914a2eb21a54fd26,171660 3 172182 8 172705 9 173228 11 173750 13 174273 14 174797 14 175320 15 175844 15 176368 10 176893 6 177417 6 177944 2
3c4c675825f7509877bc10497f498c9a2e3433bf922bd870914a2eb21a54fd26,176378 6 176899 10 177423 12 177946 13 178470 14 178995 13 179519 13 180043 13 180568 13 181092 12 181617 11 182146 5
3c4c675825f7509877bc10497f498c9a2e3433bf922bd870914a2eb21a54fd26,316 10 839 12 1362 13 1886 14 2409 15 2932 17 3455 18 3978 19 4502 19 5025 20 5549 20 6073 19 6596 20 7120 20 7644 20 8167 21 8691 21 9215 21 9738 21 10262 21 10786 20 11311 18 11835 13 12360 8
3c4c675825f7509877bc10497f498c9a2e3433bf922bd870914a2eb21a54fd26,82579 3 83101 6 83624 7 84148 8 84671 9 85195 9 85719 9 86243 8 86768 7 87292 5
3c4c675825f7509877bc10497f498c9a2e3433bf922bd870914a2eb21a54fd26,53766 1 54288 2 54809 6 55332 7 55855 11 56378 12 56902 12 57425 13 57950 11 58474 11 59002 6
3c4c675825f7509877bc10497f498c9a2e3433bf922bd870914a2eb21a54fd26,41727 7 42249 11 42772 14 43294 16 43818 17 44341 18 44864 19 45388 19 45911 20 46435 20 46958 22 47482 22 48005 24 48529 24 49053 24 49577 25 50101 25 50625 25 51148 25 51672 25 52196 23 52720 22 53243 21 53767 20 54290 19 54815 16 55339 4 55344 9 55870 5
3c4c675825f7509877bc10497f498c9a2e3433bf922bd870914a2eb21a54fd26,120839 1 121362 2 121886 6 122407 9 122930 11 123454 11 123977 12 124501 11 125024 12 125548 12 126072 11 126596 11 127120 10 127644 8 128168 7 128692 6 129217 4 129741 3
3c4c675825f7509877bc10497f498c9a2e3433bf922bd870914a2eb21a54fd26,115078 5 115600 10 116123 11 116647 12 117170 13 117695 11 118219 11 118743 9 119267 8 119791 7 120315 6 120840 4 121364 4
3c4c675825f7509877bc10497f498c9a2e3433bf922bd870914a2eb21a54fd26,141804 6 142327 7 142849 10 143372 11 143895 12 144419 12 144942 13 145466 13 145989 13 146513 13 147037 12 147561 12 148086 10 148610 9 149135 6 149659 4
3c4c675825f7509877bc10497f498c9a2e3433bf922bd870914a2eb21a54fd26,19187 5 19710 7 20233 9 20756 10 21280 11 21803 12 22327 11 22851 11 23374 11 23898 11 24422 11 24946 11 25470 11 25994 11 26518 11 27043 9 27567 9 28092 7
3c4c675825f7509877bc10497f498c9a2e3433bf922bd870914a2eb21a54fd26,130278 2 130801 3 131323 8 131847 13 132370 14 132894 13 133417 14 133941 14 134464 14 134988 14 135512 13 136037 11 136561 9
3c4c675825f7509877bc10497f498c9a2e3433bf922bd870914a2eb21a54fd26,125043 2 125567 2 126090 6 126102 1 126614 12 127137 13 127661 13 128185 12 128708 13 129232 12 129755 13 130280 11 130804 10 131331 6
3c4c675825f7509877bc10497f498c9a2e3433bf922bd870914a2eb21a54fd26,122425 2 122949 2 123472 13 123996 12 124520 12 125045 10 125569 10 126096 6
3c4c675825f7509877bc10497f498c9a2e3433bf922bd870914a2eb21a54fd26,117190 7 117713 8 118236 10 118760 10 119283 12 119807 12 120331 12 120854 13 121378 12 121902 12 122427 10 122951 10
3c4c675825f7509877bc10497f498c9a2e3433bf922bd870914a2eb21a54fd26,60584 7 61108 9 61631 11 62155 11 62679 12 63202 13 63726 13 64250 13 64774 1 64786 1 65298 1 65310 1
3c4c675825f7509877bc10497f498c9a2e3433bf922bd870914a2eb21a54fd26,64775 11 65299 11 65822 13 66346 1 66358 1 66870 1 66882 1
3c4c675825f7509877bc10497f498c9a2e3433bf922bd870914a2eb21a54fd26,66347 11 66871 11 67394 13 67918 13 68442 13 68966 13 69490 13 70014 13 70538 12 71063 11 71587 10 72112 8 72637 5
3c4c675825f7509877bc10497f498c9a2e3433bf922bd870914a2eb21a54fd26,77360 6 77883 8 78406 10 78929 11 79453 12 79976 13 80500 13 81023 14 81546 15 82069 16 82592 17 83116 17 83639 17 84163 17 84686 18 85210 18 85734 18 86258 18 86782 18 87306 18 87830 18 88355 17 88879 17 89403 16 89927 16 90452 15 90976 15 91501 14 92028 3 92038 1 92554 1 92562 1
3c4c675825f7509877bc10497f498c9a2e3433bf922bd870914a2eb21a54fd26,98839 1 99362 2 99886 5 100410 6 100934 11 101458 11 101983 9 102507 9 103033 5
3c4c675825f7509877bc10497f498c9a2e3433bf922bd870914a2eb21a54fd26,92031 7 92555 7 93078 9 93602 9 94126 10 94649 11 95173 11 95697 11 96220 12 96744 12 97268 12 97792 11 98315 12 98840 11 99364 10 99891 7 100416 5
3c4c675825f7509877bc10497f498c9a2e3433bf922bd870914a2eb21a54fd26,172207 6 172729 10 173251 13 173775 13 174298 15 174822 15 175346 15 175870 15 176394 15 176918 15 177441 16 177965 17 178489 17 179013 17 179537 17 180061 18 180584 18 181108 19 181631 20 182156 20
3c4c675825f7509877bc10497f498c9a2e3433bf922bd870914a2eb21a54fd26,30202 4 30724 10 31246 13 31770 13 32293 15 32817 15 33340 15 33865 14 34389 13 34914 11 35441 6
3c4c675825f7509877bc10497f498c9a2e3433bf922bd870914a2eb21a54fd26,157006 2 157529 3 158053 7 158576 9 159100 15 159624 15 160148 15 160672 14 161196 14 161721 12 162245 12 162770 10 163294 10 163820 7
3c4c675825f7509877bc10497f498c9a2e3433bf922bd870914a2eb21a54fd26,149676 8 150199 10 150723 11 151246 12 151770 13 152293 14 152817 14 153340 15 153864 15 154388 15 154912 15 155436 15 155959 16 156483 15 157008 14 157532 13 158060 8 158585 7
3c4c675825f7509877bc10497f498c9a2e3433bf922bd870914a2eb21a54fd26,16577 1 17101 1 17110 1 17624 5 17634 2 18148 12 18672 12 19196 12 19721 11 20245 10 20770 9 21295 6
3c4c675825f7509877bc10497f498c9a2e3433bf922bd870914a2eb21a54fd26,10817 5 11339 8 11863 8 12386 10 12910 10 13433 11 13957 11 14481 11 15005 11 15529 11 16053 10 16578 9 17102 8 17629 5
3c4c675825f7509877bc10497f498c9a2e3433bf922bd870914a2eb21a54fd26,95714 4 96237 6 96759 8 97282 10 97806 10 98329 12 98853 12 99377 12 99901 1 99912 1 100425 1 100436 1
3c4c675825f7509877bc10497f498c9a2e3433bf922bd870914a2eb21a54fd26,99902 10 100426 10 100949 12 101473 1 101484 1 101997 1 102008 1
3c4c675825f7509877bc10497f498c9a2e3433bf922bd870914a2eb21a54fd26,101474 10 101998 10 102521 12 103045 12 103569 12 104093 12 104617 12 105141 12 105665 12 106190 10 106714 10 107239 8 107764 6
3c4c675825f7509877bc10497f498c9a2e3433bf922bd870914a2eb21a54fd26,160171 6 160694 7 161217 9 161741 9 162264 10 162788 10 163311 12 163835 12 164359 12 164882 13 165406 13 165930 13 166455 11 166979 11 167503 11 168028 10 168552 9 169077 8 169602 6 170127 4
3c4c675825f7509877bc10497f498c9a2e3433bf922bd870914a2eb21a54fd26,876 4 1399 5 1924 4 2449 2
3c4c675825f7509877bc10497f498c9a2e3433bf922bd870914a2eb21a54fd26,123493 2 124016 4 124539 6 125063 6 125587 5 126111 5 126635 4 127160 2
3c4c675825f7509877bc10497f498c9a2e3433bf922bd870914a2eb21a54fd26,98874 3 99398 4 99921 5 100445 6 100969 6 101492 8 102016 8 102539 10 103063 10 103586 11 104110 1 104119 2 104634 1
3c4c675825f7509877bc10497f498c9a2e3433bf922bd870914a2eb21a54fd26,104111 8 104635 9 105158 10 105682 11 106206 11 106730 11 107255 10 107779 10 108303 10 108827 10 109352 9 109876 8 110401 7 110925 6 111450 4
3c4c675825f7509877bc10497f498c9a2e3433bf922bd870914a2eb21a54fd26,176947 1 177471 1 177994 3 178000 1 178518 7 179042 7 179566 6 180091 5 180615 4
3c4c675825f7509877bc10497f498c9a2e3433bf922bd870914a2eb21a54fd26,167525 6 168047 8 168569 11 169092 12 169615 13 170139 13 170662 14 171186 14 171709 15 172233 15 172757 14 173280 15 173804 14 174327 15 174851 13 175375 12 175899 10 176423 8 176948 5 177472 5 177997 3
3c4c675825f7509877bc10497f498c9a2e3433bf922bd870914a2eb21a54fd26,43860 3 44383 4 44906 6 45429 7 45952 8 46475 9 46999 10 47522 11 48046 11 48570 12 49094 12 49618 12 50142 13 50666 6 51190 1 51203 1 51714 1
3c4c675825f7509877bc10497f498c9a2e3433bf922bd870914a2eb21a54fd26,50672 7 51191 12 51715 13 52238 14 52763 14 53287 14 53811 14 54335 14 54860 14 55384 14 55909 13 56433 12 56958 11 57483 9 58007 9 58532 1 58537 2 59056 1
3c4c675825f7509877bc10497f498c9a2e3433bf922bd870914a2eb21a54fd26,58533 4 59057 5 59580 6 60104 7 60628 7 61152 7 61676 7 62200 7 62723 7 63247 7 63771 6 64296 5 64820 4
3c4c675825f7509877bc10497f498c9a2e3433bf922bd870914a2eb21a54fd26,73213 4 73736 5 74259 7 74783 7 75306 8 75830 8 76354 1 76361 1 76878 1 76885 1
3c4c675825f7509877bc10497f498c9a2e3433bf922bd870914a2eb21a54fd26,76355 6 76879 6 77402 8 77926 3 77933 1 78450 1 78457 1 78974 1
3c4c675825f7509877bc10497f498c9a2e3433bf922bd870914a2eb21a54fd26,77929 4 78451 6 78975 7 79498 8 80022 8 80547 7 81071 7 81596 5 82120 5
3c4c675825f7509877bc10497f498c9a2e3433bf922bd870914a2eb21a54fd26,176968 4 177489 10 178013 10 178536 12 179060 12 179585 11 180109 10 180634 9 181158 9 181683 8 182208 7
3c4c675825f7509877bc10497f498c9a2e3433bf922bd870914a2eb21a54fd26,91035 5 91558 7 92081 8 92605 9 93128 10 93652 10 94176 10 94700 10 95224 5 95234 1 95749 1 95758 1 96273 1
3c4c675825f7509877bc10497f498c9a2e3433bf922bd870914a2eb21a54fd26,95229 5 95750 8 96274 9 96797 10 97322 10 97846 10 98370 10 98894 10 99418 10 99942 9 100467 8 100991 8 101515 7 102040 6 102564 6 103088 6 103613 4 104137 4
3c4c675825f7509877bc10497f498c9a2e3433bf922bd870914a2eb21a54fd26,131381 1 131905 1 131912 1 132429 3 132436 1 132952 9 133476 10 134000 10 134525 9 135049 8 135573 8 136098 6 136622 6 137147 4
3c4c675825f7509877bc10497f498c9a2e3433bf922bd870914a2eb21a54fd26,124574 3 125097 4 125620 6 126143 7 126667 8 127190 9 127714 9 128238 8 128761 9 129285 9 129809 9 130333 8 130857 8 131382 7 131906 6 132432 4
3c4c675825f7509877bc10497f498c9a2e3433bf922bd870914a2eb21a54fd26,48596 1 49120 1 49644 3 50167 9 50691 9 51214 10 51738 10 52262 10 52786 10 53310 10 53835 9 54359 8 54884 7 55409 5 55934 4 56458 3
3c4c675825f7509877bc10497f498c9a2e3433bf922bd870914a2eb21a54fd26,39697 1 40221 1 40230 1 40744 5 40754 1 41268 10 41791 11 42315 11 42838 12 43361 12 43885 12 44408 12 44931 13 45455 12 45978 12 46502 11 47025 12 47549 10 48072 10 48597 8 49121 7 49647 5
3c4c675825f7509877bc10497f498c9a2e3433bf922bd870914a2eb21a54fd26,32362 7 32885 9 33409 10 33932 11 34456 12 34980 12 35504 12 36028 12 36553 11 37077 11 37601 10 38126 9 38650 9 39173 10 39698 9 40222 8 40749 5
3c4c675825f7509877bc10497f498c9a2e3433bf922bd870914a2eb21a54fd26,10874 2 11397 3 11921 4 12444 5 12968 5 13492 5 14016 4 14540 4
3c4c675825f7509877bc10497f498c9a2e3433bf922bd870914a2eb21a54fd26,158645 4 159168 6 159691 8 160215 8 160738 10 161262 10 161786 10 162310 1 162319 1 162834 1 162843 1
3c4c675825f7509877bc10497f498c9a2e3433bf922bd870914a2eb21a54fd26,162311 8 162835 8 163358 10 163882 1 163891 1 164406 1 164415 1
3c4c675825f7509877bc10497f498c9a2e3433bf922bd870914a2eb21a54fd26,163883 8 164407 8 164930 10 165454 10 165978 10 166502 10 167026 10 167550 10 168074 9 168599 8 169123 8 169647 8 170171 7 170696 6 171220 5
3c4c675825f7509877bc10497f498c9a2e3433bf922bd870914a2eb21a54fd26,74284 3 74806 5 75330 6 75853 7 76377 7 76900 8 77424 8 77947 9 78471 9 78995 9 79519 9 80043 9 80567 4 81091 1 81100 1 81615 1
3c4c675825f7509877bc10497f498c9a2e3433bf922bd870914a2eb21a54fd26,80571 5 81092 8 81616 9 82139 10 82663 6 83188 2 83712 2
3c4c675825f7509877bc10497f498c9a2e3433bf922bd870914a2eb21a54fd26,82669 5 83190 8 83714 9 84237 10 84761 11 85286 10 85810 11 86335 10 86859 10 87384 8 87909 7 88435 4
3c4c675825f7509877bc10497f498c9a2e3433bf922bd870914a2eb21a54fd26,108873 3 109395 6 109918 7 110442 8 110965 9 111489 9 112013 9 112537 8 113061 8 113585 8 114109 7 114633 7 115157 6 115682 5 116206 4 116731 3
3c4c675825f7509877bc10497f498c9a2e3433bf922bd870914a2eb21a54fd26,12462 2 12469 1 12986 2 12993 1 13510 1 13517 1 14034 1 14041 1
3c4c675825f7509877bc10497f498c9a2e3433bf922bd870914a2eb21a54fd26,13511 6 14035 6 14558 8 15082 8 15606 7 16131 6 16655 5 17180 4
3c4c675825f7509877bc10497f498c9a2e3433bf922bd870914a2eb21a54fd26,7225 3 7748 4 8272 5 8795 6 9319 6 9843 6 10367 7 10891 7 11415 7 11939 7 12464 5 12988 5
3c4c675825f7509877bc10497f498c9a2e3433bf922bd870914a2eb21a54fd26,79018 3 79540 7 80062 10 80586 11 81109 12 81633 13 82158 11 82682 11 83207 8
3c4c675825f7509877bc10497f498c9a2e3433bf922bd870914a2eb21a54fd26,149231 1 149755 1 149766 1 150279 5 150290 1 150803 12 151327 12 151852 11 152376 10 152901 9 153425 8 153950 6
3c4c675825f7509877bc10497f498c9a2e3433bf922bd870914a2eb21a54fd26,146088 1 146612 1 146623 1 147135 6 147147 1 147659 13 148183 12 148707 12 149232 11 149756 10 150284 6
3c4c675825f7509877bc10497f498c9a2e3433bf922bd870914a2eb21a54fd26,140330 4 140853 6 141375 8 141898 10 142422 10 142945 12 143469 12 143992 13 144516 13 145040 13 145564 12 146089 11 146613 10 147141 6
3c4c675825f7509877bc10497f498c9a2e3433bf922bd870914a2eb21a54fd26,173340 3 173863 4 174386 6 174910 6 175433 7 175957 7 176480 7 177004 7 177528 7 178052 7 178576 7 179101 5 179625 5
3c4c675825f7509877bc10497f498c9a2e3433bf922bd870914a2eb21a54fd26,60156 1 60680 1 60689 1 61204 1 61213 1 61728 1 61737 1
3c4c675825f7509877bc10497f498c9a2e3433bf922bd870914a2eb21a54fd26,61205 3 61729 8 62252 10 62776 10 63300 10 63832 2 64356 2
3c4c675825f7509877bc10497f498c9a2e3433bf922bd870914a2eb21a54fd26,63824 8 64348 8 64871 10 65396 9 65920 9 66444 9 66968 8 67492 8 68016 7 68540 7 69065 5 69589 4
3c4c675825f7509877bc10497f498c9a2e3433bf922bd870914a2eb21a54fd26,54919 4 55443 5 55966 7 56489 8 57013 9 57536 10 58060 10 58584 11 59108 10 59632 10 60157 9 60681 8 61208 5
3c4c675825f7509877bc10497f498c9a2e3433bf922bd870914a2eb21a54fd26,84267 1 84278 1 84791 1 84802 1 85314 13 85838 13 86362 12 86886 12 87410 11 87934 11 88457 11 88981 11 89505 11 90028 11 90552 11 91077 9 91601 9 92126 7 92652 3
3c4c675825f7509877bc10497f498c9a2e3433bf922bd870914a2eb21a54fd26,77460 6 77983 7 78507 8 79030 9 79554 9 80077 10 80601 10 81125 10 81648 11 82172 11 82696 11 83220 11 83743 12 84268 10 84792 10
3c4c675825f7509877bc10497f498c9a2e3433bf922bd870914a2eb21a54fd26,132488 1 133011 3 133534 4 134058 4 134582 4 135107 1
3c4c675825f7509877bc10497f498c9a2e3433bf922bd870914a2eb21a54fd26,445 12 969 13 1493 13 2017 12 2541 13 3064 14 3588 14 4112 14 4636 13 5160 13 5684 13 6208 12 6733 11 7257 10 7782 9 8308 5
3c4c675825f7509877bc10497f498c9a2e3433bf922bd870914a2eb21a54fd26,72238 6 72760 10 73284 11 73807 13 74331 13 74854 15 75378 15 75902 16 76427 15 76951 15 77476 14 78000 14 78525 13 79049 13 79574 12 80098 11 80624 9 81150 5
3c4c675825f7509877bc10497f498c9a2e3433bf922bd870914a2eb21a54fd26,94777 1 95300 2 95824 5 95834 1 96348 11 96872 10 97396 10 97920 10 98445 9 98969 8 99494 7 100018 6
3c4c675825f7509877bc10497f498c9a2e3433bf922bd870914a2eb21a54fd26,87450 3 87972 5 88495 7 89017 9 89540 10 90063 11 90587 11 91110 11 91634 11 92157 12 92681 11 93205 11 93729 11 94253 11 94778 9 95302 9 95829 5
3c4c675825f7509877bc10497f498c9a2e3433bf922bd870914a2eb21a54fd26,38718 1 39242 2 39765 3 40288 4 40812 4 41336 4 41859 5 42383 4 42907 4 43431 4 43955 3 44480 1
3c4c675825f7509877bc10497f498c9a2e3433bf922bd870914a2eb21a54fd26,171291 6 171814 8 172337 9 172861 10 173384 11 173908 12 174431 13 174955 13 175479 13 176003 13 176527 6 177051 1 177064 1 177575 1
3c4c675825f7509877bc10497f498c9a2e3433bf922bd870914a2eb21a54fd26,176533 7 177052 12 177576 13 178099 7 178624 1 178637 1 179148 1
3c4c675825f7509877bc10497f498c9a2e3433bf922bd870914a2eb21a54fd26,178106 7 178625 12 179149 13 179672 14 180197 13 180721 13 181245 13 181769 13 182294 12
3c4c675825f7509877bc10497f498c9a2e3433bf922bd870914a2eb21a54fd26,10422 1 10946 1 10957 1 11469 6 11481 1 11993 13 12517 13 13041 12 13565 12 14089 12 14614 10 15138 10 15663 8 16189 3
3c4c675825f7509877bc10497f498c9a2e3433bf922bd870914a2eb21a54fd26,6754 1 7278 1 7291 1 7802 14 8326 14 8850 13 9374 13 9898 12 10423 11 10947 10 11475 6
3c4c675825f7509877bc10497f498c9a2e3433bf922bd870914a2eb21a54fd26,1520 4 2042 8 2565 10 3088 12 3612 12 4135 14 4659 14 5183 14 5707 14 6230 14 6755 13 7279 12
3c4c675825f7509877bc10497f498c9a2e3433bf922bd870914a2eb21a54fd26,131997 2 132521 2 133045 10 133568 11 134092 10 134616 10 135140 9 135665 8 136189 7 136714 5
3c4c675825f7509877bc10497f498c9a2e3433bf922bd870914a2eb21a54fd26,128855 1 129379 1 129902 5 129912 1 130426 10 130950 10 131474 10 131999 8 132523 8
3c4c675825f7509877bc10497f498c9a2e3433bf922bd870914a2eb21a54fd26,126236 1 126246 1 126760 1 127284 10 127807 11 128331 11 128856 9 129380 9 129907 5
3c4c675825f7509877bc10497f498c9a2e3433bf922bd870914a2eb21a54fd26,119953 5 120476 7 121000 7 121523 9 122047 9 122570 10 123094 10 123617 11 124141 11 124665 11 125189 10 125712 11 126237 9 126761 9
3c4c675825f7509877bc10497f498c9a2e3433bf922bd870914a2eb21a54fd26,50797 5 51321 6 51844 7 52368 8 52892 8 53416 9 53939 10 54463 10 54987 10 55511 1 55520 1 56035 1 56044 1
3c4c675825f7509877bc10497f498c9a2e3433bf922bd870914a2eb21a54fd26,55512 8 56036 8 56559 10 57083 10 57606 11 58130 11 58654 11 59178 11 59702 11 60226 11 60751 10 61275 10 61799 10 62323 9 62847 9 63372 7 63896 6 64421 3
3c4c675825f7509877bc10497f498c9a2e3433bf922bd870914a2eb21a54fd26,32988 5 33511 7 34035 8 34558 11 35082 11 35606 12 36130 12 36654 13 37178 13 37702 13 38226 13 38750 13 39275 11 39799 11 40324 9 40849 7
3c4c675825f7509877bc10497f498c9a2e3433bf922bd870914a2eb21a54fd26,97982 5 98505 7 99028 8 99551 10 100074 11 100598 10 101121 11 101645 10 102168 11 102691 12 103215 12 103738 13 104262 12 104785 13 105309 13 105833 13 106357 13 106880 13 107404 13 107928 12 108452 11 108976 10 109500 10 110025 8 110549 7 111074 5
432f367a4c5b5674de2e2977744d10289a064e5704b21af6607b4975be47c580,6248 1
432f367a4c5b5674de2e2977744d10289a064e5704b21af6607b4975be47c580,9367 1
432f367a4c5b5674de2e2977744d10289a064e5704b21af6607b4975be47c580,2601 3 3121 4 3641 5 4161 6 4681 7 5201 7 5721 8 6241 7 6761 8 7281 7 7801 7 8321 7 8841 7 9361 6 9881 7 10401 7 10921 7 11441 7 11961 8 12481 9 13001 9 13521 10 14041 10 14561 10 15081 10 15601 9 16121 9 16641 8 17161 7 17681 6 18201 5 18721 4 19241 3
432f367a4c5b5674de2e2977744d10289a064e5704b21af6607b4975be47c580,53041 5 53561 5 54081 6 54601 6 55121 6 55641 6 56161 7 56681 7 57201 7 57721 7 58241 6 58761 6 59281 5 59801 4 60321 3
432f367a4c5b5674de2e2977744d10289a064e5704b21af6607b4975be47c580,93602 5 94121 6 94641 7 95166 1
432f367a4c5b5674de2e2977744d10289a064e5704b21af6607b4975be47c580,95161 5 95681 6 96201 6 96721 7 97241 7 97761 6 98281 6 98801 4
432f367a4c5b5674de2e2977744d10289a064e5704b21af6607b4975be47c580,104531 6 105046 13 105564 15 106082 18 106601 19 107121 19 107641 19 108161 19 108681 19 109201 18 109721 18 110241 17 110761 16 111281 15 111801 13 112321 12 112842 9
432f367a4c5b5674de2e2977744d10289a064e5704b21af6607b4975be47c580,117001 11 117521 14 118041 16 118561 16 119081 15 119601 15 120121 16 120641 16 121161 17 121681 17 122201 18 122721 18 123241 17 123761 17 124281 16 124801 16 125321 14 125843 3
432f367a4c5b5674de2e2977744d10289a064e5704b21af6607b4975be47c580,114426 10 114943 15 115460 21 115979 23 116499 24 117018 25 117538 26 118057 27 118577 28 119096 29 119616 29 120137 27 120657 27 121178 26 121698 26 122221 22 122742 21 123263 19 123785 17 124306 16 124826 16 125347 15 125867 15 126388 13 126909 12 127430 10 127952 7 128473 5
432f367a4c5b5674de2e2977744d10289a064e5704b21af6607b4975be47c580,131048 1
432f367a4c5b5674de2e2977744d10289a064e5704b21af6607b4975be47c580,127401 5 127921 5 128441 6 128961 6 129481 7 130001 7 130521 7 131041 7 131561 8 132081 7 132601 7 133121 7 133641 7 134161 8 134681 8 135201 8 135721 9 136241 10 136761 10 137281 11 137801 11 138321 10 138841 10 139361 8 139882 5
432f367a4c5b5674de2e2977744d10289a064e5704b21af6607b4975be47c580,29128 1 29646 2 30164 4 30684 5 31203 6 31723 7 32242 15 32762 16 33283 20 33803 21 34324 21 34844 23 35365 22 35886 22 36407 20 36929 18 37452 14 37973 12 38495 9
432f367a4c5b5674de2e2977744d10289a064e5704b21af6607b4975be47c580,21339 10 21857 15 22375 20 22894 22 23413 24 23932 26 24451 27 24971 28 25490 29 26010 30 26530 30 27050 30 27570 30 28090 30 28609 31 29129 31 29648 32 30168 31 30689 30 31209 29 31730 28 32257 20 32778 18 33303 10 33824 6 34345 3
432f367a4c5b5674de2e2977744d10289a064e5704b21af6607b4975be47c580,169538 7 170056 9 170574 12 171092 14 171611 15 172130 15 172650 15 173169 15 173689 15 174209 14 174729 15 175249 17 175769 19 176288 20 176808 22 177327 23 177847 24 178366 25 178885 26 179405 26 179924 27 180444 26
432f367a4c5b5674de2e2977744d10289a064e5704b21af6607b4975be47c580,145616 5 146134 9 146653 10 147172 12 147692 11 148211 12 148731 11 149252 8 149772 6
432f367a4c5b5674de2e2977744d10289a064e5704b21af6607b4975be47c580,18 12 539 10 1061 7
432f367a4c5b5674de2e2977744d10289a064e5704b21af6607b4975be47c580,160701 3 161219 4 161738 5 162257 6 162777 7 163296 8 163817 7 164337 8 164858 7 165378 8 165899 5
432f367a4c5b5674de2e2977744d10289a064e5704b21af6607b4975be47c580,160184 13 160704 13 161223 15 161743 15 162263 10 162784 7 163304 7 163824 6 164345 5 164865 3
432f367a4c5b5674de2e2977744d10289a064e5704b21af6607b4975be47c580,162273 9 162791 15 163311 17 163830 19 164350 20 164871 20 165390 21 165910 22 166430 22 166950 22 167469 23 167989 23 168509 23 169029 23 169550 22 170070 21 170591 20 171111 19 171632 17 172152 17 172674 13 173196 10
432f367a4c5b5674de2e2977744d10289a064e5704b21af6607b4975be47c580,96744 9 97261 14 97780 16 98298 18 98818 19 99337 20 99857 20 100377 20 100897 20 101417 20 101937 19 102458 18 102978 16 103499 14 104021 11 104542 8
432f367a4c5b5674de2e2977744d10289a064e5704b21af6607b4975be47c580,12509 5 13026 10 13545 12 14064 14 14584 13 15103 14 15623 13 16143 13 16663 13 17183 13 17704 11 18224 11 18745 10 19266 9 19789 7 20312 4
432f367a4c5b5674de2e2977744d10289a064e5704b21af6607b4975be47c580,13046 9 13564 13 14082 16 14597 21 15117 22 15636 24 16156 24 16676 25 17196 26 17715 27 18235 27 18755 26 19275 26 19796 25 20316 26 20837 25 21360 23 21881 21 22403 18 22926 13 23449 7 23970 4
432f367a4c5b5674de2e2977744d10289a064e5704b21af6607b4975be47c580,15146 7 15664 11 16184 12 16703 13 17223 14 17742 14 18262 14 18781 15 19301 15 19821 14 20342 13 20862 12 21385 8
432f367a4c5b5674de2e2977744d10289a064e5704b21af6607b4975be47c580,1594 4 2113 7 2631 11 3151 13 3670 15 4190 15 4709 17 5229 17 5749 18 6269 18 6789 19 7309 19 7829 19 8350 18 8870 17 9391 16 9914 12 10437 8 10960 3
432f367a4c5b5674de2e2977744d10289a064e5704b21af6607b4975be47c580,80642 1 81160 3 81678 6 82197 7 82716 14 83236 22 83755 23 84275 23 84794 24 85314 24 85833 24 86354 23 86874 22 87395 20 87915 19 88436 17 88957 14 89479 10
432f367a4c5b5674de2e2977744d10289a064e5704b21af6607b4975be47c580,74406 11 74925 14 75444 17 75964 18 76483 19 77003 20 77523 21 78043 21 78563 22 79084 21 79604 21 80124 21 80643 21 81163 21 81684 19 82204 17 82730 9
432f367a4c5b5674de2e2977744d10289a064e5704b21af6607b4975be47c580,145650 2 146161 11 146679 12 147197 14 147717 14 148236 15 148755 16 149275 17 149794 18 150315 17 150835 17 151359 13 151882 11 152407 6
432f367a4c5b5674de2e2977744d10289a064e5704b21af6607b4975be47c580,145135 2 145652 5 146172 4 146691 5 147211 5 147731 5 148251 5 148771 6 149292 5 149812 5 150332 5 150852 5 151372 6 151893 5 152413 5
432f367a4c5b5674de2e2977744d10289a064e5704b21af6607b4975be47c580,144619 6 145137 8 145657 10 146176 13 146696 14 147216 15 147736 15 148256 16 148777 15 149297 15 149817 14 150337 14 150857 13 151378 10 151898 5
432f367a4c5b5674de2e2977744d10289a064e5704b21af6607b4975be47c580,179442 12 179960 14 180478 16
432f367a4c5b5674de2e2977744d10289a064e5704b21af6607b4975be47c580,32284 11 32802 16 33321 18 33840 20 34359 22 34878 23 35398 24 35917 25 36437 25 36957 24 37478 23 37998 22 38519 21 39039 20 39560 18 40081 17 40603 13
432f367a4c5b5674de2e2977744d10289a064e5704b21af6607b4975be47c580,103522 2 104041 4 104560 5 105079 6 105599 6 106120 4
432f367a4c5b5674de2e2977744d10289a064e5704b21af6607b4975be47c580,132125 7 132643 10 133163 10 133682 12 134202 12 134721 13 135241 13 135761 13 136281 13 136802 12 137322 11 137843 10 138364 8 138885 5
432f367a4c5b5674de2e2977744d10289a064e5704b21af6607b4975be47c580,91054 7 91571 14 92090 17 92609 19 93129 20 93648 22 94168 22 94688 23 95207 24 95727 25 96247 25 96767 26 97288 25 97808 24 98329 23 98851 20 99372 19 99893 17 100415 15 100940 8 101463 4 101983 4
432f367a4c5b5674de2e2977744d10289a064e5704b21af6607b4975be47c580,172693 4 173211 7 173730 9 174249 10 174768 12 175288 12 175807 13 176327 12 176848 11 177368 10 177889 8 178410 4
432f367a4c5b5674de2e2977744d10289a064e5704b21af6607b4975be47c580,25532 6 26050 9 26570 9 27089 11 27609 11 28129 11 28650 9 29170 9 29691 6
432f367a4c5b5674de2e2977744d10289a064e5704b21af6607b4975be47c580,42699 5 43216 10 43735 12 44255 13 44774 15 45294 16 45814 16 46334 17 46854 17 47373 18 47892 19 48411 19 48930 20 49450 20 49969 20 50490 19 51010 18 51531 17 52051 16 52572 13 53093 10 53614 7
432f367a4c5b5674de2e2977744d10289a064e5704b21af6607b4975be47c580,67655 9 68173 11 68693 12 69212 13 69732 12 70253 11 70773 8 71294 4
432f367a4c5b5674de2e2977744d10289a064e5704b21af6607b4975be47c580,57257 2 57776 4 58295 5 58815 5 59336 4
432f367a4c5b5674de2e2977744d10289a064e5704b21af6607b4975be47c580,4224 1
432f367a4c5b5674de2e2977744d10289a064e5704b21af6607b4975be47c580,17762 1 18281 3 18801 3 19320 6 19840 7 20360 10 20880 10 21400 10 21921 8 22441 8 22963 4
432f367a4c5b5674de2e2977744d10289a064e5704b21af6607b4975be47c580,56 70 576 69 1096 69 1617 56 1675 7 2137 55 2658 54 3180 52 3702 49 4225 3 4231 40 4752 38 5272 34 5792 30 6313 26 6833 25 7354 22 7875 18 8397 15 8919 13 9444 7 9968 3
432f367a4c5b5674de2e2977744d10289a064e5704b21af6607b4975be47c580,11530 1 12048 3 12567 4 13086 5 13606 5 14125 6 14645 7 15165 7 15684 8 16204 8 16724 8 17243 10 17763 10 18284 11 18804 10 19326 6 19847 4
432f367a4c5b5674de2e2977744d10289a064e5704b21af6607b4975be47c580,6339 8 6858 14 7376 18 7893 22 8412 24 8932 24 9451 26 9971 26 10492 25 11012 25 11531 26 12051 25 12571 25 13091 24 13611 24 14131 24 14652 22 15172 22 15692 21 16212 20 16732 18 17253 6 17260 7 17773 3
432f367a4c5b5674de2e2977744d10289a064e5704b21af6607b4975be47c580,132146 7 132664 10 133183 12 133703 12 134222 14 134742 14 135262 14 135782 14 136301 14 136820 15 137340 15 137859 16 138379 15 138899 15 139419 15 139939 14 140459 14 140979 13 141500 11 142020 11 142541 9 143061 9 143582 7 144102 5
432f367a4c5b5674de2e2977744d10289a064e5704b21af6607b4975be47c580,55191 10 55710 13 56229 16 56749 17 57268 19 57788 20 58308 21 58828 21 59348 22 59868 22 60388 23 60908 23 61429 22 61949 22 62470 21 62991 20 63512 18 64033 17 64555 14 65077 11 65600 6
432f367a4c5b5674de2e2977744d10289a064e5704b21af6607b4975be47c580,74435 5 74952 10 75470 13 75989 15 76509 15 77028 17 77548 17 78068 18 78588 18 79108 18 79628 19 80149 18 80669 17 81190 16 81711 14 82236 6
432f367a4c5b5674de2e2977744d10289a064e5704b21af6607b4975be47c580,158154 3 158671 8 159190 11 159709 13 160229 14 160748 15 161268 17 161788 16 162308 16 162829 14 163349 14 163869 14 164390 12 164910 12 165431 11 165951 12 166473 10 166995 8 167517 4
432f367a4c5b5674de2e2977744d10289a064e5704b21af6607b4975be47c580,161804 6 162324 9 162843 11 163363 12 163883 12 164402 14 164922 15 165442 16 165963 15 166483 16 167004 14 167526 12 168046 11 168568 7
432f367a4c5b5674de2e2977744d10289a064e5704b21af6607b4975be47c580,136320 10 136839 14 137359 16 137878 18 138399 17 138919 18 139439 17 139959 17 140480 15 141000 14 141521 10 142042 8 142563 5
432f367a4c5b5674de2e2977744d10289a064e5704b21af6607b4975be47c580,42206 13 42724 18 43243 21 43762 21 44281 22 44801 21 45320 22 45840 22 46361 21 46881 21 47402 20 47922 19 48443 18 48963 18 49484 17 50005 16 50528 14 51061 1
432f367a4c5b5674de2e2977744d10289a064e5704b21af6607b4975be47c580,43783 3 44303 6 44822 10 45342 10 45862 10 46382 11 46902 11 47422 12 47941 13 48461 14 48981 15 49501 16 50021 19 50542 17 51062 17 51583 16 52105 15 52628 12 53150 9 53671 8 54193 4
432f367a4c5b5674de2e2977744d10289a064e5704b21af6607b4975be47c580,36003 7 36519 14 37037 19 37555 22 38074 24 38594 25 39113 27 39633 27 40152 29 40672 29 41192 29 41712 29 42232 29 42753 28 43273 28 43793 27 44313 27 44832 27 45352 27 45872 26 46393 24 46913 22 47434 20 47954 21 48475 20 48996 8 49005 11 49517 5 49528 7 50048 7 50569 5
432f367a4c5b5674de2e2977744d10289a064e5704b21af6607b4975be47c580,34930 4 35448 6 35967 8 36486 9 37005 11 37525 11 38044 11 38564 11 39085 9 39605 9 40126 7
432f367a4c5b5674de2e2977744d10289a064e5704b21af6607b4975be47c580,149849 8 150367 12 150887 14 151406 16 151926 17 152445 18 152965 19 153485 19 154005 19 154525 19 155045 19 155566 18 156086 17 156607 16 157128 13 157649 11 158171 5
432f367a4c5b5674de2e2977744d10289a064e5704b21af6607b4975be47c580,89019 7 89537 11 90055 15 90574 18 91092 21 91610 24 92130 24 92648 27 93168 27 93687 29 94207 29 94726 30 95246 30 95766 30 96286 30 96807 28 97327 28 97850 9
432f367a4c5b5674de2e2977744d10289a064e5704b21af6607b4975be47c580,70294 8 70811 13 71330 16 71849 19 72369 20 72888 23 73408 24 73928 25 74448 25 74969 25 75489 25 76010 24 76531 23 77052 22 77572 22 78093 21 78613 21 79134 19 79654 19 80175 17 80696 15 81218 11
432f367a4c5b5674de2e2977744d10289a064e5704b21af6607b4975be47c580,21937 7 22454 12 22972 16 23492 17 24011 19 24531 19 25051 20 25571 20 26091 20 26611 20 27132 19 27652 19 28172 19 28693 18 29213 18 29733 18 30254 17 30774 17 31295 15 31816 15 32336 15 32857 14 33377 14 33898 13 34418 13 34938 12 35459 11 35979 10 36500 9 37022 5
432f367a4c5b5674de2e2977744d10289a064e5704b21af6607b4975be47c580,57818 3 58338 3 58857 5 59377 9 59896 10 60416 10 60936 9 61455 10 61975 10 62495 10 63016 9 63536 9 64057 9 64578 8
432f367a4c5b5674de2e2977744d10289a064e5704b21af6607b4975be47c580,56791 3 57311 4 57830 5 58350 6 58871 7 59388 10 59906 13 60426 13 60945 14 61465 14 61985 14 62505 14 63025 14 63545 13 64066 12 64586 11 65108 7
432f367a4c5b5674de2e2977744d10289a064e5704b21af6607b4975be47c580,126988 1 127506 3 128024 4 128542 6 129061 7 129580 8 130100 8 130619 10 131139 10 131660 9 132180 9 132701 8 133223 7 133746 4
432f367a4c5b5674de2e2977744d10289a064e5704b21af6607b4975be47c580,126471 3 126989 5 127509 4 128028 5 128548 5 129068 5 129588 5 130108 6 130629 5 131149 5 131669 5 132189 5 132709 6 133230 5 133750 3
432f367a4c5b5674de2e2977744d10289a064e5704b21af6607b4975be47c580,126474 9 126994 10 127513 12 128033 13 128553 13 129073 14 129593 14 130114 13 130634 13 131154 12 131674 12 132194 11 132715 9 133235 7
432f367a4c5b5674de2e2977744d10289a064e5704b21af6607b4975be47c580,154552 1 155070 2 155588 4 156106 6 156625 7 157144 8 157664 8 158183 9 158703 9 159222 10 159742 10 160262 11 160781 12 161301 12 161820 13 162340 13 162860 13 163381 12 163901 12 164422 11 164942 11 165464 10 165986 8
432f367a4c5b5674de2e2977744d10289a064e5704b21af6607b4975be47c580,154033 9 154553 11 155072 13 155592 14 156112 15 156632 16 157152 16 157672 17 158192 17 158712 18 159232 18 159752 18 160273 17 160793 17 161313 17 161833 16 162353 16 162873 15 163393 14 163913 13 164433 11 164953 9 165474 6 165994 3
432f367a4c5b5674de2e2977744d10289a064e5704b21af6607b4975be47c580,172228 7 172746 11 173265 14 173784 16 174303 17 174823 18 175342 19 175862 19 176382 19 176901 20 177421 20 177941 20 178461 20 178487 3 178982 19 179004 7 179502 29 180022 30 180542 30
432f367a4c5b5674de2e2977744d10289a064e5704b21af6607b4975be47c580,14682 13 15200 15 15717 19 16236 20 16755 21 17275 20 17794 21 18313 22 18833 22 19352 23 19872 23 20392 22 20913 21 21433 20 21954 18 22475 16 22996 14 23519 8
432f367a4c5b5674de2e2977744d10289a064e5704b21af6607b4975be47c580,96836 9 97356 10 97875 12 98395 12 98915 13 99436 12 99956 12 100477 11 100997 10 101518 9 102039 6
432f367a4c5b5674de2e2977744d10289a064e5704b21af6607b4975be47c580,25603 10 26120 14 26639 15 27158 17 27678 17 28197 18 28717 18 29237 18 29758 16 30278 16 30798 15 31319 13 31839 12 32361 8
432f367a4c5b5674de2e2977744d10289a064e5704b21af6607b4975be47c580,118682 3 119199 9 119718 11 120238 13 120757 14 121277 15 121798 13 122318 13 122839 11 123360 9 123882 6 124403 5 124923 4
432f367a4c5b5674de2e2977744d10289a064e5704b21af6607b4975be47c580,140007 4 140525 8 141044 10 141564 10 142083 12 142603 12 143122 14 143641 15 144161 15 144680 16 145200 16 145719 16 146239 16 146759 15 147280 14 147800 14 148321 12 148841 12 149362 10 149883 9 150405 6
432f367a4c5b5674de2e2977744d10289a064e5704b21af6607b4975be47c580,85406 4 85925 6 86444 7 86964 6 87484 5 88004 4
432f367a4c5b5674de2e2977744d10289a064e5704b21af6607b4975be47c580,73455 7 73972 12 74491 15 75009 18 75528 20 76047 22 76566 24 77085 26 77605 27 78124 28 78644 29 79164 29 79684 30 80204 30 80725 29 81245 29 81766 27 82286 27 82807 25 83329 22 83852 18 84377 11 84902 3
432f367a4c5b5674de2e2977744d10289a064e5704b21af6607b4975be47c580,104657 5 105175 12 105694 15 106214 16 106733 18 107253 19 107773 19 108293 20 108808 25 109327 27 109846 28 110366 28 110885 29 111405 29 111925 30 112446 29 112966 29 113487 28 114007 28 114529 25 115050 24 115572 21 116094 18 116616 15 117138 11 117661 6
432f367a4c5b5674de2e2977744d10289a064e5704b21af6607b4975be47c580,92173 6 92184 1 92691 13 93210 15 93730 15 94249 16 94769 16 95290 15 95810 15 96331 14 96852 13 97373 12 97895 10 98416 9 98936 9 99457 9 99977 9 100498 10 101020 7
432f367a4c5b5674de2e2977744d10289a064e5704b21af6607b4975be47c580,88033 5 88550 11 89069 14 89588 16 90107 17 90627 18 91146 19 91665 21 92185 21 92704 22 93225 20 93745 20 94265 19 94785 17 95305 16 95825 12 96345 8 96865 7 97385 6 97905 6 98425 5 98945 5 99466 4 99986 3
432f367a4c5b5674de2e2977744d10289a064e5704b21af6607b4975be47c580,94802 3 95321 6 95837 12 96353 17 96872 20 97391 25 97911 25 98430 25 98950 25 99471 24 99991 24 100512 24 101033 23 101554 22 102075 21 102596 21 103117 20 103638 18 104159 13 104681 9
432f367a4c5b5674de2e2977744d10289a064e5704b21af6607b4975be47c580,87541 4 88059 8 88577 11 89097 12 89616 13 90135 15 90655 15 91174 17 91694 17 92213 18 92733 17 93253 17 93774 15 94294 14 94815 5 94823 2 95337 3
432f367a4c5b5674de2e2977744d10289a064e5704b21af6607b4975be47c580,94820 3 95340 4 95859 5 96379 7 96897 10 97416 12 97936 12 98455 14 98975 14 99495 14 100015 14 100536 12 101056 12 101576 11 102096 10 102617 7 103137 4
432f367a4c5b5674de2e2977744d10289a064e5704b21af6607b4975be47c580,150414 4 150933 5 151453 6 151972 7 152492 7 153011 9 153532 8 154052 8 154573 6 155093 6 155614 4 156135 3
432f367a4c5b5674de2e2977744d10289a064e5704b21af6607b4975be47c580,61498 3 62015 10 62534 15 63053 18 63573 20 64092 23 64613 23 65133 24 65654 24 66175 23 66695 24 67215 24 67735 24 68256 23 68776 22 69297 21 69817 20 70339 18 70861 15 71385 10
432f367a4c5b5674de2e2977744d10289a064e5704b21af6607b4975be47c580,174855 5 175374 6 175894 7 176413 8 176934 11 177454 14 177976 15 178497 15 179019 15 179539 18 180060 17 180581 17
432f367a4c5b5674de2e2977744d10289a064e5704b21af6607b4975be47c580,164470 7 164989 10 165507 14 166027 15 166546 17 167065 19 167585 19 168103 22 168623 22 169142 24 169662 24 170181 26 170701 26 171221 26 171740 27 172260 27 172781 24 173301 24 173821 22 174341 21 174860 21 175380 18 175901 17 176421 16 176945 12 177468 8 177995 1
432f367a4c5b5674de2e2977744d10289a064e5704b21af6607b4975be47c580,172805 3 173325 10 173843 14 174362 16 174881 18 175398 21 175918 22 176437 23 176957 23 177476 23 177996 23 178517 21 179037 20 179558 18 180078 16 180601 10
432f367a4c5b5674de2e2977744d10289a064e5704b21af6607b4975be47c580,123382 7 123901 10 124419 12 124938 14 125457 15 125977 16 126496 18 127016 17 127536 17 128056 16 128576 16 129096 16 129617 15 130137 15 130657 15 131178 13 131698 13 132219 12 132739 12 133261 10 133784 7 134307 5 134831 1
432f367a4c5b5674de2e2977744d10289a064e5704b21af6607b4975be47c580,127033 4 127045 1 127553 13 128072 13 128592 13 129112 13 129632 13 130152 13 130672 13 131191 14 131711 14 132231 14 132751 15 133271 15 133791 16 134312 14 134832 2
432f367a4c5b5674de2e2977744d10289a064e5704b21af6607b4975be47c580,134834 12 135353 15 135873 16 136392 17 136912 9 136928 2 137433 2 137448 1 137953 2
432f367a4c5b5674de2e2977744d10289a064e5704b21af6607b4975be47c580,136921 7 137435 13 137955 14 138474 15 138995 14 139514 16 140031 19 140549 21 141068 22 141587 23 142106 24 142625 25 143145 25 143664 25 144184 25 144704 24 145224 23 145744 22 146265 19 146785 18 147307 14 147829 8
432f367a4c5b5674de2e2977744d10289a064e5704b21af6607b4975be47c580,126528 6 127046 10 127566 10 128085 13 128605 15 129125 15 129645 16 130165 16 130685 16 131205 16 131725 15 132245 15 132766 12 133286 3
432f367a4c5b5674de2e2977744d10289a064e5704b21af6607b4975be47c580,137 26 657 26 1177 25 1698 24 2218 23 2739 21 3260 19 3781 17 4302 14 4824 9
432f367a4c5b5674de2e2977744d10289a064e5704b21af6607b4975be47c580,25638 6 26156 9 26676 9 27195 11 27715 10 28235 10 28756 8 29276 7
432f367a4c5b5674de2e2977744d10289a064e5704b21af6607b4975be47c580,8485 12 9004 14 9523 16 10042 18 10562 19 11081 21 11601 21 12121 23 12640 28 13160 28 13680 30 14199 31 14719 32 15239 32 15759 32 16278 34 16798 34 17317 35 17837 35 18356 35 18877 34 19397 33 19918 32 20439 30 20961 27 21482 24 22004 11
432f367a4c5b5674de2e2977744d10289a064e5704b21af6607b4975be47c580,39683 3 40200 9 40719 11 41237 13 41757 14 42276 15 42797 13 43317 13 43838 11 44360 7
432f367a4c5b5674de2e2977744d10289a064e5704b21af6607b4975be47c580,106245 4 106763 9 107282 11 107802 11 108321 13 108842 12 109362 12 109884 9 110405 8
432f367a4c5b5674de2e2977744d10289a064e5704b21af6607b4975be47c580,75572 4 76090 9 76609 11 77128 13 77648 13 78167 15 78687 15 79207 15 79727 14 80248 13 80768 12 81289 10 81811 6
432f367a4c5b5674de2e2977744d10289a064e5704b21af6607b4975be47c580,117696 1 118211 6 118729 7 119248 8 119768 8 120287 9 120807 10 121328 9 121848 9 122369 8 122891 7 123413 5
432f367a4c5b5674de2e2977744d10289a064e5704b21af6607b4975be47c580,117697 7 118217 10 118736 13 119256 13 119776 14 120296 13 120817 12 121337 11 121857 10 122377 9 122898 7 123418 5
432f367a4c5b5674de2e2977744d10289a064e5704b21af6607b4975be47c580,61532 4 62050 9 62570 10 63089 12 63609 13 64129 14 64649 14 65169 15 65690 14 66210 7 66224 1 66731 1 66744 1 67251 1
432f367a4c5b5674de2e2977744d10289a064e5704b21af6607b4975be47c580,66217 7 66732 12 67252 13 67771 14 68291 14 68812 13 69332 13 69853 12 70373 12 70893 12 71414 11 71934 10 72455 9 72976 7 73497 5
432f367a4c5b5674de2e2977744d10289a064e5704b21af6607b4975be47c580,175 9 695 8 1216 6
432f367a4c5b5674de2e2977744d10289a064e5704b21af6607b4975be47c580,136944 9 137461 14 137979 18 138498 21 139018 22 139537 24 140057 25 140578 25 141098 25 141619 25 142140 24 142661 24 143182 23 143703 22 144224 21 144745 21 145265 21 145786 19 146307 18 146828 16 147349 13 147870 8
432f367a4c5b5674de2e2977744d10289a064e5704b21af6607b4975be47c580,7470 6 7988 8 8507 10 9027 10 9546 12 10066 12 10586 11 11107 10 11627 9 12147 7 12668 5 13188 3
432f367a4c5b5674de2e2977744d10289a064e5704b21af6607b4975be47c580,104720 3 105236 10 105755 12 106274 13 106793 15 107312 16 107832 16 108351 16 108870 17 109390 17 109909 18 110429 17 110949 17 111468 18 111988 18 112508 18 113029 17 113549 18 114070 17 114591 16 115113 14 115635 12 116156 10 116677 9 117198 7 117719 5 118240 4 118760 3
432f367a4c5b5674de2e2977744d10289a064e5704b21af6607b4975be47c580,162959 3 163477 7 163996 9 164515 11 165035 12 165554 14 166073 16 166592 18 167111 19 167631 20 168150 21 168669 23 169189 23 169708 24 170228 24 170748 24 171269 23 171789 23 172310 21 172831 20 173352 18 173874 6 173884 4
432f367a4c5b5674de2e2977744d10289a064e5704b21af6607b4975be47c580,68842 4 69359 11 69877 14 70396 16 70914 18 71433 20 71952 21 72472 21 72991 22 73511 22 74031 22 74551 22 75071 22 75591 21 76111 21 76632 19 77152 19 77673 17 78194 14 78716 8
432f367a4c5b5674de2e2977744d10289a064e5704b21af6607b4975be47c580,150996 7 151515 10 152034 13 152554 14 153073 16 153593 17 154113 19 154633 17 155153 17 155673 16 156193 16 156713 16 157234 15 157754 14 158275 13 158796 12 159318 10 159839 9 160363 6
432f367a4c5b5674de2e2977744d10289a064e5704b21af6607b4975be47c580,154650 9 155170 11 155689 13 156209 14 156729 14 157249 15 157768 16 158288 16 158808 17 159328 16 159848 16 160369 14 160889 14 161410 12 161931 10 162451 9 162972 6
432f367a4c5b5674de2e2977744d10289a064e5704b21af6607b4975be47c580,122404 13 122917 23 123435 27 123955 28 124474 29 124994 30 125514 30 126035 28 126555 28 127076 26 127597 23 128119 18 128640 13 129164 4
432f367a4c5b5674de2e2977744d10289a064e5704b21af6607b4975be47c580,10087 5 10604 11 11122 15 11641 16 12160 18 12680 18 13199 20 13719 20 14239 20 14758 21 15278 21 15797 21 16317 21 16837 20 17358 18 17878 6 17888 1 18399 4 18920 3
432f367a4c5b5674de2e2977744d10289a064e5704b21af6607b4975be47c580,17884 4 18403 5 18923 9 19442 13 19962 14 20481 16 21000 19 21519 21 22038 23 22557 24 23076 26 23596 26 24115 27 24635 26 25155 26 25676 19 26196 17 26717 14 27238 11 27760 7
432f367a4c5b5674de2e2977744d10289a064e5704b21af6607b4975be47c580,86007 8 86524 13 87040 18 87559 20 88078 21 88597 23 89117 23 89636 25 90156 25 90676 25 91196 25 91716 25 92237 24 92757 23 93277 23 93798 22 94318 21 94839 11 95361 9 95885 4
432f367a4c5b5674de2e2977744d10289a064e5704b21af6607b4975be47c580,94850 9 95370 16 95889 19 96410 20 96930 21 97450 22 97970 23 98490 24 99010 25 99530 25 100050 26 100571 25 101091 26 101612 25 102133 24 102654 23 103176 21 103697 20 104218 18 104740 16 105262 13
432f367a4c5b5674de2e2977744d10289a064e5704b21af6607b4975be47c580,133855 5 134372 11 134890 16 135410 19 135929 22 136449 24 136968 26 137488 27 138008 27 138528 28 139049 26 139569 26 140090 25 140610 25 141131 23 141651 23 142172 21 142692 21 143213 19 143734 18 144255 16 144776 15 145297 14 145817 14 146338 12 146859 11 147381 8 147904 3
432f367a4c5b5674de2e2977744d10289a064e5704b21af6607b4975be47c580,211 22 730 23 1250 23 1770 23 2289 24 2809 24 3329 24 3849 24 4369 24 4890 23 5410 23 5931 21 6451 21 6972 19 7492 18 8013 15 8535 11
432f367a4c5b5674de2e2977744d10289a064e5704b21af6607b4975be47c580,157272 8 157789 12 158307 14 158826 16 159346 16 159865 17 160385 17 160904 18 161425 17 161945 17 162465 17 162985 17 163505 17 164026 15 164546 15 165067 13 165587 13 166110 9 166633 4
432f367a4c5b5674de2e2977744d10289a064e5704b21af6607b4975be47c580,41319 5 41836 11 42355 13 42874 15 43394 16 43913 18 44433 19 44953 19 45473 20 45993 20 46513 20 47033 20 47553 19 48074 18 48594 17 49115 15 49636 13 50157 12 50679 8 51202 3
432f367a4c5b5674de2e2977744d10289a064e5704b21af6607b4975be47c580,171845 9 172363 12 172881 16 173399 19 173918 20 174437 22 174957 22 175476 24 175996 24 176515 25 177035 25 177555 25 178076 24 178596 24 179116 25 179636 28 180156 28 180677 28
432f367a4c5b5674de2e2977744d10289a064e5704b21af6607b4975be47c580,137005 10 137524 12 138042 16 138561 18 139080 20 139599 21 140118 23 140637 24 141157 24 141676 24 142196 25 142717 14 143237 7 143758 6 144278 5 144799 4 145322 1
432f367a4c5b5674de2e2977744d10289a064e5704b21af6607b4975be47c580,142731 11 143244 22 143764 24 144283 26 144803 27 145323 28 145844 28 146364 28 146885 28 147405 28 147925 28 148445 27 148965 27 149486 26 150006 25 150527 24 151048 22 151569 20 152090 18 152611 16 153133 12 153656 7
432f367a4c5b5674de2e2977744d10289a064e5704b21af6607b4975be47c580,79282 2 79800 6 80319 8 80839 9 81360 8 81882 5
432f367a4c5b5674de2e2977744d10289a064e5704b21af6607b4975be47c580,90205 8 90722 11 91241 11 91760 12 92280 12 92799 14 93319 14 93838 15 94358 16 94878 16 95398 17 95918 16 96439 15 96959 15 97480 13 98000 13 98521 11 99042 10 99563 8 100085 5
432f367a4c5b5674de2e2977744d10289a064e5704b21af6607b4975be47c580,87101 4 87618 9 88137 12 88656 14 89175 17 89694 19 90213 20 90733 21 91252 22 91772 22 92292 22 92813 21 93333 21 93853 21 94374 19 94894 19 95418 14 95940 10
432f367a4c5b5674de2e2977744d10289a064e5704b21af6607b4975be47c580,242 11 761 13 1281 14 1800 15 2320 16 2840 16 3359 18 3879 18 4399 18 4919 18 5439 18 5959 18 6479 17 6999 17 7520 15 8040 14 8561 11 9084 5
432f367a4c5b5674de2e2977744d10289a064e5704b21af6607b4975be47c580,56409 3 56927 5 57445 8 57964 9 58483 14 59002 19 59522 21 60041 20 60561 19 61080 20 61600 19 62120 19 62640 19 63161 18 63681 18 64202 17 64723 16 65244 1 65248 12 65769 7 65779 1
432f367a4c5b5674de2e2977744d10289a064e5704b21af6607b4975be47c580,48102 5 48618 12 49136 15 49654 18 50173 20 50693 20 51212 22 51732 22 52251 24 52771 24 53292 23 53812 22 54332 22 54853 20 55373 20 55893 21 56412 22 56932 22 57453 20 57973 19 58497 12 59021 3
432f367a4c5b5674de2e2977744d10289a064e5704b21af6607b4975be47c580,59548 9 60061 19 60580 22 61100 24 61619 27 62139 28 62659 29 63179 29 63699 30 64219 30 64739 30 65260 30 65780 30 66301 28 66823 26 67345 23 67867 20 68390 15
432f367a4c5b5674de2e2977744d10289a064e5704b21af6607b4975be47c580,49681 12 50200 14 50719 16 51238 17 51758 18 52277 19 52795 21 53315 21 53834 22 54354 22 54873 22 55393 22 55914 20 56434 20 56956 18 57477 17 57999 15 58520 13 59043 10
432f367a4c5b5674de2e2977744d10289a064e5704b21af6607b4975be47c580,65245 3 65765 4 66282 7 66801 11 67321 13 67840 15 68361 14 68881 15 69402 14 69923 12 70444 11 70965 8
432f367a4c5b5674de2e2977744d10289a064e5704b21af6607b4975be47c580,34049 3 34567 6 35086 7 35605 9 36125 9 36644 9 37165 8 37685 7 38206 5
432f367a4c5b5674de2e2977744d10289a064e5704b21af6607b4975be47c580,117772 15 118290 20 118809 24 119328 26 119847 28 120367 28 120886 30 121406 30 121926 30 122446 30 122966 30 123486 30 124006 30 124527 28 125047 28 125568 16 125593 1 126089 9 126611 7
432f367a4c5b5674de2e2977744d10289a064e5704b21af6607b4975be47c580,125584 9 126098 15 126618 16 127137 18 127657 18 128177 19 128697 19 129216 21 129736 21 130256 21 130776 21 131297 20 131817 20 132337 20 132857 20 133378 18 133898 18 134419 16 134940 14 135461 12 135983 8
432f367a4c5b5674de2e2977744d10289a064e5704b21af6607b4975be47c580,156771 14 157289 18 157808 20 158327 21 158847 22 159366 23 159886 23 160406 23 160926 23 161446 23 161966 22 162487 21 163007 19 163528 17 164049 14 164570 7
432f367a4c5b5674de2e2977744d10289a064e5704b21af6607b4975be47c580,107897 3 108413 7 108930 9 109449 10 109969 10 110488 11 111008 11 111528 11 112048 12 112569 11 113089 11 113610 10 114130 10 114651 9 115172 9 115695 6
432f367a4c5b5674de2e2977744d10289a064e5704b21af6607b4975be47c580,107900 6 108420 7 108939 8 109459 10 109979 14 110499 14 111019 15 111539 15 112060 15 112580 15 113100 15 113620 15 114140 14 114660 14 115181 12 115701 11
432f367a4c5b5674de2e2977744d10289a064e5704b21af6607b4975be47c580,100105 9 100623 13 101142 15 101661 18 102180 20 102699 22 103218 25 103738 26 104257 29 104778 29 105298 30 105824 25 106346 23 106867 23 107386 24 107906 24 108427 23 108947 22 109469 4 109476 13 109999 8
432f367a4c5b5674de2e2977744d10289a064e5704b21af6607b4975be47c580,71493 7 72012 11 72531 14 73051 15 73570 18 74090 19 74609 20 75129 21 75650 20 76170 21 76690 21 77211 20 77731 19 78252 18 78772 17 79293 16 79814 14 80336 11 80859 6
432f367a4c5b5674de2e2977744d10289a064e5704b21af6607b4975be47c580,169787 3 170306 4 170825 5 171346 3
432f367a4c5b5674de2e2977744d10289a064e5704b21af6607b4975be47c580,176563 1 177077 2 177082 4 177595 13 177611 1 178115 13 178131 1 178135 1 178634 13 178656 1 179153 15 179171 1 179175 2 179673 15 179691 1 179695 3 180192 26 180712 26
432f367a4c5b5674de2e2977744d10289a064e5704b21af6607b4975be47c580,177608 3 178128 3 178647 4 179168 3 179688 3
432f367a4c5b5674de2e2977744d10289a064e5704b21af6607b4975be47c580,177612 3 178132 3 178651 5 179172 3 179692 3
432f367a4c5b5674de2e2977744d10289a064e5704b21af6607b4975be47c580,71523 3 72039 5 72558 6 73077 6 73595 8 74115 8 74634 9 75154 9 75673 10 76193 10 76713 10 77233 10 77754 10 78274 10 78796 7
432f367a4c5b5674de2e2977744d10289a064e5704b21af6607b4975be47c580,72044 6 72564 9 73083 12 73603 14 74123 14 74643 15 75163 15 75683 14 76203 14 76723 13 77243 12 77764 9 78284 6
432f367a4c5b5674de2e2977744d10289a064e5704b21af6607b4975be47c580,161495 6 162011 11 162530 12 163049 14 163569 15 164087 17 164607 18 165126 19 165645 20 166164 20 166683 21 167202 22 167721 23 168241 23 168760 23 169279 24 169797 25 170316 26 170834 28 171354 27 171873 28 172393 27 172913 27 173433 26 173954 24 174474 23 174995 14 175517 9 176038 5 176559 4 177079 3
432f367a4c5b5674de2e2977744d10289a064e5704b21af6607b4975be47c580,278 19 797 20 1318 19 1838 19 2358 19 2878 19 3399 18 3919 17 4440 16 4960 15 5481 13 6002 10 6522 8
432f367a4c5b5674de2e2977744d10289a064e5704b21af6607b4975be47c580,137570 6 138087 13 138605 16 139124 17 139643 19 140162 20 140682 20 141201 21 141722 20 142242 19 142763 18 143285 15 143806 8
432f367a4c5b5674de2e2977744d10289a064e5704b21af6607b4975be47c580,149528 7 150045 12 150564 14 151083 17 151602 19 152122 21 152641 23 152668 4 153161 31 153681 32 154201 32 154721 32 155242 30 155762 30 156283 28 156803 27 157324 26 157845 24 158366 21 158888 17
432f367a4c5b5674de2e2977744d10289a064e5704b21af6607b4975be47c580,115215 4 115733 6 116252 8 116771 9 117290 9 117809 10 118328 9 118848 8 119367 9 119888 7 120408 6
432f367a4c5b5674de2e2977744d10289a064e5704b21af6607b4975be47c580,91299 10 91815 15 92333 18 92851 21 93370 22 93890 23 94409 24 94929 24 95449 24 95969 24 96489 24 97009 24 97529 24 98049 23 98569 23 99089 22 99610 20 100130 18 100651 16 101173 13 101695 9
432f367a4c5b5674de2e2977744d10289a064e5704b21af6607b4975be47c580,45015 8 45534 8 46054 9 46573 10 47093 13 47612 13 48133 12 48653 11 49175 8
432f367a4c5b5674de2e2977744d10289a064e5704b21af6607b4975be47c580,40352 7 40870 12 41389 13 41908 15 42427 15 42946 16 43465 16 43985 14 44503 14 45023 9 45542 7 46063 6 46583 5
432f367a4c5b5674de2e2977744d10289a064e5704b21af6607b4975be47c580,45032 6 45041 8 45549 21 46069 22 46588 24 47109 23 47629 24 48149 24 48670 23 49190 23 49711 22 50231 23 50752 22 51273 20 51794 19 52315 18 52836 17 53357 16 53879 13 54401 11 54923 7
432f367a4c5b5674de2e2977744d10289a064e5704b21af6607b4975be47c580,3948 7 4463 15 4982 18 5501 21 6020 23 6539 26 7058 28 7578 28 8097 30 8617 30 9138 29 9658 29 10179 27 10701 25 11223 21 11745 18 12266 16 12788 12 13311 5
432f367a4c5b5674de2e2977744d10289a064e5704b21af6607b4975be47c580,105861 6 106379 9 106899 11 107418 12 107939 12 108459 12 108980 12 109501 10 110022 9 110545 5
432f367a4c5b5674de2e2977744d10289a064e5704b21af6607b4975be47c580,24749 13 25267 17 25786 20 26306 22 26825 24 27345 25 27866 24 28386 25 28907 24 29427 25 29949 23 30469 23 30991 20 31512 19 32033 17 32555 15 33076 13 33598 9
432f367a4c5b5674de2e2977744d10289a064e5704b21af6607b4975be47c580,137598 7 138113 16 138630 21 139149 23 139668 24 140188 25 140707 26 141227 26 141748 25 142268 25 142789 23 143309 23 143830 21 144350 20 144871 18 145393 14 145916 8
432f367a4c5b5674de2e2977744d10289a064e5704b21af6607b4975be47c580,100154 4 100673 7 101192 8 101711 8 102231 8 102750 9 103270 9 103790 9 104310 9 104831 8 105351 8 105872 7 106393 7 106915 5
432f367a4c5b5674de2e2977744d10289a064e5704b21af6607b4975be47c580,100680 7 101200 9 101719 10 102239 10 102759 9 103279 9 103799 9 104319 8 104839 8 105359 8 105879 9 106400 8 106920 8
432f367a4c5b5674de2e2977744d10289a064e5704b21af6607b4975be47c580,100694 8 101212 11 101729 16 102249 17 102768 18 103288 19 103808 19 104327 20 104847 20 105367 20 105888 19 106408 19 106930 17 107451 16 107972 15 108492 14 109013 13 109534 12 110055 10 110577 8
432f367a4c5b5674de2e2977744d10289a064e5704b21af6607b4975be47c580,179196 11 179714 15 180233 17 180752 17
432f367a4c5b5674de2e2977744d10289a064e5704b21af6607b4975be47c580,161003 5 161519 11 162037 15 162556 17 163076 17 163595 19 164115 19 164635 20 165155 20 165674 21 166194 21 166714 21 167234 21 167753 21 168273 21 168793 20 169314 17 169834 16 170355 14 170876 11 171398 7
432f367a4c5b5674de2e2977744d10289a064e5704b21af6607b4975be47c580,125131 6 125648 11 126167 13 126684 17 127202 21 127721 22 128240 24 128759 25 129279 25 129798 27 130317 28 130837 28 131356 28 131876 28 132396 27 132916 27 133436 26 133956 26 134476 25 134997 23 135517 22 136038 19 136560 14
432f367a4c5b5674de2e2977744d10289a064e5704b21af6607b4975be47c580,317 15 837 15 1357 15 1877 15 2398 13 2918 13 3440 10 3963 5
432f367a4c5b5674de2e2977744d10289a064e5704b21af6607b4975be47c580,15933 10 16450 16 16969 19 17488 21 18008 22 18527 24 19047 24 19567 25 20087 25 20607 26 21128 25 21648 25 22169 24 22690 23 23212 20 23734 18 24256 15 24780 10
432f367a4c5b5674de2e2977744d10289a064e5704b21af6607b4975be47c580,41411 3 41930 4 42450 4 42970 4 43491 2
432f367a4c5b5674de2e2977744d10289a064e5704b21af6607b4975be47c580,170382 9 170900 15 171419 16 171937 20 172455 23 172974 24 173493 26 174013 26 174532 28 175052 28 175571 29 176092 28 176612 27 177133 26 177653 25 178174 24 178694 23 179215 21 179735 20 180256 17 180778 12
432f367a4c5b5674de2e2977744d10289a064e5704b21af6607b4975be47c580,145934 1 146453 2 146973 12 147492 21 148012 22 148532 25 149052 24 149573 22 150093 22 150614 20 151135 19 151656 17 152178 14 152699 11 153219 8
432f367a4c5b5674de2e2977744d10289a064e5704b21af6607b4975be47c580,138147 4 138664 7 139182 11 139701 12 140220 14 140739 15 141259 15 141778 16 142298 16 142817 17 143337 17 143856 18 144375 19 144895 19 145414 20 145935 19 146455 19 146985 9 147513 2 148034 1
432f367a4c5b5674de2e2977744d10289a064e5704b21af6607b4975be47c580,130366 4 130881 14 131398 19 131916 22 132435 24 132953 26 133472 25 133992 24 134511 25 135031 24 135550 25 136070 25 136590 25 137110 22 137631 4 137648 2 138151 3
432f367a4c5b5674de2e2977744d10289a064e5704b21af6607b4975be47c580,137635 13 138154 15 138674 15 139193 17 139713 17 140234 17 140754 18 141274 18 141794 19 142314 19 142834 19 143354 19 143874 19 144394 18 144914 18 145434 17 145954 17 146474 15 146994 14 147515 9 148035 3
432f367a4c5b5674de2e2977744d10289a064e5704b21af6607b4975be47c580,132987 3 133497 16 134016 19 134536 20 135055 21 135575 22 136095 22 136615 23 137136 22 137656 22 138177 21 138698 20 139219 18 139739 18 140260 16 140781 14 141303 6 141825 2 142346 1
432f367a4c5b5674de2e2977744d10289a064e5704b21af6607b4975be47c580,141309 5 141827 7 142347 8 142866 12 143386 12 143906 13 144425 14 144945 13 145466 12 145986 11 146507 10 147028 8 147549 6
432f367a4c5b5674de2e2977744d10289a064e5704b21af6607b4975be47c580,346 7 864 9 1383 10 1902 11 2422 11 2941 12 3460 13 3980 13 4499 14 5019 14 5538 16 6058 16 6578 18 7097 18 7617 18 8137 18 8658 17 9178 17 9699 15 10219 15 10738 17 11258 17 11777 19 12297 19 12816 19 13336 19 13857 17 14377 15 14898 10 15418 3
432f367a4c5b5674de2e2977744d10289a064e5704b21af6607b4975be47c580,354 32 873 34 1393 34 1913 34 2433 35 2953 35 3473 36 3993 36 4513 37 5033 37 5554 36 6074 36 6598 32 7118 32 7639 30 8160 29 8681 27 9203 24 9728 17 10254 9
432f367a4c5b5674de2e2977744d10289a064e5704b21af6607b4975be47c580,25832 5 26348 9 26866 15 27385 22 27904 24 28423 26 28943 27 29462 28 29982 29 30501 30 31021 29 31541 29 32061 28 32581 27 33101 26 33622 24 34142 22 34663 19 35184 16 35704 15 36225 14 36745 13 37266 11 37786 10 38307 8 38829 5
432f367a4c5b5674de2e2977744d10289a064e5704b21af6607b4975be47c580,17002 6 17520 10 18039 12 18558 14 19078 15 19597 17 20117 18 20637 18 21156 20 21676 20 22196 21 22716 21 23236 21 23757 20 24277 16 24797 15 25316 16 25837 14 26357 12 26370 1 26881 5
432f367a4c5b5674de2e2977744d10289a064e5704b21af6607b4975be47c580,24293 12 24812 14 25332 14 25851 16 25870 1 26371 21 26891 21 27412 21 27932 21 28453 20 28973 20 29493 20 30014 19 30534 19 31054 19 31574 18 32094 18 32615 17 33135 17 33656 16 34176 15 34698 13 35220 10 35743 5
432f367a4c5b5674de2e2977744d10289a064e5704b21af6607b4975be47c580,14428 7 14946 12 15466 13 15985 15 16505 16 17024 17 17544 18 18063 19 18583 19 19102 20 19622 21 20142 21 20662 21 21182 21 21702 21 22223 20 22743 20 23264 19 23785 17 24305 17 24826 15 25346 4 25867 3
432f367a4c5b5674de2e2977744d10289a064e5704b21af6607b4975be47c580,155310 6 155828 10 156346 12 156865 14 157384 15 157904 15 158423 16 158943 15 159463 15 159984 9 159996 1 160504 8 161025 7
432f367a4c5b5674de2e2977744d10289a064e5704b21af6607b4975be47c580,159993 3 160512 4 161032 10 161551 11 162071 12 162591 12 163110 17 163630 18 164150 21 164670 24 165190 24 165710 24 166230 25 166750 25 167271 24 167791 24 168312 23 168833 22 169354 20 169874 20 170394 20 170915 19 171435 19 171958 16 172480 14 173002 12 173523 11 174044 10 174565 10 175086 9 175609 4
432f367a4c5b5674de2e2977744d10289a064e5704b21af6607b4975be47c580,150658 2 151176 3 151686 5 151695 4 152205 14 152725 14 153244 15 153764 16 154284 16 154805 15 155325 16 155847 14 156367 16 156886 17 157404 21 157923 23 158443 23 158962 25 159482 25 160003 24 160522 25 161042 25 161562 25 162083 23 162603 23 163127 18 163648 16 164171 12
432f367a4c5b5674de2e2977744d10289a064e5704b21af6607b4975be47c580,168335 8 168855 9 169374 9 169894 9 170414 8 170934 8 171454 8 171974 8 172494 8 173014 8 173534 8 174054 9 174575 8 175095 3
432f367a4c5b5674de2e2977744d10289a064e5704b21af6607b4975be47c580,150140 8 150660 8 151179 8 151699 8 152219 8 152739 8 153259 8 153780 7 154300 7 154820 7 155341 7 155861 4
432f367a4c5b5674de2e2977744d10289a064e5704b21af6607b4975be47c580,168869 1 169383 6 169903 6 170422 7 170942 7 171462 7 171982 8 172502 8 173022 8 173542 8 174063 8 174583 8 175104 9 175626 4
432f367a4c5b5674de2e2977744d10289a064e5704b21af6607b4975be47c580,167313 3 167831 8 168350 11 168870 12 169389 14 169909 15 170429 16 170949 16 171469 17 171990 16 172510 15 173030 15 173550 14 174071 11 174591 4
432f367a4c5b5674de2e2977744d10289a064e5704b21af6607b4975be47c580,149632 3 150148 11 150668 12 151187 14 151707 15 152227 16 152747 18 153267 20 153787 21 154307 22 154827 23 155348 22 155868 23 156389 22 156910 21 157430 21 157950 21 158471 19 158991 19 159512 17 160032 17 160553 15 161075 11 161596 9 162119 3
432f367a4c5b5674de2e2977744d10289a064e5704b21af6607b4975be47c580,109038 4 109555 9 110074 11 110593 14 111113 14 111632 16 112152 18 112672 20 113192 22 113712 23 114232 24 114752 24 115273 24 115793 24 116313 24 116833 24 117354 23 117874 22 118395 21 118916 19 119437 17 119959 14 120481 9
432f367a4c5b5674de2e2977744d10289a064e5704b21af6607b4975be47c580,56518 6 57036 8 57554 11 58074 11 58593 13 59113 14 59633 17 60153 19 60673 20 61194 22 61714 22 62235 21 62755 21 63276 20 63797 19 64318 11 64839 5 65359 5 65880 3 66402 1
432f367a4c5b5674de2e2977744d10289a064e5704b21af6607b4975be47c580,64329 7 64844 13 65364 17 65883 21 66403 23 66924 22 67444 22 67964 21 68483 22 69003 22 69522 23 70042 23 70562 23 71082 24 71602 24 72121 24 72641 24 73160 24 73680 23 74200 22 74720 20 75241 17 75761 15 76282 12 76804 9 77325 7
432f367a4c5b5674de2e2977744d10289a064e5704b21af6607b4975be47c580,50291 7 50809 12 51327 16 51846 19 52365 21 52885 22 53404 23 53924 24 54445 23 54965 23 55485 23 56005 23 56524 24 57044 23 57565 22 58085 21 58606 20 59127 18 59650 15 60172 12 60693 9
432f367a4c5b5674de2e2977744d10289a064e5704b21af6607b4975be47c580,65910 11 66428 16 66946 20 67466 22 67985 24 68505 25 69025 26 69545 27 70065 27 70585 28 71106 27 71626 28 72148 26 72669 25 73189 26 73710 26 74231 25 74752 24 75273 23 75795 21 76316 18 76839 14 77362 9
432f367a4c5b5674de2e2977744d10289a064e5704b21af6607b4975be47c580,122039 8 122558 9 123078 8 123597 9 124117 9 124637 9 125158 8 125678 8 126199 7 126720 7 127242 5
432f367a4c5b5674de2e2977744d10289a064e5704b21af6607b4975be47c580,122047 8 122567 10 123086 12 123606 12 124126 13 124646 13 125166 13 125686 13 126206 13 126727 11 127247 11 127770 5
432f367a4c5b5674de2e2977744d10289a064e5704b21af6607b4975be47c580,37808 11 38326 15 38845 16 39365 17 39884 18 40404 18 40924 18 41444 18 41964 18 42484 18 43005 17 43525 16 44046 15 44566 14 45087 13 45608 11 46130 7
432f367a4c5b5674de2e2977744d10289a064e5704b21af6607b4975be47c580,178213 2 178731 6 179249 9 179768 11 180287 11 180807 11
432f367a4c5b5674de2e2977744d10289a064e5704b21af6607b4975be47c580,35763 6 36280 11 36799 13 37318 15 37837 17 38356 18 38876 19 39395 20 39915 20 40434 21 40954 21 41473 22 41992 23 42512 22 43031 23 43551 23 44071 22 44591 22 45112 21 45632 20 46153 19 46674 18 47195 16 47715 16 48236 14 48757 12 49278 10 49799 7 50321 3
432f367a4c5b5674de2e2977744d10289a064e5704b21af6607b4975be47c580,55522 14 56038 22 56555 29 57074 32 57594 33 58113 34 58633 35 59154 34 59674 34 60195 33 60715 33 61235 33 61756 32 62276 32 62798 30 63320 28 63842 26 64363 25 64884 24 65405 23 65925 22 66446 21 66967 19 67490 15 68014 11 68538 6 69059 5
432f367a4c5b5674de2e2977744d10289a064e5704b21af6607b4975be47c580,143922 11 144442 11 144961 11 145482 10 146002 10 146523 9 147043 9 147564 8 148084 8 148605 7 149125 7 149647 5 150168 5 150691 2
432f367a4c5b5674de2e2977744d10289a064e5704b21af6607b4975be47c580,143933 9 144453 11 144972 12 145492 13 146012 13 146532 14 147052 14 147572 14 148092 14 148612 14 149132 13 149652 13 150173 9 150693 7
432f367a4c5b5674de2e2977744d10289a064e5704b21af6607b4975be47c580,26408 8 26927 11 27447 11 27966 13 28486 13 29007 11 29527 11 30048 8 30569 5
432f367a4c5b5674de2e2977744d10289a064e5704b21af6607b4975be47c580,407 24 928 23 1448 22 1971 19 2498 11 3021 7
432f367a4c5b5674de2e2977744d10289a064e5704b21af6607b4975be47c580,167863 5 168379 12 168897 15 169416 17 169935 18 170454 20 170974 20 171493 21 172013 22 172533 22 173053 22 173573 21 174093 21 174613 20 175134 19 175654 18 176175 15 176696 10
432f367a4c5b5674de2e2977744d10289a064e5704b21af6607b4975be47c580,71144 8 71661 15 72179 15 72698 16 73217 16 73737 16 74256 17 74776 17 75296 17 75817 16 76337 15 76858 14 77379 13 77900 12 78422 10 78944 8 79466 6 79988 5
432f367a4c5b5674de2e2977744d10289a064e5704b21af6607b4975be47c580,72194 11 72714 13 73233 15 73753 16 74273 16 74793 17 75313 17 75833 18 76352 19 76872 19 77392 19 77912 19 78432 18 78952 18 79472 17 79993 15 80513 13 81036 8
432f367a4c5b5674de2e2977744d10289a064e5704b21af6607b4975be47c580,12904 7 13423 9 13942 12 14461 14 14980 15 15500 16 16019 17 16539 17 17059 17 17579 17 18098 19 18618 19 19137 20 19657 20 20177 20 20698 19 21218 19 21739 17 22259 17 22780 16 23301 14 23823 12 24346 7
432f367a4c5b5674de2e2977744d10289a064e5704b21af6607b4975be47c580,43072 6 43588 13 44106 17 44624 20 45143 22 45662 23 46181 25 46701 25 47220 26 47740 27 48259 28 48779 29 49299 30 49819 30 50339 31 50859 31 51379 31 51899 31 52419 31 52940 31 53460 31 53981 29 54502 28 55023 27 55543 27 56064 26 56585 8 57107 6 57630 2
432f367a4c5b5674de2e2977744d10289a064e5704b21af6607b4975be47c580,56593 19 57113 20 57632 22 58152 23 58673 22 59193 23 59713 23 60233 23 60753 23 61273 23 61794 21 62314 21 62835 19 63355 17 63876 14 64398 9
432f367a4c5b5674de2e2977744d10289a064e5704b21af6607b4975be47c580,107551 2 108070 4 108589 5 109109 7 109628 8 110148 8 110668 7 111189 6 111709 5
432f367a4c5b5674de2e2977744d10289a064e5704b21af6607b4975be47c580,179834 8 180352 14 180871 17
432f367a4c5b5674de2e2977744d10289a064e5704b21af6607b4975be47c580,118475 6 118994 9 119513 10 120032 12 120552 12 121071 13 121591 13 122110 13 122631 12 123151 11 123674 5
432f367a4c5b5674de2e2977744d10289a064e5704b21af6607b4975be47c580,103398 2 103916 4 104436 5 104955 6 105475 9 105994 10 106514 9 107033 10 107553 9 108074 5 108594 3
432f367a4c5b5674de2e2977744d10289a064e5704b21af6607b4975be47c580,95605 9 96123 13 96642 15 97162 16 97681 18 98201 18 98721 19 99241 19 99761 19 100281 20 100801 20 101321 20 101841 20 102361 21 102881 23 103400 23 103920 23 104441 22 104961 3 104967 16 105489 15 106012 12 106533 11 107053 10 107572 11 108092 10 108613 7 109133 4
432f367a4c5b5674de2e2977744d10289a064e5704b21af6607b4975be47c580,101867 1 102384 5 102904 5 103423 9 103943 10 104463 15 104983 15 105504 14 106024 13 106549 8 107072 3
432f367a4c5b5674de2e2977744d10289a064e5704b21af6607b4975be47c580,90436 6 90955 10 91474 13 91993 15 92513 15 93032 17 93552 17 94071 18 94591 17 95110 18 95630 18 96149 19 96669 19 97189 19 97709 19 98229 19 98749 19 99269 19 99789 19 100309 19 100829 19 101348 21 101868 21 102389 22 102909 20 103432 14 103953 6
432f367a4c5b5674de2e2977744d10289a064e5704b21af6607b4975be47c580,92537 4 93054 9 93569 15 94089 16 94608 18 95128 18 95648 19 96168 19 96688 19 97208 19 97728 19 98248 18 98768 18 99288 17 99808 17 100328 16 100848 15 101369 13 101889 10
432f367a4c5b5674de2e2977744d10289a064e5704b21af6607b4975be47c580,6162 4 6681 7 7201 8 7720 10 8240 11 8760 11 9281 11 9801 11 10323 8 10845 6
432f367a4c5b5674de2e2977744d10289a064e5704b21af6607b4975be47c580,125767 5 126286 8 126806 7 127329 2
432f367a4c5b5674de2e2977744d10289a064e5704b21af6607b4975be47c580,11902 4 12420 8 12937 12 13454 16 13971 20 14489 24 15008 26 15528 27 16047 28 16567 29 17087 29 17607 29 18127 29 18647 28 19167 28 19687 27 20206 27 20726 26 21245 26 21765 24 22286 22 22806 21 23327 18 23848 15 24369 12 24889 10 25411 7
432f367a4c5b5674de2e2977744d10289a064e5704b21af6607b4975be47c580,30616 9 31133 15 31652 18 32170 21 32689 24 33209 26 33728 28 34248 29 34767 31 35287 31 35807 32 36327 32 36848 31 37368 31 37889 30 38410 28 38931 27 39453 12 39474 2 39975 3 40497 1
432f367a4c5b5674de2e2977744d10289a064e5704b21af6607b4975be47c580,39465 9 39978 17 40498 17 41017 19 41537 20 42056 21 42575 23 43094 24 43613 26 44132 27 44652 27 45171 27 45691 27 46211 26 46731 26 47251 26 47772 25 48292 25 48812 24 49333 23 49853 22 50374 20 50896 16 51418 12 51943 4
432f367a4c5b5674de2e2977744d10289a064e5704b21af6607b4975be47c580,151778 13 152296 17 152814 20 153333 22 153853 23 154372 25 154892 25 155411 27 155931 28 156450 30 156970 30 157489 32 158009 32 158529 32 159049 32 159569 32 160089 32 160609 31 161129 31 161649 30 162170 29 162690 28 163211 26 163732 24 164253 22 164774 20 165295 18 165816 15 166338 11 166861 5
432f367a4c5b5674de2e2977744d10289a064e5704b21af6607b4975be47c580,78988 5 79505 10 80022 14 80540 16 81058 19 81577 20 82095 22 82614 23 83133 24 83652 25 84172 25 84691 26 85211 25 85731 25 86252 23 86772 23 87293 21 87814 7 87825 7 88335 5
432f367a4c5b5674de2e2977744d10289a064e5704b21af6607b4975be47c580,452 60 972 60 1492 36 1531 9 1543 9 2013 35 2051 9 2063 8 2533 34 2572 7 2584 7 3054 33 3092 7 3104 6 3575 32 3612 7 3624 5 4097 30 4132 8 4143 5 4618 29 4652 8 4663 2 5139 28 5172 6 5661 7 5673 15 5691 5 6195 13 6211 3 6718 8
432f367a4c5b5674de2e2977744d10289a064e5704b21af6607b4975be47c580,1528 3 2048 3 2567 5 3087 5 3607 5 4127 5 4647 5 5167 5 5688 3 6208 3
432f367a4c5b5674de2e2977744d10289a064e5704b21af6607b4975be47c580,1540 3 2060 3 2579 5 3099 5 3619 5 4140 3 4660 3
432f367a4c5b5674de2e2977744d10289a064e5704b21af6607b4975be47c580,171540 9 172058 12 172577 13 173096 15 173615 16 174135 16 174654 16 175174 16 175695 14 176215 13 176736 11 177256 10 177778 6
432f367a4c5b5674de2e2977744d10289a064e5704b21af6607b4975be47c580,76378 5 76897 7 77417 6 77939 1
432f367a4c5b5674de2e2977744d10289a064e5704b21af6607b4975be47c580,51439 4 51956 9 52474 11 52993 13 53512 14 54030 16 54550 15 55069 16 55587 18 56105 20 56624 22 57143 24 57663 24 58182 26 58702 27 59222 27 59743 28 60263 34 60783 36 61303 36 61824 36 62344 36 62865 36 63384 37 63902 39 64420 42 64939 43 65458 43 65978 43 66497 42 67017 39 67537 40 68058 41 68578 41 69098 42 69618 42 70139 42 70659 42 71180 42 71701 41 72222 40 72744 6 72756 25 73276 25 73797 23 74318 22 74839 20 75361 17 75883 13
432f367a4c5b5674de2e2977744d10289a064e5704b21af6607b4975be47c580,121633 3 122152 4 122671 6 123189 8 123707 10 124227 10 124746 11 125267 10 125787 10 126308 8 126830 6
432f367a4c5b5674de2e2977744d10289a064e5704b21af6607b4975be47c580,79011 3 79525 8 80044 9 80562 11 81082 11 81601 12 82121 12 82641 12 83161 12 83682 12 84202 12 84722 12 85243 11 85763 11 86283 11 86803 11 87324 10 87844 11 88365 10 88886 11 89409 5
432f367a4c5b5674de2e2977744d10289a064e5704b21af6607b4975be47c580,77461 3 77976 10 78494 13 79014 15 79533 16 80053 15 80573 15 81093 15 81613 15 82133 15 82653 15 83173 15 83694 15 84214 15 84734 15 85254 14 85774 13 86294 13 86814 11 87334 10 87855 6 88375 4
432f367a4c5b5674de2e2977744d10289a064e5704b21af6607b4975be47c580,76436 5 76954 7 77473 8 77992 9 78511 10 79029 12 79549 12 80068 13 80588 13 81108 13 81628 13 82148 13 82668 13 83188 13 83709 12 84229 12 84752 9 85274 7 85796 5
432f367a4c5b5674de2e2977744d10289a064e5704b21af6607b4975be47c580,113333 5 113851 9 114369 13 114888 15 115407 16 115926 16 116445 17 116964 18 117484 18 118003 19 118524 19 119044 19 119564 21 120084 19 120604 19 121124 18 121645 17 122165 17 122687 16 123208 15 123728 15 124248 15 124768 14 125288 14 125809 11 126329 8 126851 3
432f367a4c5b5674de2e2977744d10289a064e5704b21af6607b4975be47c580,109196 5 109713 8 110232 9 110750 11 111269 12 111788 13 112308 13 112826 15 113346 15 113865 16 114384 17 114903 18 115423 18 115942 19 116462 19 116982 19 117502 19 118022 19 118543 18 119063 18 119586 15 120110 11 120632 9 121154 7 121678 3 122198 3 122719 2 123239 2 123758 3 124278 3 124797 3
432f367a4c5b5674de2e2977744d10289a064e5704b21af6607b4975be47c580,121674 4 122194 4 122713 6 123233 6 123754 4 124274 4
432f367a4c5b5674de2e2977744d10289a064e5704b21af6607b4975be47c580,104492 6 105009 10 105528 11 106046 14 106565 15 107085 16 107604 17 108124 17 108644 17 109164 17 109685 16 110205 15 110726 14 111248 11 111770 8
432f367a4c5b5674de2e2977744d10289a064e5704b21af6607b4975be47c580,28061 7 28579 11 28597 4 29097 16 29114 7 29616 25 30134 27 30653 28 31172 29 31690 31 32209 32 32729 32 33248 33 33768 28 34288 26 34809 24 35329 23 35850 21 36370 20 36892 17 37413 14 37935 10 38457 4
432f367a4c5b5674de2e2977744d10289a064e5704b21af6607b4975be47c580,165336 7 165854 13 166373 15 166893 15 167412 17 167932 17 168451 18 168971 18 169491 18 170012 17 170532 17 171053 15 171574 14 172094 13 172616 10 173137 8 173659 3
432f367a4c5b5674de2e2977744d10289a064e5704b21af6607b4975be47c580,41075 4 41593 8 42112 9 42631 10 43150 11 43673 8 44193 7 44714 3
432f367a4c5b5674de2e2977744d10289a064e5704b21af6607b4975be47c580,43670 3 44189 4 44708 6 45227 7 45747 6 46266 7 46786 7 47306 9 47826 10 48346 10 48867 8 49387 8 49907 8 50427 8 50946 9 51466 9 51986 9 52506 1 53026 1
432f367a4c5b5674de2e2977744d10289a064e5704b21af6607b4975be47c580,47836 5 48356 5 48875 6 49395 6 49915 6 50435 6 50955 6 51475 6 51995 6 52507 14 53027 14 53546 15 54066 15 54586 15 55105 16 55625 16 56146 15 56666 15 57188 13 57708 13 58227 14 58746 15 59265 16 59784 17 60304 17 60823 18 61343 18 61862 19 62383 18 62903 18 63424 17 63944 17 64465 16 64985 16 65506 15 66026 15 66547 14 67068 11 67589 9
432f367a4c5b5674de2e2977744d10289a064e5704b21af6607b4975be47c580,177304 6 177823 8 178343 9 178862 13 179382 16 179902 17 180422 17 180943 17
432f367a4c5b5674de2e2977744d10289a064e5704b21af6607b4975be47c580,517 4 1036 5 1555 6 2075 6 2594 7 3114 7 3634 7 4154 7 4675 6 5195 6 5716 5 6237 4
432f367a4c5b5674de2e2977744d10289a064e5704b21af6607b4975be47c580,11437 4 11956 5 12475 6 12995 6 13514 7 14034 1 14554 1
432f367a4c5b5674de2e2977744d10289a064e5704b21af6607b4975be47c580,14035 6 14555 6 15074 7 15594 7 16114 7 16635 6 17155 6 17676 5 18197 4 18718 3
43a71aeb641faa18742cb826772a8566c6c947d7050f9ab15459de6cc2b3b6af,20022 1 20281 3 20541 3 20801 3 21061 3 21321 3 21581 2 21841 1
43a71aeb641faa18742cb826772a8566c6c947d7050f9ab15459de6cc2b3b6af,26002 3 26261 5 26521 6 26781 6 27041 6 27301 5 27561 5 27821 5 28082 4
43a71aeb641faa18742cb826772a8566c6c947d7050f9ab15459de6cc2b3b6af,34841 3 35101 5 35361 6 35621 7 35881 8 36141 9 36401 9 36661 10 36921 10 37181 10 37441 10 37701 9 37961 9 38221 8 38482 3
43a71aeb641faa18742cb826772a8566c6c947d7050f9ab15459de6cc2b3b6af,74621 2 74881 3 75141 4 75401 4 75661 4 75921 4 76181 4 76441 4 76701 3
43a71aeb641faa18742cb826772a8566c6c947d7050f9ab15459de6cc2b3b6af,87101 2 87361 3 87621 3 87881 4 88141 4 88401 4 88661 4 88921 3 89181 3 89441 2 89701 2
43a71aeb641faa18742cb826772a8566c6c947d7050f9ab15459de6cc2b3b6af,21068 7 21328 7 21587 9 21846 10 22106 10 22365 11 22625 11 22885 11 23144 12 23404 12 23664 11 23925 10 24185 9 24446 7
43a71aeb641faa18742cb826772a8566c6c947d7050f9ab15459de6cc2b3b6af,78009 3 78268 5 78527 6 78787 7 79047 7 79308 6 79569 4 79830 3
43a71aeb641faa18742cb826772a8566c6c947d7050f9ab15459de6cc2b3b6af,62678 1 62685 1 62937 3 62945 1 63196 10 63454 13 63713 14 63972 15 64231 16 64490 17 64750 17 65009 18 65269 18 65529 17 65788 18 66048 18 66307 19 66567 19 66827 19 67088 18 67348 19 67609 18 67869 19 68130 18 68390 18 68651 16 68914 13 69178 8 69440 5
43a71aeb641faa18742cb826772a8566c6c947d7050f9ab15459de6cc2b3b6af,58521 6 58780 8 59039 10 59296 13 59554 16 59814 16 60073 17 60333 17 60593 16 60853 16 61114 14 61374 13 61635 12 61896 10 62158 8 62419 7 62679 6 62940 5
43a71aeb641faa18742cb826772a8566c6c947d7050f9ab15459de6cc2b3b6af,27578 4 27837 5 28097 6 28356 6 28616 6 28875 9 29133 18 29392 20 29652 20 29911 22 30171 22 30430 22 30690 22 30950 21 31211 18 31471 17 31733 15 31993 14 32253 12 32514 9 32774 7 33035 5
43a71aeb641faa18742cb826772a8566c6c947d7050f9ab15459de6cc2b3b6af,55657 4 55917 4 56176 6 56436 6 56695 7 56954 7 57214 7 57473 7 57733 7 57994 5 58254 5 58515 3
43a71aeb641faa18742cb826772a8566c6c947d7050f9ab15459de6cc2b3b6af,14584 7 14842 10 15099 13 15357 16 15616 17 15875 17 16135 17 16394 17 16654 17 16914 16 17175 14 17435 13 17696 10 17958 6
43a71aeb641faa18742cb826772a8566c6c947d7050f9ab15459de6cc2b3b6af,39539 5 39796 13 40056 15 40315 16 40575 17 40835 17 41096 17 41356 17 41617 16 41878 15 42139 14 42400 12 42660 12 42921 11 43182 9 43444 7 43706 4
43a71aeb641faa18742cb826772a8566c6c947d7050f9ab15459de6cc2b3b6af,35388 5 35646 7 35905 9 36165 9 36424 10 36684 10 36944 10 37204 9 37464 9 37725 7 37985 5
43a71aeb641faa18742cb826772a8566c6c947d7050f9ab15459de6cc2b3b6af,65551 4 65811 7 66070 10 66330 10 66590 11 66851 10 67111 11 67372 9 67632 9 67893 7 68154 5
43a71aeb641faa18742cb826772a8566c6c947d7050f9ab15459de6cc2b3b6af,24741 6 24999 12 25256 16 25513 20 25773 20 26032 22 26293 21 26553 21 26816 18 27076 18 27336 18 27596 17 27856 17 28116 16 28376 15 28636 13 28896 12 29156 11 29417 9 29677 4
43a71aeb641faa18742cb826772a8566c6c947d7050f9ab15459de6cc2b3b6af,74661 3 74918 9 75177 10 75436 11 75696 10 75955 11 76215 11 76474 12 76734 13 76994 13 77255 12 77515 10 77776 7 78038 3
43a71aeb641faa18742cb826772a8566c6c947d7050f9ab15459de6cc2b3b6af,74671 6 74929 8 75187 11 75447 11 75706 12 75966 12 76226 12 76486 12 76747 11 77007 10 77268 9 77531 4
43a71aeb641faa18742cb826772a8566c6c947d7050f9ab15459de6cc2b3b6af,83251 1 83510 2 83758 7 83769 2 84016 15 84275 17 84535 17 84794 19 85054 19 85314 21 85574 20 85834 20 86094 20 86354 21 86615 20 86875 21 87136 20 87397 19 87659 18 87924 13 88186 11 88446 11 88707 10 88967 10 89228 9 89488 10 89748 10 90009 9
43a71aeb641faa18742cb826772a8566c6c947d7050f9ab15459de6cc2b3b6af,82478 5 82735 8 82993 11 83252 12 83512 12 83771 12 84031 12 84292 11 84552 10 84813 9 85073 7
43a71aeb641faa18742cb826772a8566c6c947d7050f9ab15459de6cc2b3b6af,21878 4 22137 6 22397 6 22657 7 22917 6 23177 6 23437 5 23698 2
43a71aeb641faa18742cb826772a8566c6c947d7050f9ab15459de6cc2b3b6af,52829 4 53086 9 53344 12 53602 14 53861 16 54121 16 54380 16 54640 16 54901 14 55161 12 55423 7
43a71aeb641faa18742cb826772a8566c6c947d7050f9ab15459de6cc2b3b6af,66869 7 67127 12 67386 15 67646 16 67905 18 68165 18 68424 20 68684 20 68943 20 69203 20 69464 18 69724 18 69985 16 70246 13 70508 8
43a71aeb641faa18742cb826772a8566c6c947d7050f9ab15459de6cc2b3b6af,8109 3 8367 8 8627 9 8886 11 9146 12 9406 12 9666 13 9927 12 10187 11 10448 10 10709 7
43a71aeb641faa18742cb826772a8566c6c947d7050f9ab15459de6cc2b3b6af,19290 6 19548 10 19807 11 20067 12 20326 13 20586 14 20846 14 21106 14 21366 13 21627 12 21887 11 22148 9 22409 7
43a71aeb641faa18742cb826772a8566c6c947d7050f9ab15459de6cc2b3b6af,31514 5 31772 8 32031 10 32291 10 32550 12 32810 12 33070 12 33330 13 33590 12 33851 11 34111 10 34372 10 34633 7
43a71aeb641faa18742cb826772a8566c6c947d7050f9ab15459de6cc2b3b6af,47633 7 47892 10 48152 11 48411 13 48671 13 48930 15 49190 15 49450 15 49710 14 49970 14 50230 13 50490 13 50750 12 51011 11 51271 10 51532 8 51792 7 52053 5
43a71aeb641faa18742cb826772a8566c6c947d7050f9ab15459de6cc2b3b6af,62198 8 62454 13 62712 17 62972 18 63231 19 63491 20 63751 20 64011 21 64272 20 64532 21 64793 20 65054 19 65315 18 65578 14 65839 13 66100 11 66362 8 66623 5
43a71aeb641faa18742cb826772a8566c6c947d7050f9ab15459de6cc2b3b6af,15659 8 15916 11 16175 13 16435 12 16694 13 16954 12 17214 11 17474 10 17734 9 17994 9 18255 7 18515 6
43a71aeb641faa18742cb826772a8566c6c947d7050f9ab15459de6cc2b3b6af,1628 3 1887 6 2145 8 2404 10 2664 10 2923 12 3182 13 3441 14 3700 15 3958 17 4217 18 4477 17 4736 18 4996 18 5255 19 5515 19 5775 18 6035 19 6295 19 6556 19 6816 19 7077 18 7338 17 7599 16 7860 15 8120 15 8382 13 8643 11 8905 9 9167 5
43a71aeb641faa18742cb826772a8566c6c947d7050f9ab15459de6cc2b3b6af,12021 5 12278 8 12537 8 12797 8 13056 9 13316 9 13576 9 13837 8 14097 8 14358 7 14619 7 14885 1
43a71aeb641faa18742cb826772a8566c6c947d7050f9ab15459de6cc2b3b6af,12026 6 12286 9 12545 11 12805 11 13065 12 13325 12 13585 11 13845 11 14105 11 14365 10 14626 9 14886 8 15149 4
43a71aeb641faa18742cb826772a8566c6c947d7050f9ab15459de6cc2b3b6af,24240 3 24500 4 24759 5 25019 5 25279 4
43a71aeb641faa18742cb826772a8566c6c947d7050f9ab15459de6cc2b3b6af,75725 6 75983 8 76242 8 76502 8 76761 9 77021 9 77281 9 77540 10 77799 11 78059 11 78318 12 78578 12 78837 13 79098 12 79358 8 79619 5
43a71aeb641faa18742cb826772a8566c6c947d7050f9ab15459de6cc2b3b6af,80411 2 80671 2 80930 4 81190 7 81451 5 81711 5
43a71aeb641faa18742cb826772a8566c6c947d7050f9ab15459de6cc2b3b6af,75731 5 75991 13 76250 15 76510 15 76770 16 77030 16 77290 17 77550 17 77810 17 78070 16 78330 16 78590 16 78850 15 79110 15 79371 13 79631 12 79892 10 80152 8 80413 5 80673 4 80934 3
43a71aeb641faa18742cb826772a8566c6c947d7050f9ab15459de6cc2b3b6af,28400 6 28659 8 28919 8 29178 10 29438 10 29698 10 29958 10 30219 8 30479 8 30740 6
43a71aeb641faa18742cb826772a8566c6c947d7050f9ab15459de6cc2b3b6af,20083 5 20342 7 20602 7 20861 9 21121 9 21381 10 21641 10 21901 11 22161 11 22421 11 22682 9 22942 9 23205 4
43a71aeb641faa18742cb826772a8566c6c947d7050f9ab15459de6cc2b3b6af,33602 5 33862 5 34121 5 34382 4 34642 4 34903 4 35164 3
43a71aeb641faa18742cb826772a8566c6c947d7050f9ab15459de6cc2b3b6af,33607 5 33867 5 34126 5 34386 5 34646 5 34907 5 35167 5
43a71aeb641faa18742cb826772a8566c6c947d7050f9ab15459de6cc2b3b6af,32059 3 32317 6 32577 6 32836 8 33094 10 33353 11 33612 12 33872 12 34131 12 34391 12 34651 11 34912 10 35172 8
43a71aeb641faa18742cb826772a8566c6c947d7050f9ab15459de6cc2b3b6af,36729 3 36987 8 37246 12 37506 13 37765 16 38025 18 38285 19 38545 20 38805 21 39066 20 39326 21 39587 20 39847 20 40108 19 40369 17 40630 16 40891 14 41153 12 41416 7
43a71aeb641faa18742cb826772a8566c6c947d7050f9ab15459de6cc2b3b6af,16971 5 17231 6 17490 6 17751 5 18011 4 18271 4 18532 4 18792 4
43a71aeb641faa18742cb826772a8566c6c947d7050f9ab15459de6cc2b3b6af,16203 6 16462 8 16720 11 16979 12 17238 14 17496 16 17756 16 18015 17 18275 17 18536 16 18796 16 19058 14 19319 12 19580 11 19841 9 20102 6
43a71aeb641faa18742cb826772a8566c6c947d7050f9ab15459de6cc2b3b6af,49737 4 49995 7 50254 9 50513 11 50773 11 51032 13 51292 13 51552 13 51813 11 52073 11 52334 9 52596 4
43a71aeb641faa18742cb826772a8566c6c947d7050f9ab15459de6cc2b3b6af,28425 3 28682 8 28941 10 29201 11 29460 10 29720 10 29980 9 30241 8 30501 8
43a71aeb641faa18742cb826772a8566c6c947d7050f9ab15459de6cc2b3b6af,28438 1 28697 2 28955 5 29213 7 29470 13 29730 16 29989 19 30249 19 30509 19 30770 18 31030 18 31291 16 31551 16 31812 14 32073 11
43a71aeb641faa18742cb826772a8566c6c947d7050f9ab15459de6cc2b3b6af,26106 2 26364 3 26623 4 26882 5 27142 5 27401 6 27661 6 27920 8 28180 8 28439 9 28699 9 28960 9 29220 9 29483 8 29746 3
43a71aeb641faa18742cb826772a8566c6c947d7050f9ab15459de6cc2b3b6af,25589 5 25848 8 26108 9 26367 11 26627 12 26887 12 27147 13 27407 12 27667 12 27928 10 28188 9 28448 9 28708 8 28969 7 29229 6
43a71aeb641faa18742cb826772a8566c6c947d7050f9ab15459de6cc2b3b6af,47672 7 47928 14 48187 16 48446 17 48706 18 48965 19 49225 19 49486 17 49746 17 50007 14 50268 10 50530 4
43a71aeb641faa18742cb826772a8566c6c947d7050f9ab15459de6cc2b3b6af,52613 5 52871 11 53131 14 53390 18 53650 18 53911 16 54171 16 54432 14 54693 14 54954 13 55216 11 55478 4
43a71aeb641faa18742cb826772a8566c6c947d7050f9ab15459de6cc2b3b6af,53668 5 53927 13 54187 15 54446 14 54707 13 54967 12 55228 12 55490 10 55751 8 56013 3
43a71aeb641faa18742cb826772a8566c6c947d7050f9ab15459de6cc2b3b6af,53430 9 53687 11 53946 12 54205 13 54460 18 54720 18 54979 19 55240 19 55500 19 55762 18 56022 17 56282 16 56542 15 56802 14 57063 12 57323 11 57584 9 57846 6
43a71aeb641faa18742cb826772a8566c6c947d7050f9ab15459de6cc2b3b6af,52409 6 52666 10 52922 14 53179 18 53439 18 53698 20 53958 20 54218 20 54478 19 54738 19 54998 18 55259 17 55519 16 55787 8 56049 5
43a71aeb641faa18742cb826772a8566c6c947d7050f9ab15459de6cc2b3b6af,44298 8 44555 12 44813 14 45072 16 45332 16 45591 17 45851 16 46111 16 46372 13 46632 11 46893 9 47155 3
43a71aeb641faa18742cb826772a8566c6c947d7050f9ab15459de6cc2b3b6af,64578 8 64836 13 65095 15 65354 17 65614 18 65873 19 66133 20 66393 20 66654 19 66914 19 67175 17 67436 16 67697 14 67959 10 68221 6
43a71aeb641faa18742cb826772a8566c6c947d7050f9ab15459de6cc2b3b6af,71076 3 71335 5 71595 6 71855 6 72115 6 72375 6 72635 5 72896 4
43a71aeb641faa18742cb826772a8566c6c947d7050f9ab15459de6cc2b3b6af,79395 5 79654 7 79914 7 80173 9 80433 9 80694 7 80954 7 81215 5
43a71aeb641faa18742cb826772a8566c6c947d7050f9ab15459de6cc2b3b6af,38058 6 38317 8 38576 10 38835 12 39095 13 39354 14 39614 15 39874 16 40134 16 40394 17 40654 17 40914 17 41175 16 41435 16 41696 15 41956 15 42217 14 42477 13 42738 12 42999 10 43261 7
43a71aeb641faa18742cb826772a8566c6c947d7050f9ab15459de6cc2b3b6af,75500 7 75759 8 76018 10 76278 10 76537 11 76797 11 77056 11 77316 11 77576 10 77837 8 78097 7
43a71aeb641faa18742cb826772a8566c6c947d7050f9ab15459de6cc2b3b6af,9982 4 10240 6 10500 5 10759 6 11019 6 11279 6 11540 5 11800 5 12061 5 12322 4
43a71aeb641faa18742cb826772a8566c6c947d7050f9ab15459de6cc2b3b6af,9986 8 10246 8 10505 8 10765 9 11025 9 11285 10 11545 12 11805 10 12066 7 12326 3
43a71aeb641faa18742cb826772a8566c6c947d7050f9ab15459de6cc2b3b6af,8700 3 8958 7 9217 9 9476 11 9735 12 9994 14 10254 14 10513 15 10774 14 11034 14 11295 13 11560 7 11823 4
43a71aeb641faa18742cb826772a8566c6c947d7050f9ab15459de6cc2b3b6af,45875 6 46134 8 46394 8 46653 10 46913 10 47174 9 47434 8 47695 7 47956 5
43a71aeb641faa18742cb826772a8566c6c947d7050f9ab15459de6cc2b3b6af,117 5 377 5 637 5 898 4 1161 1
43a71aeb641faa18742cb826772a8566c6c947d7050f9ab15459de6cc2b3b6af,122 8 382 8 642 8 902 6 1162 4
43a71aeb641faa18742cb826772a8566c6c947d7050f9ab15459de6cc2b3b6af,31061 1 31321 2 31332 1 31580 17 31840 19 32099 20 32359 21 32620 20 32880 19 33141 18 33401 15 33662 9
43a71aeb641faa18742cb826772a8566c6c947d7050f9ab15459de6cc2b3b6af,27426 4 27684 7 27944 7 28203 9 28462 10 28720 13 28979 15 29239 15 29498 17 29759 16 30019 16 30280 14 30541 13 30802 11 31062 11 31323 9
43a71aeb641faa18742cb826772a8566c6c947d7050f9ab15459de6cc2b3b6af,15205 4 15464 6 15723 8 15983 9 16242 11 16502 12 16761 13 17021 14 17281 14 17541 13 17801 13 18062 11 18322 9
43a71aeb641faa18742cb826772a8566c6c947d7050f9ab15459de6cc2b3b6af,44596 5 44854 7 45112 10 45371 11 45630 11 45889 12 46148 12 46407 12 46667 12 46926 12 47186 11 47445 11 47705 10 47965 8 48226 5 48486 3
43a71aeb641faa18742cb826772a8566c6c947d7050f9ab15459de6cc2b3b6af,12089 5 12349 6 12609 6 12870 6 13133 2
43a71aeb641faa18742cb826772a8566c6c947d7050f9ab15459de6cc2b3b6af,37054 5 37313 7 37573 7 37833 7 38093 7 38354 5 38615 2
43a71aeb641faa18742cb826772a8566c6c947d7050f9ab15459de6cc2b3b6af,79700 9 79958 13 80217 15 80475 17 80735 18 80994 19 81254 19 81513 21 81773 21 82033 20 82293 20 82553 19 82813 19 83074 17 83334 17 83595 15 83857 11
43a71aeb641faa18742cb826772a8566c6c947d7050f9ab15459de6cc2b3b6af,26135 4 26395 4 26654 4 26914 4 27174 4 27435 4 27695 4 27956 3
43a71aeb641faa18742cb826772a8566c6c947d7050f9ab15459de6cc2b3b6af,25623 4 25882 7 26139 11 26399 12 26658 14 26918 15 27178 16 27439 15 27699 16 27961 14 28220 15 28480 15 28740 15 29000 15 29260 15 29520 14 29780 14 30041 12 30301 11
43a71aeb641faa18742cb826772a8566c6c947d7050f9ab15459de6cc2b3b6af,9759 4 10016 9 10276 12 10535 11 10795 11 11055 10 11316 9 11576 8 11837 7 12099 5 12361 4 12624 1
43a71aeb641faa18742cb826772a8566c6c947d7050f9ab15459de6cc2b3b6af,10546 7 10806 7 11065 8 11325 7 11584 8 11844 9 12104 9 12365 9 12625 9 12889 4
43a71aeb641faa18742cb826772a8566c6c947d7050f9ab15459de6cc2b3b6af,10813 6 11073 7 11332 8 11592 9 11853 8 12113 7 12374 6 12634 4
43a71aeb641faa18742cb826772a8566c6c947d7050f9ab15459de6cc2b3b6af,67997 3 68256 5 68516 6 68775 8 69035 9 69295 10 69555 10 69815 8 70075 7 70335 6 70595 6 70856 4 71116 4 71377 3 71637 3 71898 3 72159 2
43a71aeb641faa18742cb826772a8566c6c947d7050f9ab15459de6cc2b3b6af,69823 5 70082 9 70341 11 70601 12 70860 13 71120 14 71380 14 71640 14 71901 12 72161 12 72422 10 72683 8 72944 6 73205 3
43a71aeb641faa18742cb826772a8566c6c947d7050f9ab15459de6cc2b3b6af,13925 6 14184 10 14444 12 14703 16 14963 17 15224 16 15484 17 15745 16 16008 13 16270 11 16531 10 16792 8 17054 6
43a71aeb641faa18742cb826772a8566c6c947d7050f9ab15459de6cc2b3b6af,32130 3 32387 8 32646 9 32904 12 33164 12 33423 14 33683 14 33943 14 34204 14 34464 13 34725 12 34986 10 35247 7
43a71aeb641faa18742cb826772a8566c6c947d7050f9ab15459de6cc2b3b6af,38106 4 38366 5 38625 6 38885 6 39145 6 39405 5 39666 3
43a71aeb641faa18742cb826772a8566c6c947d7050f9ab15459de6cc2b3b6af,73733 1 73991 2 74250 3 74508 5 74767 6 75026 7 75285 8 75545 8 75804 10 76064 10 76323 11 76583 11 76843 11 77103 11 77364 11 77624 11 77885 12 78149 4
43a71aeb641faa18742cb826772a8566c6c947d7050f9ab15459de6cc2b3b6af,73216 6 73474 9 73734 10 73993 11 74253 12 74513 12 74773 13 75033 13 75293 13 75553 12 75814 11 76074 10 76334 10 76594 9 76854 8 77114 7 77375 5 77635 3
43a71aeb641faa18742cb826772a8566c6c947d7050f9ab15459de6cc2b3b6af,58393 4 58651 8 58911 8 59170 10 59431 9 59691 8 59952 7 60212 6
43a71aeb641faa18742cb826772a8566c6c947d7050f9ab15459de6cc2b3b6af,46180 1 46438 5 46698 6 46957 7 47217 7 47477 7 47738 5 47999 3
43a71aeb641faa18742cb826772a8566c6c947d7050f9ab15459de6cc2b3b6af,55283 9 55540 10 55798 12 56058 11 56317 12 56577 11 56837 11 57098 11 57358 10
43a71aeb641faa18742cb826772a8566c6c947d7050f9ab15459de6cc2b3b6af,55550 3 55810 6 56069 7 56329 7 56588 7 56848 7 57109 6 57369 5 57630 4 57890 4 58151 4 58413 2
43a71aeb641faa18742cb826772a8566c6c947d7050f9ab15459de6cc2b3b6af,55819 6 56076 10 56336 10 56595 12 56855 12 57115 12 57374 12 57634 12 57894 6 57904 1 58155 3 58415 3
43a71aeb641faa18742cb826772a8566c6c947d7050f9ab15459de6cc2b3b6af,57900 4 58158 6 58418 7 58677 9 58937 10 59196 12 59456 13 59716 14 59976 14 60236 15 60496 15 60757 15 61017 15 61278 14 61538 14 61798 14 62059 12 62319 12 62580 10 62841 8 63103 5
43a71aeb641faa18742cb826772a8566c6c947d7050f9ab15459de6cc2b3b6af,87265 4 87520 11 87779 12 88038 12 88298 12 88557 13 88817 13 89078 12 89338 13 89599 12 89859 20 90121 17
43a71aeb641faa18742cb826772a8566c6c947d7050f9ab15459de6cc2b3b6af,87531 6 87791 9 88050 11 88310 11 88570 12 88830 11 89090 11 89351 9 89611 8
43a71aeb641faa18742cb826772a8566c6c947d7050f9ab15459de6cc2b3b6af,63083 6 63341 9 63601 9 63860 11 64120 11 64380 11 64640 11 64899 12 65159 20 65419 20 65679 21 65938 22 66198 22 66458 22 66718 21 66978 21 67238 20 67499 19 67759 18 68020 17 68281 16 68543 13 68804 12 69064 11 69325 9 69587 5
43a71aeb641faa18742cb826772a8566c6c947d7050f9ab15459de6cc2b3b6af,41781 3 42034 12 42291 16 42549 18 42806 22 43064 23 43323 24 43583 23 43842 23 44102 22 44362 22 44622 21 44883 20 45143 21 45404 21 45666 20 45926 21 46185 22 46445 23 46706 22 46966 22 47226 21 47487 20 47747 18 48008 9 48269 7
43a71aeb641faa18742cb826772a8566c6c947d7050f9ab15459de6cc2b3b6af,24607 4 24866 5 25126 4 25385 5 25646 4 25906 4 26167 4 26430 1
43a71aeb641faa18742cb826772a8566c6c947d7050f9ab15459de6cc2b3b6af,24611 3 24871 3 25130 3 25390 3 25650 3 25910 3 26171 3 26431 3
43a71aeb641faa18742cb826772a8566c6c947d7050f9ab15459de6cc2b3b6af,24614 11 24874 11 25133 13 25393 12 25653 12 25913 11 26174 9 26434 6
43a71aeb641faa18742cb826772a8566c6c947d7050f9ab15459de6cc2b3b6af,29286 3 29546 3 29805 3 30065 4 30326 3 30586 4
43a71aeb641faa18742cb826772a8566c6c947d7050f9ab15459de6cc2b3b6af,29031 1 29289 3 29549 2 29808 4 30069 3 30329 4
43a71aeb641faa18742cb826772a8566c6c947d7050f9ab15459de6cc2b3b6af,29032 4 29292 4 29551 4 29812 4 30072 4 30333 5
43a71aeb641faa18742cb826772a8566c6c947d7050f9ab15459de6cc2b3b6af,29036 5 29296 5 29555 5 29816 5 30076 5
43a71aeb641faa18742cb826772a8566c6c947d7050f9ab15459de6cc2b3b6af,28782 6 29041 7 29301 8 29560 8 29821 7 30081 5
43a71aeb641faa18742cb826772a8566c6c947d7050f9ab15459de6cc2b3b6af,36049 5 36308 6 36568 7 36828 7 37088 6 37349 5 37610 2
43a71aeb641faa18742cb826772a8566c6c947d7050f9ab15459de6cc2b3b6af,9272 7 9531 10 9790 13 10049 15 10309 14 10568 15 10828 14 11089 14 11349 14 11611 10
43a71aeb641faa18742cb826772a8566c6c947d7050f9ab15459de6cc2b3b6af,10323 5 10583 4 10842 5 11103 3 11363 3 11624 3 11886 1
43a71aeb641faa18742cb826772a8566c6c947d7050f9ab15459de6cc2b3b6af,10587 6 10847 6 11106 8 11366 8 11627 6 11887 6
43a71aeb641faa18742cb826772a8566c6c947d7050f9ab15459de6cc2b3b6af,69869 10 70126 14 70384 16 70642 19 70901 20 71160 21 71420 21 71679 21 71939 21 72199 19 72460 17 72720 15 72982 12 73244 8
43a71aeb641faa18742cb826772a8566c6c947d7050f9ab15459de6cc2b3b6af,18921 4 19178 7 19434 12 19691 15 19948 18 20207 18 20466 19 20726 18 20985 18 21245 18 21506 18 21766 18 22028 17 22289 16 22549 16 22809 15 23068 16 23328 15 23587 16 23847 15 24108 13 24368 11 24629 8
43a71aeb641faa18742cb826772a8566c6c947d7050f9ab15459de6cc2b3b6af,35820 1 36078 3 36336 4 36595 5 36853 7 37111 9 37370 10 37630 11 37889 12 38149 13 38408 14 38668 14 38927 15 39187 16 39447 16 39708 15 39968 12 40229 7
43a71aeb641faa18742cb826772a8566c6c947d7050f9ab15459de6cc2b3b6af,35304 1 35562 2 35821 3 36081 3 36340 4 36600 4 36860 4 37120 5 37380 5 37641 5 37901 5 38162 4 38422 4 38682 5 38942 5 39203 5 39463 3
43a71aeb641faa18742cb826772a8566c6c947d7050f9ab15459de6cc2b3b6af,34527 6 34786 9 35045 12 35305 13 35564 15 35824 15 36084 16 36344 15 36604 15 36864 14 37125 12 37385 11 37646 9 37906 9 38166 8 38426 7 38687 4 38947 3
43a71aeb641faa18742cb826772a8566c6c947d7050f9ab15459de6cc2b3b6af,25154 7 25414 8 25673 9 25933 10 26192 11 26452 11 26712 11 26972 10 27233 9 27493 8 27754 4
43a71aeb641faa18742cb826772a8566c6c947d7050f9ab15459de6cc2b3b6af,199 13 457 15 716 16 975 17 1235 17 1494 18 1754 18 2014 18 2274 17 2535 16 2795 15 3056 13 3317 11 3580 5
43a71aeb641faa18742cb826772a8566c6c947d7050f9ab15459de6cc2b3b6af,75346 2 75603 5 75861 6 76119 8 76379 9 76638 10 76898 11 77159 10 77419 11
43a71aeb641faa18742cb826772a8566c6c947d7050f9ab15459de6cc2b3b6af,75090 7 75348 10 75608 10 75867 12 76127 12 76388 10 76648 10 76909 8 77169 6
43a71aeb641faa18742cb826772a8566c6c947d7050f9ab15459de6cc2b3b6af,10610 6 10868 9 11127 11 11386 13 11646 14 11905 16 12165 16 12424 18 12684 19 12944 19 13204 20 13464 20 13725 20 13985 20 14246 19 14507 17 14768 16 15030 13 15292 10 15555 4
43a71aeb641faa18742cb826772a8566c6c947d7050f9ab15459de6cc2b3b6af,47013 1 47272 1 47532 2 47791 3 48051 8 48311 9 48571 9 48832 9 49092 9 49353 10 49616 5
43a71aeb641faa18742cb826772a8566c6c947d7050f9ab15459de6cc2b3b6af,43643 7 43901 10 44160 12 44419 13 44678 15 44938 15 45197 16 45457 15 45717 15 45976 14 46236 13 46495 14 46754 15 47014 15 47273 16 47534 15 47794 15 48059 9 48320 8 48580 7 48841 4 49101 3
43a71aeb641faa18742cb826772a8566c6c947d7050f9ab15459de6cc2b3b6af,31159 5 31418 7 31677 9 31936 11 32196 12 32455 14 32715 14 32975 15 33235 15 33495 15 33756 14 34016 14 34277 13 34537 12 34798 11 35058 10 35320 4
43a71aeb641faa18742cb826772a8566c6c947d7050f9ab15459de6cc2b3b6af,219 22 478 24 738 16 757 5 998 16 1017 4 1258 15 1278 3 1518 15 1538 2 1778 16 1797 3 2039 10 2053 1 2057 1 2299 9 2560 7 2821 5
43a71aeb641faa18742cb826772a8566c6c947d7050f9ab15459de6cc2b3b6af,754 3 1014 3 1273 5 1533 5 1794 3 2054 3
43a71aeb641faa18742cb826772a8566c6c947d7050f9ab15459de6cc2b3b6af,35324 2 35845 2 36103 5 36363 6 36623 6 36883 6 37143 5 37404 4
43a71aeb641faa18742cb826772a8566c6c947d7050f9ab15459de6cc2b3b6af,63411 8 63669 11 63928 12 64187 14 64445 16 64705 16 64964 16 65224 16 65483 16 65744 14 66004 12 66265 8
43a71aeb641faa18742cb826772a8566c6c947d7050f9ab15459de6cc2b3b6af,77453 5 77711 8 77970 9 78230 10 78489 11 78749 11 79008 12 79268 12 79528 12 79789 11 80049 11 80310 10 80571 8 80832 7 81093 5
43a71aeb641faa18742cb826772a8566c6c947d7050f9ab15459de6cc2b3b6af,40543 7 40801 10 41056 13 41316 13 41575 13 41835 13 42094 14 42354 14 42615 12 42875 11 43135 11 43396 9 43656 9 43917 8 44179 4
43a71aeb641faa18742cb826772a8566c6c947d7050f9ab15459de6cc2b3b6af,41069 3 41329 4 41334 6 41588 13 41848 13 42108 13 42368 13 42627 14 42886 15 43146 15 43405 16 43665 16 43925 16 44185 15 44446 14 44706 12 44967 11 45227 10 45488 9 45748 8 46009 6 46270 3
43a71aeb641faa18742cb826772a8566c6c947d7050f9ab15459de6cc2b3b6af,25734 3 25989 10 26245 14 26503 17 26762 18 27021 18 27280 19 27539 19 27799 17 28058 17 28318 16 28578 15 28838 14 29099 12 29359 4 29368 2 29621 1
43a71aeb641faa18742cb826772a8566c6c947d7050f9ab15459de6cc2b3b6af,29363 5 29622 7 29882 7 30141 10 30401 11 30660 12 30920 13 31180 13 31440 13 31700 13 31960 13 32220 12 32481 11 32741 11 33001 10 33261 10 33521 10 33781 9 34041 9 34301 8 34562 7 34822 6 35083 5
43a71aeb641faa18742cb826772a8566c6c947d7050f9ab15459de6cc2b3b6af,4924 3 5181 6 5441 5 5700 6 5960 7 6220 7 6481 7 6741 7 7003 7
43a71aeb641faa18742cb826772a8566c6c947d7050f9ab15459de6cc2b3b6af,4414 1 4668 7 4927 8 5187 9 5446 10 5706 11 5967 10 6227 12 6488 9 6748 6
43a71aeb641faa18742cb826772a8566c6c947d7050f9ab15459de6cc2b3b6af,513 5 771 9 1031 10 1290 11 1550 11 1809 12 2069 12 2329 12 2589 12 2850 11 3110 11 3371 10 3632 9 3895 6 4156 5 4415 6 4675 6 4935 6 5196 5 5456 5 5717 4 5977 3
43a71aeb641faa18742cb826772a8566c6c947d7050f9ab15459de6cc2b3b6af,12985 4 13243 9 13503 11 13762 13 14022 15 14282 17 14542 18 14802 19 15062 19 15323 18 15583 18 15844 17 16105 16 16365 16 16626 15 16887 14 17148 13 17408 13 17669 12 17930 11 18191 10 18452 9 18714 6
43a71aeb641faa18742cb826772a8566c6c947d7050f9ab15459de6cc2b3b6af,67332 8 67590 11 67849 12 68109 12 68368 13 68628 13 68887 14 69147 14 69406 15 69666 15 69926 15 70186 15 70446 15 70707 14 70967 14 71228 12 71488 12 71749 5
43a71aeb641faa18742cb826772a8566c6c947d7050f9ab15459de6cc2b3b6af,72278 3 72536 5 72795 6 73054 7 73314 7 73573 8 73833 8 74093 8 74353 8 74614 7 74874 7 75135 5
44afae184c89e6ba55985b4d341acc1ae1e8b6ef96312064e0e6e630e022b078,334341 1 334852 1 335363 3 335874 4 336385 6 336897 7 337409 8 337921 9 338433 10 338945 13 339457 12 339969 12 340481 12 340994 11 341507 10 342019 6 342532 4 343046 1
44afae184c89e6ba55985b4d341acc1ae1e8b6ef96312064e0e6e630e022b078,342025 5 342536 7 343047 8 343559 7 344072 6 344584 6 345097 5 345609 5 346121 5 346634 4 347146 4 347658 4
44afae184c89e6ba55985b4d341acc1ae1e8b6ef96312064e0e6e630e022b078,338972 1 339484 2 339994 4 340501 9 341012 11 341524 11 342035 12 342543 16 343055 16 343566 16 344078 16 344590 16 345102 15 345614 15 346126 14 346638 13 347150 12 347662 12
44afae184c89e6ba55985b4d341acc1ae1e8b6ef96312064e0e6e630e022b078,325646 1 326157 2 326669 2 327180 4 327691 5 328203 6 328714 8 329226 9 329738 11 330249 14 330761 15 331273 16 331784 21 332296 22 332807 24 333319 27 333830 27 334342 26 334853 26 335366 25 335878 24 336391 22 336904 21 337417 20 337930 6 337938 11 338443 4 338451 10 338964 8 339477 7 339989 5
44afae184c89e6ba55985b4d341acc1ae1e8b6ef96312064e0e6e630e022b078,319012 5 319521 9 320032 11 320539 17 321048 20 321558 23 322069 24 322579 26 323090 27 323602 28 324113 29 324624 30 325136 30 325647 31 326159 30 326671 30 327184 29 327696 29 328209 27 328722 26 329235 24 329749 21 330263 18 330776 16 331289 14 331805 9 332318 6 332831 4
44afae184c89e6ba55985b4d341acc1ae1e8b6ef96312064e0e6e630e022b078,16393 1 16905 1 17416 7 17430 1 17928 15 18440 15 18952 15 19463 16 19975 17 20487 17 20999 17 21511 17 22024 15 22536 15 23048 14 23561 12 24073 11 24587 8 25100 5
44afae184c89e6ba55985b4d341acc1ae1e8b6ef96312064e0e6e630e022b078,4 25 516 25 1027 26 1539 27 2051 27 2563 27 3075 27 3587 28 4099 28 4611 28 5123 28 5635 29 6147 29 6659 29 7172 28 7684 28 8200 24 8712 24 9224 24 9736 24 10249 22 10761 22 11273 22 11785 21 12297 21 12809 20 13321 20 13833 19 14345 19 14857 18 15369 17 15881 16 16394 13 16906 13 17423 7
44afae184c89e6ba55985b4d341acc1ae1e8b6ef96312064e0e6e630e022b078,258587 3 259097 7 259608 8 260119 10 260630 11 261142 11 261653 12 262165 12 262677 11 263188 12 263700 11 264212 10 264724 9 265237 7 265749 6 266262 4
44afae184c89e6ba55985b4d341acc1ae1e8b6ef96312064e0e6e630e022b078,259117 5 259628 8 260139 10 260650 13 261162 14 261673 16 262185 16 262696 18 263208 18 263720 19 264232 19 264743 20 265255 21 265767 21 266278 22 266790 22 267301 23 267813 23 268324 24 268836 24 269347 25 269845 3 269859 25 270357 4 270371 25 270868 6 270882 26 271380 7 271394 26 271892 9 271904 28 272405 39 272917 38 273429 38 273941 37 274454 35 274966 35 275478 34 275991 32 276503 31 277016 29 277528 28 278041 26 278553 25 279066 22 279579 20 280092 17 280605 13 281119 8
44afae184c89e6ba55985b4d341acc1ae1e8b6ef96312064e0e6e630e022b078,300606 6 301116 9 301626 13 302136 17 302647 19 303157 22 303667 24 304176 28 304686 30 305197 31 305709 31 306220 33 306732 33 307244 32 307756 32 308268 32 308780 31 309292 31 309804 30 310316 29 310829 27 311341 25 311854 23 312367 21 312880 19 313392 18 313905 16 314418 13 314931 11
44afae184c89e6ba55985b4d341acc1ae1e8b6ef96312064e0e6e630e022b078,191563 5 192074 7 192586 8 193097 9 193609 10 194121 10 194632 12 195144 12 195656 13 196167 14 196679 14 197191 15 197702 16 198214 16 198726 17 199237 18 199749 19 200261 21 200773 21 201284 23 201796 23 202308 24 202819 25 203331 25 203843 26 204355 26 204867 26 205379 1 205404 1 205891 1 205916 1
44afae184c89e6ba55985b4d341acc1ae1e8b6ef96312064e0e6e630e022b078,205380 24 205892 24 206403 26 206915 26 207427 26 207939 26 208451 25 208963 25 209476 24 209988 24 210500 24 211013 23 211525 22 212037 22 212550 20 213062 20 213574 19 214086 18 214598 18 215110 17 215622 16 216134 15 216646 15 217158 14 217670 13 218182 13 218694 12 219206 12 219719 10 220231 10 220743 9 221256 7 221768 6 222281 4
44afae184c89e6ba55985b4d341acc1ae1e8b6ef96312064e0e6e630e022b078,275552 9 276056 19 276566 23 277076 27 277588 29 278099 31 278611 31 279123 32 279635 32 280147 33 280659 33 281171 33 281683 33 282195 33 282708 31 283220 31 283733 29 284245 28 284757 27 285269 26 285782 22 286294 20 286807 17 287321 12
44afae184c89e6ba55985b4d341acc1ae1e8b6ef96312064e0e6e630e022b078,179295 6 179805 12 180316 16 180827 19 181339 19 181850 21 182362 22 182873 24 183385 26 183897 29 184409 29 184921 30 185432 31 185944 33 186456 32 186969 32 187481 32 187993 32 188506 31 189018 32 189531 31 190044 31 190557 30 191070 30 191583 29 192096 29 192609 28 193121 28 193634 27 194146 27 194659 26 195172 25 195684 24 196198 22 196710 21 197224 18 197737 15 198250 9
44afae184c89e6ba55985b4d341acc1ae1e8b6ef96312064e0e6e630e022b078,233081 8 233583 18 234092 21 234600 26 235111 27 235622 29 236133 31 236644 32 237155 33 237666 34 238178 34 238689 36 239201 36 239713 38 240225 38 240737 37 241248 38 241761 36 242273 36 242785 36 243297 36 243810 35 244322 35 244835 34 245348 33 245861 31 246374 30 246887 29 247400 27 247913 26 248426 24 248939 23 249452 21 249966 18 250480 16 250993 13 251509 8
44afae184c89e6ba55985b4d341acc1ae1e8b6ef96312064e0e6e630e022b078,228489 8 228999 12 229510 14 230021 16 230532 18 231044 18 231555 20 232066 21 232578 22 233089 23 233601 23 234113 24 234626 23 235138 23 235651 22 236164 21 236676 20 237188 20 237700 11 238212 8 238725 5 239237 4
44afae184c89e6ba55985b4d341acc1ae1e8b6ef96312064e0e6e630e022b078,100 14 612 14 1123 16 1635 16 2147 16 2658 17 3170 16 3682 16 4194 16 4706 16 5218 15 5730 15 6243 14 6755 13 7268 12 7780 11 8293 9 8806 7 9320 3
44afae184c89e6ba55985b4d341acc1ae1e8b6ef96312064e0e6e630e022b078,175740 8 176250 12 176761 15 177273 17 177784 19 178296 20 178808 21 179320 23 179832 24 180344 25 180856 26 181367 28 181879 29 182391 30 182903 31 183415 33 183926 35 184438 36 184951 35 185463 36 185978 33 186491 33 187003 33 187516 33 188029 32 188542 32 189054 32 189567 32 190080 31 190593 31 191106 31 191618 31 192131 31 192644 30 193156 31 193669 30 194181 30 194694 29 195207 28 195719 28 196232 26 196744 26 197257 24 197769 8 197778 14 198282 21 198796 4 198802 10 199314 7 199827 4
44afae184c89e6ba55985b4d341acc1ae1e8b6ef96312064e0e6e630e022b078,286348 11 286857 17 287367 20 287878 23 288388 26 288899 27 289410 29 289921 30 290432 32 290943 33 291455 33 291966 34 292476 36 292986 37 293497 38 294009 37 294520 38 295032 38 295544 38 296056 38 296568 38 297080 38 297591 38 298103 38 298615 38 299127 38 299639 38 300150 39 300662 38 301174 38 301687 37 302199 36 302711 36 303223 35 303735 34 304247 33 304759 33 305271 32 305783 31 306295 30 306807 30 307320 28 307832 27 308345 25 308857 24 309370 22 309882 22 310395 20 310908 17 311422 14 311937 9
44afae184c89e6ba55985b4d341acc1ae1e8b6ef96312064e0e6e630e022b078,264346 3 264854 11 265364 15 265875 17 266385 20 266896 22 267408 23 267919 25 268431 26 268942 27 269454 28 269965 30 270477 31 270989 32 271501 33 272013 34 272525 34 273037 35 273549 35 274061 35 274573 36 275086 35 275598 35 276110 34 276623 33 277135 33 277647 32 278160 31 278672 30 279185 28 279698 26 280211 23 280725 20 281239 14 281752 11 282265 9
44afae184c89e6ba55985b4d341acc1ae1e8b6ef96312064e0e6e630e022b078,332472 5 332982 8 333493 11 334005 12 334516 14 335028 15 335539 16 336051 17 336562 19 337074 20 337586 21 338098 22 338609 24 339121 25 339633 26 340145 26 340657 27 341169 28 341681 28 342193 29 342705 29 343217 30 343729 30 344241 30 344753 31 345265 31 345777 31 346289 31 346801 31 347313 31 347825 31
44afae184c89e6ba55985b4d341acc1ae1e8b6ef96312064e0e6e630e022b078,293585 2 294093 6 294603 7 295114 8 295625 9 296136 10 296648 10 297159 11 297671 11 298183 11 298695 12 299207 12 299719 12 300231 12 300743 12 301256 11 301768 11 302281 10 302794 10 303307 9 303822 8
44afae184c89e6ba55985b4d341acc1ae1e8b6ef96312064e0e6e630e022b078,293077 2 293587 3 294099 3 294610 4 295122 4 295634 4 296146 4 296658 4 297170 4 297682 4 298194 5 298707 4 299219 4 299731 4 300243 4 300755 4 301267 4 301779 4 302291 5 302804 4 303316 4
44afae184c89e6ba55985b4d341acc1ae1e8b6ef96312064e0e6e630e022b078,292062 4 292567 14 293079 16 293590 18 294102 19 294614 20 295126 20 295638 21 296150 21 296662 20 297174 20 297686 20 298199 18 298711 18 299223 18 299735 18 300247 18 300759 18 301271 18 301783 18 302296 17 302808 3 302816 9 303329 7 303842 6
44afae184c89e6ba55985b4d341acc1ae1e8b6ef96312064e0e6e630e022b078,326350 7 326860 12 327372 15 327883 17 328395 18 328907 19 329419 20 329931 20 330444 20 330956 20 331469 20 331982 19 332494 20 333007 19 333520 19 334033 18 334546 18 335059 17 335572 17 336086 15 336600 13 337113 12 337627 10 338140 9 338653 4 338661 1 339166 1 339173 1 339678 1
44afae184c89e6ba55985b4d341acc1ae1e8b6ef96312064e0e6e630e022b078,338657 4 339167 6 339679 7 340190 8 340703 8 341215 8 341727 9 342239 9 342751 10 343263 10 343775 10 344287 11 344799 11 345311 10 345824 9 346336 8 346849 7 347362 5 347874 5
44afae184c89e6ba55985b4d341acc1ae1e8b6ef96312064e0e6e630e022b078,192746 4 193257 6 193764 3 193768 8 194273 15 194784 17 195295 18 195806 18 196318 18 196829 19 197341 19 197853 19 198365 19 198877 19 199389 19 199901 18 200414 17 200926 16 201439 15 201952 8 202466 3
44afae184c89e6ba55985b4d341acc1ae1e8b6ef96312064e0e6e630e022b078,188149 3 188661 5 189172 7 189684 10 190197 11 190709 12 191221 12 191733 13 192245 13 192756 14 193267 16 193778 17 194290 17 194801 17 195313 17 195825 17 196337 17 196850 15 197362 6 197371 6 197875 4 197883 6 198396 4 198908 4
44afae184c89e6ba55985b4d341acc1ae1e8b6ef96312064e0e6e630e022b078,295175 5 295685 8 296181 5 296196 10 296691 9 296707 11 297202 11 297218 13 297714 29 298225 30 298737 31 299249 32 299761 33 300273 35 300785 37 301297 39 301809 41 302321 42 302833 43 303346 43 303858 43 304371 43 304883 44 305396 43 305908 44 306421 44 306933 45 307446 46 307958 47 308471 46 308983 47 309496 46 310008 47 310521 46 311034 45 311547 44 312060 43 312573 42 313086 40 313599 39 314112 36 314625 34 315138 29 315653 9
44afae184c89e6ba55985b4d341acc1ae1e8b6ef96312064e0e6e630e022b078,327936 8 328447 10 328957 12 329469 13 329980 14 330492 15 331003 17 331515 24 332027 27 332539 28 333051 28 333563 29 334075 29 334587 29 335100 28 335612 28 336125 27 336637 26 337149 26 337661 25 338174 23 338686 23 339198 22 339710 22 340222 22 340735 22 341247 18 341760 15 342272 14 342785 9 343297 8 343811 6 344324 4 344838 2
44afae184c89e6ba55985b4d341acc1ae1e8b6ef96312064e0e6e630e022b078,341265 6 341775 9 342286 11 342794 16 343305 18 343817 19 344328 21 344840 21 345352 22 345865 21 346377 22 346890 21 347403 20 347915 20
44afae184c89e6ba55985b4d341acc1ae1e8b6ef96312064e0e6e630e022b078,139528 5 140038 8 140549 10 141060 12 141571 14 142083 14 142594 16 143106 16 143617 18 144129 18 144641 19 145153 19 145666 9 146178 2 146690 2
44afae184c89e6ba55985b4d341acc1ae1e8b6ef96312064e0e6e630e022b078,145675 10 146180 18 146692 19 147203 21 147715 21 148228 21 148740 21 149252 21 149764 22 150276 22 150788 22 151300 22 151812 22 152324 22 152836 22 153348 22 153860 21 154372 21 154884 20 155397 19 155909 18 156422 16 156934 14 157447 12 157961 7
44afae184c89e6ba55985b4d341acc1ae1e8b6ef96312064e0e6e630e022b078,226579 6 227090 10 227602 18 228113 26 228625 31 229137 38 229649 40 230161 41 230673 42 231186 42 231698 42 232211 42 232724 41 233236 41 233749 39 234262 38 234774 37 235286 36 235799 34 236311 32 236823 30 237336 28 237848 27 238361 25 238874 23 239387 21 239900 18 240413 16 240929 7
44afae184c89e6ba55985b4d341acc1ae1e8b6ef96312064e0e6e630e022b078,88866 3 89375 9 89886 11 90397 12 90908 14 91420 14 91931 15 92443 16 92955 16 93467 16 93979 16 94491 16 95003 17 95515 17 96027 17 96539 16 97051 16 97564 14 98076 14 98589 12 99102 11 99615 8 100129 5
44afae184c89e6ba55985b4d341acc1ae1e8b6ef96312064e0e6e630e022b078,203066 8 203576 12 204088 14 204599 16 205104 24 205615 26 206126 28 206635 32 207146 33 207657 35 208168 36 208680 36 209191 37 209703 37 210214 38 210726 38 211238 38 211749 39 212261 38 212773 38 213285 38 213797 37 214309 37 214821 36 215333 36 215845 35 216358 34 216870 33 217383 32 217896 30 218409 28 218922 26 219435 25 219948 23 220461 21 220977 16 221493 9
44afae184c89e6ba55985b4d341acc1ae1e8b6ef96312064e0e6e630e022b078,144186 5 144694 9 145205 10 145716 10 146228 10 146739 11 147251 11 147763 11 148276 9 148788 9 149301 8 149814 7 150327 6 150841 5 151356 2
44afae184c89e6ba55985b4d341acc1ae1e8b6ef96312064e0e6e630e022b078,144703 7 145215 7 145726 7 146238 7 146750 7 147262 7 147774 7 148285 8 148797 8 149309 8 149821 8 150333 8 150846 7 151358 8 151872 6
44afae184c89e6ba55985b4d341acc1ae1e8b6ef96312064e0e6e630e022b078,139087 3 139598 6 140110 8 140621 10 141133 16 141644 20 142156 21 142667 23 143178 25 143689 26 144199 29 144710 30 145222 30 145733 31 146245 31 146757 31 147269 31 147781 30 148293 30 148805 29 149317 29 149829 28 150341 26 150853 24 151366 18 151878 16 152393 9
44afae184c89e6ba55985b4d341acc1ae1e8b6ef96312064e0e6e630e022b078,304477 3 304976 19 305485 23 305996 26 306506 29 307018 30 307529 32 308041 33 308552 35 309064 36 309576 37 310088 38 310600 38 311112 39 311624 39 312136 40 312648 40 313160 40 313673 40 314185 40 314697 40 315210 40 315722 40 316234 40 316747 40 317259 40 317771 41 318284 41 318796 41 319309 41 319821 41 320334 41 320847 40 321359 40 321872 39 322385 38 322897 38 323410 37 323922 37 324435 36 324948 35 325461 33 325974 32 326487 30 327001 26 327519 19 328037 10
44afae184c89e6ba55985b4d341acc1ae1e8b6ef96312064e0e6e630e022b078,224113 9 224623 12 225133 14 225642 18 226153 19 226663 22 227174 23 227684 25 228194 27 228704 29 229214 30 229724 32 230235 32 230746 32 231257 33 231769 31 232280 32 232792 31 233304 30 233816 29 234328 27 234840 26 235353 22 235865 18 236378 12
44afae184c89e6ba55985b4d341acc1ae1e8b6ef96312064e0e6e630e022b078,166247 6 166758 8 167269 10 167781 11 168292 13 168804 14 169315 13 169827 12 170339 12 170852 10 171364 10 171877 10 172390 5
44afae184c89e6ba55985b4d341acc1ae1e8b6ef96312064e0e6e630e022b078,167801 1 168311 2 168821 4 169328 9 169839 10 170351 10 170862 12 171374 12 171887 12 172399 12 172913 13 173425 12 173938 11 174451 8 174964 6
44afae184c89e6ba55985b4d341acc1ae1e8b6ef96312064e0e6e630e022b078,165757 2 166268 2 166779 3 167290 4 167802 4 168313 6 168825 6 169337 6 169849 6 170361 7 170874 6 171386 8 171899 6 172411 5
44afae184c89e6ba55985b4d341acc1ae1e8b6ef96312064e0e6e630e022b078,165247 7 165759 7 166270 9 166782 9 167294 9 167806 9 168319 8 168831 7 169343 7 169855 6 170368 4 170880 3
44afae184c89e6ba55985b4d341acc1ae1e8b6ef96312064e0e6e630e022b078,293243 4 293754 6 294266 8 294778 8 295291 7 295804 6 296317 4
44afae184c89e6ba55985b4d341acc1ae1e8b6ef96312064e0e6e630e022b078,258441 2 258952 3 259463 14 259974 15 260486 15 260997 16 261509 16 262021 16 262533 17 263046 16 263558 16 264071 15 264583 15 265096 14 265609 13 266122 11 266635 10 267149 7 267662 6
44afae184c89e6ba55985b4d341acc1ae1e8b6ef96312064e0e6e630e022b078,250766 7 251276 10 251787 12 252299 12 252810 14 253322 14 253834 15 254346 15 254858 15 255370 15 255882 14 256394 14 256906 13 257418 13 257930 12 258443 11 258955 10
44afae184c89e6ba55985b4d341acc1ae1e8b6ef96312064e0e6e630e022b078,334232 8 334741 13 335251 17 335761 22 336272 28 336783 31 337294 33 337806 35 338317 36 338829 37 339341 37 339853 38 340365 38 340877 38 341389 39 341902 38 342414 38 342927 38 343441 36 343954 36 344469 33 344982 32 345495 31 346009 29 346522 28 347035 27 347549 24 348062 23
44afae184c89e6ba55985b4d341acc1ae1e8b6ef96312064e0e6e630e022b078,230307 5 230816 13 231327 19 231352 5 231837 37 232349 41 232860 43 233372 45 233884 46 234395 47 234907 48 235419 48 235931 48 236443 47 236955 47 237467 46 237980 45 238492 44 239005 42 239518 40 240031 38 240543 36 241056 34 241569 31 242081 29 242594 27 243106 26 243619 24 244132 22 244645 20 245158 18 245671 16 246184 14 246699 9 247214 4
44afae184c89e6ba55985b4d341acc1ae1e8b6ef96312064e0e6e630e022b078,201137 3 201141 1 201647 7 202158 8 202669 9 203180 10 203692 10 204202 12 204713 13 205224 14 205735 15 206246 16 206756 18 207267 19 207778 20 208290 20 208801 21 209313 21 209825 21 210337 21 210849 21 211362 20 211874 20 212387 20 212900 19 213414 15
44afae184c89e6ba55985b4d341acc1ae1e8b6ef96312064e0e6e630e022b078,196032 3 196541 10 197051 13 197562 15 198073 17 198585 17 199096 19 199608 19 200119 21 200631 21 201142 22 201654 22 202166 22 202678 22 203190 22 203702 22 204214 22 204726 22 205238 22 205750 21 206262 21 206774 20 207286 20 207798 19 208310 19 208822 19 209334 18 209846 18 210358 17 210870 17 211382 16 211894 16 212407 14 212919 12
44afae184c89e6ba55985b4d341acc1ae1e8b6ef96312064e0e6e630e022b078,254917 7 255428 10 255938 15 256449 20 256960 22 257471 25 257982 26 258494 27 259005 28 259516 30 260027 31 260538 32 261049 34 261560 35 262072 36 262583 38 263095 39 263606 41 264118 42 264630 42 265141 44 265653 44 266165 44 266677 44 267189 44 267701 44 268214 43 268726 42 269238 42 269751 41 270263 40 270776 39 271288 38 271801 37 272314 35 272828 31 273342 28 273856 24 274369 21 274882 19 275395 17 275907 16 276420 15 276933 13 277446 11 277960 6
44afae184c89e6ba55985b4d341acc1ae1e8b6ef96312064e0e6e630e022b078,114149 6 114659 10 115171 11 115682 13 116193 15 116705 16 117216 18 117728 19 118239 21 118749 24 119260 26 119770 29 120281 31 120793 32 121304 34 121816 35 122328 36 122840 37 123352 37 123865 37 124377 37 124890 37 125403 37 125916 36 126429 36 126942 35 127454 35 127967 34 128480 33 128993 32 129506 31 130019 29 130532 27 131046 25 131563 19 132077 16 132592 11 133108 3
44afae184c89e6ba55985b4d341acc1ae1e8b6ef96312064e0e6e630e022b078,214009 3 214519 7 215030 11 215541 12 216052 13 216564 13 217075 14 217587 14 218098 15 218610 15 219121 16 219633 16 220145 16 220656 17 221168 17 221679 18 222191 18 222703 18 223214 19 223725 20 224237 20 224748 21 225259 22 225771 22 226282 23 226794 23 227306 23 227817 24 228329 24 228841 24 229352 25 229864 25 230376 25 230888 25 231400 25 231912 25 232424 25 232936 25 233448 25 233960 25 234472 25 234984 25 235496 25 236009 24 236521 24 237033 24 237545 24 238057 24 238569 24 239082 23 239594 21 240107 19 240619 18 241132 16 241644 15 242157 13 242671 9
44afae184c89e6ba55985b4d341acc1ae1e8b6ef96312064e0e6e630e022b078,332283 4 332793 8 333305 8 333816 9 334327 10 334838 11 335349 12 335861 12 336372 13 336885 12 337397 12 337910 11 338423 10 338936 9 339448 9 339961 8 340474 7 340987 6 341499 6 342012 4 342524 4
4727d94c6a57ed484270fdd8bbc6e3d5f2f15d5476794a4e37a40f2309a091e2,32973 6 33229 7 33484 8 33740 9 33996 9 34252 9 34508 1 34516 1 34764 1 34772 1
4727d94c6a57ed484270fdd8bbc6e3d5f2f15d5476794a4e37a40f2309a091e2,34509 7 34765 7 35020 9 35276 9 35532 10 35787 11 36043 11 36299 10 36556 9 36812 8 37069 7 37327 3
4727d94c6a57ed484270fdd8bbc6e3d5f2f15d5476794a4e37a40f2309a091e2,24787 3 25041 6 25297 7 25552 8 25808 9 26063 10 26319 9 26576 8 26832 7 27089 6 27347 3
4727d94c6a57ed484270fdd8bbc6e3d5f2f15d5476794a4e37a40f2309a091e2,29907 7 30162 9 30418 9 30673 11 30929 11 31185 10 31441 10 31698 8 31954 7 32212 3
4727d94c6a57ed484270fdd8bbc6e3d5f2f15d5476794a4e37a40f2309a091e2,25310 6 25565 9 25820 10 26076 11 26331 12 26587 12 26842 13 27099 12 27355 11 27612 10 27870 7
4727d94c6a57ed484270fdd8bbc6e3d5f2f15d5476794a4e37a40f2309a091e2,34782 4 35037 6 35291 8 35547 9 35802 6 36058 5 36315 3 36571 2
4727d94c6a57ed484270fdd8bbc6e3d5f2f15d5476794a4e37a40f2309a091e2,35808 4 36063 5 36318 7 36573 8 36829 9 37084 10 37340 10 37596 9 37853 8 38109 7
4727d94c6a57ed484270fdd8bbc6e3d5f2f15d5476794a4e37a40f2309a091e2,39388 5 39643 7 39899 8 40154 9 40410 10 40666 9 40923 8 41179 7 41437 3
4727d94c6a57ed484270fdd8bbc6e3d5f2f15d5476794a4e37a40f2309a091e2,29679 4 29932 7 30187 9 30443 9 30698 10 30954 7 31210 6 31467 5 31723 4
4727d94c6a57ed484270fdd8bbc6e3d5f2f15d5476794a4e37a40f2309a091e2,32749 2 33004 4 33259 5 33514 7 33770 8 34025 12 34281 12 34537 11 34794 10 35050 9 35307 7
4727d94c6a57ed484270fdd8bbc6e3d5f2f15d5476794a4e37a40f2309a091e2,30961 3 31216 4 31472 8 31727 9 31984 9 32240 9 32496 9 32751 10 33008 8 33264 8 33521 5 33778 3
4727d94c6a57ed484270fdd8bbc6e3d5f2f15d5476794a4e37a40f2309a091e2,35564 4 35820 4 36075 7 36331 8 36586 9 36842 10 37098 10 37355 9 37611 8 37869 6
4727d94c6a57ed484270fdd8bbc6e3d5f2f15d5476794a4e37a40f2309a091e2,39919 6 40174 8 40429 9 40685 10 40940 11 41196 11 41453 9 41709 9 41966 7
4727d94c6a57ed484270fdd8bbc6e3d5f2f15d5476794a4e37a40f2309a091e2,35068 3 35322 7 35577 8 35833 8 36088 9 36344 9 36600 9 36857 6 37113 5
472b1c5ff988dadc209faea92499bc07f305208dbda29d16262b3d543ac91c71,197124 3 197129 3 197635 11 198147 13 198657 14 199169 14 199681 13 200193 13 200705 13 201217 13 201729 13 202241 13 202753 13 203265 13 203777 13 204289 13 204801 13 205313 13 205825 13 206337 14 206849 14 207361 14 207873 12 208386 9 208898 6
472b1c5ff988dadc209faea92499bc07f305208dbda29d16262b3d543ac91c71,198163 5 198671 10 199183 11 199694 13 200206 14 200718 15 201230 15 201742 16 202254 16 202766 16 203278 16 203790 16 204302 16 204814 15 205326 15 205838 14 206351 11 206863 8
472b1c5ff988dadc209faea92499bc07f305208dbda29d16262b3d543ac91c71,306696 4 307204 8 307716 9 308227 10 308739 11 309251 11 309764 10 310276 11 310789 10 311302 9 311815 8 312328 7 312840 7 313352 7 313864 6 314376 6 314889 4 315401 3
472b1c5ff988dadc209faea92499bc07f305208dbda29d16262b3d543ac91c71,279062 1 279573 4 280085 4 280597 5 281109 5 281621 4 282133 4 282645 4 283157 3 283670 2
472b1c5ff988dadc209faea92499bc07f305208dbda29d16262b3d543ac91c71,31785 8 32295 11 32804 15 32823 4 33314 26 33825 28 34335 30 34847 34 35357 39 35867 42 36378 45 36889 47 37400 49 37912 50 38423 51 38935 52 39446 53 39958 53 40470 53 40982 53 41494 53 42006 52 42518 52 43030 51 43543 50 44055 49 44568 47 45080 45 45593 42 46106 40 46619 37 47132 35 47646 30 48159 26 48675 18
472b1c5ff988dadc209faea92499bc07f305208dbda29d16262b3d543ac91c71,56383 5 56895 5 57407 5 57920 1
472b1c5ff988dadc209faea92499bc07f305208dbda29d16262b3d543ac91c71,126028 3 126538 7 127049 10 127560 12 128071 13 128583 14 129094 14 129607 13 130119 12
472b1c5ff988dadc209faea92499bc07f305208dbda29d16262b3d543ac91c71,59983 4 60494 5 61006 4 61517 6 62029 6 62541 7 63054 5 63566 4
472b1c5ff988dadc209faea92499bc07f305208dbda29d16262b3d543ac91c71,58969 2 59479 4 59987 7 60499 7 61010 8 61523 7 62035 8 62551 4
472b1c5ff988dadc209faea92499bc07f305208dbda29d16262b3d543ac91c71,58971 8 59483 8 59994 8 60506 8 61018 8 61530 8 62043 7 62555 7 63070 5
472b1c5ff988dadc209faea92499bc07f305208dbda29d16262b3d543ac91c71,56941 6 57449 12 57959 16 58469 20 58979 23 59491 25 60002 27 60514 28 61026 29 61538 29 62050 30 62562 30 63075 29 63587 29 64101 27 64615 24 65131 20 65649 13 66163 10
472b1c5ff988dadc209faea92499bc07f305208dbda29d16262b3d543ac91c71,234072 3 234583 5 235093 8 235605 8 236116 10 236628 10 237139 11 237651 11 238163 11 238674 11 239186 11 239698 10 240210 10 240722 9 241233 10 241745 9 242257 9 242769 8 243280 9 243792 8 244304 7 244815 8 245327 7 245839 6 246352 4 246864 3
472b1c5ff988dadc209faea92499bc07f305208dbda29d16262b3d543ac91c71,152670 6 153181 6 153693 4 154204 4
472b1c5ff988dadc209faea92499bc07f305208dbda29d16262b3d543ac91c71,280165 4 280675 7 281187 7 281698 8 282210 8 282722 7 283235 4
472b1c5ff988dadc209faea92499bc07f305208dbda29d16262b3d543ac91c71,112781 3 113292 4 113803 6 114303 7 114315 6 114813 19 115324 20 115835 21 115864 7 116347 22 116374 9 116858 38 117369 39 117880 41 118392 42 118903 44 119415 44 119926 46 120438 46 120950 47 121462 47 121974 47 122486 47 122998 47 123510 47 124022 47 124535 46 125047 45 125559 45 126072 43 126584 43 127097 41 127609 40 128122 38 128635 36 129148 34 129662 30 130176 27 130690 23 131206 17 131724 9
472b1c5ff988dadc209faea92499bc07f305208dbda29d16262b3d543ac91c71,191113 6 191624 7 192135 9 192646 10 193158 10 193669 10 194181 10 194694 8 195206 6
472b1c5ff988dadc209faea92499bc07f305208dbda29d16262b3d543ac91c71,66707 6 67219 6 67732 4
472b1c5ff988dadc209faea92499bc07f305208dbda29d16262b3d543ac91c71,186008 2 186519 4 187031 4 187543 4 188054 5 188567 3 189079 2
472b1c5ff988dadc209faea92499bc07f305208dbda29d16262b3d543ac91c71,88736 1 89247 1 89758 2 90269 4 90780 5 91291 9 91803 8 92314 8 92826 8 93337 8 93849 8 94360 9 94872 10 95384 11 95896 12 96408 12 96920 13 97432 13 97944 14 98456 15 98969 15 99481 16 99994 15 100506 16 101018 16 101530 17 102043 15 102555 15 103068 13 103582 11 104096 9 104609 8 105122 7 105636 5 106149 5 106662 4
472b1c5ff988dadc209faea92499bc07f305208dbda29d16262b3d543ac91c71,86692 2 87203 2 87714 3 88225 5 88737 5 89248 7 89760 9 90273 5 90785 4
472b1c5ff988dadc209faea92499bc07f305208dbda29d16262b3d543ac91c71,85165 4 85672 13 86182 16 86694 17 87205 19 87717 19 88230 19 88742 18 89255 17
472b1c5ff988dadc209faea92499bc07f305208dbda29d16262b3d543ac91c71,90299 3 90810 4 91320 7 91831 9 92342 11 92851 15 93362 17 93874 18 94385 19 94898 19 95410 19 95923 19 96435 19 96948 18 97460 18 97971 19 98482 21 98992 22 99503 23 100014 24 100525 25 101037 24 101548 25 102058 26 102570 25 103081 25 103593 22 104105 19 104617 17 105129 14 105641 11 106154 7 106666 6
472b1c5ff988dadc209faea92499bc07f305208dbda29d16262b3d543ac91c71,160948 8 161458 10 161969 12 162480 13 162987 24 163497 28 164008 30 164519 32 165031 33 165542 36 166053 38 166564 40 167075 43 167586 45 168097 47 168609 49 169120 52 169632 52 170143 54 170655 54 171167 54 171679 54 172191 54 172703 54 173215 53 173728 52 174240 51 174752 51 175264 50 175777 48 176289 47 176801 46 177314 43 177826 41 178339 37 178851 35 179365 31 179878 28 180391 24 180904 20 181418 12
472b1c5ff988dadc209faea92499bc07f305208dbda29d16262b3d543ac91c71,129223 8 129733 12 130244 14 130754 17 131265 18 131776 20 132287 21 132797 23 133307 25 133816 28 134327 29 134837 31 135348 32 135859 33 136371 32 136882 33 137394 32 137905 33 138417 33 138929 32 139441 32 139953 31 140465 31 140978 29 141490 29 142003 27 142515 27 143028 25 143540 25 144053 23 144566 21 145079 19 145592 17 146107 13 146622 8
472b1c5ff988dadc209faea92499bc07f305208dbda29d16262b3d543ac91c71,186 46 697 48 1208 51 1720 51 2231 53 2743 53 3256 53 3768 53 4281 52 4793 53 5306 52 5820 50 6332 50 6845 50 7358 49 7871 48 8385 47 8898 46 9411 45 9924 44 10437 43 10950 42 11464 40 11977 39 12491 37 13006 35 13520 33 14034 31 14548 29 15062 27 15576 24 16090 22 16605 18 17120 14 17634 10
472b1c5ff988dadc209faea92499bc07f305208dbda29d16262b3d543ac91c71,119485 5 119996 8 120507 10 121019 10 121530 12 122042 12 122554 12 123065 13 123578 12 124090 12 124602 11 125115 10 125627 9 126140 7
472b1c5ff988dadc209faea92499bc07f305208dbda29d16262b3d543ac91c71,289995 3 290506 5 291017 11 291529 11 292040 13 292552 13 293063 14 293575 15 294086 17 294598 18 295110 18 295622 19 296134 19 296646 20 297158 20 297670 21 298182 21 298694 22 299206 22 299719 22 300231 22 300744 21 301256 21 301769 20 302282 19 302795 17 303310 14 303826 9 304340 7 304853 5
472b1c5ff988dadc209faea92499bc07f305208dbda29d16262b3d543ac91c71,251101 4 251612 6 252124 6 252635 8 253147 8 253658 10 254170 10 254683 9 255195 9 255707 9 256219 9 256732 8 257244 8 257757 6 258269 6 258783 3
472b1c5ff988dadc209faea92499bc07f305208dbda29d16262b3d543ac91c71,298721 1 299233 1 299256 1 299745 11 299768 1 300257 23 300769 23 301281 23 301793 23 302305 23 302817 23 303330 22 303842 21 304354 21 304866 19 305377 19 305890 17 306402 16 306915 14 307427 14 307940 12 308453 10 308966 8 309481 3
472b1c5ff988dadc209faea92499bc07f305208dbda29d16262b3d543ac91c71,287467 9 287976 13 288487 15 288998 17 289510 17 290021 19 290533 19 291045 19 291557 19 292068 21 292580 21 293092 21 293604 21 294115 22 294627 22 295139 22 295651 22 296162 23 296674 23 297186 23 297698 23 298209 24 298722 23 299234 22 299756 12
472b1c5ff988dadc209faea92499bc07f305208dbda29d16262b3d543ac91c71,120574 5 121085 8 121596 12 122106 17 122617 19 123128 22 123640 23 124151 25 124663 27 125175 28 125686 29 126198 30 126710 30 127222 30 127734 30 128246 31 128758 31 129270 31 129782 31 130294 31 130806 31 131318 31 131830 31 132343 30 132855 30 133368 29 133880 29 134393 28 134905 29 135418 27 135931 26 136444 25 136957 24 137470 23 137982 22 138495 21 139007 21 139520 19 140032 19 140545 17 141058 16 141572 12 142087 7
472b1c5ff988dadc209faea92499bc07f305208dbda29d16262b3d543ac91c71,54035 3 54543 10 55053 13 55563 16 56073 18 56583 21 57094 24 57604 27 58116 27 58627 29 59137 31 59648 32 60159 34 60671 34 61182 35 61694 35 62206 35 62718 35 63230 35 63742 35 64254 34 64766 34 65278 33 65790 32 66302 31 66815 29 67327 28 67840 25 68353 20 68867 15 69383 8
472b1c5ff988dadc209faea92499bc07f305208dbda29d16262b3d543ac91c71,266 22 777 25 1286 33 1795 36 2307 36 2818 37 3330 38 3842 38 4355 37 4867 37 5380 37 5893 36 6406 35 6919 34 7432 32 7945 30 8457 28 8970 26 9483 24 9995 17 10508 14 11021 10 11534 7 12047 4
472b1c5ff988dadc209faea92499bc07f305208dbda29d16262b3d543ac91c71,299 10 811 10 1319 11 1831 10 2343 9 2855 8 3368 6 3880 5 4392 4 4904 4 5417 2 5929 2
472b1c5ff988dadc209faea92499bc07f305208dbda29d16262b3d543ac91c71,1330 6 1841 9 2352 10 2863 12 3374 12 3885 13 4396 14 4908 14 5419 15 5931 14 6444 13 6956 13 7468 12 7981 11 8493 10 9006 8 9518 7 10031 4
472b1c5ff988dadc209faea92499bc07f305208dbda29d16262b3d543ac91c71,296217 1 296728 4 297239 6 297751 6 297758 1 298264 4 298780 2 299290 3
472b1c5ff988dadc209faea92499bc07f305208dbda29d16262b3d543ac91c71,172830 1 173342 1 173853 14 174365 1 174378 1 174877 1 174890 1
472b1c5ff988dadc209faea92499bc07f305208dbda29d16262b3d543ac91c71,162094 3 162601 7 163109 11 163618 15 164129 16 164640 18 165152 19 165663 22 166174 21 166685 21 167197 21 167708 22 168220 21 168732 21 169244 20 169757 19 170269 18 170782 16 171294 16 171806 15 172318 14 172831 13 173343 12
472b1c5ff988dadc209faea92499bc07f305208dbda29d16262b3d543ac91c71,174366 12 174878 12 175389 14 175901 14 176413 14 176925 15 177437 15 177949 16 178461 16 178973 17 179485 18 179997 18 180509 19 181022 19 181534 17 182046 17 182559 15 183071 15 183584 14 184096 14 184609 13 185123 11 185637 9 186151 8 186666 5
472b1c5ff988dadc209faea92499bc07f305208dbda29d16262b3d543ac91c71,181551 6 182063 5 182574 6 183086 6 183598 6 184110 6 184622 6 185134 6 185646 6 186159 6 186671 6
472b1c5ff988dadc209faea92499bc07f305208dbda29d16262b3d543ac91c71,161076 7 161585 12 162097 12 162608 12 163120 12 163633 10 164145 10 164658 10 165171 9
472b1c5ff988dadc209faea92499bc07f305208dbda29d16262b3d543ac91c71,180023 1 180534 1 181045 3 181557 3 182068 4 182580 4 183092 4 183604 5 184116 5 184628 5 185140 5 185652 5 186165 5 186677 5
472b1c5ff988dadc209faea92499bc07f305208dbda29d16262b3d543ac91c71,179512 1 180024 2 180535 3 181048 7 181560 9 182072 11 182584 13 183096 13 183609 11 184121 11 184633 10 185145 8 185657 7 186170 5 186682 3
472b1c5ff988dadc209faea92499bc07f305208dbda29d16262b3d543ac91c71,161597 6 162109 8 162620 9 163132 10 163643 12 164155 12 164668 12 165180 9 165696 5 165704 1 166210 2
472b1c5ff988dadc209faea92499bc07f305208dbda29d16262b3d543ac91c71,177467 2 177978 3 178490 9 179001 17 179513 17 180026 15 180538 15 181055 9 181569 7 182083 4
472b1c5ff988dadc209faea92499bc07f305208dbda29d16262b3d543ac91c71,165189 3 165701 3 166212 5 166724 5 167236 6 167748 6 168260 6 168770 8 169280 10 169792 10 170303 11 170815 11 171327 12 171839 13 172351 14 172863 14 173375 15 173886 16 174398 15 174910 15 175421 16 175933 16 176444 17 176956 16 177469 15 177981 14 178499 8
472b1c5ff988dadc209faea92499bc07f305208dbda29d16262b3d543ac91c71,141633 10 141646 3 142142 24 142652 28 143163 30 143673 33 144184 35 144695 36 145206 38 145717 39 146229 40 146740 41 147252 41 147764 41 148275 42 148787 42 149299 41 149811 41 150323 40 150835 40 151348 38 151860 37 152373 35 152885 32 153398 26 153911 23 154425 19 154938 17 155452 14 155967 10 156481 6
472b1c5ff988dadc209faea92499bc07f305208dbda29d16262b3d543ac91c71,344390 5 344902 3 345413 4 345926 2 346438 3 346951 2
472b1c5ff988dadc209faea92499bc07f305208dbda29d16262b3d543ac91c71,331608 5 332118 9 332628 12 333139 13 333650 15 334161 16 334673 17 335184 18 335696 18 336207 20 336719 20 337230 21 337742 21 338253 22 338765 23 339278 22 339789 23 340301 23 340813 23 341324 24 341836 24 342348 25 342860 25 343373 24 343884 25 344396 25 344905 28 345417 28 345928 29 346441 28 346953 28 347468 25 347980 25
472b1c5ff988dadc209faea92499bc07f305208dbda29d16262b3d543ac91c71,128344 5 128855 6 129367 7 129878 8 130390 9 130902 9 131414 9 131927 8 132439 7 132952 6 133465 4
472b1c5ff988dadc209faea92499bc07f305208dbda29d16262b3d543ac91c71,160096 3 160607 5 161119 5 161630 7 162142 7 162653 8 163162 11 163674 11 164185 12 164697 12 165209 11 165722 10 166234 9 166748 6 167262 3
472b1c5ff988dadc209faea92499bc07f305208dbda29d16262b3d543ac91c71,86901 5 87412 7 87924 7 88435 9 88947 9 89458 11 89970 11 90481 12 90993 11 91504 12 92016 12 92527 13 93039 13 93550 14 94062 13 94574 13 95086 13 95598 12 96110 12 96622 12 97133 12 97645 12 98157 12 98669 11 99182 10 99694 10 100206 9 100718 9 101231 7 101743 7 102256 5 102769 4 103281 3
472b1c5ff988dadc209faea92499bc07f305208dbda29d16262b3d543ac91c71,141682 4 142193 6 142704 7 143216 8 143727 9 144239 10 144751 10 145262 11 145774 11 146286 11 146798 11 147310 12 147821 13 148333 14 148845 14 149357 14 149869 15 150381 15 150893 15 151405 15 151918 14 152430 14 152943 12 153455 12 153968 10 154481 9 154995 6
472b1c5ff988dadc209faea92499bc07f305208dbda29d16262b3d543ac91c71,35192 4 35700 10 36210 13 36721 14 37233 15 37744 16 38256 16 38768 16 39281 14 39793 14 40307 11 40822 6
472b1c5ff988dadc209faea92499bc07f305208dbda29d16262b3d543ac91c71,102273 5 102783 8 103293 12 103804 14 104315 16 104827 17 105338 18 105850 19 106362 19 106874 19 107385 20 107897 20 108409 20 108921 20 109434 19 109946 19 110458 19 110970 19 111483 18 111995 18 112507 18 113019 17 113532 16 114044 15 114557 13 115069 13 115582 11 116095 9 116609 6 117122 4
472b1c5ff988dadc209faea92499bc07f305208dbda29d16262b3d543ac91c71,334216 6 334726 10 335237 12 335748 14 336260 15 336771 16 337283 17 337795 18 338306 19 338818 20 339330 20 339842 20 340353 21 340865 21 341377 21 341889 21 342402 20 342914 20 343427 19 343940 17 344454 15 344968 13 345480 13 345993 11 346506 10 347022 3
472b1c5ff988dadc209faea92499bc07f305208dbda29d16262b3d543ac91c71,311195 6 311705 10 312216 18 312726 21 313236 24 313746 26 314256 29 314767 30 315278 32 315789 33 316301 34 316812 35 317324 35 317836 35 318348 35 318860 35 319372 35 319884 35 320396 35 320908 34 321420 34 321932 34 322444 34 322956 33 323468 33 323981 32 324493 31 325006 30 325518 29 326031 27 326544 25 327058 23 327571 21 328090 14 328603 12 329116 11 329629 8 330142 5
472b1c5ff988dadc209faea92499bc07f305208dbda29d16262b3d543ac91c71,64953 3 65455 18 65961 26 66473 27 66984 29 67496 29 68008 30 68519 31 69030 33 69541 34 70053 34 70563 36 71074 37 71584 39 72089 46 72600 46 73111 47 73622 48 74134 47 74645 48 75157 47 75668 48 76180 47 76692 46 77204 46 77716 45 78228 44 78740 44 79252 43 79764 43 80276 42 80788 42 81301 41 81813 40 82326 39 82838 39 83351 38 83864 36 84377 35 84890 33 85403 32 85918 28 86435 22 86954 15 87469 9
472b1c5ff988dadc209faea92499bc07f305208dbda29d16262b3d543ac91c71,119723 11 120232 17 120742 20 121253 22 121764 23 122274 26 122784 28 123295 30 123806 31 124317 32 124827 34 125338 36 125849 37 126361 37 126872 38 127384 38 127895 39 128407 39 128918 40 129430 40 129941 41 130453 40 130965 40 131477 40 131989 40 132500 41 133012 41 133524 40 134036 40 134548 40 135060 39 135572 39 136084 38 136596 37 137108 36 137620 35 138133 33 138645 32 139157 32 139669 31 140182 30 140694 30 141207 28 141719 28 142232 26 142745 25 143258 23 143771 21 144285 18 144798 14 145313 9
472b1c5ff988dadc209faea92499bc07f305208dbda29d16262b3d543ac91c71,101287 8 101796 13 102305 17 102816 19 103327 21 103839 21 104350 23 104862 23 105374 24 105886 24 106398 24 106910 24 107423 23 107935 22 108448 21 108960 20 109473 17 109986 14 110499 12 111012 10 111525 8 112038 5
472b1c5ff988dadc209faea92499bc07f305208dbda29d16262b3d543ac91c71,234926 7 235437 9 235948 10 236459 12 236971 12 237482 13 237994 13 238505 14 239017 14 239529 14 240040 15 240552 14 241064 14 241576 13 242088 13 242600 11 243113 7 243625 6 244138 3
472b1c5ff988dadc209faea92499bc07f305208dbda29d16262b3d543ac91c71,159673 7 160184 9 160695 11 161206 12 161717 14 162229 15 162740 17 163252 21 163764 22 164276 23 164788 24 165300 24 165812 25 166324 25 166836 26 167349 25 167861 25 168373 25 168886 25 169398 25 169911 24 170424 23 170938 21 171451 19 171964 18 172477 17 172990 15 173502 15 174015 13 174527 13 175040 11 175553 9 176068 4
472b1c5ff988dadc209faea92499bc07f305208dbda29d16262b3d543ac91c71,310200 5 310712 7 311223 9 311735 9 312246 11 312758 11 313271 10 313783 10 314295 10 314807 10 315319 10 315832 9 316344 8 316857 7 317369 6 317882 4
472b1c5ff988dadc209faea92499bc07f305208dbda29d16262b3d543ac91c71,246724 7 247235 9 247745 11 248257 12 248768 13 249279 15 249790 16 250301 17 250812 19 251323 20 251835 20 252346 20 252858 20 253369 21 253881 21 254393 22 254905 23 255417 24 255929 25 256441 26 256953 27 257466 26 257978 27 258490 27 259002 27 259514 27 260026 27 260539 26 261051 26 261563 25 262074 26 262586 25 263097 25 263609 24 264120 25 264633 23 265145 22 265665 13 266180 9 266695 3
472b1c5ff988dadc209faea92499bc07f305208dbda29d16262b3d543ac91c71,77268 3 77778 7 78289 9 78801 9 79312 11 79824 11 80335 13 80847 13 81359 13 81871 1 81884 1 82383 1 82396 1
472b1c5ff988dadc209faea92499bc07f305208dbda29d16262b3d543ac91c71,81872 12 82384 12 82895 14 83407 14 83919 14 84431 13 84944 12 85456 12 85969 11 86481 10 86994 9 87506 8 88019 6 88532 5
472b1c5ff988dadc209faea92499bc07f305208dbda29d16262b3d543ac91c71,12268 6 12777 9 13288 11 13799 12 14310 12 14821 13 15333 11 15844 11 16355 13 16866 14 17377 16 17888 18 18399 17 18910 18 19422 17 19933 18 20445 18 20956 18 21468 18 21980 18 22492 17 23004 18 23516 1 24027 2
472b1c5ff988dadc209faea92499bc07f305208dbda29d16262b3d543ac91c71,23517 16 24029 16 24540 18 25052 18 25564 19 26076 19 26588 20 27100 20 27613 20 28125 20 28638 19 29150 19 29663 18 30175 18 30688 17 31201 16 31714 16 32227 15 32740 14 33255 8
472b1c5ff988dadc209faea92499bc07f305208dbda29d16262b3d543ac91c71,14327 8 14839 8 15350 10 15862 10 16373 11 16885 12 17397 12 17908 13 18416 17 18928 17 19439 18 19951 18 20463 18 20974 19 21486 19 21998 19 22509 1 22511 18 23024 17 23533 1 23535 18 24047 18 24558 19 25070 19 25583 18 26095 18 26608 17 27120 17 27633 16 28145 16 28657 15 29169 14 29681 14 30193 9 30705 8 31217 8 31730 5 32242 4
472b1c5ff988dadc209faea92499bc07f305208dbda29d16262b3d543ac91c71,198113 7 198623 10 199135 10 199646 12 200158 12 200669 13 201181 14 201692 16 202204 18 202716 19 203227 20 203739 21 204251 21 204763 21 205275 21 205787 21 206299 21 206811 21 207324 20 207836 20 208348 19 208861 18 209373 18 209886 17 210398 16 210911 15 211424 13 211938 10
472b1c5ff988dadc209faea92499bc07f305208dbda29d16262b3d543ac91c71,83948 5 84460 7 84971 9 85482 11 85994 12 86505 13 87016 15 87527 16 88039 16 88550 18 89061 19 89572 20 90083 21 90594 21 91106 22 91617 23 92129 23 92640 24 93152 24 93663 26 94175 26 94687 28 95199 29 95711 30 96223 31 96735 31 97247 32 97759 32 98271 32 98783 32 99295 32 99807 32 100319 31 100832 30 101344 29 101856 29 102368 27 102880 24 103393 21 103905 20 104418 19 104930 19 105442 19 105955 17 106467 17 106980 4 106986 9 107498 8 108010 8 108522 7 109035 6 109547 5 110059 5 110572 3 111084 3
472b1c5ff988dadc209faea92499bc07f305208dbda29d16262b3d543ac91c71,181224 4 181735 6 182247 6 182758 8 183270 8 183780 11 184290 14 184802 14 185313 16 185825 17 186337 17 186848 19 187360 20 187873 19 188385 20 188897 20 189409 19 189921 19 190433 19 190945 19 191457 18 191969 18 192481 18 192993 17 193505 17 194018 15 194530 15 195042 14 195555 11 196067 10 196582 5
472b1c5ff988dadc209faea92499bc07f305208dbda29d16262b3d543ac91c71,298478 3 298990 3 299500 6 300010 8 300520 10 301030 13 301541 15 302052 19 302564 20 303075 21 303587 22 304099 22 304610 24 305122 25 305633 27 306145 27 306657 29 307169 32 307682 31 308194 31 308706 31 309219 30 309731 30 310244 29 310756 29 311269 28 311781 28 312294 27 312807 26 313320 24 313833 23 314346 21 314860 19 315374 12 315387 3 315888 8
472b1c5ff988dadc209faea92499bc07f305208dbda29d16262b3d543ac91c71,230888 4 231399 6 231910 8 232422 9 232933 10 233445 11 233957 12 234469 14 234981 16 235493 16 236005 17 236517 16 237029 16 237541 15 238053 17 238566 17 239078 17 239590 18 240102 19 240615 18 241127 19 241639 19 242151 21 242664 21 243176 21 243688 22 244201 21 244713 21 245226 20 245738 20 246251 19 246763 19 247276 18 247789 17 248302 16 248815 14 249329 12 249843 6
472b1c5ff988dadc209faea92499bc07f305208dbda29d16262b3d543ac91c71,111594 3 112106 3 112617 5 113129 5 113141 2 113641 5 113653 2 114153 6 114163 7 114664 19 115176 24 115688 24 116200 24 116712 24 117224 24 117736 24 118248 24 118761 23 119273 23 119785 23 120298 22 120810 22 121323 21 121835 21 122348 19 122861 18 123374 17 123888 14 124402 12 124916 9
472b1c5ff988dadc209faea92499bc07f305208dbda29d16262b3d543ac91c71,107002 4 107513 6 108024 7 108536 8 109047 10 109559 10 110071 10 110583 10 111095 10 111607 10 112119 10 112630 11 113143 10 113655 10 114170 7 114683 5
472b1c5ff988dadc209faea92499bc07f305208dbda29d16262b3d543ac91c71,269813 3 270324 8 270835 9 271346 11 271858 11 272369 13 272881 13 273392 14 273904 14 274416 14 274928 14 275440 15 275952 15 276463 17 276975 18 277487 18 277999 18 278511 1 278528 1 279023 1 279040 1
472b1c5ff988dadc209faea92499bc07f305208dbda29d16262b3d543ac91c71,278512 16 279024 16 279535 18 280047 18 280559 17 281071 17 281583 17 282096 16 282608 16 283120 16 283633 15 284145 15 284658 14 285170 14 285683 13 286197 10 286710 9 287223 8 287736 7 288249 7 288762 6 289274 7 289787 6 290299 6 290811 5 291324 4 291836 3
472b1c5ff988dadc209faea92499bc07f305208dbda29d16262b3d543ac91c71,342011 1 342522 3 343034 3 343546 4 344058 4 344571 2 345083 2 345595 2 346107 2
4be73d68f433869188fe5e7f09c7f681ed51003da6aa5d19ce368726d8e271ee,5124 7 5378 10 5633 13 5889 14 6145 14 6401 15 6657 15 6913 15 7169 15 7425 15 7681 15 7937 15 8193 15 8449 14 8705 14 8961 13 9217 12 9473 11
4be73d68f433869188fe5e7f09c7f681ed51003da6aa5d19ce368726d8e271ee,16641 2 16897 3 17153 3 17409 4 17665 4 17921 4 18177 4 18433 4 18689 3 18945 3 19201 3 19457 3 19713 2 19969 1
4be73d68f433869188fe5e7f09c7f681ed51003da6aa5d19ce368726d8e271ee,58369 2 58625 3 58881 3 59137 4 59393 4 59649 5 59905 6 60161 6 60417 7 60673 7 60929 7 61185 7 61441 8 61697 8 61953 8 62209 7 62465 7 62721 6 62977 6 63233 5 63489 3 63745 2
4be73d68f433869188fe5e7f09c7f681ed51003da6aa5d19ce368726d8e271ee,22795 9 23050 12 23305 14 23560 16 23816 17 24071 19 24327 20 24583 20 24839 21 25095 21 25351 21 25607 21 25863 21 26119 21 26376 20 26632 19 26889 18 27146 16 27404 13 27662 10 27919 8
4be73d68f433869188fe5e7f09c7f681ed51003da6aa5d19ce368726d8e271ee,37143 4 37396 8 37650 11 37905 13 38160 15 38415 16 38670 18 38925 19 39181 20 39436 21 39692 21 39948 22 40204 22 40460 22 40716 23 40972 23 41228 23 41484 23 41740 22 41997 21 42253 20 42510 19 42767 17 43024 15 43281 13 43540 6
4be73d68f433869188fe5e7f09c7f681ed51003da6aa5d19ce368726d8e271ee,13 15 269 14 525 14 782 11 1038 11 1295 9 1552 8 1808 7 2066 4
4be73d68f433869188fe5e7f09c7f681ed51003da6aa5d19ce368726d8e271ee,9750 5 10004 9 10258 12 10513 14 10768 16 11024 16 11279 18 11535 18 11791 18 12046 19 12302 19 12558 19 12814 19 13070 19 13326 18 13582 18 13839 16 14095 16 14352 14 14610 11 14867 8
4be73d68f433869188fe5e7f09c7f681ed51003da6aa5d19ce368726d8e271ee,30501 7 30755 11 31010 13 31265 15 31520 18 31776 18 32031 18 32287 18 32542 18 32798 18 33054 18 33310 18 33566 18 33822 18 34078 18 34335 17 34591 17 34847 17 35104 16 35360 16 35617 15 35874 14 36131 13 36387 13 36645 11 36902 10 37160 9 37418 7
4be73d68f433869188fe5e7f09c7f681ed51003da6aa5d19ce368726d8e271ee,31032 4 31285 10 31539 13 31795 13 32049 16 32305 16 32560 17 32816 17 33072 18 33328 18 33584 18 33840 18 34096 18 34352 18 34608 18 34864 18 35120 17 35376 17 35632 17 35888 16 36144 16 36400 15 36656 14 36912 12 37169 9 37425 5
4be73d68f433869188fe5e7f09c7f681ed51003da6aa5d19ce368726d8e271ee,42796 6 43050 11 43305 13 43560 15 43815 17 44070 18 44326 19 44581 20 44836 21 45091 22 45347 22 45602 23 45858 23 46115 22 46371 22 46628 20 46885 19 47143 16 47399 15 47656 14 47914 11 48172 6
4be73d68f433869188fe5e7f09c7f681ed51003da6aa5d19ce368726d8e271ee,21806 6 22060 11 22314 14 22569 16 22824 18 23080 18 23335 20 23591 20 23847 21 24103 21 24359 21 24615 21 24871 21 25128 19 25384 19 25641 17 25898 16 26156 12 26413 10
4be73d68f433869188fe5e7f09c7f681ed51003da6aa5d19ce368726d8e271ee,50024 7 50279 10 50535 11 50790 12 51046 13 51302 13 51558 13 51814 13 52070 12 52326 12 52582 12 52838 12 53095 12 53351 12 53608 10 53865 9 54124 5
4be73d68f433869188fe5e7f09c7f681ed51003da6aa5d19ce368726d8e271ee,43395 5 43648 11 43903 13 44158 16 44414 16 44669 18 44925 19 45181 19 45436 21 45692 21 45947 23 46203 23 46458 24 46714 24 46971 23 47227 23 47482 23 47739 22 47995 21 48252 20 48509 17 48766 15 49024 10 49282 5
4be73d68f433869188fe5e7f09c7f681ed51003da6aa5d19ce368726d8e271ee,52100 2 52353 4 52608 5 52863 6 53118 7 53373 8 53629 8 53884 9 54140 10 54396 10 54652 10 54908 10 55165 9 55421 9 55678 8 55934 1
4be73d68f433869188fe5e7f09c7f681ed51003da6aa5d19ce368726d8e271ee,55935 8 56190 9 56446 11 56701 12 56957 13 57212 17 57468 17 57724 19 57979 21 58235 21 58491 22 58747 22 59004 21 59260 22 59516 22 59772 22 60029 21 60285 21 60542 20 60798 20 61055 18 61311 18 61568 16 61825 14 62083 11 62341 7 62598 4
4be73d68f433869188fe5e7f09c7f681ed51003da6aa5d19ce368726d8e271ee,51592 6 51846 9 52102 11 52357 13 52613 14 52869 14 53125 15 53381 15 53637 16 53893 16 54150 15 54406 15 54662 15 54918 14 55174 14 55430 13 55686 12 55943 10 56199 4
4be73d68f433869188fe5e7f09c7f681ed51003da6aa5d19ce368726d8e271ee,6046 4 6299 9 6553 12 6808 14 7063 15 7319 16 7574 18 7830 19 8086 19 8342 20 8598 20 8854 20 9110 20 9366 20 9623 19 9879 19 10136 18 10392 17 10649 16 10907 13 11164 11 11424 5
4be73d68f433869188fe5e7f09c7f681ed51003da6aa5d19ce368726d8e271ee,62621 9 62876 11 63130 15 63385 16 63640 18 63896 18 64151 20 64407 20 64663 20 64919 20 65174 21 65430 21
4be73d68f433869188fe5e7f09c7f681ed51003da6aa5d19ce368726d8e271ee,24731 13 24987 13 25242 14 25498 15 25755 14 26011 16 26267 19 26524 19 26780 20 27037 19 27293 20 27550 19 27807 18 28064 17 28320 16 28577 15 28833 14 29091 10 29349 6
4be73d68f433869188fe5e7f09c7f681ed51003da6aa5d19ce368726d8e271ee,19632 3 19888 3 20143 5 20398 8 20652 12 20907 15 21162 17 21417 18 21672 20 21928 21 22183 23 22438 24 22694 25 22949 26 23206 25 23462 25 23720 23 23976 23 24233 22 24489 22 24745 22 25000 24 25256 17 25513 11 25769 11 26027 4 26033 2 26291 1
4be73d68f433869188fe5e7f09c7f681ed51003da6aa5d19ce368726d8e271ee,25273 7 25524 14 25780 16 26035 19 26292 18 26548 20 26805 19 27061 20 27317 21 27573 21 27829 22 28084 23 28339 25 28595 25 28850 26 29106 26 29361 28 29617 27 29873 27 30128 28 30384 28 30640 28 30896 28 31152 28 31408 28 31664 28 31920 28 32176 28 32433 28 32689 28 32946 27 33202 27 33459 26 33716 25 33972 25 34229 24 34485 24 34742 22 34998 22 35254 22 35510 22 35767 20 36023 20 36280 18 36536 18 36793 16 37051 13 37309 5 37317 3
4be73d68f433869188fe5e7f09c7f681ed51003da6aa5d19ce368726d8e271ee,33954 3 34209 6 34463 9 34718 12 34973 14 35228 15 35484 16 35739 17 35995 18 36251 18 36506 19 36762 19 37019 18 37275 18 37531 17 37788 16 38044 15 38301 14 38559 11 38817 8
4be73d68f433869188fe5e7f09c7f681ed51003da6aa5d19ce368726d8e271ee,160 22 416 22 672 22 929 21 1185 20 1442 19 1698 18 1956 15 2213 13 2471 10 2731 5
4be73d68f433869188fe5e7f09c7f681ed51003da6aa5d19ce368726d8e271ee,52148 7 52403 12 52657 16 52912 18 53167 21 53422 24 53678 24 53933 26 54189 26 54445 27 54701 27 54957 27 55213 27 55469 27 55725 27 55981 27 56237 27 56494 25 56750 25 57007 23 57264 22 57521 20 57778 18 58035 16 58292 15 58551 8
4be73d68f433869188fe5e7f09c7f681ed51003da6aa5d19ce368726d8e271ee,3769 9 4023 12 4278 14 4533 16 4787 19 5043 19 5298 21 5553 22 5809 22 6064 23 6320 23 6576 23 6832 23 7088 23 7344 22 7600 22 7857 20 8113 19 8370 17 8628 13 8891 3
4be73d68f433869188fe5e7f09c7f681ed51003da6aa5d19ce368726d8e271ee,39865 10 40120 13 40375 15 40631 17 40886 19 41141 20 41397 21 41652 22 41908 22 42163 23 42419 24 42675 24 42931 24 43187 24 43443 24 43700 24 43956 24 44212 24 44469 23 44725 23 44981 23 45238 1 45494 1
4be73d68f433869188fe5e7f09c7f681ed51003da6aa5d19ce368726d8e271ee,45239 21 45495 21 45750 23 46007 23 46263 24 46519 25 46775 25 47030 27 47286 27 47542 28 47798 28 48054 29 48310 28 48566 27 48823 26 49079 25 49336 24 49592 23 49849 22 50106 21 50363 21 50620 19 50878 16 51136 14 51393 11 51652 8
4be73d68f433869188fe5e7f09c7f681ed51003da6aa5d19ce368726d8e271ee,47578 6 47831 10 48085 13 48339 16 48593 19 48849 19 49104 21 49360 21 49615 23 49871 23 50127 23 50384 22 50640 22 50897 21 51154 20 51412 18 51668 17 51926 15 52184 12 52442 10 52701 3
4be73d68f433869188fe5e7f09c7f681ed51003da6aa5d19ce368726d8e271ee,10938 9 11193 12 11447 15 11702 17 11958 18 12213 19 12469 20 12724 21 12980 22 13236 22 13492 22 13748 22 14005 21 14261 21 14518 20 14774 19 15032 17 15290 13 15549 8
4be73d68f433869188fe5e7f09c7f681ed51003da6aa5d19ce368726d8e271ee,63431 5 63684 10 63939 12 64194 15 64449 16 64705 17 64960 18 65216 19 65471 20
4be73d68f433869188fe5e7f09c7f681ed51003da6aa5d19ce368726d8e271ee,722 8 975 13 1229 17 1485 18 1740 20 1996 21 2251 22 2507 23 2763 23 3019 23 3275 24 3530 25 3786 25 4042 25 4298 24 4554 24 4811 23 5067 22 5323 22 5579 21 5836 19 6092 17 6349 14 6607 10 6864 5
4be73d68f433869188fe5e7f09c7f681ed51003da6aa5d19ce368726d8e271ee,8916 3 9170 9 9425 12 9680 15 9936 16 10191 19 10447 19 10702 20 10958 20 11214 21 11470 21 11726 22 11982 23 12238 24 12494 25 12750 26 13006 30 13263 29 13519 29 13776 28 14033 27 14289 26 14546 25 14803 24 15059 23 15316 22 15573 20 15830 19 16088 15 16345 12 16604 6
4be73d68f433869188fe5e7f09c7f681ed51003da6aa5d19ce368726d8e271ee,6632 5 6887 7 7141 12 7396 13 7651 15 7907 15 8162 16 8418 17 8674 17 8929 18 9185 19 9441 19 9697 19 9954 18 10210 19 10467 18 10722 19 10978 18 11235 17 11491 16 11748 15 12005 2 12008 9 12262 10 12519 5 12776 3
4be73d68f433869188fe5e7f09c7f681ed51003da6aa5d19ce368726d8e271ee,31196 7 31451 10 31706 13 31962 14 32217 15 32473 16 32729 16 32984 18 33240 18 33496 18 33752 18 34009 17 34265 17 34522 16 34778 16 35035 14 35291 14 35549 11 35806 9 36065 4
4be73d68f433869188fe5e7f09c7f681ed51003da6aa5d19ce368726d8e271ee,37607 3 37861 7 38115 12 38369 15 38624 17 38879 18 39134 20 39389 21 39645 21 39900 23 40156 23 40411 23 40667 23 40923 23 41179 23 41435 23 41691 23 41947 23 42204 23 42460 23 42717 23 42973 22 43231 19 43487 18 43745 15 44002 13 44261 8
4be73d68f433869188fe5e7f09c7f681ed51003da6aa5d19ce368726d8e271ee,39415 3 39668 7 39923 9 40179 10 40434 12 40690 12 40946 13 41202 13 41458 13 41714 13 41970 12 42227 11 42483 10 42742 5
4be73d68f433869188fe5e7f09c7f681ed51003da6aa5d19ce368726d8e271ee,229 7 486 6 742 6 999 5 1256 4 1512 5 1770 3
4be73d68f433869188fe5e7f09c7f681ed51003da6aa5d19ce368726d8e271ee,236 11 492 10 748 10 1004 8 1260 7 1517 6 1773 5
4be73d68f433869188fe5e7f09c7f681ed51003da6aa5d19ce368726d8e271ee,31981 1 32236 2 32254 1 32493 8 32510 1 32748 19 33004 19 33260 19 33516 2 33534 1 33790 1
4be73d68f433869188fe5e7f09c7f681ed51003da6aa5d19ce368726d8e271ee,33518 16 33773 17 34029 18 34284 19 34540 19 34796 19 35052 19 35308 18 35564 18 35820 17 36077 16 36333 15 36590 13 36846 12 37103 9 37359 7 37616 4
4be73d68f433869188fe5e7f09c7f681ed51003da6aa5d19ce368726d8e271ee,25068 12 25322 16 25577 19 25832 21 26088 23 26343 25 26599 26 26855 26 27111 26 27367 26 27623 26 27880 25 28136 25 28393 24 28649 24 28905 24 29162 23 29418 23 29675 22 29931 22 30187 22 30443 22 30700 21 30956 21 31213 19 31469 18 31725 18 31982 17 32238 16 32501 9
4be73d68f433869188fe5e7f09c7f681ed51003da6aa5d19ce368726d8e271ee,57078 10 57333 12 57588 13 57843 14 58099 14 58354 15 58610 15 58866 15 59122 15 59378 15 59634 15 59890 15 60146 15 60402 15 60658 15 60914 15 61170 15 61426 15 61683 14 61939 14 62196 13 62453 12 62710 11 62968 7
4be73d68f433869188fe5e7f09c7f681ed51003da6aa5d19ce368726d8e271ee,248 9 503 10 759 10 1016 9 1271 10 1526 11 1781 12 2037 12 2292 13 2548 13 2804 13 3060 13 3316 13 3572 13 3828 13 4085 12 4341 12 4597 12 4854 11 5110 11 5367 10 5625 8 5883 3 6140 1
4be73d68f433869188fe5e7f09c7f681ed51003da6aa5d19ce368726d8e271ee,5886 3 6141 4 6397 4 6649 8 6904 9 7159 10 7414 11 7670 11 7925 12 8181 12 8437 12 8693 12 8949 12 9205 12 9461 12 9718 11 9974 11 10231 10 10487 10 10745 8 11003 6
4be73d68f433869188fe5e7f09c7f681ed51003da6aa5d19ce368726d8e271ee,13818 7 14073 8 14327 10 14583 10 14838 11 15094 11 15349 12 15605 12 15860 13 16117 12 16372 13 16628 13 16884 13 17140 13 17396 13 17653 12 17909 12 18167 10 18425 8 18683 6 18939 6 19196 5 19453 4 19710 3
4f949bd8d914bbfa06f40d6a0e2b5b75c38bf53dbcbafc48c97f105bee4f8fac,2365 8 2756 8 3147 4 3536 5 3927 3 4317 3
4f949bd8d914bbfa06f40d6a0e2b5b75c38bf53dbcbafc48c97f105bee4f8fac,2769 1 3151 4 3158 2 3541 8 3930 9 4320 9 4711 9 5101 9 5492 9 5882 8 5893 1 6273 6 6666 3
4f949bd8d914bbfa06f40d6a0e2b5b75c38bf53dbcbafc48c97f105bee4f8fac,14077 2 14086 2 14465 14 14855 14 15244 16 15634 10 16025 8 16415 5 16806 4 17197 2 17589 1
4f949bd8d914bbfa06f40d6a0e2b5b75c38bf53dbcbafc48c97f105bee4f8fac,5890 3 5903 4 6279 4 6291 6 6669 17 7058 19 7448 19 7838 20 8228 19 8619 19 9009 24 9400 23 9788 26 10177 26 10566 27 10956 26 11345 25 11736 20 12126 18 12517 15 12907 13 13298 11 13689 7 14079 7
4f949bd8d914bbfa06f40d6a0e2b5b75c38bf53dbcbafc48c97f105bee4f8fac,22 37 412 39 802 39 1193 39 1583 39 1974 10 1988 25 2381 21 2770 22 3160 21 3549 22 3939 21 4329 19 4720 17 5110 12 5501 7
4f949bd8d914bbfa06f40d6a0e2b5b75c38bf53dbcbafc48c97f105bee4f8fac,15644 6 16033 9 16420 16 16810 18 17199 19 17590 19 17980 19 18371 17 18761 17 19151 18 19541 18 19931 18 20321 18 20711 18 21102 18 21492 14 21883 10 22274 3 22665 2 23446 1
4f949bd8d914bbfa06f40d6a0e2b5b75c38bf53dbcbafc48c97f105bee4f8fac,30859 1 31248 2 31638 7 32029 13 32419 14 32810 14 33200 14 33592 11 33983 11 34374 10 34764 11 35155 10 35546 7
4f949bd8d914bbfa06f40d6a0e2b5b75c38bf53dbcbafc48c97f105bee4f8fac,21506 11 21893 14 22277 21 22667 21 23056 21 23447 20 23837 19 24228 17 24619 15 25009 15 25397 18 25786 21 26174 23 26564 24 26953 24 27344 23 27734 22 28125 21 28517 18 28909 15 29300 14 29690 14 30080 14 30469 15 30860 13 31250 13 31645 7
4f949bd8d914bbfa06f40d6a0e2b5b75c38bf53dbcbafc48c97f105bee4f8fac,5907 5 6297 5 6686 5 7077 5 7467 5 7858 6
4f949bd8d914bbfa06f40d6a0e2b5b75c38bf53dbcbafc48c97f105bee4f8fac,5912 4 6302 4 6691 6 7082 4 7472 4
4f949bd8d914bbfa06f40d6a0e2b5b75c38bf53dbcbafc48c97f105bee4f8fac,32436 3 32824 4 33214 4 33603 6 33994 5 34384 8 34775 5
4f949bd8d914bbfa06f40d6a0e2b5b75c38bf53dbcbafc48c97f105bee4f8fac,31661 7 32049 9 32439 10 32828 10 33218 10 33609 8 33999 5
4f949bd8d914bbfa06f40d6a0e2b5b75c38bf53dbcbafc48c97f105bee4f8fac,40229 4 40618 7 41008 8 41397 10 41787 11 42176 12 42566 13 42956 13 43346 14 43736 13 44126 13 44517 11 44907 11 45299 8 45692 3
4f949bd8d914bbfa06f40d6a0e2b5b75c38bf53dbcbafc48c97f105bee4f8fac,51148 6 51537 7 51927 8 52316 9 52706 9 53097 7 53487 7 53878 5 54269 4
4f949bd8d914bbfa06f40d6a0e2b5b75c38bf53dbcbafc48c97f105bee4f8fac,45310 6 45700 6 46089 6 46479 6 46870 5 47260 6 47651 5
4f949bd8d914bbfa06f40d6a0e2b5b75c38bf53dbcbafc48c97f105bee4f8fac,45316 8 45706 9 46095 10 46485 11 46875 11 47266 10 47656 10 48047 8 48438 7 48829 4
4f949bd8d914bbfa06f40d6a0e2b5b75c38bf53dbcbafc48c97f105bee4f8fac,49996 3 50382 9 50771 11 51161 11 51550 11 51940 11 52331 11 52721 11 53112 11 53502 11 53893 10
4f949bd8d914bbfa06f40d6a0e2b5b75c38bf53dbcbafc48c97f105bee4f8fac,50394 10 50782 13 51172 13 51561 15 51951 15 52342 13 52732 13 53123 12 53513 12 53905 4 53915 1 54297 1 54305 1
4f949bd8d914bbfa06f40d6a0e2b5b75c38bf53dbcbafc48c97f105bee4f8fac,53909 6 54298 7 54688 8 55077 9 55467 9 55856 9 56246 9 56635 10 57025 9 57415 9 57805 8 58196 6 58586 5
4f949bd8d914bbfa06f40d6a0e2b5b75c38bf53dbcbafc48c97f105bee4f8fac,57407 3 57796 5 58185 7 58575 7 58965 7 59355 7 59746 5 60137 3
4f949bd8d914bbfa06f40d6a0e2b5b75c38bf53dbcbafc48c97f105bee4f8fac,64441 3 64829 7 65219 8 65608 9 65998 10 66387 11 66778 9 67168 9 67559 7
4f949bd8d914bbfa06f40d6a0e2b5b75c38bf53dbcbafc48c97f105bee4f8fac,55482 4 55871 5 56260 7 56649 8 57039 9 57428 10 57818 10 58208 10 58598 9 58987 10 59378 8 59768 7 60159 5
4f949bd8d914bbfa06f40d6a0e2b5b75c38bf53dbcbafc48c97f105bee4f8fac,69139 5 69527 9 69915 11 70304 13 70693 14 71083 15 71472 16 71863 14 72253 14 72644 12 73035 11 73427 7
4f949bd8d914bbfa06f40d6a0e2b5b75c38bf53dbcbafc48c97f105bee4f8fac,57443 4 57831 8 58221 10 58610 12 59000 13 59390 13 59779 15 60169 15 60559 15 60949 16 61339 16 61730 15 62120 15 62510 14 62899 15 63289 15 63678 17 64068 17 64457 19 64848 7 64859 7 65238 6 65250 6 65640 6 66031 4 66421 4
4f949bd8d914bbfa06f40d6a0e2b5b75c38bf53dbcbafc48c97f105bee4f8fac,54728 7 55118 8 55507 10 55897 11 56287 11 56677 12 57068 11 57458 12 57848 12 58238 12 58628 12 59019 10 59409 10 59800 8 60191 4
4f949bd8d914bbfa06f40d6a0e2b5b75c38bf53dbcbafc48c97f105bee4f8fac,62536 7 62925 10 63314 13 63703 16 64093 17 64482 18 64872 19 65262 20 65652 20 66042 21 66433 20 66823 16 66842 1 67224 5 67232 2 67617 1
4f949bd8d914bbfa06f40d6a0e2b5b75c38bf53dbcbafc48c97f105bee4f8fac,66839 3 67229 3 67618 5 68008 5 68397 6 68785 9 69174 13 69562 17 69952 19 70341 20 70731 21 71122 20 71512 20 71903 19 72293 19 72685 16 73077 14 73467 13 73858 12 74250 9 74642 5
4f949bd8d914bbfa06f40d6a0e2b5b75c38bf53dbcbafc48c97f105bee4f8fac,75800 14 76190 15 76579 16 76969 17 77360 16 77750 15 78141 14 78532 12 78923 10 79315 6
4f949bd8d914bbfa06f40d6a0e2b5b75c38bf53dbcbafc48c97f105bee4f8fac,44211 10 44601 10 44990 12 45380 12 45770 11 46161 10 46551 8
4f949bd8d914bbfa06f40d6a0e2b5b75c38bf53dbcbafc48c97f105bee4f8fac,40726 3 41114 6 41503 7 41893 7 42284 6 42675 3
4f949bd8d914bbfa06f40d6a0e2b5b75c38bf53dbcbafc48c97f105bee4f8fac,72317 1 72706 2 73096 1 73485 3 73875 3 74265 4 74655 5 75046 5 75436 3
4f949bd8d914bbfa06f40d6a0e2b5b75c38bf53dbcbafc48c97f105bee4f8fac,68032 3 68422 4 68811 5 69201 6 69592 5 69981 7 70371 7 70761 8 71151 8 71541 8 71929 10 72318 12 72708 12 73097 13 73488 11 73878 11 74269 9 74660 3
4f949bd8d914bbfa06f40d6a0e2b5b75c38bf53dbcbafc48c97f105bee4f8fac,76224 5 76611 9 76999 11 77388 13 77778 13 78167 14 78556 15 78946 16 79335 17 79725 18 80116 17 80506 16 80899 6 80909 3
4f949bd8d914bbfa06f40d6a0e2b5b75c38bf53dbcbafc48c97f105bee4f8fac,64147 6 64535 11 64923 14 65312 15 65702 16 66091 16 66481 16 66871 15 67262 13 67652 12 68044 4
4f949bd8d914bbfa06f40d6a0e2b5b75c38bf53dbcbafc48c97f105bee4f8fac,73530 1 73919 2 74293 19 74682 19 75071 20 75461 19 75850 21 76240 21 76630 21 77020 22 77411 20 77801 20 78193 17 78584 15 78976 11 79369 5
4f949bd8d914bbfa06f40d6a0e2b5b75c38bf53dbcbafc48c97f105bee4f8fac,69230 5 69618 9 70005 15 70393 18 70780 22 71169 23 71559 24 71948 24 72339 23 72729 22 73121 19 73514 16 73904 15
4f949bd8d914bbfa06f40d6a0e2b5b75c38bf53dbcbafc48c97f105bee4f8fac,58310 4 58697 9 59083 15 59473 15 59862 17 60252 16 60642 16 61032 16 61423 14 61813 14 62205 10 62598 5
4f949bd8d914bbfa06f40d6a0e2b5b75c38bf53dbcbafc48c97f105bee4f8fac,62228 8 62614 14 63001 18 63389 20 63779 21 64168 21 64559 20 64949 18 65340 17 65731 16 66122 15 66512 15 66903 13 67293 13 67684 11 68075 7
4f949bd8d914bbfa06f40d6a0e2b5b75c38bf53dbcbafc48c97f105bee4f8fac,55992 7 56381 9 56770 11 57160 12 57549 13 57939 14 58328 15 58718 16 59108 16 59498 16 59889 14 60279 14 60671 11 61063 7
4f949bd8d914bbfa06f40d6a0e2b5b75c38bf53dbcbafc48c97f105bee4f8fac,49370 6 49759 11 50149 13 50538 15 50928 16 51318 16 51709 16 52099 16 52490 15 52880 15 53271 14 53662 12 54053 11 54444 9 54835 7 55227 3
4f949bd8d914bbfa06f40d6a0e2b5b75c38bf53dbcbafc48c97f105bee4f8fac,70042 1 70431 2 70821 4 70829 1 71210 10 71600 10 71990 10 72381 9 72771 8 73162 7 73553 5
4f949bd8d914bbfa06f40d6a0e2b5b75c38bf53dbcbafc48c97f105bee4f8fac,67316 4 67704 7 68093 8 68483 9 68872 9 69262 9 69652 9 70043 7 70433 7 70825 4
4f949bd8d914bbfa06f40d6a0e2b5b75c38bf53dbcbafc48c97f105bee4f8fac,43535 4 43924 8 44314 9 44703 11 45093 12 45483 13 45872 15 46262 16 46652 17 47043 17 47433 17 47824 17 48215 17 48606 16 48997 16 49387 15 49778 14 50169 12 50559 12 50950 10 51343 7 51736 3
4f949bd8d914bbfa06f40d6a0e2b5b75c38bf53dbcbafc48c97f105bee4f8fac,56017 7 56406 8 56795 8 57184 9 57573 10 57963 10 58352 11 58742 12 59132 12 59522 14 59912 13 60302 13 60692 12 61083 10 61473 9 61863 4 61871 1 62253 1 62643 1
4f949bd8d914bbfa06f40d6a0e2b5b75c38bf53dbcbafc48c97f105bee4f8fac,61867 4 62254 7 62644 8 63033 9 63424 9 63814 9 64205 8 64595 8 64986 6 65376 6
4f949bd8d914bbfa06f40d6a0e2b5b75c38bf53dbcbafc48c97f105bee4f8fac,55637 4 56024 9 56414 10 56803 12 57193 12 57583 13 57973 13 58363 13 58754 11 59144 11 59540 3
4f949bd8d914bbfa06f40d6a0e2b5b75c38bf53dbcbafc48c97f105bee4f8fac,35360 7 35748 9 36137 11 36527 10 36916 11 37307 9 37697 8 38088 6 38479 4
4f949bd8d914bbfa06f40d6a0e2b5b75c38bf53dbcbafc48c97f105bee4f8fac,63047 5 63437 6 63826 8 64216 8 64606 9 64996 9 65387 7 65777 7 66167 7 66557 6 66948 5 67338 4
4f949bd8d914bbfa06f40d6a0e2b5b75c38bf53dbcbafc48c97f105bee4f8fac,57990 2 58379 4 58386 1 58768 10 59158 10 59547 12 59937 12 60328 11 60718 11 61109 9 61499 9 61890 6
4f949bd8d914bbfa06f40d6a0e2b5b75c38bf53dbcbafc48c97f105bee4f8fac,52922 3 53310 7 53700 8 54089 10 54479 11 54869 11 55259 12 55649 12 56039 13 56430 11 56820 11 57211 8 57601 6 57992 5 58383 3
4f949bd8d914bbfa06f40d6a0e2b5b75c38bf53dbcbafc48c97f105bee4f8fac,48243 2 48631 6 49021 7 49411 7 49801 8 50192 7 50582 7 50973 5
4f949bd8d914bbfa06f40d6a0e2b5b75c38bf53dbcbafc48c97f105bee4f8fac,44352 6 44740 9 45130 9 45519 11 45910 10 46300 9 46691 9 47082 8 47473 8 47864 7 48254 6 48645 5 49036 3
4f949bd8d914bbfa06f40d6a0e2b5b75c38bf53dbcbafc48c97f105bee4f8fac,56053 6 56443 8 56832 10 57223 9 57613 10 58004 9 58395 7 58787 5
4f949bd8d914bbfa06f40d6a0e2b5b75c38bf53dbcbafc48c97f105bee4f8fac,51376 11 51766 12 52155 14 52545 14 52935 15 53325 15 53716 14 54106 13 54497 12 54888 10 55280 6
4f949bd8d914bbfa06f40d6a0e2b5b75c38bf53dbcbafc48c97f105bee4f8fac,44760 5 45149 7 45539 8 45929 8 46319 8 46709 7 47100 4
4f949bd8d914bbfa06f40d6a0e2b5b75c38bf53dbcbafc48c97f105bee4f8fac,36188 5 36577 7 36967 7 37356 4 37364 1 37747 1 37754 1 38137 1
4f949bd8d914bbfa06f40d6a0e2b5b75c38bf53dbcbafc48c97f105bee4f8fac,37360 4 37748 6 38138 7 38527 8 38918 7 39308 7 39699 5 40089 5
4f949bd8d914bbfa06f40d6a0e2b5b75c38bf53dbcbafc48c97f105bee4f8fac,43997 7 44386 7 44775 9 45165 9 45554 12 45944 12 46334 12 46724 11 47114 11 47505 9 47895 9 48286 6
4f949bd8d914bbfa06f40d6a0e2b5b75c38bf53dbcbafc48c97f105bee4f8fac,23719 4 24109 5 24498 8 24889 8 25279 10 25670 9 26061 9 26451 9 26842 9 27232 9 27622 9 28013 7 28403 7 28795 3
4f949bd8d914bbfa06f40d6a0e2b5b75c38bf53dbcbafc48c97f105bee4f8fac,15926 4 16315 6 16705 6 17096 5
4f949bd8d914bbfa06f40d6a0e2b5b75c38bf53dbcbafc48c97f105bee4f8fac,40113 6 40502 7 40891 9 41280 10 41669 11 42058 12 42447 13 42836 13 43225 14 43614 14 44004 14 44393 13 44784 11 45174 10 45568 4
4f949bd8d914bbfa06f40d6a0e2b5b75c38bf53dbcbafc48c97f105bee4f8fac,31136 4 31526 6 31915 9 32305 11 32695 11 33085 12 33476 11 33866 12 34257 11 34647 11 35039 8 35430 7 35821 5
4f949bd8d914bbfa06f40d6a0e2b5b75c38bf53dbcbafc48c97f105bee4f8fac,345 33 734 34 1125 32 1515 32 1905 33 2295 33 2680 39 3066 43 3455 44 3845 44 4234 45 4624 44 5015 43 5405 35 5442 5 5797 32 6189 28 6582 25 6975 21 7369 17 7761 14 8154 3
4f949bd8d914bbfa06f40d6a0e2b5b75c38bf53dbcbafc48c97f105bee4f8fac,8920 8 9307 13 9696 15 10085 17 10475 18 10864 19 11254 20 11644 20 12034 20 12425 19 12815 18 13206 17 13597 15 13988 13 14379 11 14772 6
4f949bd8d914bbfa06f40d6a0e2b5b75c38bf53dbcbafc48c97f105bee4f8fac,22956 5 23345 10 23735 11 24124 13 24514 14 24904 14 25295 14 25685 14 26076 13 26468 11 26863 5 27255 3
4f949bd8d914bbfa06f40d6a0e2b5b75c38bf53dbcbafc48c97f105bee4f8fac,36219 5 36608 7 36998 7 37388 7 37778 7 38169 6 38560 4
4f949bd8d914bbfa06f40d6a0e2b5b75c38bf53dbcbafc48c97f105bee4f8fac,15956 4 16345 6 16733 8 17118 14 17506 16 17896 15 18285 17 18675 17 19065 16 19456 15 19846 14 20237 13 20628 11 21020 8 21410 7 21801 5 22191 3
505bc0a3928d8aef5ce441c5a611fdd32e1e8eccdc15cc3a52b88030acb50f81,165127 4 165627 4 165637 7 166139 18 166650 21 167162 23 167674 24 168186 26 168698 27 169209 29 169721 30 170233 31 170745 31 171257 32 171770 31 172282 32 172795 31 173308 31 173821 30 174334 30 174846 30 175359 29 175871 29 176384 28 176897 26 177410 25 177923 23 178436 21 178950 17 179469 9 179983 6 180497 3
519dc0d672d1c295fc69b629af8721ccb1a1f136d1976685a68487e62547ffe0,57349 9 57604 10 57858 13 58113 14 58369 15 58625 15 58881 15 59137 15 59393 14 59649 14 59905 13 60161 11 60417 9 60673 7 60931 4
519dc0d672d1c295fc69b629af8721ccb1a1f136d1976685a68487e62547ffe0,33040 3 33294 8 33550 9 33805 10 34061 11 34317 11 34574 9 34830 9 35087 6
519dc0d672d1c295fc69b629af8721ccb1a1f136d1976685a68487e62547ffe0,25656 4 25910 7 26166 8 26421 10 26677 10 26933 11 27189 11 27445 11 27702 10 27958 9 28215 8 28472 6
519dc0d672d1c295fc69b629af8721ccb1a1f136d1976685a68487e62547ffe0,29037 7 29291 12 29547 13 29802 15 30058 16 30314 16 30570 17 30827 16 31083 16 31340 14 31597 13 31855 10 32113 6
519dc0d672d1c295fc69b629af8721ccb1a1f136d1976685a68487e62547ffe0,62063 9 62317 13 62572 15 62827 16 63083 17 63338 18 63595 16 63851 16 64108 14 64365 12 64625 5
519dc0d672d1c295fc69b629af8721ccb1a1f136d1976685a68487e62547ffe0,51836 7 52090 10 52344 13 52599 14 52855 15 53110 16 53366 16 53622 15 53879 14 54135 13 54392 11 54649 8
519dc0d672d1c295fc69b629af8721ccb1a1f136d1976685a68487e62547ffe0,18299 5 18553 7 18808 7 19064 7 19319 8 19576 7 19832 6 20088 6 20345 5 20601 5 20858 5 21115 4
519dc0d672d1c295fc69b629af8721ccb1a1f136d1976685a68487e62547ffe0,18304 3 18560 6 18815 8 19071 9 19327 10 19583 10 19838 12 20094 12 20350 11 20606 11 20863 9 21119 7
519dc0d672d1c295fc69b629af8721ccb1a1f136d1976685a68487e62547ffe0,42370 11 42625 15 42880 18 43135 21 43391 22 43646 23 43902 24 44159 23 44415 23 44672 22 44929 20 45186 19 45443 16 45701 12 45960 5
519dc0d672d1c295fc69b629af8721ccb1a1f136d1976685a68487e62547ffe0,4522 8 4776 11 5031 14 5287 15 5542 17 5798 18 6054 19 6310 20 6566 20 6822 21 7079 20 7335 21 7592 19 7849 18 8105 18 8363 16 8620 16 8877 14 9136 11 9398 4
519dc0d672d1c295fc69b629af8721ccb1a1f136d1976685a68487e62547ffe0,64467 1 64721 3 64976 4 65232 4 65488 4
519dc0d672d1c295fc69b629af8721ccb1a1f136d1976685a68487e62547ffe0,64468 4 64724 9 64980 10 65236 11 65492 11
51c70bb8a299943b27f8b354571272692d8f2705036a1a9562156c76da5f025b,62724 5 62978 8 63233 11 63489 12 63745 12 64001 13 64257 13 64514 11 64772 9 65029 7 65286 5
51c70bb8a299943b27f8b354571272692d8f2705036a1a9562156c76da5f025b,64529 5 64783 9 65039 10 65294 11
51c70bb8a299943b27f8b354571272692d8f2705036a1a9562156c76da5f025b,40386 7 40641 9 40896 10 41151 12 41407 12 41662 13 41918 13 42174 12 42431 11 42687 10 42944 7 43201 5
51c70bb8a299943b27f8b354571272692d8f2705036a1a9562156c76da5f025b,26879 2 27133 4 27387 6 27643 6 27898 7 28154 7 28410 7 28666 7 28922 7 29179 6 29436 5
52b267e20519174e3ce1e1994b5d677804b16bc670aa5f6ffb6344a0fdf63fde,3905 4 4163 7 4422 9 4682 10 4941 12 5201 12 5461 13 5721 13 5981 14 6241 7 6501 6 6761 1 7021 1
52b267e20519174e3ce1e1994b5d677804b16bc670aa5f6ffb6344a0fdf63fde,6248 7 6507 9 6762 14 7022 15 7281 16 7542 15 7802 15 8063 15 8323 13 8584 11 8845 10 9106 8 9369 6 9634 1
52b267e20519174e3ce1e1994b5d677804b16bc670aa5f6ffb6344a0fdf63fde,7305 4 7563 8 7821 10 8080 12 8336 16 8595 18 8855 18 9114 19 9375 18 9635 17 9896 16 10155 17 10414 18 10672 19 10931 20 11189 21 11448 21 11706 22 11965 21 12224 19 12484 15 12743 14 13004 11 13264 9
52b267e20519174e3ce1e1994b5d677804b16bc670aa5f6ffb6344a0fdf63fde,18981 8 19241 10 19501 11 19761 11 20021 12 20281 12 20541 12 20801 12 21061 11 21321 11 21581 10 21841 8 22101 6
52b267e20519174e3ce1e1994b5d677804b16bc670aa5f6ffb6344a0fdf63fde,27301 3 27561 4 27821 5 28081 6 28341 6 28601 7 28861 7 29121 7 29381 8 29641 8 29901 8 30161 8 30421 8 30681 7 30941 7 31201 7 31461 6 31721 6 31981 5 32241 5 32501 4 32761 2
52b267e20519174e3ce1e1994b5d677804b16bc670aa5f6ffb6344a0fdf63fde,59022 5 59282 4 59541 6 59801 6 60061 7 60321 9 60581 8 60841 7 61101 5 61361 3 61621 2
52b267e20519174e3ce1e1994b5d677804b16bc670aa5f6ffb6344a0fdf63fde,52010 6 52269 8 52529 9 52788 11 53048 12 53307 14 53567 16 53827 18 54087 20 54347 23 54607 24 54867 25 55127 23 55387 23 55647 22 55907 22 56167 22 56428 7 56442 3 56688 2 56949 1
52b267e20519174e3ce1e1994b5d677804b16bc670aa5f6ffb6344a0fdf63fde,56435 7 56690 13 56950 13 57209 15 57469 16 57729 14 57989 14 58249 13 58508 14 58767 14 59027 14 59286 14 59547 13 59807 11 59819 2 60068 4
52b267e20519174e3ce1e1994b5d677804b16bc670aa5f6ffb6344a0fdf63fde,57743 4 58003 5 58262 7 58522 13 58781 16 59041 17 59300 19 59560 19 59821 19 60081 19 60342 19 60602 19 60863 18 61123 17 61384 16 61645 14 61907 11 62170 4
52b267e20519174e3ce1e1994b5d677804b16bc670aa5f6ffb6344a0fdf63fde,55150 4 55410 6 55669 6 55929 7 56189 7 56450 7 56710 10 56971 7
52b267e20519174e3ce1e1994b5d677804b16bc670aa5f6ffb6344a0fdf63fde,54640 1 54898 2 55156 4 55416 5 55675 6 55936 6 56196 8 56457 5
52b267e20519174e3ce1e1994b5d677804b16bc670aa5f6ffb6344a0fdf63fde,53865 4 54123 6 54381 9 54641 9 54900 9 55160 9 55421 7 55681 6 55942 3
52b267e20519174e3ce1e1994b5d677804b16bc670aa5f6ffb6344a0fdf63fde,63962 6 64221 8 64481 9 64741 9 65001 10 65261 10 65521 10 65781 10 66041 9 66301 9 66562 6
52b267e20519174e3ce1e1994b5d677804b16bc670aa5f6ffb6344a0fdf63fde,78522 6 78781 9 79041 10 79301 11 79561 11 79821 12 80081 12 80341 11 80601 11 80861 10 81122 7
52b267e20519174e3ce1e1994b5d677804b16bc670aa5f6ffb6344a0fdf63fde,81396 5 81654 13 81913 15 82172 16 82431 18 82690 18 82950 18 83209 18 83469 17 83729 16 83989 14 84250 12 84510 11 84771 8 85034 3
52b267e20519174e3ce1e1994b5d677804b16bc670aa5f6ffb6344a0fdf63fde,22898 4 23156 7 23415 8 23675 9 23934 10 24194 10 24454 9 24713 10 24973 10 25233 10 25492 11 25752 11 26012 11 26273 9 26533 9 26794 7 27057 3
52b267e20519174e3ce1e1994b5d677804b16bc670aa5f6ffb6344a0fdf63fde,40586 1 41105 2 41364 3 41624 6 41883 8 42143 13 42402 14 42662 14 42922 15 43182 15 43442 15 43703 15 43963 15 44224 11 44488 6 44749 4 45010 3 45271 1
52b267e20519174e3ce1e1994b5d677804b16bc670aa5f6ffb6344a0fdf63fde,39034 7 39291 11 39549 13 39808 15 40068 15 40327 15 40587 15 40846 15 41107 13 41367 12 41630 8 41891 6
52b267e20519174e3ce1e1994b5d677804b16bc670aa5f6ffb6344a0fdf63fde,44235 4 44494 6 44753 8 45013 9 45272 11 45532 12 45793 11 46053 12 46314 11 46574 11 46835 10 47095 9 47356 8 47617 5
52b267e20519174e3ce1e1994b5d677804b16bc670aa5f6ffb6344a0fdf63fde,74387 1 74646 1 74905 3 75165 3 75424 7 75684 7 75944 7 76203 8 76463 7 76723 7 76984 6 77244 5 77505 4 77765 3
52b267e20519174e3ce1e1994b5d677804b16bc670aa5f6ffb6344a0fdf63fde,73091 1 73350 1 73609 2 73869 3 74128 4 74388 7 74647 7 74908 5 75168 4
52b267e20519174e3ce1e1994b5d677804b16bc670aa5f6ffb6344a0fdf63fde,72574 5 72832 7 73092 8 73351 8 73611 8 73872 6 74132 5
52b267e20519174e3ce1e1994b5d677804b16bc670aa5f6ffb6344a0fdf63fde,84008 2 84267 2 84527 3 84786 4 85046 5 85307 7 85567 5
52b267e20519174e3ce1e1994b5d677804b16bc670aa5f6ffb6344a0fdf63fde,82201 6 82458 11 82717 13 82975 16 83234 18 83492 20 83750 23 84010 23 84269 24 84530 23 84790 23 85051 22 85318 15 85579 14 85839 13 86099 13 86359 13 86619 12 86879 12 87140 10 87400 9 87661 8 87922 5
52b267e20519174e3ce1e1994b5d677804b16bc670aa5f6ffb6344a0fdf63fde,48654 7 48911 17 49170 19 49429 21 49689 21 49948 23 50208 23 50468 23 50729 22 50989 21 51251 19 51513 16 51775 13 52038 9 52302 3
52b267e20519174e3ce1e1994b5d677804b16bc670aa5f6ffb6344a0fdf63fde,21360 9 21619 15 21879 16 22138 17 22398 18 22658 17 22918 17 23178 16 23439 13 23699 10 23961 7
52b267e20519174e3ce1e1994b5d677804b16bc670aa5f6ffb6344a0fdf63fde,35414 1 35672 3 35930 4 36189 5 36448 7 36708 7 36967 9 37228 10 37488 6
52b267e20519174e3ce1e1994b5d677804b16bc670aa5f6ffb6344a0fdf63fde,35156 4 35415 4 35675 4 35934 6 36194 6 36455 6 36715 8 36976 5
52b267e20519174e3ce1e1994b5d677804b16bc670aa5f6ffb6344a0fdf63fde,34644 4 34900 8 35160 9 35419 10 35679 9 35940 8 36200 7 36461 4
52b267e20519174e3ce1e1994b5d677804b16bc670aa5f6ffb6344a0fdf63fde,43476 1 43735 2 43994 2 44253 3 44512 4 44771 6 45030 7 45290 8 45549 9 45809 10 46069 10 46330 10 46590 7
52b267e20519174e3ce1e1994b5d677804b16bc670aa5f6ffb6344a0fdf63fde,43218 7 43477 9 43737 9 43996 11 44256 11 44516 11 44777 10 45037 9 45298 8 45558 7 45819 5 46079 3
52b267e20519174e3ce1e1994b5d677804b16bc670aa5f6ffb6344a0fdf63fde,67918 2 68177 2 68436 3 68696 4 68955 5 69215 8 69475 7 69736 5 69996 3
52b267e20519174e3ce1e1994b5d677804b16bc670aa5f6ffb6344a0fdf63fde,67401 2 67660 2 67920 3 68179 4 68439 5 68700 6 68960 5
52b267e20519174e3ce1e1994b5d677804b16bc670aa5f6ffb6344a0fdf63fde,66625 2 66884 2 67143 4 67403 4 67662 6 67923 6 68183 5 68444 3
52b267e20519174e3ce1e1994b5d677804b16bc670aa5f6ffb6344a0fdf63fde,65591 4 65849 6 66108 8 66367 9 66627 8 66886 9 67147 7 67407 5 67668 3
52b267e20519174e3ce1e1994b5d677804b16bc670aa5f6ffb6344a0fdf63fde,12799 3 13057 6 13317 7 13576 9 13836 9 14097 9 14357 9 14618 8 14878 7 15139 6
52b267e20519174e3ce1e1994b5d677804b16bc670aa5f6ffb6344a0fdf63fde,23206 1 23464 2 23723 3 23982 4 24242 4 24501 6 24761 6 25021 7 25280 8 25541 8 25801 8 26062 9 26322 7
52b267e20519174e3ce1e1994b5d677804b16bc670aa5f6ffb6344a0fdf63fde,20096 4 20354 8 20614 9 20630 1 20873 12 20887 4 21133 19 21393 19 21653 21 21912 25 22171 26 22430 27 22689 28 22947 31 23207 31 23466 32 23726 31 23986 31 24246 30 24507 27 24767 24 25028 20 25288 19 25549 16 25809 4 25816 8 26078 4
52b267e20519174e3ce1e1994b5d677804b16bc670aa5f6ffb6344a0fdf63fde,14650 6 14908 9 15166 12 15426 12 15685 14 15945 14 16206 10 16466 9 16728 6 16988 6 17250 3
52b267e20519174e3ce1e1994b5d677804b16bc670aa5f6ffb6344a0fdf63fde,16216 4 16475 16 16734 18 16994 18 17253 20 17513 20 17774 19 18034 18 18294 18 18553 18 18813 18 19072 18 19332 17 19592 17 19852 16 20112 16 20372 15 20631 16 20891 14 21152 11 21412 7 21674 4
52b267e20519174e3ce1e1994b5d677804b16bc670aa5f6ffb6344a0fdf63fde,55715 4 55972 9 56230 11 56489 13 56747 15 57006 15 57266 15 57525 15 57785 15 58045 14 58305 10 58566 9 58826 8 59087 6
52b267e20519174e3ce1e1994b5d677804b16bc670aa5f6ffb6344a0fdf63fde,58315 3 58575 3 58834 6 59094 7 59354 7 59614 8 59873 9 60133 9 60393 9 60653 8 60914 7 61174 5
52b267e20519174e3ce1e1994b5d677804b16bc670aa5f6ffb6344a0fdf63fde,2415 6 2673 9 2932 11 3192 11 3451 11 3711 11 3971 10 4232 10 4492 10 4754 7
52b267e20519174e3ce1e1994b5d677804b16bc670aa5f6ffb6344a0fdf63fde,2428 11 2687 13 2945 15 3203 18 3462 19 3722 18 3981 19 4242 17 4502 15 4764 11 5026 6
52b267e20519174e3ce1e1994b5d677804b16bc670aa5f6ffb6344a0fdf63fde,56509 2 56768 2 57027 3 57286 4 57546 4 57805 5 58065 6 58325 6 58585 6 58844 7 59104 8 59365 7 59625 8
52b267e20519174e3ce1e1994b5d677804b16bc670aa5f6ffb6344a0fdf63fde,55993 4 56251 9 56511 10 56770 11 57030 12 57290 12 57550 12 57810 12 58071 11 58331 10 58591 10 58851 9 59112 6 59372 3
52b267e20519174e3ce1e1994b5d677804b16bc670aa5f6ffb6344a0fdf63fde,77050 7 77308 9 77567 11 77826 12 78086 12 78345 12 78605 12 78865 12 79126 10 79386 10 79647 8 79909 5
52b267e20519174e3ce1e1994b5d677804b16bc670aa5f6ffb6344a0fdf63fde,63009 3 63268 3 63528 3 63787 5 64047 5 64308 7 64568 5
52b267e20519174e3ce1e1994b5d677804b16bc670aa5f6ffb6344a0fdf63fde,60157 3 60416 5 60676 6 60935 7 61195 8 61455 8 61715 9 61975 9 62234 10 62493 12 62752 13 63012 12 63271 13 63531 12 63792 10 64052 8
52b267e20519174e3ce1e1994b5d677804b16bc670aa5f6ffb6344a0fdf63fde,41957 6 42215 9 42474 10 42733 12 42992 13 43252 13 43511 14 43771 14 44030 14 44290 14 44550 13 44810 13 45069 14 45329 13 45589 13 45849 12 46109 11 46369 10 46630 8 46890 7 47151 4
52b267e20519174e3ce1e1994b5d677804b16bc670aa5f6ffb6344a0fdf63fde,5822 6 6079 9 6337 11 6596 11 6855 12 7115 12 7374 13 7634 13 7894 12 8153 13 8414 12 8674 12 8939 7 9202 5 9466 1
52b267e20519174e3ce1e1994b5d677804b16bc670aa5f6ffb6344a0fdf63fde,6088 4 6348 5 6607 7 6867 8 7127 9 7387 9 7647 10 7906 11 8166 11 8426 10 8686 10 8946 9 9207 8 9467 6
52b267e20519174e3ce1e1994b5d677804b16bc670aa5f6ffb6344a0fdf63fde,28186 6 28443 11 28701 14 28959 16 29217 19 29477 19 29736 20 29996 21 30257 21 30517 21 30777 22 31037 22 31296 23 31556 23 31815 23 32075 23 32335 22 32595 21 32856 19 33116 17 33377 15 33638 13 33900 8
52b267e20519174e3ce1e1994b5d677804b16bc670aa5f6ffb6344a0fdf63fde,50295 10 50554 14 50814 16 51073 18 51333 18 51592 20 51852 20 52112 19 52372 19 52632 18 52892 17 53153 15 53413 14 53673 13 53933 12 54193 12 54453 11 54713 11 54973 10 55233 10 55493 10 55754 8 56014 8 56275 6
52b267e20519174e3ce1e1994b5d677804b16bc670aa5f6ffb6344a0fdf63fde,36514 1 36773 2 37033 8 37293 17 37553 16 37813 15 38074 13 38334 12 38595 10 38857 5
52b267e20519174e3ce1e1994b5d677804b16bc670aa5f6ffb6344a0fdf63fde,33664 7 33921 12 34180 13 34439 15 34698 16 34957 17 35216 18 35476 18 35735 19 35995 18 36254 19 36515 17 36775 17 37041 10
52b267e20519174e3ce1e1994b5d677804b16bc670aa5f6ffb6344a0fdf63fde,69545 7 69803 10 70063 10 70322 12 70582 11 70842 11 71103 9 71363 8 71624 5
52b267e20519174e3ce1e1994b5d677804b16bc670aa5f6ffb6344a0fdf63fde,14693 5 14951 8 15209 11 15468 13 15727 15 15986 17 16246 18 16505 20 16765 20 17026 20 17286 20 17547 19 17807 18 18068 17 18328 16 18589 12 18850 8 19113 3
52b267e20519174e3ce1e1994b5d677804b16bc670aa5f6ffb6344a0fdf63fde,78651 3 78909 6 79168 7 79428 7 79688 7 79948 6 80208 5 80468 4
52b267e20519174e3ce1e1994b5d677804b16bc670aa5f6ffb6344a0fdf63fde,86450 3 86708 8 86968 15 87227 16 87487 17 87746 18 88006 19 88266 20 88527 19 88787 19 89048 18 89073 4 89309 18 89332 5 89568 19 89592 11 89828 35 90087 19 90108 16
52b267e20519174e3ce1e1994b5d677804b16bc670aa5f6ffb6344a0fdf63fde,88027 1 88286 2 88546 6 88806 7 89066 7 89327 5 89587 5
52b267e20519174e3ce1e1994b5d677804b16bc670aa5f6ffb6344a0fdf63fde,84391 4 84649 7 84908 9 85166 11 85425 13 85684 14 85943 15 86203 15 86462 15 86723 14 86983 13 87246 8 87507 6 87767 6 88028 4 88288 4
52b267e20519174e3ce1e1994b5d677804b16bc670aa5f6ffb6344a0fdf63fde,38874 4 39132 7 39391 9 39650 10 39910 11 40169 12 40429 11 40689 11 40950 9 41210 9 41471 7
52b267e20519174e3ce1e1994b5d677804b16bc670aa5f6ffb6344a0fdf63fde,54739 3 54997 8 55256 10 55515 12 55775 12 56034 13 56294 12 56553 13 56813 12 57073 12 57333 13 57593 13 57853 11 58113 10 58372 9 58632 8 58893 5 59153 4
52b267e20519174e3ce1e1994b5d677804b16bc670aa5f6ffb6344a0fdf63fde,54236 7 54495 9 54753 11 55012 13 55271 14 55529 16 55787 18 56047 18 56306 19 56566 18 56825 19 57085 18 57346 17 57606 16 57868 13 58129 12 58391 9 58652 6
52b267e20519174e3ce1e1994b5d677804b16bc670aa5f6ffb6344a0fdf63fde,59936 4 60195 5 60455 6 60715 6 60975 6 61235 6 61495 6 61755 5 62016 3
52b267e20519174e3ce1e1994b5d677804b16bc670aa5f6ffb6344a0fdf63fde,63836 5 64095 7 64354 9 64614 9 64873 11 65133 11 65393 10 65653 10 65913 10 66173 9 66434 8 66694 7 66956 4
52b267e20519174e3ce1e1994b5d677804b16bc670aa5f6ffb6344a0fdf63fde,69044 11 69303 12 69563 13 69822 14 70082 14 70341 15 70600 15 70860 15 71119 15 71379 11 71391 4 71639 11 71651 4 71899 17 72159 17 72419 17 72679 16 72939 15 73197 17 73456 18 73716 19 73975 21 74236 11 74496 5 74757 4 75018 2 75280 1
52b267e20519174e3ce1e1994b5d677804b16bc670aa5f6ffb6344a0fdf63fde,74247 10 74501 16 74761 17 75020 18 75281 17 75541 18 75802 19 76062 17 76322 17 76583 15 76843 16 77105 14 77366 12 77626 10 77886 9 78147 7 78407 8 78668 6 78930 4
52b267e20519174e3ce1e1994b5d677804b16bc670aa5f6ffb6344a0fdf63fde,69059 3 69317 7 69577 9 69589 1 69836 14 70096 13 70357 12 70615 15 70875 15 71134 17 71395 17 71655 15 71916 12 72178 9 72440 4
52b267e20519174e3ce1e1994b5d677804b16bc670aa5f6ffb6344a0fdf63fde,76079 5 76339 3 76598 4 76859 2 77119 2
52b267e20519174e3ce1e1994b5d677804b16bc670aa5f6ffb6344a0fdf63fde,68813 6 69072 10 69331 12 69590 13 69850 14 70109 15 70369 14 70630 13 70890 7 71151 3
52b267e20519174e3ce1e1994b5d677804b16bc670aa5f6ffb6344a0fdf63fde,33173 7 33431 12 33689 14 33948 15 34208 14 34467 15 34727 15 34987 15 35247 15 35507 15 35767 15 36028 15 36288 5 36301 2 36551 2
52b267e20519174e3ce1e1994b5d677804b16bc670aa5f6ffb6344a0fdf63fde,36293 8 36553 8 36812 10 37072 11 37330 13 37588 16 37846 18 38106 18 38365 19 38625 19 38885 19 39146 17 39406 17 39667 15 39928 12 40189 9 40452 3
52b267e20519174e3ce1e1994b5d677804b16bc670aa5f6ffb6344a0fdf63fde,32670 7 32929 9 33188 10 33447 12 33703 16 33963 16 34222 17 34482 16 34742 16 35002 16 35262 16 35522 16 35782 16 36043 15 36303 15 36566 12 36826 11 37087 10 37348 8 37609 6
52b267e20519174e3ce1e1994b5d677804b16bc670aa5f6ffb6344a0fdf63fde,80487 5 80747 3 81006 3 81266 3 81526 2 81787 1 82047 2 82308 1
52b267e20519174e3ce1e1994b5d677804b16bc670aa5f6ffb6344a0fdf63fde,80750 6 81009 8 81269 8 81528 10 81788 9 82049 8 82309 7
52b267e20519174e3ce1e1994b5d677804b16bc670aa5f6ffb6344a0fdf63fde,22775 7 23033 15 23292 18 23552 18 23811 20 24071 20 24330 20 24590 20 24849 20 25109 20 25369 21 25629 19 25888 20 26149 18 26409 18 26669 18 26929 18 27190 16 27450 16 27711 9 27723 3 27973 5 27984 2 28245 2
52b267e20519174e3ce1e1994b5d677804b16bc670aa5f6ffb6344a0fdf63fde,25648 3 25908 5 26167 6 26427 7 26687 7 26947 8 27206 9 27466 9 27726 9 27986 9 28247 7 28507 7 28769 3
52b267e20519174e3ce1e1994b5d677804b16bc670aa5f6ffb6344a0fdf63fde,60995 7 61253 9 61512 9 61771 10 62030 11 62290 12 62549 13 62809 15 63069 12 63330 9 63590 6
52b267e20519174e3ce1e1994b5d677804b16bc670aa5f6ffb6344a0fdf63fde,59708 5 59967 7 60226 9 60485 11 60744 13 61002 15 61262 16 61521 17 61781 17 62041 17 62302 16 62562 10 62827 2 63087 2
52b267e20519174e3ce1e1994b5d677804b16bc670aa5f6ffb6344a0fdf63fde,62572 8 62829 11 63089 10 63348 11 63608 11 63868 11 64129 10 64389 10 64650 10 64910 10 65171 6
52b267e20519174e3ce1e1994b5d677804b16bc670aa5f6ffb6344a0fdf63fde,62580 8 62840 11 63099 13 63359 14 63619 14 63879 15 64139 15 64399 15 64660 14 64920 14 65182 11 65443 10 65704 8
52b267e20519174e3ce1e1994b5d677804b16bc670aa5f6ffb6344a0fdf63fde,66454 4 66714 4 66973 5 67233 5 67493 5 67754 3 68015 2 68275 2
52b267e20519174e3ce1e1994b5d677804b16bc670aa5f6ffb6344a0fdf63fde,45923 7 46181 9 46440 11 46700 11 46959 12 47218 13 47478 13 47737 13 47997 13 48256 13 48516 12 48776 10 49037 8 49297 6
52b267e20519174e3ce1e1994b5d677804b16bc670aa5f6ffb6344a0fdf63fde,76342 5 76602 5 76861 7 77121 7 77382 5 77641 6 77900 8 78158 10 78418 10 78677 11 78937 10 79197 10 79458 8 79718 5
52b267e20519174e3ce1e1994b5d677804b16bc670aa5f6ffb6344a0fdf63fde,20703 5 20962 7 21221 8 21481 8 21742 7 22002 6 22263 4 22782 4
52b267e20519174e3ce1e1994b5d677804b16bc670aa5f6ffb6344a0fdf63fde,40208 9 40466 13 40723 18 40982 19 41241 21 41501 21 41760 22 42020 22 42280 22 42540 21 42801 20 43061 19 43323 15
52b267e20519174e3ce1e1994b5d677804b16bc670aa5f6ffb6344a0fdf63fde,84928 6 85187 8 85446 10 85705 11 85964 13 86223 14 86482 15 86742 15 87001 16 87261 16 87520 16 87780 16 88040 15 88301 13 88561 12 88822 9 89084 5
52b267e20519174e3ce1e1994b5d677804b16bc670aa5f6ffb6344a0fdf63fde,16290 6 16550 8 16809 9 17069 10 17329 10 17588 12 17848 12 18109 11 18369 1 18379 1 18629 1 18639 1
52b267e20519174e3ce1e1994b5d677804b16bc670aa5f6ffb6344a0fdf63fde,18370 9 18630 9 18889 11 19149 11 19409 11 19669 11 19929 10 20190 9 20450 8 20711 5
52b267e20519174e3ce1e1994b5d677804b16bc670aa5f6ffb6344a0fdf63fde,89358 2 89612 12 89871 14 90131 14
52b267e20519174e3ce1e1994b5d677804b16bc670aa5f6ffb6344a0fdf63fde,50614 4 50872 9 51132 9 51391 11 51651 11 51911 11 52170 12 52430 12 52690 11 52950 11 53211 9 53471 8
52b267e20519174e3ce1e1994b5d677804b16bc670aa5f6ffb6344a0fdf63fde,10318 9 10575 15 10834 17 11093 19 11353 19 11612 21 11872 21 12132 21 12392 20 12653 19 12913 19 13174 18 13435 17 13698 14 13960 12 14220 12 14481 10 14741 10 15002 7
52b267e20519174e3ce1e1994b5d677804b16bc670aa5f6ffb6344a0fdf63fde,65177 3 65181 1 65698 3 65957 4 66217 5 66477 4 66737 4 66997 3 67257 2
52b267e20519174e3ce1e1994b5d677804b16bc670aa5f6ffb6344a0fdf63fde,76878 7 77137 9 77397 9 77656 11 77916 11 78175 12 78435 12 78695 12 78955 13 79216 12 79476 12 79736 12 79997 11 80257 10 80517 10 80778 9 81038 9 81299 6 81562 3
52b267e20519174e3ce1e1994b5d677804b16bc670aa5f6ffb6344a0fdf63fde,81305 10 81565 12 81824 14 82084 15 82343 16 82603 17 82862 18 83122 19 83382 19 83642 19 83903 18 84163 18 84425 16 84686 15 84947 13 85208 12 85470 9 85732 5
52b267e20519174e3ce1e1994b5d677804b16bc670aa5f6ffb6344a0fdf63fde,27490 6 27749 8 28007 11 28266 13 28526 13 28785 15 29044 16 29304 16 29563 17 29823 17 30083 16 30343 16 30604 14 30864 12 31127 4
52b267e20519174e3ce1e1994b5d677804b16bc670aa5f6ffb6344a0fdf63fde,43871 4 44128 9 44388 9 44647 11 44907 11 45166 12 45426 12 45685 13 45945 13 46204 14 46464 14 46724 13 46983 14 47243 14 47503 14 47763 13 48024 12 48284 12 48544 11 48805 10 49065 9 49326 7 49586 6
52b267e20519174e3ce1e1994b5d677804b16bc670aa5f6ffb6344a0fdf63fde,33470 3 33728 7 33986 9 34245 11 34505 11 34764 11 35024 11 35284 10 35544 10 35804 10 36065 9 36325 8 36586 7 36848 4
52b267e20519174e3ce1e1994b5d677804b16bc670aa5f6ffb6344a0fdf63fde,67532 5 67791 7 68051 7 68310 9 68570 9 68831 8 69091 8 69352 6 69613 5
52b267e20519174e3ce1e1994b5d677804b16bc670aa5f6ffb6344a0fdf63fde,71440 5 71699 7 71958 9 72218 9 72477 11 72737 11 72997 5 73257 1 73268 1 73517 1
52b267e20519174e3ce1e1994b5d677804b16bc670aa5f6ffb6344a0fdf63fde,73002 6 73258 10 73518 11 73777 12 74037 12 74297 12 74558 11 74818 11 75078 11 75338 10 75598 10 75858 10 76118 10 76378 9 76639 8 76899 7 77160 5
52b267e20519174e3ce1e1994b5d677804b16bc670aa5f6ffb6344a0fdf63fde,54283 3 54542 3 54800 5 55059 7 55319 7 55578 9 55838 9 56098 11 56359 7 56619 5
52b267e20519174e3ce1e1994b5d677804b16bc670aa5f6ffb6344a0fdf63fde,53770 8 54026 12 54286 13 54545 13 54805 13 55066 11 55326 10 55587 7 55847 4
52b267e20519174e3ce1e1994b5d677804b16bc670aa5f6ffb6344a0fdf63fde,44667 4 44925 8 45184 9 45444 10 45703 11 45963 12 46223 16 46483 16 46743 17 47003 17 47263 16 47523 16 47783 14 48042 14 48301 14 48561 14 48820 14 49080 13 49339 14 49599 13 49859 12 50120 9 50380 6
52b267e20519174e3ce1e1994b5d677804b16bc670aa5f6ffb6344a0fdf63fde,205 17 465 18 726 16 986 16 1246 16 1506 15 1766 15 2026 15 2286 15 2546 16 2806 16 3067 15 3327 16 3588 15 3849 14 4109 13 4370 12 4631 10 4892 8
52b267e20519174e3ce1e1994b5d677804b16bc670aa5f6ffb6344a0fdf63fde,40768 3 41027 6 41287 7 41547 7 41807 7 42067 6 42329 1
52b267e20519174e3ce1e1994b5d677804b16bc670aa5f6ffb6344a0fdf63fde,63656 6 63916 7 64175 9 64435 10 64696 9 64956 10 65215 11 65475 12 65733 14 65990 17 66249 18 66508 19 66767 20 67027 19 67286 20 67547 18 67807 17 68072 12 68333 10 68594 9 68856 6
52b267e20519174e3ce1e1994b5d677804b16bc670aa5f6ffb6344a0fdf63fde,34801 8 35059 11 35312 18 35570 21 35829 22 36089 22 36348 23 36608 22 36867 23 37127 22 37387 20 37647 19 37908 16 38168 15 38429 13 38690 10 38951 7
52b267e20519174e3ce1e1994b5d677804b16bc670aa5f6ffb6344a0fdf63fde,55851 2 56372 5 56631 6 56891 6 57150 6 57411 5 57671 4
52b267e20519174e3ce1e1994b5d677804b16bc670aa5f6ffb6344a0fdf63fde,83675 6 83934 8 84193 10 84452 12 84712 13 84971 15 85231 16 85491 16 85751 17 86011 17 86272 16 86532 16 86792 15 87053 14 87313 13 87574 11 87835 6 88096 5
52b267e20519174e3ce1e1994b5d677804b16bc670aa5f6ffb6344a0fdf63fde,87841 3 88101 3 88360 6 88620 8 88879 10 89137 13 89396 14 89656 15 89915 16 90175 16
52b267e20519174e3ce1e1994b5d677804b16bc670aa5f6ffb6344a0fdf63fde,12181 5 12439 8 12698 9 12958 10 13217 13 13477 16 13736 18 13996 18 14256 19 14516 19 14776 18 15037 17 15297 16 15559 14 15821 11 16082 10 16342 9 16603 7 16864 5
52b267e20519174e3ce1e1994b5d677804b16bc670aa5f6ffb6344a0fdf63fde,25443 6 25701 9 25959 11 26218 13 26478 13 26737 14 26998 13 27258 12 27519 11 27779 10 28041 6
52b267e20519174e3ce1e1994b5d677804b16bc670aa5f6ffb6344a0fdf63fde,52489 6 52748 7 53007 8 53266 8 53526 8 53785 9 54044 10 54303 11 54562 12 54822 13 55081 14 55341 14 55601 12 55862 10 56122 8
52b267e20519174e3ce1e1994b5d677804b16bc670aa5f6ffb6344a0fdf63fde,52501 4 52755 11 53015 11 53274 13 53534 13 53794 14 54054 14 54314 13 54574 13 54835 10 55095 3
52b267e20519174e3ce1e1994b5d677804b16bc670aa5f6ffb6344a0fdf63fde,66796 6 67054 8 67313 10 67572 11 67831 12 68089 14 68348 14 68608 14 68867 14 69127 14 69386 14 69646 13 69906 12 70165 12 70425 12 70684 12 70944 12 71203 12 71463 12 71724 10 71984 10 72245 7
52b267e20519174e3ce1e1994b5d677804b16bc670aa5f6ffb6344a0fdf63fde,231 16 491 16 751 15 1013 12
52b267e20519174e3ce1e1994b5d677804b16bc670aa5f6ffb6344a0fdf63fde,56396 6 56654 9 56913 12 57173 14 57432 16 57692 15 57952 15 58212 14 58473 12 58733 12 58994 10 59256 8 59518 7 59784 1
52b267e20519174e3ce1e1994b5d677804b16bc670aa5f6ffb6344a0fdf63fde,57707 3 57967 6 58226 8 58485 11 58745 9 59004 10 59264 9 59525 7 59785 7 60046 5 60307 4 60569 3
52b267e20519174e3ce1e1994b5d677804b16bc670aa5f6ffb6344a0fdf63fde,58754 3 59014 6 59273 8 59532 9 59792 9 60051 10 60311 10 60572 9 60832 9 61093 8 61354 7 61617 3
52b267e20519174e3ce1e1994b5d677804b16bc670aa5f6ffb6344a0fdf63fde,46779 5 47038 7 47296 10 47555 12 47815 12 48074 14 48334 14 48595 13 48855 12 49116 11 49379 7
52b267e20519174e3ce1e1994b5d677804b16bc670aa5f6ffb6344a0fdf63fde,11161 4 11419 10 11679 9 11938 10 12199 8 12459 8 12720 6 12981 5 13243 3 13504 3
52b267e20519174e3ce1e1994b5d677804b16bc670aa5f6ffb6344a0fdf63fde,11688 5 11948 8 12207 12 12467 12 12726 14 12986 14 13246 13 13507 12 13767 10
52b267e20519174e3ce1e1994b5d677804b16bc670aa5f6ffb6344a0fdf63fde,27804 4 28062 7 28320 10 28580 11 28839 12 29099 13 29359 13 29619 13 29878 14 30139 13 30399 13 30660 12 30920 13 31181 11 31442 10 31704 7
52b267e20519174e3ce1e1994b5d677804b16bc670aa5f6ffb6344a0fdf63fde,75121 10 75380 12 75639 14 75899 14 76158 16 76418 16 76678 17 76938 16 77198 16 77458 15 77718 13 77978 12 78239 10 78499 10 78760 8 79020 8 79281 7 79543 5 79808 1
52b267e20519174e3ce1e1994b5d677804b16bc670aa5f6ffb6344a0fdf63fde,77731 9 77990 11 78249 12 78509 12 78768 13 79028 13 79288 13 79548 13 79809 12 80069 12 80330 11 80590 11 80851 10 81112 9 81373 8 81635 6 81898 3
52b267e20519174e3ce1e1994b5d677804b16bc670aa5f6ffb6344a0fdf63fde,17935 6 18191 10 18449 12 18708 13 18968 13 19227 14 19487 14 19747 14 20007 14 20267 14 20527 14 20788 13 21048 13 21309 11
52b267e20519174e3ce1e1994b5d677804b16bc670aa5f6ffb6344a0fdf63fde,36136 5 36394 7 36653 8 36912 9 37171 10 37430 11 37690 11 37949 12 38209 12 38468 13 38728 13 38988 13 39248 13 39508 13 39768 13 40029 12 40289 12 40550 11 40810 11 41072 8 41334 3
52b267e20519174e3ce1e1994b5d677804b16bc670aa5f6ffb6344a0fdf63fde,253 8 513 8 773 8 1034 7 1294 7 1555 6 1815 6 2076 5 2337 4 2598 2
52b267e20519174e3ce1e1994b5d677804b16bc670aa5f6ffb6344a0fdf63fde,6499 2 6756 5 7014 7 7273 8 7533 8 7792 9 8052 9 8312 9 8572 9 8833 8 9093 7 9354 3
52b267e20519174e3ce1e1994b5d677804b16bc670aa5f6ffb6344a0fdf63fde,22097 4 22355 6 22614 7 22873 8 23133 8 23392 9 23652 9 23912 9 24172 1 24432 1
52b267e20519174e3ce1e1994b5d677804b16bc670aa5f6ffb6344a0fdf63fde,24173 8 24433 8 24692 9 24952 9 25212 9 25472 9 25733 8 25993 7 26254 5
52b267e20519174e3ce1e1994b5d677804b16bc670aa5f6ffb6344a0fdf63fde,68378 3 68637 4 68895 6 69155 6 69414 7 69673 8 69933 8 70192 9 70452 9 70713 8 70973 8 71234 3
52b267e20519174e3ce1e1994b5d677804b16bc670aa5f6ffb6344a0fdf63fde,29119 2 29378 3 29637 4 29896 5
52b267e20519174e3ce1e1994b5d677804b16bc670aa5f6ffb6344a0fdf63fde,30156 5 30416 5 30676 5 30936 5 31196 5 31456 5 31717 4 31979 1
53df5150ee56253fe5bc91a9230d377bb21f1300f443ba45a758bcb01a15c0e4,60931 6 61185 10 61441 12 61697 13 61953 14 62209 15 62465 15 62721 16 62977 17 63233 17 63489 18 63745 18 64001 19 64258 18 64514 19 64771 18 65027 18 65284 17
53df5150ee56253fe5bc91a9230d377bb21f1300f443ba45a758bcb01a15c0e4,21767 4 22021 7 22276 8 22532 9 22787 10 23043 10 23298 11 23554 10 23811 9 24067 8 24324 6 24581 3
53df5150ee56253fe5bc91a9230d377bb21f1300f443ba45a758bcb01a15c0e4,12844 4 13100 6 13355 8 13611 9 13867 10 14123 11 14379 12 14636 12 14892 12 15149 12 15406 11 15663 9 15921 7 16179 3
53df5150ee56253fe5bc91a9230d377bb21f1300f443ba45a758bcb01a15c0e4,34120 4 34374 7 34629 8 34884 10 35140 10 35395 11 35651 10 35907 10 36163 9 36420 7 36676 7 36933 4
53df5150ee56253fe5bc91a9230d377bb21f1300f443ba45a758bcb01a15c0e4,21347 4 21601 8 21857 10 22112 12 22368 12 22624 13 22880 13 23137 13 23393 13 23650 12 23906 11 24163 10 24421 7 24679 3
53df5150ee56253fe5bc91a9230d377bb21f1300f443ba45a758bcb01a15c0e4,12661 5 12916 7 13172 8 13427 10 13683 10 13939 11 14196 10 14452 11 14709 9 14966 8 15223 6
53df5150ee56253fe5bc91a9230d377bb21f1300f443ba45a758bcb01a15c0e4,50831 5 51085 8 51341 9 51596 10 51852 11 52108 11 52364 11 52620 11 52875 13 53131 13 53387 13 53643 13 53899 13 54155 13 54411 12 54667 12 54923 12 55180 11 55436 10 55693 9 55949 8 56206 6
53df5150ee56253fe5bc91a9230d377bb21f1300f443ba45a758bcb01a15c0e4,30101 3 30355 6 30610 7 30866 8 31121 9 31377 9 31633 9 31888 10 32144 10 32400 9 32657 8 32913 7
53df5150ee56253fe5bc91a9230d377bb21f1300f443ba45a758bcb01a15c0e4,2208 8 2463 7 2719 7 2974 7 3230 7 3486 7 3742 7 3999 5 4255 5 4512 4 4770 3 5028 1
53df5150ee56253fe5bc91a9230d377bb21f1300f443ba45a758bcb01a15c0e4,2470 3 2726 5 2981 7 3237 8 3493 9 3749 9 4004 11 4260 11 4516 11 4773 10 5029 9 5286 8
53df5150ee56253fe5bc91a9230d377bb21f1300f443ba45a758bcb01a15c0e4,28582 6 28837 9 29093 9 29348 11 29604 12 29860 12 30116 13 30372 13 30628 13 30885 12 31141 11 31398 10 31655 8 31911 7 32169 4
53df5150ee56253fe5bc91a9230d377bb21f1300f443ba45a758bcb01a15c0e4,20178 6 20433 8 20689 9 20944 10 21200 11 21456 11 21711 12 21967 12 22223 13 22479 13 22736 12 22992 12 23248 12 23505 11 23761 10 24018 9 24276 5
53df5150ee56253fe5bc91a9230d377bb21f1300f443ba45a758bcb01a15c0e4,214 9 469 11 725 12 980 14 1236 14 1492 15 1748 15 2004 15 2260 15 2516 16 2773 15 3029 15 3286 14 3542 13 3799 12 4057 9 4317 3
53df5150ee56253fe5bc91a9230d377bb21f1300f443ba45a758bcb01a15c0e4,54243 5 54497 9 54752 11 55008 12 55263 14 55519 15 55775 16 56032 15 56288 16 56545 16 56801 16 57058 16 57314 16 57571 16 57828 15 58085 14 58342 13 58599 12 58856 11 59113 9 59371 7 59629 3
550450e4bff4036fd671decdc5d42fec23578198d6a2fd79179c4368b9d6da18,5 21 524 21 1044 21 1565 19 2085 18 2604 19 3123 20 3643 21 4161 23 4681 22 5201 22 5721 22 6241 21 6761 21 7281 20 7801 19 8321 18 8841 17 9365 11 9888 7
550450e4bff4036fd671decdc5d42fec23578198d6a2fd79179c4368b9d6da18,33281 3 33801 3 34321 4 34841 4 35361 4 35881 4 36401 4 36921 4 37441 4 37961 4 38481 5 39001 7 39521 10 40041 12 40561 13 41081 15 41601 15 42121 16 42641 16 43161 17 43681 17 44201 17 44721 17 45241 18 45761 17 46281 17 46801 17 47321 17 47841 17 48361 16 48881 16 49401 15 49921 15 50441 14 50961 13 51481 11 52001 9 52521 4
550450e4bff4036fd671decdc5d42fec23578198d6a2fd79179c4368b9d6da18,78001 3 78521 4 79041 4 79561 4 80081 4 80601 4 81121 4 81641 4 82161 4 82681 4 83201 4 83721 3
550450e4bff4036fd671decdc5d42fec23578198d6a2fd79179c4368b9d6da18,100886 2 101405 2 101924 3 102443 4 102961 6 103481 7 104001 7 104521 8 105041 9 105561 11 106081 10 106601 10 107121 9 107641 9 108161 9 108681 8 109201 8 109721 8 110241 7 110761 7 111281 6 111801 4 112321 3
550450e4bff4036fd671decdc5d42fec23578198d6a2fd79179c4368b9d6da18,97255 2 97774 3 98293 3 98811 5 99330 6 99849 7 100368 8 100888 9 101407 10 101927 10 102447 10 102967 10 103488 10 104008 10 104529 7 105050 3
550450e4bff4036fd671decdc5d42fec23578198d6a2fd79179c4368b9d6da18,96739 8 97257 12 97777 13 98296 15 98816 15 99336 16 99856 16 100376 15 100897 14 101417 13 101937 12 102457 11 102977 10 103498 7 104018 3
550450e4bff4036fd671decdc5d42fec23578198d6a2fd79179c4368b9d6da18,134690 3 135208 9 135726 11 136245 12 136765 13 137284 14 137803 15 138322 16 138841 17 139361 17 139881 18 140401 18 140921 18 141441 18 141961 18 142481 18 143001 18 143521 18 144042 18 144563 17 145084 17 145606 14 146127 11 146649 7
550450e4bff4036fd671decdc5d42fec23578198d6a2fd79179c4368b9d6da18,128475 1 128993 3 129511 4 130028 7 130544 11 131061 14 131580 15 132099 16 132619 16 133138 18 133658 18 134178 18 134697 19 135217 19 135737 19 136257 20 136778 19 137298 20 137818 19 138338 18 138858 17 139378 16 139899 15 140419 15 140939 15 141459 14 141979 14 142499 13 143019 12 143539 10 144060 4 144580 3
550450e4bff4036fd671decdc5d42fec23578198d6a2fd79179c4368b9d6da18,126402 8 126920 13 127438 16 127957 17 128476 19 128996 19 129515 20 130035 20 130555 19 131075 19 131595 18 132115 17 132635 16 133156 14 133676 14 134196 13 134716 12 135236 10 135756 9 136277 6 136797 4
550450e4bff4036fd671decdc5d42fec23578198d6a2fd79179c4368b9d6da18,176801 4 177321 6 177841 7 178361 7 178881 8 179401 8 179921 8 180441 7
550450e4bff4036fd671decdc5d42fec23578198d6a2fd79179c4368b9d6da18,84258 8 84775 13 85293 16 85811 19 86330 20 86850 21 87369 22 87889 22 88409 22 88929 21 89449 21 89970 19 90490 19 91011 16 91531 15 92052 12 92572 12 93093 10 93613 10 94135 7 94657 3
550450e4bff4036fd671decdc5d42fec23578198d6a2fd79179c4368b9d6da18,116501 5 117018 11 117536 14 118053 18 118571 21 119091 21 119610 23 120130 23 120650 23 121170 23 121691 21 122211 21 122732 19 123253 16 123777 8
550450e4bff4036fd671decdc5d42fec23578198d6a2fd79179c4368b9d6da18,71261 7 71778 13 72297 16 72816 18 73335 19 73855 20 74374 21 74893 22 75412 23 75932 23 76451 23 76971 23 77491 22 78011 21 78531 19 79052 17 79572 16 80093 14 80613 13 81135 10 81657 6
550450e4bff4036fd671decdc5d42fec23578198d6a2fd79179c4368b9d6da18,154976 8 155494 13 156013 15 156533 16 157052 18 157572 19 158091 21 158611 22 159131 22 159652 22 160172 22 160693 22 161213 22 161734 20 162255 19 162776 17 163297 16 163819 13 164342 9
550450e4bff4036fd671decdc5d42fec23578198d6a2fd79179c4368b9d6da18,173181 2 173700 3 174220 18 174739 19 175259 19 175779 19 176299 19 176819 19 177339 19 177859 19 178379 19 178900 18 179420 18 179940 18 180461 17
550450e4bff4036fd671decdc5d42fec23578198d6a2fd79179c4368b9d6da18,166947 6 167465 11 167984 15 168503 21 169023 22 169542 23 170062 24 170582 23 171102 23 171622 22 172142 21 172662 19 173183 15 173703 14
550450e4bff4036fd671decdc5d42fec23578198d6a2fd79179c4368b9d6da18,26035 6 26553 11 27071 15 27590 17 28109 19 28628 21 29147 22 29666 24 30185 25 30703 27 31223 28 31742 28 32262 28 32781 29 33301 29 33821 28 34342 27 34862 26 35383 24 35905 20 36427 16 36952 5
550450e4bff4036fd671decdc5d42fec23578198d6a2fd79179c4368b9d6da18,104546 4 105065 7 105584 12 106104 15 106623 17 107143 17 107663 18 108183 18 108702 19 109222 19 109742 19 110261 19 110781 19 111301 18 111822 17 112342 16 112863 13 113385 8
550450e4bff4036fd671decdc5d42fec23578198d6a2fd79179c4368b9d6da18,36 19 555 21 1074 22 1593 23 2113 24 2632 25 3152 26 3671 27 4191 27 4711 27 5231 27 5751 27 6272 26 6792 25 7313 24 7833 23 8353 23 8873 22 9394 20 9914 20 10434 19 10954 18 11473 19 11992 19 12512 18 13031 19 13551 18 14071 17 14591 15 15111 10 15632 7 16152 6
550450e4bff4036fd671decdc5d42fec23578198d6a2fd79179c4368b9d6da18,40600 8 41118 11 41636 14 42155 15 42675 16 43194 17 43713 19 44233 19 44752 20 45272 20 45791 21 46311 21 46831 21 47351 20 47871 21 48392 19 48912 19 49433 14 49955 9
550450e4bff4036fd671decdc5d42fec23578198d6a2fd79179c4368b9d6da18,81684 4 82202 7 82722 8 83241 9 83761 10 84281 10 84801 9 85322 8 85842 7 86363 5
550450e4bff4036fd671decdc5d42fec23578198d6a2fd79179c4368b9d6da18,147726 2 148245 3 148764 14 149283 15 149803 16 150322 17 150842 18 151361 19 151881 19 152401 20 152921 20 153442 19 153962 20 154482 20 155002 21 155522 20 156043 19 156563 19 157084 17 157605 16 158125 15 158646 13 159167 11 159688 9 160209 6
550450e4bff4036fd671decdc5d42fec23578198d6a2fd79179c4368b9d6da18,139934 9 140451 14 140969 18 141487 21 142007 21 142526 23 143046 23 143565 24 144086 23 144606 22 145126 22 145647 20 146167 19 146687 18 147207 16 147728 13 148248 10
550450e4bff4036fd671decdc5d42fec23578198d6a2fd79179c4368b9d6da18,109775 6 110291 13 110810 16 111329 19 111847 22 112367 22 112886 24 113405 25 113924 27 114443 28 114963 29 115482 30 116002 30 116522 31 117042 31 117562 31 118082 29 118602 29 119123 27 119643 26 120164 24 120685 23 121206 21 121727 21 122249 16 122771 11
550450e4bff4036fd671decdc5d42fec23578198d6a2fd79179c4368b9d6da18,118111 4 118118 1 118631 8 119150 8 119669 9 120188 10 120708 10 121227 12 121748 11 122268 12 122789 11 123307 13 123826 15 124344 17 124864 18 125383 16 125903 13 126423 10 126944 7 127464 6
550450e4bff4036fd671decdc5d42fec23578198d6a2fd79179c4368b9d6da18,116563 4 117081 6 117600 6 118119 7 118639 7 119158 8 119678 8 120198 8 120718 8 121239 7 121759 7 122280 6 122800 7 123320 7 123841 6 124361 3
550450e4bff4036fd671decdc5d42fec23578198d6a2fd79179c4368b9d6da18,116567 9 117087 11 117606 13 118126 13 118646 14 119166 14 119686 12 120206 11 120726 9 121246 8 121766 5 122286 4 122807 3 123327 2 123849 1
550450e4bff4036fd671decdc5d42fec23578198d6a2fd79179c4368b9d6da18,119698 3 120217 8 120735 12 121254 15 121771 18 122290 21 122810 21 123329 23 123850 22 124370 23 124891 22 125411 22 125931 22 126452 20 126972 20 127493 17 128014 13 128537 4
550450e4bff4036fd671decdc5d42fec23578198d6a2fd79179c4368b9d6da18,97289 11 97807 16 98326 18 98846 19 99365 21 99885 22 100405 22 100925 23 101445 23 101966 22 102486 22 103007 21 103528 19 104049 18 104569 17 105090 16 105614 11
550450e4bff4036fd671decdc5d42fec23578198d6a2fd79179c4368b9d6da18,163856 4 164375 7 164895 8 165414 12 165934 14 166453 16 166973 17 167493 19 168012 22 168532 21 169052 21 169572 20 170092 20 170612 20 171132 20 171651 21 172171 21 172691 21 173211 21 173731 21 174252 20 174772 20 175292 20 175812 20 176333 19 176853 20 177374 16 177895 13 178416 11 178937 8 179458 6
550450e4bff4036fd671decdc5d42fec23578198d6a2fd79179c4368b9d6da18,160770 5 161288 14 161807 15 162327 16 162846 17 163366 18 163886 18 164406 17 164926 17 165444 18 165962 20 166482 20 167001 22 167521 23 168040 24 168553 32 169073 32 169592 33 170112 33 170632 33 171152 33 171672 33 172192 33 172712 32 173232 32 173752 31 174272 30 174792 29 175312 28 175832 27 176352 27 176873 25 177393 25 177915 23 178436 21 178957 20 179478 18 179999 16 180521 13
550450e4bff4036fd671decdc5d42fec23578198d6a2fd79179c4368b9d6da18,153470 8 153989 11 154508 13 155027 14 155546 16 156065 17 156584 18 157103 19 157623 18 158142 19 158662 18 159182 17 159702 17 160223 15 160743 13 161264 11 161785 9 162307 5
550450e4bff4036fd671decdc5d42fec23578198d6a2fd79179c4368b9d6da18,1634 7 2151 13 2670 15 3189 17 3708 19 4227 20 4747 21 5266 22 5786 23 6306 23 6826 23 7346 23 7866 22 8386 22 8906 21 9426 21 9946 20 10467 18 10987 17 11508 15 12028 14 12549 12 13071 8
550450e4bff4036fd671decdc5d42fec23578198d6a2fd79179c4368b9d6da18,90036 6 90555 10 91074 13 91593 15 92112 17 92631 18 93151 19 93670 20 94190 20 94709 21 95229 21 95748 22 96268 22 96788 21 97309 20 97829 19 98350 17 98870 17 99391 14 99912 12 100433 10 100955 5
550450e4bff4036fd671decdc5d42fec23578198d6a2fd79179c4368b9d6da18,105642 1 106159 4 106678 4 107196 6 107715 7 108235 7 108754 9 109274 9 109794 9 110314 9 110835 8 111355 9 111876 8 112397 8 112919 3
550450e4bff4036fd671decdc5d42fec23578198d6a2fd79179c4368b9d6da18,104607 8 105124 11 105643 13 106163 13 106682 15 107202 15 107722 15 108242 15 108763 13 109283 13 109803 12 110323 11 110843 10 111364 7 111884 3
550450e4bff4036fd671decdc5d42fec23578198d6a2fd79179c4368b9d6da18,71335 7 71853 11 72371 14 72890 15 73409 17 73928 18 74447 19 74966 20 75486 20 76005 20 76525 20 77044 21 77564 20 78084 20 78604 19 79124 19 79644 18 80164 18 80684 17 81204 17 81725 15 82245 15 82766 13 83286 13 83808 10 84330 6
550450e4bff4036fd671decdc5d42fec23578198d6a2fd79179c4368b9d6da18,91645 4 92162 7 92681 9 93199 11 93718 16 94237 23 94756 23 95276 23 95789 30 96306 34 96825 35 97343 37 97860 39 98377 42 98896 42 99415 41 99934 39 100454 39 100973 40 101493 41 102014 40 102534 41 103055 40 103576 39 104098 37 104624 31 105151 24 105672 22 106193 21 106714 19 107234 18 107755 15 108277 10
550450e4bff4036fd671decdc5d42fec23578198d6a2fd79179c4368b9d6da18,73969 10 74488 13 75006 17 75525 19 76043 22 76563 22 77082 24 77602 24 78122 24 78641 22 79162 18 79682 15 80203 14 80723 13 81244 12 81767 4
550450e4bff4036fd671decdc5d42fec23578198d6a2fd79179c4368b9d6da18,86971 1 88010 2 88530 2 89050 8 89569 16 90090 14 90610 14 91129 14 91649 14 92169 14 92690 12 93210 12 93734 7
550450e4bff4036fd671decdc5d42fec23578198d6a2fd79179c4368b9d6da18,84894 2 85413 3 85933 8 86452 17 86972 16 87491 17 88012 15 88532 14 89058 8
550450e4bff4036fd671decdc5d42fec23578198d6a2fd79179c4368b9d6da18,78663 5 79180 11 79697 14 80217 15 80736 16 81256 16 81776 16 82297 15 82816 16 83336 16 83855 17 84375 16 84896 15 85416 14 85941 9
550450e4bff4036fd671decdc5d42fec23578198d6a2fd79179c4368b9d6da18,40147 8 40664 12 41182 15 41700 17 42219 19 42738 20 43257 21 43777 21 44296 22 44816 22 45336 22 45856 22 46376 22 46896 22 47417 20 47937 20 48458 18 48979 15 49501 11 50023 4
550450e4bff4036fd671decdc5d42fec23578198d6a2fd79179c4368b9d6da18,17785 4 18302 8 18821 12 19340 13 19859 15 20379 15 20898 17 21418 18 21938 20 22458 19 22978 19 23498 19 24018 19 24538 19 25058 18 25579 17 26099 16 26620 14 27142 11 27666 5
550450e4bff4036fd671decdc5d42fec23578198d6a2fd79179c4368b9d6da18,12600 1 13119 2 13639 11 13661 1 14159 22 14678 23 15197 24 15716 25 16236 22 16755 17 17275 16 17794 11 18314 10 18833 11 19353 10 19874 9 20394 9 20915 5 21436 3
550450e4bff4036fd671decdc5d42fec23578198d6a2fd79179c4368b9d6da18,99 31 620 31 1140 31 1663 10 1674 20 2186 4 2196 22 2717 24 3238 25 3759 25 4283 23 4803 25 5323 26 5841 29 6360 30 6880 31 7399 32 7919 33 8439 33 8959 33 9480 32 10000 31 10521 30 11041 29 11561 28 12080 26 12601 21 13121 21 13650 11
550450e4bff4036fd671decdc5d42fec23578198d6a2fd79179c4368b9d6da18,16258 6 16772 14 17291 16 17805 23 18324 25 18844 25 19363 27 19883 28 20404 27 20924 28 21445 27 21965 27 22485 26 23005 26 23525 25 24046 23 24566 21 25087 17 25608 14 26129 11 26651 6
550450e4bff4036fd671decdc5d42fec23578198d6a2fd79179c4368b9d6da18,110349 5 110868 8 111387 11 111906 13 112426 14 112945 16 113465 16 113985 17 114505 18 115025 18 115545 19 116065 19 116586 18 117106 18 117627 17 118149 15 118671 13 119192 11 119714 9 120235 7
550450e4bff4036fd671decdc5d42fec23578198d6a2fd79179c4368b9d6da18,167567 1 168084 3 168602 5 169119 8 169637 10 170155 12 170673 14 171192 15 171711 16 172230 17 172750 17 173269 19 173788 20 174308 20 174827 21 175347 21 175866 22 176386 22 176906 22 177427 21 177947 21 178468 9 178480 9 179003 6
550450e4bff4036fd671decdc5d42fec23578198d6a2fd79179c4368b9d6da18,166012 5 166530 9 166556 1 167048 13 167074 3 167568 22 167591 5 168087 29 168607 29 169127 30 169647 30 170167 31 170687 31 171207 32 171727 32 172247 33 172767 33 173288 30 173808 30 174328 28 174848 27 175368 26 175888 24 176408 23 176928 22 177448 19 177968 15 178489 5 179009 3
550450e4bff4036fd671decdc5d42fec23578198d6a2fd79179c4368b9d6da18,165520 12 166038 15 166557 16 167077 17 167596 17 168116 17 168636 16 169157 10 169677 6 170198 5 170718 4 171239 3 171759 3
550450e4bff4036fd671decdc5d42fec23578198d6a2fd79179c4368b9d6da18,169167 8 169683 16 170203 17 170722 19 171242 20 171763 20 172283 21 172802 21 173322 22 173841 23 174361 23 174880 23 175401 22 175921 21 176441 20 176962 18 177482 16 178004 12 178528 4
550450e4bff4036fd671decdc5d42fec23578198d6a2fd79179c4368b9d6da18,84877 4 85394 9 85912 11 86431 13 86950 14 87470 14 87989 15 88509 14 89029 14 89549 13 90069 12 90590 9 91110 9 91631 6
550450e4bff4036fd671decdc5d42fec23578198d6a2fd79179c4368b9d6da18,127005 5 127524 7 128044 7 128564 7 129086 3
550450e4bff4036fd671decdc5d42fec23578198d6a2fd79179c4368b9d6da18,41211 10 41729 17 42247 22 42766 24 43286 25 43805 27 43834 10 44325 40 44845 41 45365 41 45885 42 46405 42 46925 42 47446 41 47966 40 48487 39 49008 37 49529 36 50051 33 50572 31 51095 27 51618 24 52137 24 52657 23 53176 23 53695 23 54215 22 54734 21 55254 20 55774 18 56295 15 56815 14 57336 11 57859 6
550450e4bff4036fd671decdc5d42fec23578198d6a2fd79179c4368b9d6da18,112975 5 113493 13 114012 15 114531 16 115051 17 115570 18 116090 18 116610 18 117130 18 117650 18 118170 18 118689 18 119209 18 119729 17 120250 14 120770 11
550450e4bff4036fd671decdc5d42fec23578198d6a2fd79179c4368b9d6da18,124425 9 124940 16 125459 18 125978 20 126498 21 127017 22 127537 23 128057 23 128577 23 129097 23 129618 22 130138 23 130659 22 131179 22 131700 20 132221 19 132742 18 133264 15 133786 13 134311 7 134833 3
550450e4bff4036fd671decdc5d42fec23578198d6a2fd79179c4368b9d6da18,98951 9 99468 14 99987 17 100507 18 101026 20 101546 20 102065 22 102585 22 103104 24 103624 24 104143 25 104664 23 105184 23 105704 22 106223 23 106742 24 107261 24 107780 25 108300 26 108819 27 109339 27 109860 25 110380 25 110901 23 111422 20 111943 17 112464 15 112985 12
550450e4bff4036fd671decdc5d42fec23578198d6a2fd79179c4368b9d6da18,143 16 663 16 1184 15 1704 14 2225 13 2746 12 3267 11 3788 9 4309 8 4830 5
550450e4bff4036fd671decdc5d42fec23578198d6a2fd79179c4368b9d6da18,149905 9 150425 11 150944 13 151465 13 151985 13 152506 13 153027 12 153548 11 154068 10 154589 9 155109 8 155630 5
550450e4bff4036fd671decdc5d42fec23578198d6a2fd79179c4368b9d6da18,85958 6 85965 1 86475 13 86993 17 87511 20 88030 22 88550 23 89069 24 89589 25 90108 26 90628 26 91147 27 91667 27 92187 26 92707 26 93228 24 93748 24 94269 21 94790 19 95316 10
550450e4bff4036fd671decdc5d42fec23578198d6a2fd79179c4368b9d6da18,70893 5 71410 10 71928 13 72447 15 72966 17 73485 19 74004 21 74523 23 75043 24 75562 25 76082 26 76601 27 77121 26 77640 27 78160 26 78679 26 79199 25 79719 23 80239 22 80759 21 81279 21 81799 20 82319 20 82839 19 83360 18 83880 18 84402 16 84925 12 85446 11 85966 9
550450e4bff4036fd671decdc5d42fec23578198d6a2fd79179c4368b9d6da18,139004 6 139523 7 140043 8 140562 9 141082 9 141602 9 142122 9 142642 9 143163 8 143683 7 144204 6
550450e4bff4036fd671decdc5d42fec23578198d6a2fd79179c4368b9d6da18,123409 2 123929 2 124449 8 124465 1 124969 17 125488 18 126008 18 126528 18 127049 17 127569 16 128090 15 128611 14 129132 12 129654 10 130175 7
550450e4bff4036fd671decdc5d42fec23578198d6a2fd79179c4368b9d6da18,108338 3 108853 11 109370 15 109888 19 110407 22 110926 23 111445 25 111965 25 112484 27 113004 28 113523 31 114043 30 114563 30 115083 28 115603 28 116123 27 116643 27 117163 26 117684 25 118204 25 118724 25 119245 24 119765 24 120286 23 120807 22 121328 21 121849 20 122370 18 122890 18 123411 15 123931 15 124457 8
550450e4bff4036fd671decdc5d42fec23578198d6a2fd79179c4368b9d6da18,102116 7 102633 12 103152 15 103671 17 104191 17 104710 19 105230 19 105749 20 106269 20 106790 19 107310 19 107830 19 108350 19 108870 18 109390 18 109909 18 110429 17 110949 15 111470 12 111990 10 112511 8 113032 3
550450e4bff4036fd671decdc5d42fec23578198d6a2fd79179c4368b9d6da18,114083 1 114599 4 115111 3 115116 8 115631 13 116150 15 116670 15 117189 18 117709 19 118229 20 118749 21 119269 25 119789 24 120309 24 120829 24 121349 24 121869 24 122388 25 122908 25 123429 24 123949 23 124470 22 124990 21 125511 20 126031 19 126552 17 127072 16 127593 14 128114 12 128635 9
550450e4bff4036fd671decdc5d42fec23578198d6a2fd79179c4368b9d6da18,111487 7 112007 10 112525 14 113045 14 113564 16 114084 16 114603 17 115124 16 115644 16 116165 15 116685 15 117207 12 117728 11 118249 9 118770 6
550450e4bff4036fd671decdc5d42fec23578198d6a2fd79179c4368b9d6da18,36570 2 37088 5 37607 7 38127 7 38646 8 39167 7 39687 6 40209 2
550450e4bff4036fd671decdc5d42fec23578198d6a2fd79179c4368b9d6da18,59450 9 59968 12 60487 14 61007 15 61526 16 62046 17 62566 17 63086 17 63606 17 64127 16 64647 16 65168 15 65689 13 66209 13 66731 10 67253 7
550450e4bff4036fd671decdc5d42fec23578198d6a2fd79179c4368b9d6da18,19418 6 19936 9 20455 10 20973 13 21492 14 22011 15 22530 16 23049 17 23569 16 24088 17 24608 16 25128 16 25648 9 26168 8 26689 2 27209 2
550450e4bff4036fd671decdc5d42fec23578198d6a2fd79179c4368b9d6da18,25657 8 26176 19 26691 25 27211 26 27730 27 28250 28 28771 27 29291 27 29811 26 30331 26 30851 25 31370 24 31890 22 32411 19 32931 17 33452 13 33973 9
550450e4bff4036fd671decdc5d42fec23578198d6a2fd79179c4368b9d6da18,98976 4 99495 6 100015 6 100535 6 101055 5 101576 2
550450e4bff4036fd671decdc5d42fec23578198d6a2fd79179c4368b9d6da18,4345 5 4862 12 5380 15 5899 17 6418 19 6938 19 7457 21 7977 21 8497 22 9016 23 9536 24 10056 24 10576 24 11096 24 11617 23 12137 22 12658 21 13178 20 13699 18 14221 15 14743 12
550450e4bff4036fd671decdc5d42fec23578198d6a2fd79179c4368b9d6da18,36584 8 37102 12 37621 12 38140 14 38659 15 39179 16 39698 19 40218 19 40738 19 41257 19 41777 19 42298 17 42818 15 43339 13 43859 11 44381 7
550450e4bff4036fd671decdc5d42fec23578198d6a2fd79179c4368b9d6da18,32961 6 33478 12 33996 16 34516 17 35035 19 35555 20 36075 20 36594 22 37114 22 37633 23 38154 21 38674 21 39195 19 39718 15 40240 10
550450e4bff4036fd671decdc5d42fec23578198d6a2fd79179c4368b9d6da18,159828 1 160346 4 160865 5 161385 7 161904 12 162423 13 162943 13 163462 13 163982 13 164503 11 165023 8
550450e4bff4036fd671decdc5d42fec23578198d6a2fd79179c4368b9d6da18,149440 5 149956 9 150472 14 150991 15 151509 17 152028 18 152548 18 153067 20 153587 19 154106 20 154626 20 155146 20 155666 20 156187 19 156707 19 157228 17 157748 17 158269 16 158790 14 159309 15 159829 14 160350 12 160870 7 161392 4
550450e4bff4036fd671decdc5d42fec23578198d6a2fd79179c4368b9d6da18,165556 7 166072 12 166589 16 167108 17 167627 20 168147 20 168666 22 169186 22 169705 23 170225 23 170745 23 171265 24 171784 24 172304 24 172823 25 173344 23 173864 23 174387 19 174908 16 175429 12 175951 8
550450e4bff4036fd671decdc5d42fec23578198d6a2fd79179c4368b9d6da18,83404 3 83921 7 84440 8 84958 11 85476 13 85995 14 86514 22 87033 26 87551 29 88070 31 88589 34 89108 35 89627 35 90147 35 90666 35 91187 11 91200 21 91707 10 91720 21 92231 4 92240 21 92759 22 93279 22 93799 22 94319 21 94839 21 95359 21 95879 21 96399 21 96920 20 97440 20 97961 20 98481 20 99002 19 99523 16 100045 13 100567 9
550450e4bff4036fd671decdc5d42fec23578198d6a2fd79179c4368b9d6da18,86037 4 86557 5 87076 6 87596 7 88115 8 88633 10 89149 14 89662 20 90182 20 90701 20 91221 20 91741 20 92261 20 92781 20 93301 20 93821 20 94340 21 94860 20 95380 20 95900 19 96420 18 96940 17 97460 16 97981 14 98501 12 99022 10 99545 5
550450e4bff4036fd671decdc5d42fec23578198d6a2fd79179c4368b9d6da18,53756 3 54274 5 54793 5 55312 6 55831 7 56350 8 56870 8 57389 9 57909 10 58429 10 58949 10 59469 10 59989 10 60510 9 61030 10 61552 8 62074 8
550450e4bff4036fd671decdc5d42fec23578198d6a2fd79179c4368b9d6da18,52721 1 53240 1 53759 2 54279 3 54798 4 55318 9 55838 13 56358 14 56878 16 57398 16 57919 14 58439 14 58959 14 59479 14 59999 14 60519 13 61040 12 61560 7
550450e4bff4036fd671decdc5d42fec23578198d6a2fd79179c4368b9d6da18,41285 7 41800 18 42317 23 42837 24 43356 25 43876 26 44395 27 44915 28 45435 28 45955 28 46475 28 46996 27 47516 25 48036 16 48557 6 49077 6 49598 4 50119 3 50641 1
550450e4bff4036fd671decdc5d42fec23578198d6a2fd79179c4368b9d6da18,47541 4 48052 15 48563 26 49083 26 49602 28 50122 28 50642 29 51163 27 51683 27 52202 27 52722 27 53241 27 53761 26 54282 23 54802 21 55327 13 55851 6 56372 3
550450e4bff4036fd671decdc5d42fec23578198d6a2fd79179c4368b9d6da18,65723 12 66240 17 66759 18 67277 22 67795 25 68313 27 68832 29 69351 29 69870 30 70390 29 70909 30 71429 29 71949 28 72470 26 72990 24 73511 22 74033 18 74554 14
550450e4bff4036fd671decdc5d42fec23578198d6a2fd79179c4368b9d6da18,725 8 1244 11 1763 13 2283 14 2802 16 3322 17 3842 17 4363 17 4883 17 5404 15 5924 15 6444 14 6965 13 7485 12 8006 10 8526 9 9047 6
550450e4bff4036fd671decdc5d42fec23578198d6a2fd79179c4368b9d6da18,18412 4 18930 7 19448 8 19966 10 20484 11 21004 11 21523 12 22043 12 22562 13 23082 13 23602 13 24123 12 24643 12 25164 11 25684 11 26204 11 26725 10 27245 10 27766 10 28288 8
550450e4bff4036fd671decdc5d42fec23578198d6a2fd79179c4368b9d6da18,19456 3 19976 7 20495 8 21015 7 21535 7 22055 7 22575 7 23095 7 23615 7 24135 7 24655 7 25175 7 25695 7 26215 7 26735 7 27255 7 27776 6 28296 7
550450e4bff4036fd671decdc5d42fec23578198d6a2fd79179c4368b9d6da18,19983 10 20503 15 21022 18 21542 19 22062 19 22582 20 23102 20 23622 20 24142 20 24662 19 25182 19 25702 18 26222 18 26742 17 27262 16 27782 15 28303 13 28823 12 29346 6
550450e4bff4036fd671decdc5d42fec23578198d6a2fd79179c4368b9d6da18,54319 3 54837 5 55355 8 55874 9 56390 12 56905 17 57423 18 57941 18 58460 19 58979 22 59498 25 60015 28 60532 32 61052 32 61571 32 62091 32 62610 32 63131 30 63651 29 64173 25 64700 16 65221 15 65742 13 66263 12 66783 10 67304 7 67824 6 68345 4 68865 4
550450e4bff4036fd671decdc5d42fec23578198d6a2fd79179c4368b9d6da18,170268 5 170788 7 171307 9 171325 5 171827 10 171844 7 172346 12 172362 9 172865 14 172881 11 173384 28 173903 29 174420 32 174935 36 175453 38 175972 38 176491 38 177011 37 177530 37 178050 35 178570 35 179090 33 179611 32 180131 30 180652 27
550450e4bff4036fd671decdc5d42fec23578198d6a2fd79179c4368b9d6da18,122422 9 122938 14 123457 16 123976 19 124496 20 125015 21 125535 22 126054 23 126574 23 127094 23 127614 23 128134 22 128655 21 129175 20 129697 17 130226 4
550450e4bff4036fd671decdc5d42fec23578198d6a2fd79179c4368b9d6da18,75100 4 75619 5 76138 7 76658 7 77177 8 77697 8 78217 8 78738 7 79258 6 79779 5
550450e4bff4036fd671decdc5d42fec23578198d6a2fd79179c4368b9d6da18,8027 6 8545 11 9064 13 9584 15 10103 16 10623 17 11143 17 11663 18 12183 18 12704 17 13224 17 13745 15 14266 14 14787 12 15310 8
550450e4bff4036fd671decdc5d42fec23578198d6a2fd79179c4368b9d6da18,101629 11 102149 12 102668 14 103188 15 103708 15 104228 16 104748 17 105268 17 105788 20 106308 20 106828 21 107348 21 107869 20 108389 20 108910 20 109431 19 109951 20 110471 20 110991 21 111510 22 112030 23 112550 23 113069 24 113589 24 114108 25 114628 25 115148 25 115668 25 116188 25 116709 24 117229 24 117750 23 118270 23 118791 21 119312 20 119832 20 120353 19 120873 18 121394 17 121916 13 122438 10
550450e4bff4036fd671decdc5d42fec23578198d6a2fd79179c4368b9d6da18,44955 4 45473 7 45993 8 46512 10 47032 10 47553 10 48073 10 48594 9 49115 8 49635 7 50156 6 50676 5
550450e4bff4036fd671decdc5d42fec23578198d6a2fd79179c4368b9d6da18,73556 3 74074 7 74593 8 75113 9 75632 10 76152 9 76672 9 77193 6 77713 5
550450e4bff4036fd671decdc5d42fec23578198d6a2fd79179c4368b9d6da18,24688 9 25205 14 25723 18 26242 20 26762 21 27281 22 27801 23 28320 25 28840 25 29360 26 29880 27 30400 27 30921 27 31441 26 31962 25 32482 24 33002 23 33522 22 34042 21 34562 21 35083 19 35603 18 36124 16 36645 4 36651 7
550450e4bff4036fd671decdc5d42fec23578198d6a2fd79179c4368b9d6da18,37685 9 38204 10 38724 11 39243 12 39763 11 40283 11 40804 8 41324 7
550450e4bff4036fd671decdc5d42fec23578198d6a2fd79179c4368b9d6da18,91251 1 91770 2 92289 12 92312 1 92808 25 93327 26 93847 26 94366 27 94886 27 95406 26 95925 27 96445 26 96965 26 97485 24 98005 23 98526 21 99046 18 99567 16 100090 10
550450e4bff4036fd671decdc5d42fec23578198d6a2fd79179c4368b9d6da18,81373 1 81891 3 82410 4 82928 7 83448 7 83967 9 84487 10 85007 11 85527 12 86047 14 86568 16 87088 17 87608 18 88129 19 88649 20 89170 20 89690 20 90211 20 90731 23 91252 21 91772 21 92301 11
550450e4bff4036fd671decdc5d42fec23578198d6a2fd79179c4368b9d6da18,74628 11 75143 20 75661 24 76180 25 76699 27 77218 28 77738 29 78257 30 78776 31 79296 31 79815 31 80335 31 80855 30 81374 31 81894 30 82414 28 82935 27 83455 37 83976 36 84497 36 85018 34 85539 33 86061 30 86584 25 87105 22 87626 20 88148 17 88669 15 89190 12 89710 9 90231 4
550450e4bff4036fd671decdc5d42fec23578198d6a2fd79179c4368b9d6da18,11692 8 12210 12 12729 14 13248 16 13767 18 14287 18 14806 20 15326 20 15846 21 16366 22 16886 22 17406 23 17926 23 18446 24 18966 24 19486 24 20007 22 20527 22 21048 20 21568 19 22089 18 22610 16 23133 12
550450e4bff4036fd671decdc5d42fec23578198d6a2fd79179c4368b9d6da18,247 20 768 20 1288 20 1809 19 2329 19 2849 19 3369 19 3888 21 4408 20 4928 20 5449 18 5969 17 6490 15 7011 13 7534 8
550450e4bff4036fd671decdc5d42fec23578198d6a2fd79179c4368b9d6da18,177069 6 177587 11 178107 15 178614 4 178626 18 179133 7 179146 19 179651 34 180171 35 180690 35
550450e4bff4036fd671decdc5d42fec23578198d6a2fd79179c4368b9d6da18,40304 4 40822 6 41340 8 41859 8 42378 9 42898 9 43417 10 43937 10 44457 10 44976 11 45496 11 46016 10 46536 10 47056 10 47576 10 48096 10 48617 9 49137 9 49658 8 50179 8 50701 6
550450e4bff4036fd671decdc5d42fec23578198d6a2fd79179c4368b9d6da18,40828 4 41348 7 41867 12 42387 14 42907 15 43427 15 43947 16 44467 16 44987 16 45507 16 46026 18 46546 14 47066 13 47586 10 48106 6 48626 5 49146 4 49666 4 50187 2 50707 2
550450e4bff4036fd671decdc5d42fec23578198d6a2fd79179c4368b9d6da18,46560 6 47079 8 47596 12 48112 17 48631 19 49150 21 49670 21 50189 23 50709 23 51229 23 51750 21 52270 21 52791 19 53311 19 53832 17 54352 16 54873 15 55394 13 55915 11 56438 6
550450e4bff4036fd671decdc5d42fec23578198d6a2fd79179c4368b9d6da18,57984 16 58502 21 59021 23 59539 26 60059 26 60578 28 61098 28 61617 29 62137 29 62656 30 63176 30 63697 28 64217 28 64737 27 65257 26 65778 24 66298 22 66820 17 67341 13 67864 7
550450e4bff4036fd671decdc5d42fec23578198d6a2fd79179c4368b9d6da18,103741 3 104260 5 104778 8 105298 8 105817 10 106337 10 106857 10 107377 10 107897 10 108417 10 108938 8 109458 8 109980 4
550450e4bff4036fd671decdc5d42fec23578198d6a2fd79179c4368b9d6da18,155229 6 155747 9 156266 11 156786 11 157305 13 157825 13 158344 14 158864 15 159384 15 159903 15 160422 16 160942 15 161461 16 161981 15 162500 15 163020 10 163541 7 164061 5
550450e4bff4036fd671decdc5d42fec23578198d6a2fd79179c4368b9d6da18,127145 7 127665 9 128184 10 128704 11 129224 11 129744 10 130264 10 130784 9 131305 7 131825 6
550450e4bff4036fd671decdc5d42fec23578198d6a2fd79179c4368b9d6da18,271 26 792 24 1312 24 1833 13 1851 4 2354 11 2875 9 3396 8 3918 5 4440 3
550450e4bff4036fd671decdc5d42fec23578198d6a2fd79179c4368b9d6da18,129765 3 130279 12 130795 17 131312 21 131832 22 132351 24 132871 25 133391 25 133911 26 134431 26 134951 26 135472 25 135992 25 136513 24 137033 23 137554 22 138075 19 138596 17 139125 6
550450e4bff4036fd671decdc5d42fec23578198d6a2fd79179c4368b9d6da18,4961 5 5481 6 6000 3 6520 2 6527 1 7040 2
550450e4bff4036fd671decdc5d42fec23578198d6a2fd79179c4368b9d6da18,6003 4 6522 5 7042 6 7561 7 8081 8 8601 9 9120 10 9640 13 10161 8 10172 1 10681 7 10692 2 11202 6 11723 4
550450e4bff4036fd671decdc5d42fec23578198d6a2fd79179c4368b9d6da18,10169 3 10688 4 11208 5 11727 6 12247 6 12767 6 13287 7 13807 7 14327 7 14846 8 15366 7 15885 8 16406 7 16926 7 17446 7 17967 6 18487 6 19007 6 19526 6 20047 5 20567 4
550450e4bff4036fd671decdc5d42fec23578198d6a2fd79179c4368b9d6da18,312 18 831 20 1351 20 1870 22 2390 22 2910 22 3429 23 3949 22 4470 21 4990 20 5511 19 6031 18 6552 17 7073 15 7595 12 8119 6
550450e4bff4036fd671decdc5d42fec23578198d6a2fd79179c4368b9d6da18,130859 8 131376 13 131895 15 132412 18 132931 20 133450 21 133970 22 134489 23 135008 24 135528 24 136047 24 136566 25 137085 25 137605 24 138124 23 138644 22 139163 22 139683 21 140203 20 140723 19 141242 17 141763 14 142283 13 142804 11 143324 11 143845 9 144366 7 144887 5
550450e4bff4036fd671decdc5d42fec23578198d6a2fd79179c4368b9d6da18,9173 5 9690 8 10208 10 10726 11 11245 12 11764 13 12284 13 12803 14 13323 14 13843 14 14363 14 14883 14 15403 14 15923 14 16443 14 16964 13 17484 13 18005 12 18526 11 19047 10 19569 8 20091 7 20614 4
550450e4bff4036fd671decdc5d42fec23578198d6a2fd79179c4368b9d6da18,8145 1 8664 1 9183 2 9698 7 10218 7 10737 8 11257 8 11777 8 12297 8 12817 8 13337 9 13857 9 14377 10 14897 10 15417 11 15937 11 16457 12 16977 12 17497 13 18017 15 18537 15 19057 14 19577 13 20098 11 20618 8
550450e4bff4036fd671decdc5d42fec23578198d6a2fd79179c4368b9d6da18,6590 9 7108 13 7626 17 8146 19 8665 21 9185 21 9705 22 10225 22 10745 22 11265 22 11785 22 12305 22 12825 22 13346 21 13866 21 14387 20 14907 19 15428 18 15948 17 16469 15 16989 13 17510 3
550450e4bff4036fd671decdc5d42fec23578198d6a2fd79179c4368b9d6da18,151134 3 151652 6 152172 6 152692 6 153212 6 153733 3
550450e4bff4036fd671decdc5d42fec23578198d6a2fd79179c4368b9d6da18,88736 4 89255 5 89775 5 90295 5 90815 5 91335 4 91856 2
550450e4bff4036fd671decdc5d42fec23578198d6a2fd79179c4368b9d6da18,69008 1 69527 1 70041 7 70559 10 71078 11 71597 15 72116 17 72636 18 73155 20 73675 22 74194 26 74713 26 75232 27 75752 27 76271 27 76791 27 77311 27 77831 27 78350 28 78870 27 79390 27 79910 26 80430 26 80950 25 81470 25 81991 23 82511 22 83031 21 83552 20 84072 18 84593 16 85115 13 85637 10 86161 3
550450e4bff4036fd671decdc5d42fec23578198d6a2fd79179c4368b9d6da18,63820 7 64336 13 64854 15 65373 17 65892 18 66411 20 66931 19 67450 20 67970 20 68489 21 69009 21 69528 21 70048 21 70569 19 71089 18 71612 15 72133 13 72654 10 73175 8 73697 4
550450e4bff4036fd671decdc5d42fec23578198d6a2fd79179c4368b9d6da18,97078 7 97597 10 98117 10 98636 12 99156 12 99676 12 100197 10 100717 10 101238 8 101760 4
550450e4bff4036fd671decdc5d42fec23578198d6a2fd79179c4368b9d6da18,113722 9 114240 13 114759 16 115279 17 115798 19 116318 19 116838 20 117358 20 117878 20 118398 20 118919 19 119439 19 119960 18 120480 17 121000 17 121521 15 122041 15 122562 13 123082 12 123604 9
550450e4bff4036fd671decdc5d42fec23578198d6a2fd79179c4368b9d6da18,366 11 886 11 1406 11 1926 10 2446 9 2967 8 3489 5
550450e4bff4036fd671decdc5d42fec23578198d6a2fd79179c4368b9d6da18,4531 9 5050 10 5570 11 6089 12 6609 11 7130 10 7650 9 8171 7
550450e4bff4036fd671decdc5d42fec23578198d6a2fd79179c4368b9d6da18,8701 5 9217 13 9736 16 10254 20 10773 23 11292 25 11812 25 12331 27 12851 27 13371 27 13891 27 14410 28 14930 28 15450 28 15971 27 16491 26 17012 25 17532 24 18053 22 18574 19 19096 16 19621 8
550450e4bff4036fd671decdc5d42fec23578198d6a2fd79179c4368b9d6da18,85145 5 85664 8 86183 12 86701 17 87220 19 87738 21 88257 23 88777 23 89296 24 89816 24 90336 24 90856 24 91376 24 91896 24 92416 23 92937 22 93457 21 93978 19 94499 17 95020 15 95540 12 96060 11 96580 11 97100 11 97620 11 98141 10 98661 9 99182 8 99704 5
550450e4bff4036fd671decdc5d42fec23578198d6a2fd79179c4368b9d6da18,28995 8 29512 12 30029 16 30548 18 31067 20 31586 21 32104 22 32624 22 33143 23 33663 23 34182 24 34702 24 35222 24 35742 24 36262 25 36782 25 37302 24 37823 22 38343 21 38864 19 39385 17 39906 14 40427 12 40950 6
550450e4bff4036fd671decdc5d42fec23578198d6a2fd79179c4368b9d6da18,30053 10 30569 14 31087 15 31607 15 32126 16 32646 16 33166 16 33686 16 34206 16 34726 17 35246 17 35766 17 36287 16 36807 16 37329 14 37850 13 38371 13 38892 12 39414 12
550450e4bff4036fd671decdc5d42fec23578198d6a2fd79179c4368b9d6da18,29544 12 30063 15 30583 16 31102 18 31622 19 32142 20 32662 20 33182 21 33702 21 34222 21 34743 20 35263 19 35783 19 36303 18 36823 17 37343 16 37863 14 38384 11 38904 7
550450e4bff4036fd671decdc5d42fec23578198d6a2fd79179c4368b9d6da18,116871 7 117389 11 117908 14 118426 16 118946 16 119464 19 119984 19 120503 21 121023 22 121542 26 122062 26 122582 26 123103 25 123623 25 124144 24 124665 22 125186 21 125708 18 126230 14 126753 9
550450e4bff4036fd671decdc5d42fec23578198d6a2fd79179c4368b9d6da18,109609 9 110127 13 110647 14 111166 16 111685 18 112204 19 112724 20 113243 21 113763 22 114283 22 114803 23 115323 23 115843 24 116363 24 116883 24 117403 24 117923 24 118442 25 118962 25 119483 24 120003 24 120524 23 121045 21 121569 9 122091 2 122611 2
550450e4bff4036fd671decdc5d42fec23578198d6a2fd79179c4368b9d6da18,121578 8 122093 14 122613 15 123132 16 123653 16 124173 16 124692 18 125212 18 125731 19 126250 20 126769 21 127289 21 127808 21 128328 21 128848 20 129369 19 129889 17 130410 15 130931 12 131453 7
550450e4bff4036fd671decdc5d42fec23578198d6a2fd79179c4368b9d6da18,82026 3 82546 2 83065 3 83586 3 84106 3
550450e4bff4036fd671decdc5d42fec23578198d6a2fd79179c4368b9d6da18,80473 2 80991 4 81509 5 82029 5 82548 6 83068 6 83589 6 84109 6
550450e4bff4036fd671decdc5d42fec23578198d6a2fd79179c4368b9d6da18,78924 9 79442 13 79960 16 80475 21 80995 22 81514 23 82034 24 82554 24 83074 24 83595 24 84115 24 84638 21 85159 20 85680 19 86201 18 86722 17 87243 3 87764 2
550450e4bff4036fd671decdc5d42fec23578198d6a2fd79179c4368b9d6da18,87246 14 87766 14 88285 16 88805 16 89326 16 89846 16 90366 15 90886 15 91406 15 91926 14 92446 14 92967 12 93487 11 94008 8 94530 4
550450e4bff4036fd671decdc5d42fec23578198d6a2fd79179c4368b9d6da18,163674 3 164194 3 164713 5 165233 5 165752 7 166272 7 166792 7 167311 10 167831 12 168350 12 168869 13 169388 13 169907 15 170426 15 170946 12 171465 11 171985 10 172506 8 173026 6
550450e4bff4036fd671decdc5d42fec23578198d6a2fd79179c4368b9d6da18,167843 4 168362 10 168882 10 169401 12 169922 11 170442 10 170963 9 171485 6
550450e4bff4036fd671decdc5d42fec23578198d6a2fd79179c4368b9d6da18,177197 4 177715 7 178234 8 178754 9 179273 10 179794 9 180314 9 180838 4
550450e4bff4036fd671decdc5d42fec23578198d6a2fd79179c4368b9d6da18,49802 7 50319 16 50838 17 51357 21 51876 28 52396 30 52915 33 53435 34 53955 35 54475 36 54996 36 55516 36 56036 37 56557 36 57077 36 57597 37 58118 35 58638 35 59159 34 59679 33 60199 33 60720 31 61240 30 61761 28 62282 1 62296 13 62827 2 63347 1
550450e4bff4036fd671decdc5d42fec23578198d6a2fd79179c4368b9d6da18,62283 13 62802 25 63322 25 63839 29 64358 30 64877 31 65396 32 65916 31 66435 32 66955 32 67474 32 67994 32 68514 31 69034 30 69554 29 70075 28 70595 26 71116 24 71636 23 72157 19 72678 12 73200 5
550450e4bff4036fd671decdc5d42fec23578198d6a2fd79179c4368b9d6da18,45142 5 45659 8 46177 11 46696 12 47215 13 47735 13 48254 14 48774 14 49295 14 49814 14 50335 13 50855 11 51378 6
550450e4bff4036fd671decdc5d42fec23578198d6a2fd79179c4368b9d6da18,16521 7 17040 10 17560 12 17574 5 18079 19 18599 19 19119 18 19638 19 20158 19 20677 20 21198 19 21718 19 22239 18 22761 16 23282 14 23803 13 24323 13 24844 12 25365 11 25886 10 26408 8 26930 6 27452 5 27975 2
550450e4bff4036fd671decdc5d42fec23578198d6a2fd79179c4368b9d6da18,16549 6 17066 9 17585 9 18098 16 18618 16 19137 17 19657 17 20177 17 20697 17 21217 18 21737 18 22257 18 22777 18 23296 19 23816 19 24336 19 24856 20 25376 20 25896 19 26416 18 26936 16 27457 14 27977 11 28499 5
550450e4bff4036fd671decdc5d42fec23578198d6a2fd79179c4368b9d6da18,16555 8 17075 11 17594 14 18114 15 18634 16 19154 16 19674 17 20194 17 20714 17 21235 16 21755 16 22275 15 22795 15 23315 14 23835 13 24355 12 24876 9 25396 6
550450e4bff4036fd671decdc5d42fec23578198d6a2fd79179c4368b9d6da18,7162 4 7680 9 8200 9 8719 9 9239 9 9759 9 10279 9 10799 10 11319 10 11840 9 12360 9 12881 9 13402 8 13923 7
550450e4bff4036fd671decdc5d42fec23578198d6a2fd79179c4368b9d6da18,7170 5 7689 7 8209 8 8728 10 9248 10 9768 11 10288 11 10809 10 11329 9 11849 9 12369 8 12890 6 13410 4
550450e4bff4036fd671decdc5d42fec23578198d6a2fd79179c4368b9d6da18,135621 1 136134 8 136651 10 137168 13 137687 14 138206 15 138726 15 139245 17 139765 17 140284 18 140804 18 141324 18 141843 19 142363 20 142883 20 143403 21 143923 20 144443 19 144963 18 145484 16 146004 16 146525 14 147047 11 147568 9 148090 6
550450e4bff4036fd671decdc5d42fec23578198d6a2fd79179c4368b9d6da18,133030 8 133548 12 134067 14 134584 18 135103 19 135622 21 136142 21 136661 23 137181 23 137701 23 138221 23 138741 23 139262 22 139782 22 140302 22 140822 16 141342 15 141862 11 142383 10 142903 3 142910 2
550450e4bff4036fd671decdc5d42fec23578198d6a2fd79179c4368b9d6da18,140838 6 141357 8 141873 14 142393 15 142912 16 143433 16 143953 18 144471 22 144990 24 145509 25 146028 27 146548 26 147067 27 147587 25 148106 25 148626 24 149145 23 149665 18 150186 12 150706 3
550450e4bff4036fd671decdc5d42fec23578198d6a2fd79179c4368b9d6da18,92465 6 92979 16 93498 18 94018 16 94537 17 95057 16 95577 16 96097 16 96617 16 97138 15 97658 14 98179 13 98700 12 99221 10 99743 8 100271 1
550450e4bff4036fd671decdc5d42fec23578198d6a2fd79179c4368b9d6da18,94034 4 94554 5 95073 8 95593 10 96113 12 96633 14 97153 15 97672 17 98192 17 98712 18 99231 19 99751 20 100272 19 100792 19 101313 18 101833 18 102354 17 102874 17 103395 15 103915 15 104436 13 104956 12 105477 10 105998 8 106519 6
550450e4bff4036fd671decdc5d42fec23578198d6a2fd79179c4368b9d6da18,170986 5 171506 6 172025 6 172545 6 173065 6 173586 3
550450e4bff4036fd671decdc5d42fec23578198d6a2fd79179c4368b9d6da18,431 22 950 24 1469 26 1989 27 2508 29 3028 30 3547 32 4066 33 4586 34 5105 35 5625 35 6146 34 6666 34 7187 32 7709 30 8234 24 8756 21 9278 18 9799 15 10319 12
550450e4bff4036fd671decdc5d42fec23578198d6a2fd79179c4368b9d6da18,167899 6 168417 9 168936 11 169456 12 169975 14 170494 15 171014 16 171533 17 172053 17 172573 18 173093 18 173613 19 174133 20 174653 20 175174 20 175694 20 176214 20 176733 21 177245 29 177763 31 178281 33 178800 33 179319 34 179839 34 180358 34 180878 34
550450e4bff4036fd671decdc5d42fec23578198d6a2fd79179c4368b9d6da18,11897 9 12414 15 12933 18 13452 20 13972 20 14491 22 15011 23 15532 23 16052 24 16573 24 17093 25 17614 24 18134 25 18654 25 19174 25 19695 23 20215 23 20736 21 21256 20 21777 17 22298 14 22820 9
550450e4bff4036fd671decdc5d42fec23578198d6a2fd79179c4368b9d6da18,2025 4 2544 6 3064 6 3584 7 4104 6 4625 4
550450e4bff4036fd671decdc5d42fec23578198d6a2fd79179c4368b9d6da18,162201 6 162719 8 163238 8 163756 10 164276 10 164795 11 165314 12 165834 12 166353 13 166873 13 167392 14 167912 14 168432 14 168952 14 169473 13 169993 13 170514 12 171034 13 171555 12 172075 13 172596 9
550450e4bff4036fd671decdc5d42fec23578198d6a2fd79179c4368b9d6da18,162207 10 162727 11 163246 13 163766 14 164286 15 164806 16 165326 17 165846 17 166366 18 166886 18 167406 19 167926 18 168446 18 168966 17 169486 16 170006 15 170526 13 171047 10 171567 7
550450e4bff4036fd671decdc5d42fec23578198d6a2fd79179c4368b9d6da18,179882 12 180402 14 180922 15
550450e4bff4036fd671decdc5d42fec23578198d6a2fd79179c4368b9d6da18,135179 1 135689 11 136208 11 136726 13 137245 14 137765 15 138284 16 138804 16 139324 17 139844 17 140363 21 140883 20 141402 22 141922 22 142441 23 142961 22 143481 22 144001 22 144522 20 145042 20 145564 17 146085 14 146607 9
550450e4bff4036fd671decdc5d42fec23578198d6a2fd79179c4368b9d6da18,128955 6 129472 9 129991 10 130510 11 131030 11 131549 12 132069 12 132588 13 133106 15 133624 17 134143 18 134661 20 135180 21 135700 21 136219 22 136739 22 137259 22 137780 21 138300 21 138820 21 139341 20 139861 20 140386 15 140907 14 141427 14 141948 13 142469 12 142990 11 143513 8 144034 7 144554 7 145074 7 145595 6 146115 6 146636 3
550450e4bff4036fd671decdc5d42fec23578198d6a2fd79179c4368b9d6da18,1011 4 1529 7 2049 7 2568 9 3088 9 3608 9 4129 7 4649 7 5171 4
550450e4bff4036fd671decdc5d42fec23578198d6a2fd79179c4368b9d6da18,20775 3 21294 5 21813 6 22333 5
550450e4bff4036fd671decdc5d42fec23578198d6a2fd79179c4368b9d6da18,72264 1 72783 1 73302 2 73820 4 74339 5 74858 6 75377 7 75896 8 76415 9 76934 10 77454 10 77973 11 78493 11 79012 12 79532 13 80052 13 80572 13 81092 13 81613 12 82133 12 82653 12 83174 12 83694 12 84215 12 84735 14 85256 15 85777 2 86298 1
550450e4bff4036fd671decdc5d42fec23578198d6a2fd79179c4368b9d6da18,85779 12 86299 12 86818 14 87338 15 87857 17 88377 17 88898 17 89418 17 89938 17 90458 18 90979 17 91499 17 92020 17 92541 16 93062 15 93584 14 94105 13 94626 11 95148 9 95669 7
550450e4bff4036fd671decdc5d42fec23578198d6a2fd79179c4368b9d6da18,71226 1 71745 1 72265 1 72784 2 73304 2 73824 2 74344 2 74864 2 75384 2 75904 2 76424 2 76944 3 77464 3 77984 4 78504 5 79024 6 79545 5 80065 5 80585 5 81105 5 81625 5 82145 5 82665 5 83186 4 83706 5 84227 4 84749 4
550450e4bff4036fd671decdc5d42fec23578198d6a2fd79179c4368b9d6da18,70190 11 70707 14 71227 14 71746 15 72266 15 72786 15 73306 15 73826 15 74346 15 74866 15 75386 15 75906 15 76426 15 76947 14 77467 14 77988 13 78509 12 79030 11 79550 11 80070 11 80590 11 81110 11 81630 9 82150 8 82670 7 83190 6 83711 4 84231 3
550450e4bff4036fd671decdc5d42fec23578198d6a2fd79179c4368b9d6da18,5697 6 6217 6 6736 9 7256 10 7776 11 8297 12 8817 12 9337 13 9858 12 10378 12 10899 10 11420 6 11940 5 12460 3 12981 2 13501 1 14022 1
550450e4bff4036fd671decdc5d42fec23578198d6a2fd79179c4368b9d6da18,11426 3 11945 4 12463 6 12983 6 13502 8 14023 7 14543 8 15064 7 15585 7
550450e4bff4036fd671decdc5d42fec23578198d6a2fd79179c4368b9d6da18,505 15 1026 15 1546 15 2067 14 2590 11 3112 9 3634 7 4154 7 4674 7 5194 7 5715 6 6235 6 6755 6 7275 6 7794 7 8314 7 8833 8 9352 9 9871 10 10390 11 10910 11 11429 12 11949 12 12469 12 12989 12 13510 11 14030 11 14551 10 15071 3 15076 5 15597 4 16118 3 16639 2
550450e4bff4036fd671decdc5d42fec23578198d6a2fd79179c4368b9d6da18,38461 4 38979 7 39498 8 40017 10 40537 11 41056 16 41576 15 42096 14 42616 13 43136 12 43656 11 44177 10 44697 9 45219 5
550450e4bff4036fd671decdc5d42fec23578198d6a2fd79179c4368b9d6da18,27027 11 27546 15 28065 16 28584 17 29104 17 29623 18 30143 18 30663 18 31182 19 31702 19 32222 19 32742 19 33262 19 33782 19 34303 18 34823 18 35344 17 35864 17 36385 16 36905 16 37426 15 37945 16 38465 12 38986 8 39506 8 40027 6 40548 4
550450e4bff4036fd671decdc5d42fec23578198d6a2fd79179c4368b9d6da18,2589 1 3627 2 4145 5 4664 6 5184 6 6223 1
550450e4bff4036fd671decdc5d42fec23578198d6a2fd79179c4368b9d6da18,151830 4 152348 13 152867 14 153386 15 153905 16 154425 16 154944 17 155464 17 155984 17 156503 18 157023 18 157543 18 158063 18 158583 18 159104 17 159624 17 160145 16 160666 15 161187 14 161709 12 162231 10 162753 6
550450e4bff4036fd671decdc5d42fec23578198d6a2fd79179c4368b9d6da18,174716 5 175234 7 175750 11 176269 12 176789 12 177308 13 177828 13 178348 13 178868 13 179388 13 179907 14 180427 14 180947 14
550450e4bff4036fd671decdc5d42fec23578198d6a2fd79179c4368b9d6da18,98799 2 99318 3 99837 4 100357 4 100876 5 101396 5 101916 5 102436 5 102956 5 103476 5 103996 5 104516 5 105036 5 105556 5 106076 5 106596 5 107116 5 107637 4 108157 4 108678 3 109199 2
5cee644e5ffbef1ba021c7f389b33bafd3b1841f04d3edd7922d5084c2c4e0c7,56 27 568 27 1080 27 1593 25 2105 25 2618 23 3132 20 3645 17 4161 11 4674 8 5187 6 5701 3
5cee644e5ffbef1ba021c7f389b33bafd3b1841f04d3edd7922d5084c2c4e0c7,146553 8 147061 14 147572 16 148083 18 148594 20 149105 22 149617 23 150128 24 150640 25 151152 26 151664 26 152176 27 152687 28 153200 27 153712 27 154224 27 154736 27 155249 26 155761 25 156274 24 156789 20 157306 14 157822 8 158337 3
5cee644e5ffbef1ba021c7f389b33bafd3b1841f04d3edd7922d5084c2c4e0c7,168574 8 169083 13 169594 15 170105 16 170616 18 171127 20 171639 21 172150 22 172662 23 173173 24 173685 25 174196 26 174708 27 175219 28 175731 28 176242 29 176753 30 177265 30 177776 31 178288 31 178800 31 179312 31 179824 31 180336 31 180848 31 181360 31 181872 31 182384 30 182897 29 183409 29 183921 29 184433 29 184946 28 185458 28 185971 27 186483 26 186996 25 187508 24 188021 23 188534 21 189047 19 189560 16 190073 12 190586 10
5cee644e5ffbef1ba021c7f389b33bafd3b1841f04d3edd7922d5084c2c4e0c7,250557 6 251068 7 251580 8 252091 9 252603 9 253116 8 253628 7 254141 6 254653 5
5cee644e5ffbef1ba021c7f389b33bafd3b1841f04d3edd7922d5084c2c4e0c7,172286 10 172795 18 173306 21 173816 25 174326 28 174838 29 175349 31 175860 33 176371 34 176883 35 177394 36 177906 37 178418 37 178930 38 179442 38 179954 38 180466 38 180978 38 181490 38 182002 38 182515 36 183027 36 183540 34 184052 34 184565 33 185078 31 185590 31 186104 28 186616 27 187130 24 187643 21 188156 19 188674 8
5cee644e5ffbef1ba021c7f389b33bafd3b1841f04d3edd7922d5084c2c4e0c7,259456 3 259966 7 260477 8 260988 11 261498 13 262010 13 262521 13 263032 14 263543 15 264055 15 264566 16 265078 16 265589 17 266101 17 266613 17 267124 18 267636 18 268148 18 268660 18 269171 19 269683 19 270195 19 270707 19 271218 20 271730 20 272242 20 272754 20 273266 20 273778 20 274290 20 274802 20 275315 19 275827 19 276340 18 276852 18 277365 17 277877 18 278391 16 278904 14 279424 6 279937 4 280450 3
5cee644e5ffbef1ba021c7f389b33bafd3b1841f04d3edd7922d5084c2c4e0c7,258448 5 258958 9 259469 11 259980 13 260491 15 261001 17 261511 20 262023 20 262534 22 263046 22 263558 23 264070 24 264582 24 265094 25 265606 25 266118 26 266630 26 267142 26 267654 26 268166 26 268678 27 269190 27 269702 27 270214 27 270726 26 271238 26 271750 26 272262 25 272774 25 273286 24 273798 24 274310 22 274822 21 275334 21 275846 20 276358 19 276870 18 277382 16 277895 13 278407 12 278921 9 279434 7 279948 4
5cee644e5ffbef1ba021c7f389b33bafd3b1841f04d3edd7922d5084c2c4e0c7,134010 4 134522 7 135033 23 135545 23 136057 22 136569 22 137082 21 137594 21 138107 20 138620 19 139133 18 139646 16 140159 15 140672 14 141185 13 141699 11 142212 10 142728 6 143242 5 143756 3
5cee644e5ffbef1ba021c7f389b33bafd3b1841f04d3edd7922d5084c2c4e0c7,129947 3 130458 5 130969 7 131480 9 131992 10 132503 12 133014 14 133525 16 134037 16 134547 19 135056 22 135568 22 136079 23 136591 23 137103 23 137615 22 138127 22 138639 22 139151 22 139662 23 140174 23 140686 23 141198 23 141710 22 142222 22 142734 21 143247 19 143759 18 144274 12
5cee644e5ffbef1ba021c7f389b33bafd3b1841f04d3edd7922d5084c2c4e0c7,16816 12 17325 17 17833 25 18342 31 18852 33 19361 38 19872 39 20382 42 20893 43 21405 44 21916 45 22428 46 22939 47 23451 47 23962 48 24474 48 24986 48 25498 48 26010 48 26522 48 27035 47 27547 47 28060 45 28572 45 29085 44 29598 43 30111 41 30625 39 31138 37 31651 36 32163 35 32676 33 33189 31 33701 30 34214 28 34726 27 35238 27 35751 25 36263 24 36775 23 37288 21 37800 20 38313 18 38827 14 39341 8 39855 3
5cee644e5ffbef1ba021c7f389b33bafd3b1841f04d3edd7922d5084c2c4e0c7,133559 9 134069 12 134580 15 135091 16 135602 18 136113 20 136624 22 137135 24 137647 25 138158 26 138670 27 139182 27 139693 29 140205 29 140717 29 141229 29 141741 30 142253 29 142765 29 143277 29 143790 27 144302 27 144815 25 145327 23 145840 21 146353 18 146866 15 147379 12
648c8ffa496e1716017906d0bf135debfc93386ae86aa3d4adbda9a505985fd9,14939 6 15194 7 15450 8 15705 9 15961 10 16217 5 16474 1 16483 1 16730 1
648c8ffa496e1716017906d0bf135debfc93386ae86aa3d4adbda9a505985fd9,16222 5 16475 8 16731 9 16986 10 17243 9 17499 4 17508 1 17755 1 17764 1 18011 1
648c8ffa496e1716017906d0bf135debfc93386ae86aa3d4adbda9a505985fd9,17503 5 17756 8 18012 9 18267 10 18523 10 18780 9 19036 9 19292 9 19548 8 19805 7 20061 6
648c8ffa496e1716017906d0bf135debfc93386ae86aa3d4adbda9a505985fd9,2496 5 2750 9 3006 10 3261 11 3517 12 3773 12 4030 11 4286 11 4542 11 4797 12 5053 11 5309 11 5566 9 5822 9 6080 5
648c8ffa496e1716017906d0bf135debfc93386ae86aa3d4adbda9a505985fd9,12006 6 12261 9 12516 11 12772 11 13027 13 13283 13 13539 13 13796 12 14052 11 14309 10 14569 5
697a05c6fe4a07c601d46da80885645ad574ea19b47ee795ccff216c9f1f1808,52231 5 52485 10 52740 12 52994 15 53249 17 53505 17 53761 18 54017 18 54273 18 54529 18 54785 18 55041 17 55297 17 55553 16 55809 16 56065 14 56321 14 56577 3 56590 1 56833 3 56846 1 57089 2 57345 3 57358 1 57601 3 57614 1 57857 14 58113 15 58369 14 58625 14 58881 13 59137 12 59393 11 59649 11 59905 12 60161 11 60417 11 60673 10 60929 8 61186 3
697a05c6fe4a07c601d46da80885645ad574ea19b47ee795ccff216c9f1f1808,56580 10 56836 10 57091 12 57348 10 57604 10
697a05c6fe4a07c601d46da80885645ad574ea19b47ee795ccff216c9f1f1808,62987 4 63240 10 63494 15 63749 18 64005 18 64260 20 64516 20 64771 22 65027 22 65282 24
697a05c6fe4a07c601d46da80885645ad574ea19b47ee795ccff216c9f1f1808,42003 4 42255 10 42509 14 42763 18 43017 21 43272 22 43527 24 43782 25 44037 26 44293 27 44548 28 44804 29 45059 30 45315 30 45571 30 45827 31 46083 31 46339 31 46595 31 46852 30 47108 31 47365 31 47622 31 47878 32 48135 18 48392 13 48422 1 48649 11 48906 9 49163 7 49420 6 49678 3 49937 1
697a05c6fe4a07c601d46da80885645ad574ea19b47ee795ccff216c9f1f1808,48153 13 48405 17 48660 19 48915 20 49170 21 49426 21 49681 22 49938 21 50194 21 50451 20 50707 20 50963 20 51220 19 51476 19 51733 17 51989 17 52246 15 52503 14 52760 12 53019 5
697a05c6fe4a07c601d46da80885645ad574ea19b47ee795ccff216c9f1f1808,21014 7 21265 15 21520 17 21776 18 22031 20 22287 20 22543 21 22798 22 23054 22 23310 23 23565 24 23821 24 24077 24 24333 24 24589 23 24846 22 25102 21 25359 20 25615 18 25872 15 26129 10
697a05c6fe4a07c601d46da80885645ad574ea19b47ee795ccff216c9f1f1808,57625 6 57877 11 58133 11 58388 13 58644 14 58899 15 59154 17 59409 18 59664 19 59920 18 60175 19 60431 20 60688 19 60943 21 61200 20 61456 20 61713 18 61969 17 62227 15 62485 12 62744 9 63002 5
697a05c6fe4a07c601d46da80885645ad574ea19b47ee795ccff216c9f1f1808,57389 6 57642 9 57897 11 58152 12 58407 14 58662 16 58917 17 59173 18 59427 20 59683 21 59938 22 60194 23 60451 22 60707 22 60964 21 61220 21 61478 19 61735 17 61992 16 62249 14 62506 11 62763 8
697a05c6fe4a07c601d46da80885645ad574ea19b47ee795ccff216c9f1f1808,26400 4 26654 8 26909 11 27164 13 27416 18 27669 23 27924 24 28180 25 28435 26 28691 27 28947 27 29203 27 29459 27 29716 26 29972 26 30228 26 30484 25 30740 25 30996 24 31253 22 31509 21 31766 20 32022 18 32279 16 32536 14
697a05c6fe4a07c601d46da80885645ad574ea19b47ee795ccff216c9f1f1808,41770 5 42024 13 42278 15 42533 17 42788 18 43044 18 43299 20 43555 20 43811 20 44067 20 44324 19 44580 19 44837 17 45093 17 45350 15 45608 12 45865 10 46125 3
697a05c6fe4a07c601d46da80885645ad574ea19b47ee795ccff216c9f1f1808,63281 6 63527 18 63782 20 64037 21 64292 23 64548 23 64803 24 65059 25 65315 25
697a05c6fe4a07c601d46da80885645ad574ea19b47ee795ccff216c9f1f1808,47671 4 47924 9 48179 11 48433 14 48688 16 48943 19 49199 20 49454 21 49710 22 49966 22 50222 22 50478 22 50733 22 50989 22 51245 21 51501 20 51757 20 52012 20 52268 19 52524 18 52780 17 53036 16 53293 13 53549 11 53806 9 54065 3
697a05c6fe4a07c601d46da80885645ad574ea19b47ee795ccff216c9f1f1808,53312 6 53566 11 53822 11 54077 14 54332 15 54587 17 54843 17 55098 19 55354 19 55609 21 55865 21 56121 21 56377 22 56632 23 56889 22 57145 22 57402 21 57658 19 57914 18 58171 12 58427 11 58683 3 58940 2 59196 1 59453 1
697a05c6fe4a07c601d46da80885645ad574ea19b47ee795ccff216c9f1f1808,57677 4 57932 6 58183 14 58438 17 58686 26 58942 27 59197 28 59454 28 59710 28 59967 28 60224 27 60480 27 60736 27 60993 26 61249 26 61505 25 61761 25 62018 23 62274 22 62531 20 62788 14 63045 11 63304 6
697a05c6fe4a07c601d46da80885645ad574ea19b47ee795ccff216c9f1f1808,42319 3 42574 4 42830 4 43087 3 43343 3 43599 3
697a05c6fe4a07c601d46da80885645ad574ea19b47ee795ccff216c9f1f1808,64597 7 64851 10 65105 13 65361 13
697a05c6fe4a07c601d46da80885645ad574ea19b47ee795ccff216c9f1f1808,42074 6 42328 10 42584 13 42839 15 43095 16 43350 17 43606 18 43861 19 44118 19 44373 21 44629 21 44885 22 45141 22 45397 22 45654 21 45910 21 46166 21 46422 18 46678 11 46934 1 47190 1
697a05c6fe4a07c601d46da80885645ad574ea19b47ee795ccff216c9f1f1808,46191 3 46440 5 46446 5 46689 19 46935 30 47191 30 47446 32 47703 31 47959 32 48216 31 48472 31 48728 31 48985 29 49241 29 49497 29 49753 28 50009 28 50264 29 50520 28 50777 27 51033 26 51290 25 51546 24 51803 23 52060 21 52317 15 52573 14 52830 12 53087 9 53344 6
697a05c6fe4a07c601d46da80885645ad574ea19b47ee795ccff216c9f1f1808,22369 8 22624 11 22879 14 23134 16 23389 18 23643 21 23899 21 24154 23 24409 24 24665 25 24920 26 25176 27 25432 27 25688 27 25944 27 26200 27 26456 27 26713 26 26969 26 27226 24 27482 24 27739 22 27996 21 28253 19 28510 17 28768 13 29025 11 29285 6 29542 4
697a05c6fe4a07c601d46da80885645ad574ea19b47ee795ccff216c9f1f1808,55911 8 56165 12 56420 15 56675 16 56930 19 57183 24 57438 26 57694 26 57949 28 58205 28 58460 30 58717 29 58973 29 59230 28 59487 27 59743 27 59999 27 60256 26 60512 26 60769 24 61025 24 61282 22 61538 21 61795 19 62053 16 62310 14 62569 8
697a05c6fe4a07c601d46da80885645ad574ea19b47ee795ccff216c9f1f1808,33134 4 33387 11 33641 15 33896 18 34151 19 34406 21 34662 22 34917 24 35173 24 35428 26 35684 26 35940 26 36196 26 36452 26 36708 26 36965 25 37221 25 37478 24 37734 24 37991 23 38247 22 38504 21 38761 19 39019 13 39276 10
697a05c6fe4a07c601d46da80885645ad574ea19b47ee795ccff216c9f1f1808,61830 2 62083 6 62338 7 62593 10 62848 14 63103 17 63359 17 63614 19 63870 20 64126 24 64382 24 64638 23 64894 22 65150 22 65406 21
697a05c6fe4a07c601d46da80885645ad574ea19b47ee795ccff216c9f1f1808,57489 4 57744 6 58000 6 58255 11 58511 12 58764 17 59019 19 59275 19 59530 21 59786 21 60041 22 60297 22 60553 22 60809 22 61065 22 61321 22 61577 23 61832 23 62089 22 62345 4 62351 15 62603 4 62609 12 62862 2 62865 11 63120 11 63376 10 63633 7 63890 5
697a05c6fe4a07c601d46da80885645ad574ea19b47ee795ccff216c9f1f1808,45444 6 45699 11 45954 15 46209 20 46465 23 46494 3 46720 34 46976 34 47232 35 47488 35 47744 35 47999 36 48256 35 48512 36 48768 36 49024 37 49280 37 49536 38 49793 37 50049 36 50306 35 50563 34 50819 35 51076 34 51335 31 51593 29 51850 28 52108 26 52366 24 52625 20 52883 18 53141 14 53399 11 53657 5
697a05c6fe4a07c601d46da80885645ad574ea19b47ee795ccff216c9f1f1808,20364 7 20619 10 20873 14 21128 17 21384 18 21639 20 21894 22 22150 23 22405 25 22661 25 22917 26 23173 26 23429 26 23685 25 23941 25 24196 27 24452 27 24708 27 24963 27 25219 27 25475 26 25731 25 25987 25 26243 24 26500 22 26756 21 27013 18 27270 6 27281 5
697a05c6fe4a07c601d46da80885645ad574ea19b47ee795ccff216c9f1f1808,37527 6 37778 13 38030 20 38281 28 38536 31 38791 33 39046 35 39302 36 39557 38 39813 38 40069 38 40325 38 40581 37 40837 37 41093 37 41349 36 41605 36 41862 35 42118 36 42375 35 42631 34 42889 30 43145 29 43403 26 43660 25 43919 20 44178 15
697a05c6fe4a07c601d46da80885645ad574ea19b47ee795ccff216c9f1f1808,39089 11 39344 13 39599 15 39853 17 40107 20 40363 20 40618 22 40874 22 41130 22 41385 23 41641 23 41897 23 42154 22 42410 21 42667 20 42924 18 43180 17 43437 15 43694 13 43951 10 44208 4
697a05c6fe4a07c601d46da80885645ad574ea19b47ee795ccff216c9f1f1808,30369 9 30624 11 30879 13 31134 15 31389 18 31644 19 31899 21 32155 22 32410 24 32666 25 32922 26 33178 27 33434 28 33690 28 33947 28 34203 28 34459 27 34716 26 34972 25 35229 23 35486 22 35743 19 36000 18 36259 11
697a05c6fe4a07c601d46da80885645ad574ea19b47ee795ccff216c9f1f1808,54183 3 54436 9 54691 13 54946 15 55201 17 55457 17 55712 19 55968 19 56224 19 56480 19 56737 18 56993 18 57250 17 57506 17 57763 15 58019 7 58033 1 58276 2 58532 2
697a05c6fe4a07c601d46da80885645ad574ea19b47ee795ccff216c9f1f1808,58026 7 58278 11 58534 12 58789 14 59045 16 59301 16 59557 17 59813 17 60069 18 60325 18 60581 18 60837 19 61094 18 61350 18 61607 16 61863 16 62120 14 62377 13 62633 12 62891 8
697a05c6fe4a07c601d46da80885645ad574ea19b47ee795ccff216c9f1f1808,48563 6 48819 7 49074 10 49329 13 49585 15 49840 17 50096 17 50351 19 50607 19 50863 20 51119 20 51375 20 51632 20 51888 20 52145 20 52402 19 52659 18 52916 16 53173 15 53430 13 53687 11 53945 8
697a05c6fe4a07c601d46da80885645ad574ea19b47ee795ccff216c9f1f1808,23486 4 23740 8 23994 12 24248 14 24503 16 24758 17 25013 19 25268 20 25523 22 25779 22 26034 23 26290 23 26546 23 26802 23 27059 22 27315 22 27571 22 27828 20 28084 20 28341 18 28597 18 28855 14 29112 11 29370 8 29629 3
697a05c6fe4a07c601d46da80885645ad574ea19b47ee795ccff216c9f1f1808,63928 3 64183 4 64438 4 64694 4 64949 5 65205 5 65461 5
697a05c6fe4a07c601d46da80885645ad574ea19b47ee795ccff216c9f1f1808,63931 5 64187 7 64442 9 64698 10 64954 11 65210 11 65466 12
697a05c6fe4a07c601d46da80885645ad574ea19b47ee795ccff216c9f1f1808,51148 7 51402 12 51657 15 51912 17 52167 18 52423 17 52678 18 52934 18 53190 18 53446 18 53700 20 53956 20 54211 21 54467 21 54723 21 54976 24 55229 26 55485 26 55740 27 55996 27 56251 28 56507 28 56763 28 57019 28 57275 28 57531 28 57787 28 58043 29 58300 28 58556 27 58813 25 59070 24 59328 20 59585 18 59843 16 60100 14 60359 10 60616 8
697a05c6fe4a07c601d46da80885645ad574ea19b47ee795ccff216c9f1f1808,51929 9 52185 11 52440 14 52696 14 52952 15 53208 15 53464 15 53720 15 53976 15 54232 16 54488 16 54744 17 55000 17 55255 18 55511 18 55767 18 56023 18 56279 18 56535 18 56791 18 57047 18 57303 18 57559 17 57815 17 58072 15 58328 13 58588 8
697a05c6fe4a07c601d46da80885645ad574ea19b47ee795ccff216c9f1f1808,43974 6 44227 10 44239 1 44481 14 44736 15 44991 16 45246 17 45502 17 45757 18 46013 18 46268 19 46525 18 46781 18 47037 19 47294 18 47550 20 47807 17 48063 17 48319 16 48576 15 48832 15 49089 13 49346 12 49604 8 49861 5
697a05c6fe4a07c601d46da80885645ad574ea19b47ee795ccff216c9f1f1808,43223 6 43477 9 43730 12 43984 15 44240 15 44495 16 44751 16 45007 16 45263 16 45519 16 45775 15 46031 15 46287 14 46543 14 46799 12 47056 9 47312 3 47316 3
697a05c6fe4a07c601d46da80885645ad574ea19b47ee795ccff216c9f1f1808,35525 3 35780 9 36035 12 36290 14 36546 15 36801 17 37057 18 37312 20 37568 20 37824 21 38080 21 38337 21 38593 21 38849 21 39106 19 39362 19 39619 18 39875 18 40132 17 40389 15 40646 14 40903 12 41161 8
697a05c6fe4a07c601d46da80885645ad574ea19b47ee795ccff216c9f1f1808,28365 1 28620 2 28873 4 29127 6 29382 7 29637 8 29891 10 30147 10 30402 11 30658 11 30914 11 31170 11 31425 13 31682 12 31938 12 32194 12 32451 11 32707 11 32964 10 33220 10 33477 9 33735 8 33993 6
697a05c6fe4a07c601d46da80885645ad574ea19b47ee795ccff216c9f1f1808,28112 3 28366 9 28622 10 28877 12 29133 13 29389 14 29645 14 29901 15 30157 15 30413 15 30669 15 30925 16 31181 16 31438 15 31694 15 31950 15 32206 14 32462 14 32718 13 32974 12 33230 11 33486 10 33743 7 33999 4
697a05c6fe4a07c601d46da80885645ad574ea19b47ee795ccff216c9f1f1808,16585 11 16839 15 17094 17 17349 19 17604 21 17860 22 18115 23 18371 24 18626 25 18882 26 19138 26 19394 27 19650 27 19906 27 20162 26 20418 26 20674 25 20931 23 21187 22 21444 20 21701 19 21960 15 22218 8
697a05c6fe4a07c601d46da80885645ad574ea19b47ee795ccff216c9f1f1808,3528 3 3784 4 4039 10 4295 13 4551 15 4807 16 5063 17 5319 18 5575 17 5830 18 6086 18 6343 17 6599 17 6855 17 7112 16 7368 16 7624 17 7880 17 8136 18 8393 16 8649 16 8906 14 9163 13 9420 10 9677 7
697a05c6fe4a07c601d46da80885645ad574ea19b47ee795ccff216c9f1f1808,3549 4 3805 5 4060 10 4315 13 4570 14 4826 15 5081 16 5337 16 5592 16 5848 17 6104 17 6360 18 6616 18 6872 18 7128 18 7384 18 7641 16 7897 16 8156 12 8413 10 8670 8
697a05c6fe4a07c601d46da80885645ad574ea19b47ee795ccff216c9f1f1808,1007 3 1261 7 1516 11 1771 12 2027 11 2282 12 2538 12 2794 12 3050 12 3307 11 3563 11 3819 11 4075 11 4331 10 4587 10 4842 11 5097 12 5353 12 5608 13 5865 12 6121 12 6378 11 6636 10 6892 10 7149 6
697a05c6fe4a07c601d46da80885645ad574ea19b47ee795ccff216c9f1f1808,1527 9 1783 10 2038 11 2294 11 2550 11 2806 11 3062 11 3318 11 3574 11 3830 11 4086 11 4341 12 4597 12 4853 12 5109 12 5365 12 5621 12 5877 12 6133 12 6389 12 6646 11 6902 11 7161 7
697a05c6fe4a07c601d46da80885645ad574ea19b47ee795ccff216c9f1f1808,61394 9 61647 16 61900 21 62155 23 62411 23 62666 25 62922 25 63178 25 63433 27 63690 26 63946 26 64202 26 64459 24 64715 24 64972 23 65228 24 65485 23
697a05c6fe4a07c601d46da80885645ad574ea19b47ee795ccff216c9f1f1808,37599 7 37854 9 38109 11 38364 13 38620 14 38875 15 39131 16 39386 17 39642 18 39898 18 40154 19 40410 19 40666 19 40922 18 41179 17 41435 16 41692 14 41949 11 42206 7
697a05c6fe4a07c601d46da80885645ad574ea19b47ee795ccff216c9f1f1808,48351 5 48604 11 48859 13 49115 13 49370 15 49626 15 49882 15 50138 16 50394 15 50651 14 50907 12 51165 9 51423 6
697a05c6fe4a07c601d46da80885645ad574ea19b47ee795ccff216c9f1f1808,21731 6 21986 9 22242 10 22497 12 22753 12 23009 13 23265 13 23521 13 23777 13 24032 13 24288 13 24545 11 24801 10 25061 5
697a05c6fe4a07c601d46da80885645ad574ea19b47ee795ccff216c9f1f1808,42987 5 43241 8 43496 10 43751 11 44006 13 44262 13 44517 14 44773 14 45028 15 45285 13 45541 13 45798 11 46054 9
697a05c6fe4a07c601d46da80885645ad574ea19b47ee795ccff216c9f1f1808,11247 6 11501 11 11756 14 12010 17 12266 20 12520 25 12776 25 13031 26 13287 26 13543 26 13798 27 14054 27 14310 27 14566 27 14822 27 15078 27 15334 27 15590 27 15846 27 16103 26 16359 26 16615 26 16871 26 17128 25 17384 25 17641 24 17897 24 18153 24 18410 23 18666 23 18923 22 19184 17 19440 17 19699 14 19957 12 20215 10
697a05c6fe4a07c601d46da80885645ad574ea19b47ee795ccff216c9f1f1808,51444 5 51699 8 51954 11 52209 14 52463 17 52719 18 52974 19 53230 19 53486 19 53742 19 53997 20 54250 23 54506 23 54761 24 55018 23 55274 23 55534 19 55790 19 56047 18 56303 18 56560 17 56816 17 57073 16 57329 16 57586 15 57842 15 58099 14 58357 12 58614 10
697a05c6fe4a07c601d46da80885645ad574ea19b47ee795ccff216c9f1f1808,35054 7 35308 9 35564 9 35819 9 36075 9 36331 9 36587 9 36844 8 37100 9 37357 8 37614 7 37871 5
697a05c6fe4a07c601d46da80885645ad574ea19b47ee795ccff216c9f1f1808,33275 3 33529 7 33784 9 34039 10 34295 10 34550 11 34807 10 35063 10 35317 12 35573 12 35828 13 36084 13 36340 13 36596 13 36852 13 37109 12 37365 12 37623 10 37879 10 38135 10 38392 9 38648 9 38907 6
697a05c6fe4a07c601d46da80885645ad574ea19b47ee795ccff216c9f1f1808,50415 2 50670 4 50926 4 51182 4 51438 3 51694 2 51953 1 52208 1
697a05c6fe4a07c601d46da80885645ad574ea19b47ee795ccff216c9f1f1808,59646 3 59895 10 60149 12 60404 13 60658 15 60913 16 61169 16 61424 17 61679 18 61935 18 62190 19 62446 19 62702 19 62959 18 63215 18 63472 17 63729 16 63985 16 64242 15 64498 15 64754 15 65011 14 65267 14 65523 14
697a05c6fe4a07c601d46da80885645ad574ea19b47ee795ccff216c9f1f1808,43007 2 43259 6 43515 6 43770 7 44027 6 44283 6 44540 5 44796 5 45052 5 45309 4 45565 4 45823 2
699f2992cd71e2e28cf45f81347ff22e76b37541ce88087742884cd0e9aadc68,781 2 1041 4 1301 6 1561 7 1821 7 2081 8 2341 8 2601 7 2861 7 3121 6 3381 6 3641 4 3901 4 4161 4 4421 4 4681 4 4941 4 5201 3 5461 3
699f2992cd71e2e28cf45f81347ff22e76b37541ce88087742884cd0e9aadc68,16121 2 16381 2 16641 3 16901 3 17161 3 17421 3 17681 2
699f2992cd71e2e28cf45f81347ff22e76b37541ce88087742884cd0e9aadc68,68121 3 68130 1 68381 3 68387 4 68641 9 68901 9 69161 9 69421 10 69681 10 69941 10 70204 8 70466 6
699f2992cd71e2e28cf45f81347ff22e76b37541ce88087742884cd0e9aadc68,67619 7 67874 13 68131 17 68391 17 68650 19 68910 19 69170 18 69431 17 69691 16 69951 15 70212 13 70472 12 70734 8
699f2992cd71e2e28cf45f81347ff22e76b37541ce88087742884cd0e9aadc68,72282 1 72541 2 72801 3 73061 3 73321 4 73581 4 73841 3 74101 3 74361 2 74621 1
699f2992cd71e2e28cf45f81347ff22e76b37541ce88087742884cd0e9aadc68,25745 7 26003 9 26263 10 26522 11 26782 11 27042 10 27303 9 27563 8 27824 5
699f2992cd71e2e28cf45f81347ff22e76b37541ce88087742884cd0e9aadc68,49148 8 49407 9 49667 10 49926 10 50186 10 50447 8 50707 7 50968 5
699f2992cd71e2e28cf45f81347ff22e76b37541ce88087742884cd0e9aadc68,59552 5 59811 9 60069 12 60329 13 60588 15 60848 15 61108 16 61368 17 61629 16 61889 17 62149 17 62410 15 62670 15 62931 14 63191 14 63452 13 63713 12 63973 13 64234 12 64496 5
699f2992cd71e2e28cf45f81347ff22e76b37541ce88087742884cd0e9aadc68,61649 6 61906 9 62166 10 62425 11 62685 11 62945 11 63205 11 63465 10 63725 10 63986 8 64246 7
699f2992cd71e2e28cf45f81347ff22e76b37541ce88087742884cd0e9aadc68,81915 8 82174 13 82434 16 82693 18 82953 18 83213 19 83473 19 83733 18 83993 18 84253 17 84512 18 84771 18 85030 19 85289 21 85549 22 85808 23 86068 24 86328 24 86588 24 86848 24 87108 24 87369 23 87629 22 87890 21 88152 18 88413 16 88675 13
699f2992cd71e2e28cf45f81347ff22e76b37541ce88087742884cd0e9aadc68,41359 6 41618 8 41876 11 42136 12 42395 13 42655 14 42914 15 43174 16 43434 16 43694 17 43954 17 44214 17 44474 17 44734 17 44995 16 45255 15 45516 14 45777 11 46038 9
699f2992cd71e2e28cf45f81347ff22e76b37541ce88087742884cd0e9aadc68,36429 1 36688 2 36946 13 37205 15 37464 16 37723 18 37982 18 38241 19 38501 18 38760 18 39020 17 39280 16 39540 15 39800 14 40061 12 40321 11 40582 8 40842 5
699f2992cd71e2e28cf45f81347ff22e76b37541ce88087742884cd0e9aadc68,34094 8 34352 10 34611 12 34871 12 35130 13 35390 13 35650 12 35910 12 36169 12 36430 10 36690 9
699f2992cd71e2e28cf45f81347ff22e76b37541ce88087742884cd0e9aadc68,50209 8 50467 12 50726 13 50984 16 51243 17 51502 18 51762 18 52021 19 52281 18 52541 18 52800 18 53060 17 53320 16 53580 15 53841 13 54101 12 54362 8 54624 3
699f2992cd71e2e28cf45f81347ff22e76b37541ce88087742884cd0e9aadc68,2382 5 2640 10 2899 10 3158 11 3417 11 3675 13 3934 14 4194 14 4453 15 4713 14 4972 15 5232 15 5492 15 5753 14 6013 14 6274 7 6286 1 6547 1
699f2992cd71e2e28cf45f81347ff22e76b37541ce88087742884cd0e9aadc68,2909 3 3169 4 3428 7 3688 8 3948 9 4208 10 4468 11 4727 12 4987 13 5247 13 5507 13 5767 13 6027 12 6287 12 6548 10 6808 8
699f2992cd71e2e28cf45f81347ff22e76b37541ce88087742884cd0e9aadc68,12258 6 12517 7 12777 6 13036 7 13296 7 13556 7 13816 7 14077 6 14337 6 14598 5 14859 5 15121 3
699f2992cd71e2e28cf45f81347ff22e76b37541ce88087742884cd0e9aadc68,12264 7 12524 9 12783 11 13043 11 13303 12 13563 12 13823 13 14083 12 14343 12 14603 11 14864 9 15124 7
699f2992cd71e2e28cf45f81347ff22e76b37541ce88087742884cd0e9aadc68,19544 7 19802 8 20060 10 20319 10 20578 11 20837 12 21097 12 21356 13 21616 13 21877 12 22137 13 22398 12 22660 10 22921 7 23182 5
699f2992cd71e2e28cf45f81347ff22e76b37541ce88087742884cd0e9aadc68,19810 4 20070 4 20329 5 20589 5 20849 5 21109 5 21369 5 21629 5 21889 5 22150 5 22410 5
699f2992cd71e2e28cf45f81347ff22e76b37541ce88087742884cd0e9aadc68,15396 6 15654 9 15913 10 16170 14 16427 17 16686 18 16946 19 17205 20 17466 19 17726 19 17987 17 18248 16 18510 13 18772 5 18780 1 19034 2
699f2992cd71e2e28cf45f81347ff22e76b37541ce88087742884cd0e9aadc68,18777 3 19036 5 19295 6 19555 9 19814 11 20074 11 20334 12 20594 12 20854 12 21114 12 21374 12 21634 11 21894 11 22155 9 22415 7
699f2992cd71e2e28cf45f81347ff22e76b37541ce88087742884cd0e9aadc68,58018 7 58277 10 58537 11 58796 12 59056 13 59316 13 59577 12 59837 11 60099 9
699f2992cd71e2e28cf45f81347ff22e76b37541ce88087742884cd0e9aadc68,41641 6 41901 7 42160 8 42420 9 42680 9 42940 8 43201 7 43461 6
699f2992cd71e2e28cf45f81347ff22e76b37541ce88087742884cd0e9aadc68,49972 8 50230 12 50489 15 50749 17 51008 19 51268 19 51528 20 51788 20 52048 20 52309 18 52569 18 52830 16 53091 14
699f2992cd71e2e28cf45f81347ff22e76b37541ce88087742884cd0e9aadc68,29435 4 29693 8 29952 10 30212 11 30471 13 30731 13 30990 15 31250 15 31510 16 31771 15 32031 15 32291 16 32551 16 32811 16 33072 15 33332 15 33593 13 33853 13 34114 11 34377 6
699f2992cd71e2e28cf45f81347ff22e76b37541ce88087742884cd0e9aadc68,68968 4 69226 8 69483 12 69741 15 70000 16 70260 17 70519 17 70779 17 71040 14 71300 11 71561 6
699f2992cd71e2e28cf45f81347ff22e76b37541ce88087742884cd0e9aadc68,60644 6 60903 7 61162 9 61422 8 61681 9 61941 8 62202 7 62462 6
699f2992cd71e2e28cf45f81347ff22e76b37541ce88087742884cd0e9aadc68,28415 7 28675 7 28934 8 29194 7 29454 7 29715 6 29975 6 30236 6 30498 4
699f2992cd71e2e28cf45f81347ff22e76b37541ce88087742884cd0e9aadc68,28682 6 28942 8 29201 11 29461 11 29721 12 29981 11 30242 10 30502 7
699f2992cd71e2e28cf45f81347ff22e76b37541ce88087742884cd0e9aadc68,42209 4 42467 9 42725 12 42985 13 43244 14 43504 15 43764 15 44023 15 44283 15 44543 14 44803 12 45063 10 45324 7 45584 6 45845 4
699f2992cd71e2e28cf45f81347ff22e76b37541ce88087742884cd0e9aadc68,55479 5 55731 16 55989 19 56247 22 56506 24 56766 25 57025 23 57285 22 57546 21 57806 20 58068 15 58329 12 58591 7
699f2992cd71e2e28cf45f81347ff22e76b37541ce88087742884cd0e9aadc68,57048 4 57307 6 57567 7 57826 8 58086 9 58347 8 58607 9 58867 9 59127 9 59387 9 59647 8 59908 7 60168 6 60429 3
699f2992cd71e2e28cf45f81347ff22e76b37541ce88087742884cd0e9aadc68,24531 5 24789 7 25048 7 25308 7 25567 8 25827 7 26088 6 26348 6 26609 6 26871 4
699f2992cd71e2e28cf45f81347ff22e76b37541ce88087742884cd0e9aadc68,23242 7 23501 9 23760 10 24019 12 24278 13 24536 15 24796 15 25055 16 25315 16 25575 16 25834 16 26094 16 26354 15 26615 7 26627 2 26875 4 27138 1
699f2992cd71e2e28cf45f81347ff22e76b37541ce88087742884cd0e9aadc68,26622 5 26879 9 27139 9 27398 11 27658 11 27918 12 28178 12 28439 11 28699 11 28960 10 29220 10 29481 9 29741 8 30002 7 30262 6 30523 4
699f2992cd71e2e28cf45f81347ff22e76b37541ce88087742884cd0e9aadc68,50273 7 50532 8 50790 11 51050 11 51309 11 51569 11 51828 11 52088 10 52348 9 52608 7 52869 5 53129 3
699f2992cd71e2e28cf45f81347ff22e76b37541ce88087742884cd0e9aadc68,66141 5 66399 9 66654 14 66913 16 67173 16 67432 17 67692 17 67951 17 68211 17 68472 16 68732 15 68993 14 69255 11 69516 9 69778 6
699f2992cd71e2e28cf45f81347ff22e76b37541ce88087742884cd0e9aadc68,93 11 353 11 613 11 873 10 1134 9 1394 8 1655 5
699f2992cd71e2e28cf45f81347ff22e76b37541ce88087742884cd0e9aadc68,16739 1 16997 16 17256 17 17516 18 17775 19 18036 18 18296 17 18557 16 18820 11 19085 3
699f2992cd71e2e28cf45f81347ff22e76b37541ce88087742884cd0e9aadc68,12846 5 13104 8 13362 11 13622 12 13881 16 14140 23 14400 23 14659 23 14919 23 15178 25 15438 25 15698 24 15958 20 16219 16 16479 13 16740 12
699f2992cd71e2e28cf45f81347ff22e76b37541ce88087742884cd0e9aadc68,13907 6 14163 10 14423 9 14682 10 14942 10 15203 9 15463 10 15727 6 15990 3
699f2992cd71e2e28cf45f81347ff22e76b37541ce88087742884cd0e9aadc68,13913 13 14173 13 14432 15 14692 15 14952 15 15212 14 15473 13 15733 2 15740 5
699f2992cd71e2e28cf45f81347ff22e76b37541ce88087742884cd0e9aadc68,15735 5 15994 7 16254 7 16512 10 16770 17 17029 20 17289 20 17548 22 17809 20 18069 20 18330 18 18595 10
699f2992cd71e2e28cf45f81347ff22e76b37541ce88087742884cd0e9aadc68,45079 5 45338 6 45597 6 45857 6 46116 7 46377 6 46637 7 46899 5
699f2992cd71e2e28cf45f81347ff22e76b37541ce88087742884cd0e9aadc68,44828 3 45084 10 45344 11 45603 12 45863 13 46123 13 46383 13 46644 11 46904 11
699f2992cd71e2e28cf45f81347ff22e76b37541ce88087742884cd0e9aadc68,70826 1 71084 2 71343 3 71602 4 71862 5 72121 6 72381 7 72641 8 72902 8 73162 5 73423 2
699f2992cd71e2e28cf45f81347ff22e76b37541ce88087742884cd0e9aadc68,73167 5 73425 7 73684 10 73944 12 74203 14 74461 16 74720 18 74979 19 75238 20 75498 19 75757 20 76017 19 76277 16 76537 14 76798 12 77058 10 77320 7
699f2992cd71e2e28cf45f81347ff22e76b37541ce88087742884cd0e9aadc68,69277 4 69533 9 69791 11 70049 14 70308 15 70567 16 70827 15 71086 16 71346 15 71606 14 71867 12 72127 11 72388 9 72649 6 72910 4
699f2992cd71e2e28cf45f81347ff22e76b37541ce88087742884cd0e9aadc68,106 4 364 11 624 11 883 13 1143 13 1404 12 1664 12 1924 11 2185 10 2445 9 2707 6
699f2992cd71e2e28cf45f81347ff22e76b37541ce88087742884cd0e9aadc68,5832 5 6089 13 6348 17 6608 18 6867 20 7127 21 7387 21 7647 22 7908 21 8168 20 8430 18 8692 15 8958 5
699f2992cd71e2e28cf45f81347ff22e76b37541ce88087742884cd0e9aadc68,35734 2 35993 4 36252 6 36512 6 36772 5 37033 3
699f2992cd71e2e28cf45f81347ff22e76b37541ce88087742884cd0e9aadc68,37813 2 38072 4 38332 4 38592 4 38853 1
699f2992cd71e2e28cf45f81347ff22e76b37541ce88087742884cd0e9aadc68,38603 8 38860 12 39118 15 39378 15 39637 17 39897 17 40157 18 40417 18 40677 17 40938 16 41198 16 41460 13 41721 12 41982 10 42244 5
699f2992cd71e2e28cf45f81347ff22e76b37541ce88087742884cd0e9aadc68,53427 4 53685 8 53944 9 54203 11 54462 12 54722 12 54981 13 55241 13 55500 14 55760 13 56019 14 56279 14 56539 14 56799 15 57059 14 57319 14 57579 14 57839 14 58099 14 58360 12 58620 12 58881 10 59141 10 59402 8 59663 6
699f2992cd71e2e28cf45f81347ff22e76b37541ce88087742884cd0e9aadc68,11050 5 11309 6 11569 7 11828 8 12088 8 12349 6 12609 6 12870 4
699f2992cd71e2e28cf45f81347ff22e76b37541ce88087742884cd0e9aadc68,78651 9 78909 13 79169 13 79428 15 79688 15 79948 15 80209 14 80469 14 80730 13 80991 11 81253 9 81517 4
699f2992cd71e2e28cf45f81347ff22e76b37541ce88087742884cd0e9aadc68,35247 3 35503 8 35759 13 36017 15 36276 17 36536 17 36795 17 37055 17 37314 17 37574 16 37835 14 38095 12 38356 8
699f2992cd71e2e28cf45f81347ff22e76b37541ce88087742884cd0e9aadc68,3782 8 4040 10 4299 10 4559 10 4818 12 5078 12 5339 12 5599 12 5861 11
699f2992cd71e2e28cf45f81347ff22e76b37541ce88087742884cd0e9aadc68,3531 7 3790 9 4050 9 4309 11 4569 11 4830 9 5090 9 5351 7 5611 5
699f2992cd71e2e28cf45f81347ff22e76b37541ce88087742884cd0e9aadc68,63583 5 63842 6 64101 8 64361 8 64620 9 64880 8 65139 9 65399 8 65660 7 65920 6 66181 4
699f2992cd71e2e28cf45f81347ff22e76b37541ce88087742884cd0e9aadc68,39927 7 40185 12 40443 19 40702 19 40961 21 41221 21 41480 23 41740 25 42000 24 42261 22 42521 21 42782 17 43043 12 43304 8
699f2992cd71e2e28cf45f81347ff22e76b37541ce88087742884cd0e9aadc68,36565 7 36824 10 37084 10 37343 12 37603 12 37863 13 38123 13 38383 13 38643 6 38655 1 38904 1 38915 1 39164 1
699f2992cd71e2e28cf45f81347ff22e76b37541ce88087742884cd0e9aadc68,38649 6 38905 10 39165 11 39424 12 39684 13 39943 14 40202 15 40462 14 40721 15 40982 12 41242 11 41503 5
699f2992cd71e2e28cf45f81347ff22e76b37541ce88087742884cd0e9aadc68,67748 8 68006 11 68265 12 68523 15 68782 16 69041 16 69301 16 69560 16 69820 15 70080 15 70341 13 70601 12 70862 9 71124 3
699f2992cd71e2e28cf45f81347ff22e76b37541ce88087742884cd0e9aadc68,48766 9 49025 11 49285 12 49544 13 49804 14 50065 13 50325 13 50586 11 50848 9 51110 6
699f2992cd71e2e28cf45f81347ff22e76b37541ce88087742884cd0e9aadc68,8731 3 8989 9 9247 10 9507 10 9766 12 10026 12 10287 12 10547 14 10808 14 11068 15 11328 16 11588 17 11849 16 12109 17 12370 16 12631 14 12896 9 13159 5
699f2992cd71e2e28cf45f81347ff22e76b37541ce88087742884cd0e9aadc68,7702 1 7961 2 8220 2 8479 3 8738 4 8998 5 9257 6 9517 7 9778 6 10038 8 10299 6
699f2992cd71e2e28cf45f81347ff22e76b37541ce88087742884cd0e9aadc68,7186 7 7444 9 7703 11 7963 11 8222 12 8482 11 8742 11 9003 9 9263 8 9524 6 9784 4
699f2992cd71e2e28cf45f81347ff22e76b37541ce88087742884cd0e9aadc68,87258 3 87517 9 87777 9 88036 11 88296 11 88556 11 88816 10 89076 10 89335 10 89595 10 89855 10 90115 10
699f2992cd71e2e28cf45f81347ff22e76b37541ce88087742884cd0e9aadc68,2247 6 2506 5 2766 4 3025 5 3286 3 3546 3 3807 3 4069 1
699f2992cd71e2e28cf45f81347ff22e76b37541ce88087742884cd0e9aadc68,1217 9 1476 11 1736 11 1995 13 2255 13 2511 17 2770 18 3030 17 3289 18 3549 19 3810 19 4070 21 4334 17 4595 17 4856 16 5117 16 5378 14 5639 13 5901 10 6164 5
699f2992cd71e2e28cf45f81347ff22e76b37541ce88087742884cd0e9aadc68,23060 10 23318 14 23577 16 23836 17 24095 19 24353 21 24612 22 24871 23 25131 23 25390 23 25650 23 25910 22 26171 20 26431 19 26692 16 26954 12 27216 9
699f2992cd71e2e28cf45f81347ff22e76b37541ce88087742884cd0e9aadc68,42299 3 42557 8 42816 9 43074 12 43333 13 43592 15 43852 14 44111 15 44371 14 44630 15 44891 13 45151 12 45412 9
699f2992cd71e2e28cf45f81347ff22e76b37541ce88087742884cd0e9aadc68,10836 10 11094 14 11354 14 11613 16 11873 16 12134 15 12394 14 12655 13 12919 8 13182 3
699f2992cd71e2e28cf45f81347ff22e76b37541ce88087742884cd0e9aadc68,52702 5 52958 9 53217 11 53475 13 53735 14 53994 16 54254 17 54514 18 54774 18 55035 18 55295 19 55561 13 55821 14 56081 14 56341 8 56602 2 56862 2
699f2992cd71e2e28cf45f81347ff22e76b37541ce88087742884cd0e9aadc68,56349 7 56604 12 56864 13 57123 15 57383 15 57644 15 57904 15 58165 14 58425 13 58686 12 58947 10
699f2992cd71e2e28cf45f81347ff22e76b37541ce88087742884cd0e9aadc68,18379 4 18638 7 18897 9 19157 10 19416 11 19676 12 19936 12 20197 11 20457 10 20718 9 20978 8 21240 6 21502 3
699f2992cd71e2e28cf45f81347ff22e76b37541ce88087742884cd0e9aadc68,46203 4 46461 7 46719 10 46978 12 47238 12 47497 14 47757 14 48017 14 48277 14 48537 14 48796 15 49056 14 49317 13 49577 13 49838 11 50098 11 50359 9 50621 5
699f2992cd71e2e28cf45f81347ff22e76b37541ce88087742884cd0e9aadc68,39443 1 39700 4 39959 4 40219 4 40478 6 40739 5 40999 6 41261 6
699f2992cd71e2e28cf45f81347ff22e76b37541ce88087742884cd0e9aadc68,39186 2 39444 4 39704 3 39963 4 40223 5 40484 4 40744 5 41005 4
699f2992cd71e2e28cf45f81347ff22e76b37541ce88087742884cd0e9aadc68,39188 8 39448 10 39707 11 39967 12 40228 10 40488 10 40749 8 41009 7
699f2992cd71e2e28cf45f81347ff22e76b37541ce88087742884cd0e9aadc68,31646 6 31905 7 32164 9 32423 10 32683 11 32942 12 33202 12 33462 11 33722 11 33983 9 34243 9 34504 7 34765 4
699f2992cd71e2e28cf45f81347ff22e76b37541ce88087742884cd0e9aadc68,49333 4 49591 6 49851 5 50110 6 50371 5 50631 5 50892 5 51154 3
699f2992cd71e2e28cf45f81347ff22e76b37541ce88087742884cd0e9aadc68,49080 3 49337 7 49597 7 49856 9 50116 9 50376 8 50636 8 50897 6 51157 3
699f2992cd71e2e28cf45f81347ff22e76b37541ce88087742884cd0e9aadc68,456 5 716 5 975 5 1235 5 1495 5 1756 5 2016 5 2275 7 2535 6 2795 5 3056 3 3316 3
699f2992cd71e2e28cf45f81347ff22e76b37541ce88087742884cd0e9aadc68,207 5 461 12 721 12 980 13 1240 12 1500 12 1761 9 2021 7
699f2992cd71e2e28cf45f81347ff22e76b37541ce88087742884cd0e9aadc68,87044 6 87302 10 87560 15 87819 18 88078 20 88337 22 88597 22 88856 24 89116 25 89376 25 89637 25 89897 25 90159 23
699f2992cd71e2e28cf45f81347ff22e76b37541ce88087742884cd0e9aadc68,30100 7 30359 9 30618 10 30878 11 31137 12 31397 12 31657 12 31917 13 32177 13 32437 13 32697 14 32958 13 33218 13 33478 13 33738 13 33998 13 34258 12 34518 12 34779 10 35039 9 35300 7 35561 4
699f2992cd71e2e28cf45f81347ff22e76b37541ce88087742884cd0e9aadc68,62862 9 63118 14 63378 14 63637 16 63897 16 64157 16 64417 15 64678 14 64938 13 65200 3 65207 2
699f2992cd71e2e28cf45f81347ff22e76b37541ce88087742884cd0e9aadc68,65203 4 65462 5 65722 8 65980 12 66239 14 66498 15 66758 16 67017 17 67277 17 67537 16 67798 15 68058 14 68319 12 68581 9 68843 5
699f2992cd71e2e28cf45f81347ff22e76b37541ce88087742884cd0e9aadc68,76903 2 77162 2 77421 3 77681 3 77940 4 78200 5 78459 6 78719 7 78979 8 79239 11 79499 10 79760 9 80020 8 80281 6
699f2992cd71e2e28cf45f81347ff22e76b37541ce88087742884cd0e9aadc68,75868 2 76127 2 76386 3 76645 5 76905 5 77164 7 77424 8 77684 9 77944 11 78205 9 78465 9 78726 7 78987 5
699f2992cd71e2e28cf45f81347ff22e76b37541ce88087742884cd0e9aadc68,73797 5 74055 8 74314 9 74573 11 74832 12 75091 13 75351 13 75610 14 75870 14 76129 14 76389 14 76650 12 76910 11 77171 9 77432 6 77693 3
699f2992cd71e2e28cf45f81347ff22e76b37541ce88087742884cd0e9aadc68,3585 6 3845 9 4104 11 4364 11 4624 12 4884 12 5144 12 5403 13 5663 13 5923 12 6183 12 6443 11 6704 10 6964 9 7225 8 7486 6 7747 5
699f2992cd71e2e28cf45f81347ff22e76b37541ce88087742884cd0e9aadc68,44413 8 44673 9 44932 9 45192 9 45452 9 45712 9 45972 10 46232 10 46491 11 46750 12 47010 13 47269 14 47529 16 47789 15 48050 12 48310 6
699f2992cd71e2e28cf45f81347ff22e76b37541ce88087742884cd0e9aadc68,44422 6 44682 5 44941 6 45201 6 45461 6 45721 6 45982 5 46242 5 46502 5 46762 6 47023 5 47283 3
699f2992cd71e2e28cf45f81347ff22e76b37541ce88087742884cd0e9aadc68,44168 8 44428 10 44687 12 44947 12 45207 13 45467 13 45727 13 45987 13 46247 12 46507 12 46768 10 47028 8
699f2992cd71e2e28cf45f81347ff22e76b37541ce88087742884cd0e9aadc68,8276 10 8535 13 8795 13 9054 15 9314 16 9574 16 9835 16 10095 16 10356 16 10617 15 10878 15 11138 15 11399 13 11660 12 11925 6 12187 3
699f2992cd71e2e28cf45f81347ff22e76b37541ce88087742884cd0e9aadc68,36629 1 36887 3 37146 3 37404 5 37661 8 37919 11 38178 12 38438 12 38697 14 38956 15 39216 18 39475 18 39735 18 39994 18 40254 17 40514 17 40774 16 41035 14 41295 13 41556 10 41818 4
699f2992cd71e2e28cf45f81347ff22e76b37541ce88087742884cd0e9aadc68,36114 3 36371 7 36630 9 36890 9 37149 11 37409 11 37669 11 37930 10 38190 9 38450 9 38711 7 38971 5
699f2992cd71e2e28cf45f81347ff22e76b37541ce88087742884cd0e9aadc68,58196 1 58456 1 58467 1 58716 5 58976 11 59236 11 59496 10 59756 10 60017 8 60277 8 60538 5
699f2992cd71e2e28cf45f81347ff22e76b37541ce88087742884cd0e9aadc68,55858 1 56117 2 56377 6 56636 13 56896 13 57156 13 57416 13 57676 12 57936 12 58197 11 58457 10 58721 6
699f2992cd71e2e28cf45f81347ff22e76b37541ce88087742884cd0e9aadc68,53262 8 53521 10 53780 11 54040 12 54299 13 54559 13 54819 12 55079 12 55339 12 55598 13 55859 11 56119 11 56383 6
699f2992cd71e2e28cf45f81347ff22e76b37541ce88087742884cd0e9aadc68,78222 8 78480 10 78738 13 78997 14 79257 14 79516 15 79776 14 80036 14 80296 13 80557 7 80817 6 81079 3
699f2992cd71e2e28cf45f81347ff22e76b37541ce88087742884cd0e9aadc68,80564 4 80823 5 81082 7 81342 11 81601 13 81860 15 82120 15 82379 17 82639 17 82899 17 83160 16 83420 15 83682 13 83944 10 84208 4
699f2992cd71e2e28cf45f81347ff22e76b37541ce88087742884cd0e9aadc68,27789 6 28048 11 28307 12 28566 12 28826 12 29085 13 29345 13 29605 13 29865 13 30126 12 30386 12 30648 10 30909 9 31169 9 31430 8 31690 8 31951 7 32213 6 32476 3
699f2992cd71e2e28cf45f81347ff22e76b37541ce88087742884cd0e9aadc68,27802 9 28059 14 28319 15 28578 16 28838 17 29098 16 29358 16 29618 15 29878 15 30138 14 30398 14 30658 13 30918 12 31178 12 31438 12 31698 12 31958 12 32219 11 32479 4 32484 6 32746 1 33006 1
699f2992cd71e2e28cf45f81347ff22e76b37541ce88087742884cd0e9aadc68,62896 5 63152 9 63408 14 63667 17 63927 18 64186 19 64446 20 64706 20 64966 20 65227 18 65487 18 65748 16 66009 13 66271 10 66535 4
699f2992cd71e2e28cf45f81347ff22e76b37541ce88087742884cd0e9aadc68,13494 5 13753 8 14013 10 14272 12 14532 13 14792 13 15051 15 15310 16 15569 17 15828 18 16088 18 16347 18 16607 18 16867 17 17127 17 17387 16 17648 14 17908 12 18169 9 18430 7
699f2992cd71e2e28cf45f81347ff22e76b37541ce88087742884cd0e9aadc68,19221 6 19478 9 19737 11 19995 13 20254 14 20512 15 20772 15 21031 15 21291 14 21550 13 21810 12 22071 9 22331 7 22593 3
699f2992cd71e2e28cf45f81347ff22e76b37541ce88087742884cd0e9aadc68,87860 4 88118 7 88375 12 88632 15 88891 17 89151 17 89410 18 89670 19 89930 18 90190 18
699f2992cd71e2e28cf45f81347ff22e76b37541ce88087742884cd0e9aadc68,233 17 493 18 754 17 1014 16 1275 16 1536 15 1796 15 2057 15 2317 15 2578 13 2839 12 3102 8
699f2992cd71e2e28cf45f81347ff22e76b37541ce88087742884cd0e9aadc68,83439 4 83696 9 83956 10 84215 11 84475 12 84734 13 84994 12 85254 12 85514 11 85775 9 86035 8
699f2992cd71e2e28cf45f81347ff22e76b37541ce88087742884cd0e9aadc68,56923 5 57179 10 57438 11 57697 13 57957 13 58216 14 58476 14 58736 13 58997 2 59008 1 59257 2
699f2992cd71e2e28cf45f81347ff22e76b37541ce88087742884cd0e9aadc68,58999 9 59259 9 59518 11 59779 10 60038 12 60298 13 60557 14 60817 15 61077 15 61337 15 61597 15 61857 14 62118 13 62378 12 62639 9
699f2992cd71e2e28cf45f81347ff22e76b37541ce88087742884cd0e9aadc68,7016 4 7275 6 7534 7 7793 8 8052 9 8309 12 8567 14 8825 16 9084 17 9343 18 9603 18 9862 19 10122 19 10382 19 10643 18 10903 17 11166 14 11429 6
699f2992cd71e2e28cf45f81347ff22e76b37541ce88087742884cd0e9aadc68,32747 3 33007 3 33266 6 33526 4 33786 4 34046 3 34307 3 34567 3
699f2992cd71e2e28cf45f81347ff22e76b37541ce88087742884cd0e9aadc68,33530 9 33790 9 34049 11 34310 10 34570 10 34833 7 35092 9 35350 11 35608 13 35868 13 36127 14 36388 13 36648 13 36909 3
699f2992cd71e2e28cf45f81347ff22e76b37541ce88087742884cd0e9aadc68,50178 3 50437 4 50694 7 50954 7 51213 8 51473 8 51733 8 51993 8 52254 6
699f2992cd71e2e28cf45f81347ff22e76b37541ce88087742884cd0e9aadc68,61877 3 62136 5 62395 6 62655 6 62914 7 63174 7 63433 8 63693 8 63954 7 64214 7 64475 6 64736 5 64997 4 65259 2
699f2992cd71e2e28cf45f81347ff22e76b37541ce88087742884cd0e9aadc68,89177 2 89436 4 89695 5 89955 5 90216 4
699f2992cd71e2e28cf45f81347ff22e76b37541ce88087742884cd0e9aadc68,17419 1 17678 2 17937 3 18197 3 18457 4 18717 4 18977 4 19238 2
78a981bd27ba0c65a9169548665a17bda9f49050d0d3893a6567d1eb92cd003d,1 20 521 20 1041 20 1561 20 2081 20 2601 19 3121 19 3641 18 4161 17 4681 16 5201 12 5721 8 6241 6
78a981bd27ba0c65a9169548665a17bda9f49050d0d3893a6567d1eb92cd003d,9368 2 9881 8 10401 8 10921 8 11441 8 11961 8 12481 8 13001 9 13521 9 14041 9 14561 9 15081 9 15601 9 16121 9 16641 10 17161 10 17681 12 18201 11 18721 9 19241 8 19761 5
78a981bd27ba0c65a9169548665a17bda9f49050d0d3893a6567d1eb92cd003d,7297 7 7815 12 8332 17 8850 20 9370 21 9889 22 10409 23 10929 23 11449 23 11969 23 12489 23 13010 21 13530 21 14050 20 14570 19 15090 18 15610 15 16130 11 16651 4 17171 3
78a981bd27ba0c65a9169548665a17bda9f49050d0d3893a6567d1eb92cd003d,25483 4 26001 16 26521 19 27041 21 27561 22 28081 24 28601 25 29121 25 29641 26 30161 26 30681 26 31201 26 31721 26 32241 25 32761 25 33281 24 33801 24 34326 18 34849 15 35371 11 35894 5
78a981bd27ba0c65a9169548665a17bda9f49050d0d3893a6567d1eb92cd003d,49401 2 49921 3 50441 4 50961 4 51481 5 52001 6 52521 6 53041 6 53561 5 54081 5 54601 4 55121 4 55641 5 56161 5 56681 4
78a981bd27ba0c65a9169548665a17bda9f49050d0d3893a6567d1eb92cd003d,51493 8 52010 13 52527 18 53047 19 53566 21 54086 21 54605 23 55125 23 55646 22 56166 22 56688 19 57209 18 57731 15 58252 13 58774 10 59295 7
78a981bd27ba0c65a9169548665a17bda9f49050d0d3893a6567d1eb92cd003d,58241 2 58761 3 59281 4 59801 4 60321 5 60841 5 61361 5 61881 5 62401 5 62921 14 63441 15 63961 16 64481 17 65001 17 65521 18 66041 18 66561 19 67081 19 67601 19 68121 19 68641 20 69163 18 69684 16 70205 15 70726 13 71248 9
78a981bd27ba0c65a9169548665a17bda9f49050d0d3893a6567d1eb92cd003d,76961 4 77481 4 78001 5 78521 5 79041 6 79561 6 80081 7 80601 7 81121 8 81641 8 82161 8 82681 8 83201 8 83721 7 84241 7 84761 6 85281 4
78a981bd27ba0c65a9169548665a17bda9f49050d0d3893a6567d1eb92cd003d,86330 11 86843 19 87361 22 87881 22 88401 23 88921 23 89441 23 89961 23 90481 23 91001 22 91521 22 92041 21 92561 21 93081 20 93601 19 94122 17 94644 14 95166 11
78a981bd27ba0c65a9169548665a17bda9f49050d0d3893a6567d1eb92cd003d,101926 8 102442 15 102961 16 103481 17 104001 17 104521 17 105041 17 105561 17 106081 17 106601 17 107121 17 107641 17 108161 17 108681 17 109201 16 109721 16 110241 16 110761 15 111281 15 111801 14 112321 12 112841 9 113361 7 113881 6 114401 6 114921 6 115441 6 115961 6 116481 6 117001 5 117521 5 118041 4 118561 4 119081 5 119601 3 120121 3 120641 2 121161 3 121167 1 121681 3 121687 1 122201 3 122207 1 122721 2 123241 3 123247 1 123761 3 124281 6 124803 3 125324 1
78a981bd27ba0c65a9169548665a17bda9f49050d0d3893a6567d1eb92cd003d,119604 3 120124 3 120643 5 121164 3
78a981bd27ba0c65a9169548665a17bda9f49050d0d3893a6567d1eb92cd003d,121684 3 122204 3 122723 5 123244 3 123764 3
78a981bd27ba0c65a9169548665a17bda9f49050d0d3893a6567d1eb92cd003d,124801 2 125321 3 125841 3 126361 7 126881 11 127401 13 127921 15 128441 16 128961 17 129481 17 130001 18 130521 18 131041 19 131561 19 132081 19 132601 19 133121 19 133641 19 134161 19 134681 19 135201 19 135721 18 136241 18 136761 17 137281 17 137801 16 138321 15 138841 14 139361 11 139881 9
78a981bd27ba0c65a9169548665a17bda9f49050d0d3893a6567d1eb92cd003d,147161 4 147681 5 148201 5 148721 6 149241 6 149761 6 150281 6 150801 6 151321 6 151841 6 152361 6 152881 5 153401 5 153921 4 154441 4
78a981bd27ba0c65a9169548665a17bda9f49050d0d3893a6567d1eb92cd003d,170565 5 171082 10 171601 11 172121 12 172641 12 173161 12 173681 12 174201 12 174721 12 175241 11 175761 11 176281 9
78a981bd27ba0c65a9169548665a17bda9f49050d0d3893a6567d1eb92cd003d,158618 2 159137 3 159655 10 160173 19 160692 20 161211 20 161729 22 162249 21 162768 22 163288 21 163807 21 164328 18 164848 17 165369 14 165891 10
78a981bd27ba0c65a9169548665a17bda9f49050d0d3893a6567d1eb92cd003d,150308 5 150826 8 151345 10 151864 11 152383 13 152902 14 153421 15 153941 15 154460 16 154980 16 155500 16 156020 16 156540 15 157060 15 157579 15 158099 15 158620 14 159140 13 159665 8
78a981bd27ba0c65a9169548665a17bda9f49050d0d3893a6567d1eb92cd003d,73336 10 73854 14 74373 16 74892 19 75412 20 75931 22 76451 22 76971 23 77491 23 78011 23 78532 22 79052 21 79573 20 80093 19 80614 18 81135 16 81655 15 82176 13 82698 10 83219 8 83741 4
78a981bd27ba0c65a9169548665a17bda9f49050d0d3893a6567d1eb92cd003d,114938 6 115456 9 115975 10 116495 11 117014 12 117534 11 118055 10 118575 9 119097 6
78a981bd27ba0c65a9169548665a17bda9f49050d0d3893a6567d1eb92cd003d,40581 4 41099 7 41619 7 42138 9 42658 8 43179 4 43699 3 44220 2
78a981bd27ba0c65a9169548665a17bda9f49050d0d3893a6567d1eb92cd003d,43183 3 43702 4 44222 5 44741 8 45261 9 45781 11 46300 13 46820 13 47339 15 47859 15 48379 16 48900 15 49420 15 49941 13 50462 12 50983 10 51505 8
78a981bd27ba0c65a9169548665a17bda9f49050d0d3893a6567d1eb92cd003d,94673 3 95190 6 95708 9 96227 10 96746 15 97266 21 97785 22 98305 23 98825 25 99345 29 99865 31 100385 32 100905 32 101425 33 101946 31 102466 31 102986 30 103506 29 104025 28 104545 25 105064 25 105584 25 106104 25 106623 27 107143 24 107663 23 108183 17 108704 11 109224 10 109745 8 110266 7 110787 5 111310 2
78a981bd27ba0c65a9169548665a17bda9f49050d0d3893a6567d1eb92cd003d,85845 3 86364 4 86883 6 87403 6 87922 8 88441 9 88960 11 89479 13 89998 16 90517 17 91037 18 91556 19 92076 18 92596 18 93116 17 93637 16 94156 16 94676 16 95196 15 95717 13 96237 12 96761 7
78a981bd27ba0c65a9169548665a17bda9f49050d0d3893a6567d1eb92cd003d,107167 4 107686 7 108200 15 108715 21 109234 24 109753 26 110273 27 110792 29 111312 29 111833 29 112353 29 112873 30 113393 30 113913 31 114433 31 114953 31 115473 31 115993 31 116513 31 117034 29 117554 29 118075 27 118596 25 119117 22 119639 17 120162 11 120686 3
78a981bd27ba0c65a9169548665a17bda9f49050d0d3893a6567d1eb92cd003d,35 19 554 20 1074 20 1594 20 2113 21 2633 22 3151 24 3670 25 4190 25 4709 25 5229 25 5749 24 6270 22 6790 21 7312 18 7834 15 8355 12 8876 9 9398 5
78a981bd27ba0c65a9169548665a17bda9f49050d0d3893a6567d1eb92cd003d,30199 8 30717 13 30733 1 31236 18 31755 18 32274 19 32794 19 33313 21 33833 21 34352 23 34872 23 35392 25 35912 25 36432 24 36952 24 37473 22 37993 22 38513 21 39034 20 39554 19 40075 17 40595 16 41117 12 41639 7
78a981bd27ba0c65a9169548665a17bda9f49050d0d3893a6567d1eb92cd003d,29177 7 29696 10 30215 12 30734 13 31254 14 31773 15 32293 15 32813 15 33334 13 33854 13 34375 9 34895 5
78a981bd27ba0c65a9169548665a17bda9f49050d0d3893a6567d1eb92cd003d,54125 11 54642 14 55160 17 55679 19 56198 20 56718 20 57237 21 57757 22 58276 20 58796 20 59315 20 59835 19 60355 19 60875 18 61395 17 61916 15 62436 15 62956 14 63477 12 63997 12 64518 10 65038 10 65560 7 66087 1
78a981bd27ba0c65a9169548665a17bda9f49050d0d3893a6567d1eb92cd003d,58296 4 58816 6 59335 10 59854 13 60374 13 60893 15 61412 16 61931 17 62451 18 62970 18 63489 19 64009 19 64528 20 65048 20 65567 21 66088 19 66608 19 67129 18 67649 17 68170 16 68691 14 69212 11 69734 8
78a981bd27ba0c65a9169548665a17bda9f49050d0d3893a6567d1eb92cd003d,130565 4 131084 5 131603 7 131613 1 132122 13 132642 13 133161 15 133681 15 134201 15 134721 14 135242 13 135762 13 136281 13 136801 13 137322 11 137842 10 138363 8 138885 4
78a981bd27ba0c65a9169548665a17bda9f49050d0d3893a6567d1eb92cd003d,122768 3 123286 7 123805 9 124324 11 124338 1 124844 14 125363 15 125884 15 126404 15 126925 16 127446 15 127967 14 128487 11 129008 9 129528 8 130048 8 130569 6 131089 4 131610 3
78a981bd27ba0c65a9169548665a17bda9f49050d0d3893a6567d1eb92cd003d,128498 3 129017 10 129536 12 130056 12 130575 14 131096 12 131616 12 132136 11 132657 9 133177 8 133698 6
78a981bd27ba0c65a9169548665a17bda9f49050d0d3893a6567d1eb92cd003d,117596 6 118113 11 118631 15 119149 18 119668 20 120187 22 120706 24 121225 26 121745 26 122264 28 122783 29 123301 32 123819 34 124339 34 124858 35 125378 34 125899 33 126419 32 126947 23 127469 20 127990 18 128511 15 129033 11 129557 3
78a981bd27ba0c65a9169548665a17bda9f49050d0d3893a6567d1eb92cd003d,53630 5 54150 7 54669 8 55189 9 55708 10 56225 12 56746 11 57267 8
78a981bd27ba0c65a9169548665a17bda9f49050d0d3893a6567d1eb92cd003d,41666 16 42184 20 42703 22 43223 25 43742 27 44262 28 44781 30 45301 30 45821 31 46340 32 46860 32 47379 32 47899 32 48419 31 48939 30 49459 29 49978 28 50498 21 51018 20 51537 20 52057 19 52576 17 53096 13 53615 15 54136 14 54656 13 55183 6 55704 4
78a981bd27ba0c65a9169548665a17bda9f49050d0d3893a6567d1eb92cd003d,94699 8 95218 9 95737 11 96256 12 96776 12 97295 12 97816 11 98336 10 98857 8 99378 5
78a981bd27ba0c65a9169548665a17bda9f49050d0d3893a6567d1eb92cd003d,142033 6 142551 9 143069 12 143588 13 144107 15 144627 15 145146 16 145666 15 146185 16 146704 16 147223 16 147741 17 148261 15 148780 15 149301 13 149821 6
78a981bd27ba0c65a9169548665a17bda9f49050d0d3893a6567d1eb92cd003d,61 10 581 10 1101 10 1622 9 2142 9 2663 8 3183 8 3704 7 4225 7 4747 5
78a981bd27ba0c65a9169548665a17bda9f49050d0d3893a6567d1eb92cd003d,71 30 591 29 1111 29 1631 27 2151 26 2671 12 2685 11 3191 10 3711 10 4232 8 4752 6
78a981bd27ba0c65a9169548665a17bda9f49050d0d3893a6567d1eb92cd003d,131645 8 132162 13 132679 17 133198 19 133717 20 134236 22 134755 23 135275 24 135794 25 136315 21 136835 18 137356 16 137876 12 138397 11 138919 8 139442 5
78a981bd27ba0c65a9169548665a17bda9f49050d0d3893a6567d1eb92cd003d,148290 2 148808 4 149327 5 149846 6 150365 7 150884 8 151403 10 151922 11 152441 13 152961 13 153480 14 154001 13 154521 14 155042 13 155562 14 156082 11 156603 7 157123 5
78a981bd27ba0c65a9169548665a17bda9f49050d0d3893a6567d1eb92cd003d,147772 1 147779 2 148292 2 148297 6 148812 12 149332 12 149852 13 150372 13 150892 13 151413 11 151933 11 152454 10 152974 9 153494 9 154014 7 154535 5 155055 3
78a981bd27ba0c65a9169548665a17bda9f49050d0d3893a6567d1eb92cd003d,136336 7 136853 12 137372 14 137888 19 138408 20 138927 21 139447 22 139967 22 140488 21 141008 20 141528 20 142048 19 142567 20 143087 19 143608 18 144128 17 144648 17 145169 15 145689 14 146210 11 146731 9 147253 6 147773 6 148294 3
78a981bd27ba0c65a9169548665a17bda9f49050d0d3893a6567d1eb92cd003d,96806 10 97324 13 97843 16 98362 15 98882 15 99401 15 99921 15 100441 15 100961 14 101482 12 102002 12 102523 10 103044 9 103566 7 104089 4 104612 1 105133 1
78a981bd27ba0c65a9169548665a17bda9f49050d0d3893a6567d1eb92cd003d,98377 3 98897 4 99416 7 99936 11 100456 14 100975 16 101494 18 102014 19 102533 20 103053 21 103573 21 104093 19 104613 15 105134 11 105654 10 106175 9 106696 7 107218 5
78a981bd27ba0c65a9169548665a17bda9f49050d0d3893a6567d1eb92cd003d,104112 3 104628 10 105145 15 105664 16 106184 17 106703 18 107223 18 107744 17 108264 17 108784 17 109304 17 109824 18 110344 18 110865 17 111385 17 111905 18 112426 17 112946 16 113467 15 113988 13 114509 12 115030 10 115551 8 116073 4
78a981bd27ba0c65a9169548665a17bda9f49050d0d3893a6567d1eb92cd003d,89027 9 89545 14 90064 15 90583 17 91103 17 91622 19 92142 19 92661 20 93182 19 93702 19 94223 17 94744 16 95264 15 95786 13 96308 8
78a981bd27ba0c65a9169548665a17bda9f49050d0d3893a6567d1eb92cd003d,136368 3 136377 1 136885 14 137404 16 137922 20 138441 22 138960 23 139480 24 139999 25 140519 25 141039 25 141559 25 142079 25 142600 24 143120 24 143641 23 144162 22 144682 21 145204 19 145725 17 146246 15 146769 9 147291 5
78a981bd27ba0c65a9169548665a17bda9f49050d0d3893a6567d1eb92cd003d,126493 6 127011 9 127530 11 128049 12 128568 14 129087 15 129606 16 130125 17 130645 18 131164 19 131684 19 132204 19 132724 18 133245 17 133765 16 134286 14 134807 12 135330 8 135850 7 136371 6
78a981bd27ba0c65a9169548665a17bda9f49050d0d3893a6567d1eb92cd003d,150935 8 151452 13 151969 17 152488 18 153006 21 153526 21 154045 22 154564 23 155083 24 155602 24 156122 24 156641 25 157162 23 157682 23 158203 21 158723 20 159244 18 159764 16 160285 14 160807 10 161330 3
78a981bd27ba0c65a9169548665a17bda9f49050d0d3893a6567d1eb92cd003d,177450 3 177967 6 178486 6 179005 7 179523 9 180043 9 180562 10
78a981bd27ba0c65a9169548665a17bda9f49050d0d3893a6567d1eb92cd003d,177453 4 177973 6 178492 8 179012 10 179029 6 179532 24 180052 24 180572 25
78a981bd27ba0c65a9169548665a17bda9f49050d0d3893a6567d1eb92cd003d,31861 4 32377 13 32895 17 33414 20 33934 21 34453 22 34973 23 35492 24 36012 25 36532 25 37052 25 37573 24 38093 23 38614 22 39135 20 39656 19 40178 16 40699 13 41223 7
78a981bd27ba0c65a9169548665a17bda9f49050d0d3893a6567d1eb92cd003d,117162 4 117669 19 118186 23 118704 26 119224 26 119743 28 120264 27 120784 28 121305 27 121826 26 122347 26 122868 24 123388 23 123909 22 124429 21 124950 20 125470 16 125487 4 125991 13 126513 8
78a981bd27ba0c65a9169548665a17bda9f49050d0d3893a6567d1eb92cd003d,133284 1 133801 4 134318 6 134837 7 135356 8 135875 9 136394 10 136912 12 137431 14 137950 15 138470 15 138989 16 139510 15 140030 16 140551 15 141072 14 141594 7
78a981bd27ba0c65a9169548665a17bda9f49050d0d3893a6567d1eb92cd003d,131734 2 132250 7 132766 11 133285 15 133805 15 134324 16 134844 16 135364 16 135884 16 136404 15 136924 15 137445 13 137965 12 138485 11 139005 10 139525 8 140046 5 140566 3
78a981bd27ba0c65a9169548665a17bda9f49050d0d3893a6567d1eb92cd003d,122892 3 122904 4 123411 7 123422 8 123931 20 124450 21 124970 22 125491 21 126011 21 126532 20 127055 17 127576 16 128097 16 128617 17 129137 17 129657 18 130177 18 130696 18 131216 18 131736 15 132257 4 132777 3
78a981bd27ba0c65a9169548665a17bda9f49050d0d3893a6567d1eb92cd003d,15764 7 16283 10 16802 12 17321 13 17840 15 18359 16 18878 17 19397 18 19914 21 20433 22 20951 24 21471 24 21990 25 22510 25 23029 26 23549 25 24069 25 24590 23 25110 21 25631 18 26154 14 26678 7
78a981bd27ba0c65a9169548665a17bda9f49050d0d3893a6567d1eb92cd003d,51129 3 51647 8 52166 10 52686 11 53205 13 53725 13 54244 15 54764 15 55284 15 55804 15 56324 15 56844 15 57364 15 57884 15 58404 15 58924 14 59444 14 59965 12 60485 11 61006 8
78a981bd27ba0c65a9169548665a17bda9f49050d0d3893a6567d1eb92cd003d,171 22 690 23 1210 23 1731 22 2251 22 2772 21 3292 21 3813 19 4334 18 4856 14 5378 9
78a981bd27ba0c65a9169548665a17bda9f49050d0d3893a6567d1eb92cd003d,28779 9 29298 13 29818 14 30337 15 30857 16 31377 16 31897 15 32418 14 32938 12 33460 7
78a981bd27ba0c65a9169548665a17bda9f49050d0d3893a6567d1eb92cd003d,8506 2 9025 3 9545 2 10064 4 10585 3 11105 4
78a981bd27ba0c65a9169548665a17bda9f49050d0d3893a6567d1eb92cd003d,13192 2 13711 3 14230 15 14749 16 15268 18 15787 19 16306 20 16826 19 17345 20 17865 20 18384 20 18903 21 19423 21 19942 22 20462 21 20982 21 21502 16 22023 15 22543 14 23066 5
78a981bd27ba0c65a9169548665a17bda9f49050d0d3893a6567d1eb92cd003d,4881 8 5400 16 5919 17 6437 20 6955 21 7473 23 7992 22 8508 25 9028 24 9547 24 10068 23 10588 22 11109 20 11633 15 12154 13 12673 13 13194 11 13714 11
78a981bd27ba0c65a9169548665a17bda9f49050d0d3893a6567d1eb92cd003d,21518 4 22038 4 22048 3 22557 15 23077 15 23597 16 24116 17 24635 18 25155 18 25674 18 26195 17 26715 16 27237 13 27758 10 28279 8
78a981bd27ba0c65a9169548665a17bda9f49050d0d3893a6567d1eb92cd003d,44906 4 45424 7 45943 8 46463 9 46982 10 47503 9 48023 9 48544 8 49065 7 49584 8 50104 8 50625 6 51145 6
78a981bd27ba0c65a9169548665a17bda9f49050d0d3893a6567d1eb92cd003d,198 8 719 7 1240 5
78a981bd27ba0c65a9169548665a17bda9f49050d0d3893a6567d1eb92cd003d,61046 8 61565 9 62084 11 62603 12 63121 13 63640 14 64159 16 64678 18 65197 20 65717 21 66236 22 66757 22 67277 22 67797 22 67825 10 68317 23 68342 15 68837 41 69357 41 69876 43 70396 43 70916 42 71436 42 71956 41 72477 40 72997 39 73518 37 74038 35 74558 34 75078 33 75598 32 76118 31 76638 30 77158 29 77677 30 78197 30 78718 30 79238 29 79758 29 80278 28 80798 28 81318 27 81839 25 82359 3 82368 14 82889 12 83410 8 83930 4
78a981bd27ba0c65a9169548665a17bda9f49050d0d3893a6567d1eb92cd003d,40239 1 40758 2 41278 2 41797 4 42317 4 42837 9 43357 16 43877 16 44397 15 44918 14 45438 13 45958 13 46479 11 46999 10 47520 8 48043 3
78a981bd27ba0c65a9169548665a17bda9f49050d0d3893a6567d1eb92cd003d,35568 6 36086 11 36605 11 37124 12 37643 12 38162 13 38682 13 39201 14 39721 14 40240 16 40760 16 41280 16 41801 14 42321 13 42846 8
78a981bd27ba0c65a9169548665a17bda9f49050d0d3893a6567d1eb92cd003d,36616 12 37136 12 37655 14 38175 14 38695 14 39215 13 39735 13 40256 11 40776 10
78a981bd27ba0c65a9169548665a17bda9f49050d0d3893a6567d1eb92cd003d,173883 7 174402 11 174922 11 175441 13 175961 13 176481 13 177001 12 177521 12 178042 10 178562 9 179083 8 179604 6
78a981bd27ba0c65a9169548665a17bda9f49050d0d3893a6567d1eb92cd003d,154129 5 154647 17 155166 20 155686 21 156205 22 156725 23 157246 22 157766 21 158286 21 158806 20 159327 1 159343 2 159847 1
78a981bd27ba0c65a9169548665a17bda9f49050d0d3893a6567d1eb92cd003d,159328 15 159848 16 160367 17 160887 18 161407 18 161925 20 162444 22 162964 22 163483 24 164003 24 164522 25 165042 26 165562 26 166082 26 166603 25 167123 25 167644 23 168165 22 168687 20 169208 19 169729 18 170249 17 170770 16 171290 15 171811 14 172332 12 172853 9 173375 6
78a981bd27ba0c65a9169548665a17bda9f49050d0d3893a6567d1eb92cd003d,136974 8 137491 13 138010 16 138528 19 139048 20 139567 22 140087 22 140607 23 141126 24 141646 25 142166 25 142685 26 143205 26 143724 27 144244 27 144764 27 145284 26 145804 26 146325 24 146845 24 147366 22 147886 21 148407 19 148928 16 149450 13 149971 10 150494 4
78a981bd27ba0c65a9169548665a17bda9f49050d0d3893a6567d1eb92cd003d,175980 10 176499 12 177019 13 177538 14 178058 15 178578 15 179098 15 179619 14 180139 14 180660 12
78a981bd27ba0c65a9169548665a17bda9f49050d0d3893a6567d1eb92cd003d,13225 13 13742 22 14261 26 14780 29 15300 32 15819 34 16339 34 16859 35 17379 35 17900 34 18420 34 18941 32 19461 32 19984 19 20507 8 21029 6 21552 2 22073 1
78a981bd27ba0c65a9169548665a17bda9f49050d0d3893a6567d1eb92cd003d,20003 11 20515 20 21035 22 21554 24 22074 25 22595 25 23115 25 23633 28 24150 31 24668 32 25186 34 25705 34 26224 35 26743 35 27263 34 27782 35 28302 34 28822 33 29343 31 29863 30 30384 28 30905 25 31427 20 31951 13
78a981bd27ba0c65a9169548665a17bda9f49050d0d3893a6567d1eb92cd003d,224 14 743 16 1263 17 1782 18 2302 19 2822 19 3342 19 3861 20 4382 18 4902 18 5423 16 5943 16 6464 14 6985 12 7507 9
78a981bd27ba0c65a9169548665a17bda9f49050d0d3893a6567d1eb92cd003d,110469 8 110986 14 111505 17 112024 19 112544 20 113063 21 113583 22 114102 23 114622 23 115142 23 115662 23 116182 22 116702 22 117222 21 117743 18 118263 17 118784 15 119305 13 119826 11 120348 7
78a981bd27ba0c65a9169548665a17bda9f49050d0d3893a6567d1eb92cd003d,48083 2 48602 3 49121 5 49641 5 50160 7 50680 10 51199 10 51719 6 52238 4 52759 3 53279 2
78a981bd27ba0c65a9169548665a17bda9f49050d0d3893a6567d1eb92cd003d,39763 8 40281 12 40801 12 41320 14 41840 14 42360 15 42881 13 43401 13 43922 6 44444 4
78a981bd27ba0c65a9169548665a17bda9f49050d0d3893a6567d1eb92cd003d,51725 7 52242 10 52762 9 53281 10 53801 10 54322 9 54841 10 55361 11 55880 12 56400 12 56920 12 57439 13 57959 14 58479 14 59000 14 59520 6 59532 1 60041 2 60562 1
78a981bd27ba0c65a9169548665a17bda9f49050d0d3893a6567d1eb92cd003d,43928 6 44448 6 44967 8 45487 8 46007 8 46526 8 47046 8 47565 9 48085 10 48605 10 49126 11 49646 8 50167 4
78a981bd27ba0c65a9169548665a17bda9f49050d0d3893a6567d1eb92cd003d,59526 6 60043 9 60563 11 61082 14 61602 14 62121 16 62641 16 63160 18 63680 19 64200 20 64721 22 65241 22 65762 21 66282 21 66803 20 67324 19 67845 18 68366 17 68887 15 69409 13 69934 6
78a981bd27ba0c65a9169548665a17bda9f49050d0d3893a6567d1eb92cd003d,50696 5 51214 9 51732 12 52252 12 52771 14 53291 11 53811 11 54331 10 54851 9 55372 7 55892 6 56412 6 56932 5 57452 5 57973 3 58493 3
78a981bd27ba0c65a9169548665a17bda9f49050d0d3893a6567d1eb92cd003d,45495 9 46015 9 46534 11 47054 10 47574 10 48095 8 48615 7
78a981bd27ba0c65a9169548665a17bda9f49050d0d3893a6567d1eb92cd003d,53302 4 53822 8 54341 8 54860 9 55379 10 55898 12 56418 12 56937 14 57457 14 57976 17 58496 16 59017 14 59537 14 60057 14 60577 13 61096 14 61616 14 62137 13 62657 12 63178 11 63699 8 64220 5
78a981bd27ba0c65a9169548665a17bda9f49050d0d3893a6567d1eb92cd003d,46561 1 47080 2 47600 5 48119 13 48638 14 49157 16 49675 18 50194 20 50713 21 51233 21 51752 22 52272 22 52791 22 53310 23 53830 22 54349 21 54869 19 55389 18 55910 15 56430 12 56951 8 57471 5
78a981bd27ba0c65a9169548665a17bda9f49050d0d3893a6567d1eb92cd003d,42405 2 42923 3 43442 4 43962 4 44481 6 45001 6 45521 7 46041 8 46562 10 47082 9 47605 6
78a981bd27ba0c65a9169548665a17bda9f49050d0d3893a6567d1eb92cd003d,31512 5 32028 9 32546 12 33063 14 33580 17 34100 16 34619 15 35139 14 35659 12 36178 13 36697 15 37216 17 37735 19 38252 22 38771 24 39290 25 39809 26 40329 25 40848 26 41368 25 41887 25 42407 23 42926 22 43446 20 43966 18 44487 16 45007 14 45528 10 46049 6
78a981bd27ba0c65a9169548665a17bda9f49050d0d3893a6567d1eb92cd003d,2333 3 2851 9 3370 11 3890 10 4409 11 4928 12 5447 13 5965 15 6483 17 7002 19 7522 19 8041 22 8561 22 9081 21 9601 21 10121 21 10641 20 11162 19 11682 18 12203 14 12724 10
78a981bd27ba0c65a9169548665a17bda9f49050d0d3893a6567d1eb92cd003d,265 15 784 18 1303 20 1823 20 2342 22 2861 23 3381 24 3900 25 4420 24 4940 24 5460 24 5980 24 6500 23 7021 22 7541 22 8064 10 8585 2 9106 1
78a981bd27ba0c65a9169548665a17bda9f49050d0d3893a6567d1eb92cd003d,8074 9 8587 18 9107 20 9626 21 10146 20 10667 19 11187 19 11706 20 12226 20 12745 21 13262 24 13781 25 14301 26 14820 27 15340 18 15861 13 16381 11 16903 8
78a981bd27ba0c65a9169548665a17bda9f49050d0d3893a6567d1eb92cd003d,291 18 811 18 1331 18 1852 17 2372 18 2893 17 3413 8 3429 1 3933 2 4454 1
78a981bd27ba0c65a9169548665a17bda9f49050d0d3893a6567d1eb92cd003d,7574 1 7589 1 8093 2 8109 1 8611 19 9127 23 9647 23 10166 24 10686 24 11206 23 11726 23 12246 22 12766 21 13286 19 13806 17 14327 14 14847 11 15369 4
78a981bd27ba0c65a9169548665a17bda9f49050d0d3893a6567d1eb92cd003d,3421 8 3935 15 4455 15 4974 17 5494 17 6014 17 6535 15 7054 16 7575 14 8095 14
78a981bd27ba0c65a9169548665a17bda9f49050d0d3893a6567d1eb92cd003d,35623 1 36662 2 37182 2 37702 7 38222 7 38742 7 39263 6 39783 7 40304 6
78a981bd27ba0c65a9169548665a17bda9f49050d0d3893a6567d1eb92cd003d,28870 6 29387 11 29906 14 30425 16 30945 17 31464 18 31984 19 32504 19 33025 18 33545 18 34066 17 34585 17 35104 18 35624 17 36143 17 36664 15 37184 14 37709 8 38229 8 38749 7 39269 7 39790 4 40310 3
78a981bd27ba0c65a9169548665a17bda9f49050d0d3893a6567d1eb92cd003d,142749 1 143269 2 143281 1 143787 16 144306 19 144826 20 145345 21 145865 22 146385 22 146905 22 147425 22 147946 20 148466 20 148987 18 149508 16 150029 11 150551 5
78a981bd27ba0c65a9169548665a17bda9f49050d0d3893a6567d1eb92cd003d,133394 9 133912 13 134431 15 134950 17 135469 19 135989 19 136508 22 137028 22 137547 24 138067 23 138587 23 139107 22 139626 22 140147 20 140667 19 141188 17 141709 14 142230 12 142750 11 143271 10
78a981bd27ba0c65a9169548665a17bda9f49050d0d3893a6567d1eb92cd003d,44991 2 45510 5 46029 6 46549 7 47069 6 47589 5
78a981bd27ba0c65a9169548665a17bda9f49050d0d3893a6567d1eb92cd003d,19517 4 20035 7 20553 11 21072 12 21591 14 22110 15 22630 16 23149 17 23669 16 24189 16 24709 15 25229 15 25749 14 26270 12 26790 10 27313 4
78a981bd27ba0c65a9169548665a17bda9f49050d0d3893a6567d1eb92cd003d,115202 6 115719 12 116238 15 116757 17 117276 18 117796 19 118315 20 118835 20 119355 19 119876 18 120396 16 120917 10 120931 1 121437 9 121959 6 122481 4
78a981bd27ba0c65a9169548665a17bda9f49050d0d3893a6567d1eb92cd003d,120927 4 121446 5 121965 19 122485 22 123004 26 123524 27 124043 29 124563 30 125083 30 125603 31 126123 31 126643 31 127163 30 127684 29 128204 27 128725 25 129245 22 129767 16 130288 10 130811 5
78a981bd27ba0c65a9169548665a17bda9f49050d0d3893a6567d1eb92cd003d,100137 6 100150 1 100654 16 101173 17 101691 20 102211 20 102729 23 103248 25 103766 30 104284 31 104803 31 105322 32 105841 32 106361 31 106880 32 107400 31 107921 29 108441 29 108962 27 109483 26 110004 24 110525 21 111048 16 111571 10
78a981bd27ba0c65a9169548665a17bda9f49050d0d3893a6567d1eb92cd003d,97556 2 98074 4 98593 4 99112 5 99631 6 100151 6 100670 7 101190 7 101711 6 102231 7 102752 6 103273 6
78a981bd27ba0c65a9169548665a17bda9f49050d0d3893a6567d1eb92cd003d,96522 3 97039 8 97558 9 98078 10 98597 11 99117 12 99637 11 100157 11 100677 11 101197 10 101717 10 102238 7 102758 4
78a981bd27ba0c65a9169548665a17bda9f49050d0d3893a6567d1eb92cd003d,157859 2 158377 4 158895 7 159414 8 159933 10 160453 12 160972 16 161492 19 162011 20 162531 20 163051 20 163571 20 164091 20 164611 20 165131 19 165652 18 166172 18 166693 16 167214 15 167735 13 168256 11 168778 8 169300 4
78a981bd27ba0c65a9169548665a17bda9f49050d0d3893a6567d1eb92cd003d,138108 2 138624 5 139142 8 139661 9 140180 11 140699 13 141218 15 141738 16 142257 18 142777 18 143297 19 143817 19 144338 20 144858 19 145379 2 145395 1
78a981bd27ba0c65a9169548665a17bda9f49050d0d3893a6567d1eb92cd003d,145381 14 145900 15 146420 16 146939 17 147457 20 147975 22 148493 25 149012 26 149530 28 150045 33 150564 35 151084 35 151603 37 152123 37 152643 26 153163 22 153683 21 154203 20 154724 18 155244 18 155765 16 156287 14 156810 6
78a981bd27ba0c65a9169548665a17bda9f49050d0d3893a6567d1eb92cd003d,152669 12 153185 16 153704 18 154223 21 154742 25 155262 25 155781 27 156301 27 156821 26 157342 25 157861 25 158381 25 158902 23 159422 22 159943 20 160465 16 160988 10
78a981bd27ba0c65a9169548665a17bda9f49050d0d3893a6567d1eb92cd003d,136031 2 136551 2 137071 7 137590 15 138110 15 138629 16 139150 15 139670 15 140191 14 140712 13 141233 11 141754 10 142275 8 142795 7 143316 4 143836 3
78a981bd27ba0c65a9169548665a17bda9f49050d0d3893a6567d1eb92cd003d,128242 6 128759 11 129277 14 129796 16 130315 17 130835 18 131354 19 131874 19 132393 20 132913 20 133433 19 133953 19 134473 18 134992 19 135512 18 136033 16 136553 15 137078 9
78a981bd27ba0c65a9169548665a17bda9f49050d0d3893a6567d1eb92cd003d,58012 11 58531 14 59050 17 59570 18 60089 20 60609 20 61128 22 61648 22 62168 22 62688 23 63208 23 63729 22 64249 23 64770 22 65290 22 65811 21 66331 22 66852 21 67373 19 67894 18 68415 16 68935 16 69457 12 69978 10
78a981bd27ba0c65a9169548665a17bda9f49050d0d3893a6567d1eb92cd003d,134454 5 134974 5 135493 7 136013 7 136532 8 137052 8 137572 7 138093 6 138613 4
78a981bd27ba0c65a9169548665a17bda9f49050d0d3893a6567d1eb92cd003d,44511 9 45029 13 45548 15 46068 16 46587 18 47107 18 47627 19 48147 19 48667 19 49188 18 49708 18 50229 16 50750 15 51272 12 51795 7
78a981bd27ba0c65a9169548665a17bda9f49050d0d3893a6567d1eb92cd003d,111082 5 111599 12 112117 19 112636 24 113155 27 113674 30 114194 31 114713 33 115233 33 115754 33 116274 33 116795 32 117317 30 117840 27 118362 25 118883 24 119403 24 119924 23 120444 22 120965 21 121485 20 122006 18 122526 17 123047 14 123569 10 124092 6
78a981bd27ba0c65a9169548665a17bda9f49050d0d3893a6567d1eb92cd003d,52846 4 53363 10 53881 14 54399 17 54918 19 55437 21 55957 21 56476 23 56996 23 57516 23 58035 25 58555 24 59075 24 59596 23 60116 23 60636 23 61157 21 61677 21 62198 19 62719 17 63239 16 63760 14 64282 11 64804 5
78a981bd27ba0c65a9169548665a17bda9f49050d0d3893a6567d1eb92cd003d,175565 10 176080 17 176598 19 177117 21 177637 22 178156 23 178676 23 179196 23 179716 22 180236 22 180755 23
78a981bd27ba0c65a9169548665a17bda9f49050d0d3893a6567d1eb92cd003d,165177 2 165183 4 165695 14 166214 16 166733 19 167252 21 167771 23 168291 23 168810 25 169330 25 169850 25 170371 24 170891 24 171412 23 171933 13 172456 10 172983 2
78a981bd27ba0c65a9169548665a17bda9f49050d0d3893a6567d1eb92cd003d,171946 9 172466 11 172985 12 173506 11 174026 10 174546 11 175065 12 175584 13 176104 13 176623 14 177143 13 177662 14 178181 16 178699 18 179219 18 179738 20 180258 20 180778 21
78a981bd27ba0c65a9169548665a17bda9f49050d0d3893a6567d1eb92cd003d,171444 6 171962 10 172480 13 172997 18 173517 19 174036 21 174557 21 175077 21 175598 21 176118 21 176638 21 177159 20 177679 20 178200 19 178720 19 179240 19 179760 19 180280 19 180800 19
78a981bd27ba0c65a9169548665a17bda9f49050d0d3893a6567d1eb92cd003d,2406 7 2924 12 3443 15 3962 17 4481 18 5001 19 5520 20 6040 21 6559 22 7079 22 7600 22 8120 22 8640 21 9161 20 9681 20 10202 18 10723 17 11244 15 11766 13 12288 10 12810 5
78a981bd27ba0c65a9169548665a17bda9f49050d0d3893a6567d1eb92cd003d,146973 5 147488 12 148008 12 148527 14 149047 14 149568 13 150088 13 150609 11 151129 11 151649 8 152169 7 152688 7 153207 6 153727 6 154246 6 154767 5 155287 5
78a981bd27ba0c65a9169548665a17bda9f49050d0d3893a6567d1eb92cd003d,151657 5 152176 8 152695 9 153213 12 153733 14 154252 18 154772 19 155292 21 155813 20 156333 21 156852 23 157372 23 157892 24 158412 24 158931 26 159451 26 159972 25 160492 25 161012 25 161532 24 162053 23 162573 22 163094 21 163616 18 164137 16 164659 4 164666 6 165179 4
78a981bd27ba0c65a9169548665a17bda9f49050d0d3893a6567d1eb92cd003d,138652 7 139170 11 139689 13 140209 14 140728 16 141248 16 141767 18 142288 17 142808 17 143328 18 143849 16 144369 16 144890 14 145411 12 145934 6
78a981bd27ba0c65a9169548665a17bda9f49050d0d3893a6567d1eb92cd003d,17500 5 18019 7 18539 7 19059 7 19579 6 20100 4
78a981bd27ba0c65a9169548665a17bda9f49050d0d3893a6567d1eb92cd003d,93426 16 93942 23 94459 28 94978 30 95498 30 96017 32 96537 32 97057 32 97577 32 98097 32 98618 30 99138 30 99660 27 100181 26 100702 16 101224 6 101745 5 102267 2
78a981bd27ba0c65a9169548665a17bda9f49050d0d3893a6567d1eb92cd003d,100718 11 101230 18 101750 18 102269 18 102789 18 103310 17 103830 17 104350 17 104870 17 105390 17 105909 18 106429 18 106948 19 107468 19 107988 19 108508 19 109028 19 109549 18 110069 18 110590 17 111111 16 111632 15 112154 14 112675 13 113199 9
78a981bd27ba0c65a9169548665a17bda9f49050d0d3893a6567d1eb92cd003d,101248 9 101768 11 102287 13 102807 15 103327 15 103847 16 104367 16 104887 17 105407 17 105927 17 106447 17 106967 17 107487 18 108007 18 108527 19 109047 20 109567 20 110087 21 110607 21 111127 21 111647 20 112168 19 112688 18 113217 7
78a981bd27ba0c65a9169548665a17bda9f49050d0d3893a6567d1eb92cd003d,140251 5 140766 12 141283 17 141801 20 142320 22 142839 23 143358 25 143878 25 144397 26 144917 26 145436 26 145956 26 146476 25 146995 25 147515 24 148035 23 148556 21 149076 21 149597 19 150117 9 150135 1 150638 1 150655 1 151158 1
78a981bd27ba0c65a9169548665a17bda9f49050d0d3893a6567d1eb92cd003d,150126 9 150639 16 151159 17 151678 18 152198 19 152718 19 153238 19 153758 19 154278 19 154798 19 155319 18 155839 18 156359 18 156880 17 157400 16 157921 15 158441 14 158962 13 159483 11 160005 8 160526 6
78a981bd27ba0c65a9169548665a17bda9f49050d0d3893a6567d1eb92cd003d,70041 7 70560 10 71079 12 71599 13 72118 14 72638 15 73158 15 73678 15 74198 15 74718 15 75238 15 75759 13 76279 13 76800 11 77320 11 77842 7
78a981bd27ba0c65a9169548665a17bda9f49050d0d3893a6567d1eb92cd003d,154305 5 154824 6 155344 6 155864 5 156385 3
78a981bd27ba0c65a9169548665a17bda9f49050d0d3893a6567d1eb92cd003d,157436 7 157953 10 158471 13 158990 14 159510 14 160029 16 160549 16 161068 16 161587 17 162107 17 162626 18 163145 19 163665 19 164184 20 164704 21 165223 22 165743 22 166263 22 166782 23 167302 22 167822 1 167843 1 168342 1 168363 1
78a981bd27ba0c65a9169548665a17bda9f49050d0d3893a6567d1eb92cd003d,167823 20 168343 20 168862 22 169382 22 169902 26 170422 27 170942 27 171462 28 171982 28 172503 26 173023 26 173544 25 174064 24 174585 23 175106 23 175627 21 176150 5 176167 1 176674 1 176687 1
78a981bd27ba0c65a9169548665a17bda9f49050d0d3893a6567d1eb92cd003d,176155 12 176675 12 177194 14 177714 14 178233 15 178753 14 179273 14 179793 14 180313 14 180833 14
78a981bd27ba0c65a9169548665a17bda9f49050d0d3893a6567d1eb92cd003d,142361 8 142878 13 143396 15 143915 17 144434 18 144953 17 145473 17 145992 17 146512 17 147031 17 147551 17 148071 17 148591 17 149111 16 149632 15 150152 15 150673 14 151195 12 151722 5 152246 2
78a981bd27ba0c65a9169548665a17bda9f49050d0d3893a6567d1eb92cd003d,144970 3 145490 7 146009 10 146529 11 147048 12 147568 13 148088 13 148608 13 149127 14 149647 14 150167 14 150687 13 151207 13 151727 12 152248 10 152768 9
78a981bd27ba0c65a9169548665a17bda9f49050d0d3893a6567d1eb92cd003d,17048 4 17567 5 18086 16 18605 17 19125 18 19644 19 20164 20 20683 21 21203 21 21723 21 22243 21 22763 21 23283 21 23803 20 24323 20 24842 20 25362 18 25881 14 26401 12 26921 11 27442 9 27962 8 28484 5
78a981bd27ba0c65a9169548665a17bda9f49050d0d3893a6567d1eb92cd003d,8213 10 8731 14 9250 16 9770 17 10289 18 10809 19 11329 19 11849 19 12369 19 12889 20 13409 20 13930 18 14450 18 14971 17 15492 15 16012 15 16531 15 17052 11 17572 9
78a981bd27ba0c65a9169548665a17bda9f49050d0d3893a6567d1eb92cd003d,83616 3 84131 13 84649 16 85167 20 85685 22 86204 24 86723 25 87242 27 87762 27 88281 29 88801 29 89321 28 89841 28 90362 26 90882 25 91403 23 91924 21 92446 17 92967 14 93490 7
78a981bd27ba0c65a9169548665a17bda9f49050d0d3893a6567d1eb92cd003d,159537 6 160055 9 160574 11 161093 13 161613 13 162132 15 162652 16 163172 16 163692 17 164212 17 164732 18 165252 18 165771 19 166291 19 166811 19 167331 19 167851 19 168372 17 168892 17 169413 15 169934 13 170455 11 170976 8
78a981bd27ba0c65a9169548665a17bda9f49050d0d3893a6567d1eb92cd003d,175144 8 175658 16 176176 19 176695 20 177214 22 177734 22 178253 23 178774 22 179294 22 179813 23 180333 23 180854 21
78a981bd27ba0c65a9169548665a17bda9f49050d0d3893a6567d1eb92cd003d,25383 9 25901 13 26420 16 26939 17 27458 20 27978 20 28497 21 29017 20 29538 19 30058 19 30579 18 31100 17 31621 16 32143 14 32664 13 33184 13 33704 13 34223 14 34743 14 35263 14 35784 14 36304 14 36825 14 37347 10 37869 7
78a981bd27ba0c65a9169548665a17bda9f49050d0d3893a6567d1eb92cd003d,26959 4 27479 4 27998 4 28518 4 29037 4 29557 4 30077 4 30597 4 31117 4 31637 4 32157 4 32677 4 33197 4 33717 4 34237 4 34757 4 35277 4 35798 4 36318 4
78a981bd27ba0c65a9169548665a17bda9f49050d0d3893a6567d1eb92cd003d,28002 4 28522 4 29041 6 29561 6 30081 7 30601 7 31121 8 31641 9 32161 10 32681 10 33201 10 33721 10 34241 10 34761 11 35281 11 35802 11 36322 9
78a981bd27ba0c65a9169548665a17bda9f49050d0d3893a6567d1eb92cd003d,12927 10 13445 14 13963 17 14482 18 15000 21 15519 22 16039 23 16558 24 17078 25 17597 26 18117 27 18638 23 19158 22 19678 17 20199 13 20719 12 21240 10 21761 9 22282 7 22803 6
78a981bd27ba0c65a9169548665a17bda9f49050d0d3893a6567d1eb92cd003d,18661 4 19180 7 19695 13 20212 17 20731 19 21250 20 21770 21 22289 22 22809 23 23329 23 23850 22 24369 23 24889 23 25408 23 25928 23 26447 24 26967 23 27487 23 28006 23 28526 23 29047 21 29567 20 30088 18 30608 17 31129 16 31650 14 32171 12 32691 11 33211 9 33731 8 34251 6 34772 4 35292 3
78a981bd27ba0c65a9169548665a17bda9f49050d0d3893a6567d1eb92cd003d,101307 3 101824 8 102343 10 102862 12 103382 12 103901 14 104421 14 104940 16 105460 16 105979 17 106499 17 107018 17 107538 17 108058 16 108578 16 109097 16 109617 16 110137 15 110658 13 111178 12 111699 10 112220 7
78a981bd27ba0c65a9169548665a17bda9f49050d0d3893a6567d1eb92cd003d,58674 6 59193 7 59713 8 60232 10 60752 8 61271 9 61791 8 62310 9 62830 9 63350 8 63870 7 64390 7 64911 5 65431 5 65952 4 66473 3 66994 2 67515 1 68036 1
78a981bd27ba0c65a9169548665a17bda9f49050d0d3893a6567d1eb92cd003d,60760 3 61280 4 61799 7 62319 7 62839 7 63358 7 63877 8 64397 8 64916 9 65436 9 65956 8 66476 8 66996 8 67516 8 68037 7 68557 8 69079 6
78a981bd27ba0c65a9169548665a17bda9f49050d0d3893a6567d1eb92cd003d,60771 4 61289 6 61807 9 62326 10 62846 10 63365 11 63885 11 64405 10 64925 10 65445 10 65964 8 66484 6 67004 4 67524 3 68044 3 68565 1 69085 1
78a981bd27ba0c65a9169548665a17bda9f49050d0d3893a6567d1eb92cd003d,65972 7 66490 11 67008 16 67527 16 68047 16 68566 17 69086 17 69607 16 70127 16 70646 17 71166 17 71685 18 72205 18 72724 20 73244 20 73763 23 74283 22 74803 22 75323 21 75844 19 76364 18 76885 16 77406 14 77927 11 78449 6
78a981bd27ba0c65a9169548665a17bda9f49050d0d3893a6567d1eb92cd003d,47781 15 48299 18 48819 18 49338 20 49858 20 50378 19 50899 18 51419 9 51434 1 51940 5 52462 3
78a981bd27ba0c65a9169548665a17bda9f49050d0d3893a6567d1eb92cd003d,51428 6 51945 9 52465 10 52984 12 53504 14 54023 17 54542 18 55061 20 55581 20 56100 21 56620 21 57139 22 57659 22 58179 22 58699 22 59219 21 59740 20 60260 20 60781 18 61301 18 61822 4 62343 3 62864 1
78a981bd27ba0c65a9169548665a17bda9f49050d0d3893a6567d1eb92cd003d,61826 14 62346 15 62865 19 63385 19 63906 19 64426 19 64945 20 65465 21 65985 21 66504 23 67024 23 67543 23 68063 23 68583 22 69103 22 69623 21 70143 21 70663 20 71183 19 71703 19 72223 18 72744 15 73264 14
78a981bd27ba0c65a9169548665a17bda9f49050d0d3893a6567d1eb92cd003d,85193 7 85712 9 86232 10 86751 11 87271 13 87791 13 88311 14 88832 14 89352 14 89873 15 90393 16 90912 18 91432 18 91952 19 92472 18 92992 18 93512 17 94032 17 94552 17 95072 17 95592 17 96113 16 96633 16 97154 15 97674 15 98195 15 98717 13
78a981bd27ba0c65a9169548665a17bda9f49050d0d3893a6567d1eb92cd003d,90941 3 91456 12 91974 17 92490 22 93010 23 93529 25 94049 26 94569 26 95089 27 95609 27 96129 27 96649 27 97169 27 97689 26 98210 25 98730 24 99251 22 99774 17
78a981bd27ba0c65a9169548665a17bda9f49050d0d3893a6567d1eb92cd003d,78957 2 79475 5 79994 7 80514 7 81034 7 81555 5 82076 3
78a981bd27ba0c65a9169548665a17bda9f49050d0d3893a6567d1eb92cd003d,136688 10 137206 14 137725 16 138243 19 138763 20 139282 21 139802 22 140321 23 140841 23 141360 24 141880 24 142400 24 142919 25 143439 25 143958 26 144478 26 144997 27 145517 27 146037 27 146558 26 147078 25 147599 24 148119 23 148640 22 149161 20 149682 18 150203 15 150724 10 151246 5
78a981bd27ba0c65a9169548665a17bda9f49050d0d3893a6567d1eb92cd003d,172567 2 173087 2 173606 8 174126 15 174646 14 175166 14 175686 13 176206 13 176726 13 177247 12 177767 11 178288 10 178810 7 179332 3
78a981bd27ba0c65a9169548665a17bda9f49050d0d3893a6567d1eb92cd003d,161648 15 162167 18 162686 20 163206 21 163725 23 164245 24 164766 23 165286 24 165806 25 166327 24 166847 25 167368 24 167888 24 168408 24 168928 24 169448 23 169969 22 170489 21 171009 20 171529 18 172048 18 172569 14 173089 13 173614 7
78a981bd27ba0c65a9169548665a17bda9f49050d0d3893a6567d1eb92cd003d,172587 3 172598 1 173105 14 173624 14 174142 16 174660 18 175180 19 175699 20 176219 21 176739 21 177260 21 177780 18 178301 16 178821 16 179341 16 179861 16 180381 16 180901 16
78a981bd27ba0c65a9169548665a17bda9f49050d0d3893a6567d1eb92cd003d,170524 5 171042 7 171561 8 172080 9 172599 10 173119 10 173638 10 174158 10 174678 9 175199 8 175719 7 176240 5 176760 4
78a981bd27ba0c65a9169548665a17bda9f49050d0d3893a6567d1eb92cd003d,82611 3 83128 8 83647 10 84167 11 84686 13 85206 13 85726 14 86246 14 86766 14 87286 13 87806 13 88327 11 88847 9 89368 7
78a981bd27ba0c65a9169548665a17bda9f49050d0d3893a6567d1eb92cd003d,101858 8 102377 10 102896 12 103415 13 103934 15 104454 15 104973 17 105493 17 106012 17 106532 17 107051 18 107571 17 108092 16 108612 15 109133 13 109654 10
78a981bd27ba0c65a9169548665a17bda9f49050d0d3893a6567d1eb92cd003d,36869 1 37388 1 37906 4 38423 7 38941 10 39459 13 39976 17 40496 21 41015 21 41536 19 42056 18 42577 15 43098 9
78a981bd27ba0c65a9169548665a17bda9f49050d0d3893a6567d1eb92cd003d,32714 2 33232 4 33751 7 34271 21 34790 22 35310 23 35831 22 36350 22 36870 22 37389 21 37910 19 38430 17 38951 11 39472 7 39993 5
78a981bd27ba0c65a9169548665a17bda9f49050d0d3893a6567d1eb92cd003d,23361 10 23880 11 24399 12 24918 12 25438 12 25957 13 26477 13 26997 13 27516 14 28036 14 28556 14 29076 14 29596 14 30116 14 30636 15 31156 15 31676 17 32195 15 32716 8 33236 6 33758 4
78a981bd27ba0c65a9169548665a17bda9f49050d0d3893a6567d1eb92cd003d,23891 4 24411 4 24930 5 25450 5 25970 5 26490 5 27010 5 27530 5 28050 5 28570 5 29090 5 29610 5 30130 5 30651 5 31171 5
78a981bd27ba0c65a9169548665a17bda9f49050d0d3893a6567d1eb92cd003d,13517 4 14037 4 14556 5 15076 5 15595 6 16115 6 16635 6 17154 7 17674 7 18193 8 18713 8 19232 9 19752 9 20264 17 20780 21 21298 23 21817 24 22337 24 22856 25 23376 25 23895 26 24415 26 24935 26 25455 26 25975 26 26495 26 27015 26 27535 26 28055 26 28575 26 29095 26 29615 26 30135 26 30656 25 31176 25 31698 23 32218 23 32739 22 33262 19 33784 17 34305 16 34827 14 35348 13 35870 11 36392 9 36915 6
78a981bd27ba0c65a9169548665a17bda9f49050d0d3893a6567d1eb92cd003d,120579 10 121098 14 121617 16 122137 17 122656 18 123176 19 123696 19 124216 19 124736 19 125256 18 125776 18 126296 17 126815 17 127335 16 127855 15 128375 13 128895 12 129415 10 129935 9 130456 7 130976 6
78a981bd27ba0c65a9169548665a17bda9f49050d0d3893a6567d1eb92cd003d,77430 22 77454 1 77948 27 78467 29 78986 30 79506 31 80025 34 80546 39 81066 39 81588 36 82110 33 82631 31 83151 30 83672 28 84193 25 84714 23 85235 22 85755 21 86276 20 86797 18 87318 17 87839 15 88361 12 88884 7
78a981bd27ba0c65a9169548665a17bda9f49050d0d3893a6567d1eb92cd003d,74337 6 74857 8 75376 9 75896 9 76416 9 76936 9 77455 11 77975 11 78496 12 79016 11 79537 10 80059 7
78a981bd27ba0c65a9169548665a17bda9f49050d0d3893a6567d1eb92cd003d,70198 3 70717 4 71235 6 71752 9 72270 11 72788 13 73307 14 73826 15 74346 15 74865 16 75385 16 75905 16 76425 16 76945 16 77466 15 77986 15
78a981bd27ba0c65a9169548665a17bda9f49050d0d3893a6567d1eb92cd003d,132551 4 133069 9 133588 13 133602 1 134107 16 134627 15 135146 16 135666 16 136186 16 136706 17 137227 16 137747 16 138268 15 138789 15 139310 14 139831 14 140352 12 140873 10 141394 8 141915 6
78a981bd27ba0c65a9169548665a17bda9f49050d0d3893a6567d1eb92cd003d,133085 8 133603 11 134123 12 134642 13 135162 14 135682 14 136202 14 136723 13 137243 12 137763 12 138283 11 138804 9 139324 4
78a981bd27ba0c65a9169548665a17bda9f49050d0d3893a6567d1eb92cd003d,6200 13 6717 17 7236 19 7755 21 8275 21 8794 23 9314 23 9834 23 10354 23 10875 22 11395 22 11916 21 12437 19 12957 19 13478 17 13998 17 14519 15 15040 13 15561 11 16084 5
78a981bd27ba0c65a9169548665a17bda9f49050d0d3893a6567d1eb92cd003d,95128 11 95646 15 96165 16 96684 18 97202 20 97721 22 98240 23 98759 24 99278 24 99797 25 100317 24 100836 25 101356 24 101876 23 102396 23 102916 22 103437 20 103957 18 104478 15 104999 11 105520 3
78a981bd27ba0c65a9169548665a17bda9f49050d0d3893a6567d1eb92cd003d,154412 6 154929 12 155448 14 155967 16 156485 19 157004 20 157523 22 158042 23 158561 24 159081 25 159600 26 160120 26 160639 26 161159 26 161678 26 162198 25 162718 24 163238 22 163758 21 164278 18 164799 15 165319 11 165840 7
78a981bd27ba0c65a9169548665a17bda9f49050d0d3893a6567d1eb92cd003d,50410 7 50927 8 51445 10 51964 10 52484 10 53003 11 53523 11 54043 11 54563 10 55084 9 55604 9 56126 7 56648 5 57172 2
78a981bd27ba0c65a9169548665a17bda9f49050d0d3893a6567d1eb92cd003d,50935 4 51455 12 51974 14 52494 14 53014 15 53534 15 54054 15 54573 16 55093 15 55613 15 56133 14 56653 14 57174 12 57694 11 58215 9 58737 5
78a981bd27ba0c65a9169548665a17bda9f49050d0d3893a6567d1eb92cd003d,59766 4 60285 7 60805 10 61324 15 61844 18 62365 19 62885 19 63406 19 63926 19 64447 18 64968 17 65488 17 66009 16 66530 15 67050 15 67571 14 68091 14 68612 13 69133 12 69654 11 70176 9 70697 7 71218 6 71739 4
78a981bd27ba0c65a9169548665a17bda9f49050d0d3893a6567d1eb92cd003d,176249 2 176767 5 177287 5 177806 9 178326 10 178846 15 179366 15 179885 17 180405 17 180924 17
78a981bd27ba0c65a9169548665a17bda9f49050d0d3893a6567d1eb92cd003d,167938 5 168455 11 168974 14 169492 17 170012 19 170530 22 171050 22 171569 24 172089 24 172610 23 173130 23 173651 22 174172 20 174692 20 175212 19 175732 19 176251 19 176772 17 177292 14 177815 8 178336 5
78a981bd27ba0c65a9169548665a17bda9f49050d0d3893a6567d1eb92cd003d,116977 3 116985 1 117495 5 117505 1 118014 13 118533 14 119052 15 119572 16 120091 18 120610 19 121130 20 121648 22 122168 23 122687 24 123207 24 123726 26 124246 26 124766 26 125286 26 125806 25 126327 24 126847 24 127368 23 127888 22 128409 17 128930 14 129452 12 129982 1
78a981bd27ba0c65a9169548665a17bda9f49050d0d3893a6567d1eb92cd003d,109701 6 110220 7 110739 9 111258 10 111778 10 112297 11 112817 11 113337 11 113857 11 114377 10 114898 9 115418 9 115939 7 116459 7 116980 5 117500 5
78a981bd27ba0c65a9169548665a17bda9f49050d0d3893a6567d1eb92cd003d,128426 4 128944 7 128954 7 129464 17 129983 18 130504 17 131024 17 131544 17 132065 16 132585 16 133106 15 133628 13 134150 11 134670 11 135190 11 135710 11 136230 11 136750 11 137270 7 137791 4 138311 3
78a981bd27ba0c65a9169548665a17bda9f49050d0d3893a6567d1eb92cd003d,142972 7 143490 11 144010 13 144529 15 145049 16 145569 17 146089 18 146609 19 147130 18 147650 19 148171 18 148691 18 149212 16 149734 14 150256 11 150778 8 151300 5
78a981bd27ba0c65a9169548665a17bda9f49050d0d3893a6567d1eb92cd003d,80078 3 80596 5 81114 7 81632 9 82151 10 82670 11 83189 12 83708 13 84227 14 84746 15 85266 15 85785 16 86305 16 86824 17 87344 17 87865 16 88385 16 88906 15 89427 14 89950 9
78a981bd27ba0c65a9169548665a17bda9f49050d0d3893a6567d1eb92cd003d,93075 6 93590 11 94109 12 94628 13 95148 13 95667 14 96187 14 96707 14 97227 14 97748 13 98268 13 98789 12 99310 11 99831 10 100353 4 100875 1
78a981bd27ba0c65a9169548665a17bda9f49050d0d3893a6567d1eb92cd003d,100357 4 100876 5 101396 5 101915 6 102434 7 102953 8 103472 9 103991 10 104511 10 105030 11 105550 11 106069 12 106589 12 107109 12 107629 12 108149 12 108669 12 109189 12 109710 11 110230 11 110751 10 111272 9 111794 7 112315 6 112837 4 113358 3
78a981bd27ba0c65a9169548665a17bda9f49050d0d3893a6567d1eb92cd003d,147158 3 147676 5 148195 6 148715 6 149234 7 149754 7 150274 7 150794 7 151313 8 151833 8 152353 8 152872 9 153392 9 153911 10 154431 10 154950 11 155470 11 155990 11 156510 11 157031 10 157551 10 158071 10 158591 10 159112 9 159632 9 160152 9 160672 9 161192 9 161713 8 162233 8 162754 7 163274 7 163797 3
78a981bd27ba0c65a9169548665a17bda9f49050d0d3893a6567d1eb92cd003d,50439 2 50957 4 51475 6 51994 7 52514 7 53033 8 53553 8 54072 9 54592 9 55112 9 55632 9 56152 9 56672 9 57193 8 57713 8 58234 7 58755 6 59276 5 59797 4 60318 3 60839 2 61359 2
78a981bd27ba0c65a9169548665a17bda9f49050d0d3893a6567d1eb92cd003d,114917 4 115436 5 115955 6 116475 6 116994 7 117514 1 118034 1
78a981bd27ba0c65a9169548665a17bda9f49050d0d3893a6567d1eb92cd003d,117515 6 118035 6 118554 7 119074 7 119595 6 120115 6 120636 5 121157 4 121677 4 122198 3
7bdb668e6127b7eafc837a883f0648002bd063c736f55a4f673e787250a3fb04,32257 5 32769 6 33281 7 33793 8 34305 8 34817 9 35329 10 35841 11 36353 11 36865 12 37377 12 37889 13 38401 13 38913 13 39425 14 39937 14 40449 15 40961 15 41473 16 41985 16 42497 16 43009 16 43521 16 44048 1 44560 1
7bdb668e6127b7eafc837a883f0648002bd063c736f55a4f673e787250a3fb04,44033 15 44545 15 45057 16 45569 16 46081 16 46593 16 47105 16 47617 16 48129 16 48641 16 49153 15 49665 15 50177 15 50689 14 51201 14 51713 14 52225 13 52737 13 53249 12 53761 12 54273 11 54785 10 55297 10 55809 9 56321 9 56833 9 57345 9 57857 8 58369 8 58881 7 59393 5 59905 5 60417 4 60929 3
7bdb668e6127b7eafc837a883f0648002bd063c736f55a4f673e787250a3fb04,277036 3 277544 7 278053 11 278565 11 279076 11 279589 10 280101 9 280614 7
7bdb668e6127b7eafc837a883f0648002bd063c736f55a4f673e787250a3fb04,123961 8 124472 10 124982 14 125493 16 126003 19 126513 23 127024 25 127535 27 128046 30 128557 32 129069 33 129580 35 130092 36 130603 37 131114 39 131626 39 132137 40 132649 41 133160 42 133672 42 134183 44 134695 44 135207 44 135719 45 136231 45 136742 46 137254 46 137766 47 138278 47 138789 47 139302 46 139814 46 140327 45 140841 42 141354 41 141867 39 142380 38 142893 36 143407 34 143920 32 144433 30 144946 28 145459 27 145972 25 146485 23 146998 21 147511 18 148024 16 148537 12 149051 3
7bdb668e6127b7eafc837a883f0648002bd063c736f55a4f673e787250a3fb04,182847 13 183357 17 183867 21 184378 23 184889 25 185400 28 185912 28 186423 31 186935 32 187446 33 187958 34 188470 34 188982 35 189494 35 190006 36 190518 36 191029 37 191541 37 192053 37 192565 36 193077 36 193589 36 194101 35 194613 35 195125 34 195638 33 196150 32 196662 32 197175 30 197687 29 198200 28 198713 25 199226 21 199740 16 200254 9
7bdb668e6127b7eafc837a883f0648002bd063c736f55a4f673e787250a3fb04,288841 6 289352 10 289863 12 290375 12 290886 14 291398 13 291910 13 292421 13 292934 12 293446 11 293959 9 294472 6
7bdb668e6127b7eafc837a883f0648002bd063c736f55a4f673e787250a3fb04,300128 7 300633 18 301144 22 301654 27 302164 31 302675 33 303185 36 303696 38 304208 39 304719 41 305231 41 305742 43 306254 43 306766 43 307278 44 307789 45 308301 45 308813 46 309325 46 309837 47 310349 47 310861 47 311374 46 311886 46 312399 45 312911 45 313423 44 313936 43 314448 43 314961 41 315473 41 315986 39 316499 37 317012 35 317525 33 318039 30 318553 26 319067 21 319581 16 320095 9
7bdb668e6127b7eafc837a883f0648002bd063c736f55a4f673e787250a3fb04,200314 3 200824 9 201335 11 201846 15 202358 17 202869 19 203381 20 203893 20 204405 21 204917 21 205428 23 205940 23 206452 24 206964 24 207476 24 207988 24 208501 23 209013 23 209525 23 210037 23 210550 22 211062 22 211574 22 212087 21 212599 20 213112 19 213625 18 214137 17 214650 16 215163 14 215676 12 216189 10 216702 8 217214 7 217728 4
7bdb668e6127b7eafc837a883f0648002bd063c736f55a4f673e787250a3fb04,75501 4 76012 7 76523 9 77035 8 77546 9 78058 8 78570 8 79082 8 79594 8 80106 7 80618 7 81131 6 81643 6 82156 5 82670 4
7bdb668e6127b7eafc837a883f0648002bd063c736f55a4f673e787250a3fb04,77043 4 77555 7 78066 9 78578 10 79090 10 79602 11 80113 12 80625 12 81137 13 81649 13 82161 12 82674 11 83186 10 83699 9 84211 9 84724 7 85237 6 85749 5 86262 3
7bdb668e6127b7eafc837a883f0648002bd063c736f55a4f673e787250a3fb04,298779 3 299289 6 299800 8 300312 8 300823 10 301335 11 301846 12 302357 14 302868 15 303380 15 303891 17 304404 16 304916 17 305428 17 305941 16 306453 17 306965 18 307477 18 307989 19 308501 19 309013 18 309525 18 310036 18 310548 17 311060 17 311572 16 312084 16 312596 16 313108 16 313620 16 314131 17 314643 17 315154 18 315666 17 316178 17 316690 16 317202 9 317714 8 318227 7 318739 6 319252 4
7bdb668e6127b7eafc837a883f0648002bd063c736f55a4f673e787250a3fb04,322862 3 323374 4 323885 5 324396 7 324908 7 325419 9 325932 8 326444 8 326958 5 327471 4
7bdb668e6127b7eafc837a883f0648002bd063c736f55a4f673e787250a3fb04,310590 3 311101 4 311611 6 312123 6 312635 7 313147 7 313660 5 314173 4
7bdb668e6127b7eafc837a883f0648002bd063c736f55a4f673e787250a3fb04,151364 9 151874 14 152383 22 152894 24 153405 27 153917 29 154428 32 154940 33 155451 34 155963 35 156475 36 156987 37 157499 37 158011 38 158523 38 159035 38 159547 38 160059 38 160572 38 161084 37 161597 36 162109 36 162622 35 163135 33 163648 32 164160 31 164673 29 165186 27 165699 24 166212 22 166725 19 167240 12 167753 5
7bdb668e6127b7eafc837a883f0648002bd063c736f55a4f673e787250a3fb04,269125 8 269635 11 270146 15 270657 18 271168 21 271679 24 272191 24 272702 26 273214 26 273725 27 274237 28 274749 28 275261 29 275773 29 276285 29 276797 30 277310 29 277822 28 278335 27 278847 27 279359 26 279872 25 280384 24 280902 17 281416 13 281929 10 282442 7 282956 4
7bdb668e6127b7eafc837a883f0648002bd063c736f55a4f673e787250a3fb04,306497 2 307009 3 307521 4 308033 4 308546 2
7bdb668e6127b7eafc837a883f0648002bd063c736f55a4f673e787250a3fb04,130895 3 131405 9 131914 11 132424 13 132936 12 133447 13 133960 12 134472 12 134988 8 135499 9 136011 9 136522 9 137034 9 137547 6 138059 6 138573 3 139086 2 139600 1
7bdb668e6127b7eafc837a883f0648002bd063c736f55a4f673e787250a3fb04,131925 3 132437 4 132948 6 133460 8 133972 9 134484 10 134996 10 135508 11 136020 12 136531 13 137043 11 137553 12 138065 12 138576 9 139088 2 139601 1
7bdb668e6127b7eafc837a883f0648002bd063c736f55a4f673e787250a3fb04,137054 3 137565 6 138077 9 138585 15 139090 23 139602 23 140113 25 140626 24 141138 24 141650 24 142163 23 142675 22 143188 21 143701 19 144215 17 144728 15 145241 13 145754 11
7bdb668e6127b7eafc837a883f0648002bd063c736f55a4f673e787250a3fb04,299345 1 299354 1 299856 5 299865 2 300367 12 300878 14 301390 14 301901 15 302413 14 302925 14 303437 14 303950 13 304462 13 304975 11 305487 11 306000 10 306512 10 307025 8 307538 7 308051 5
7bdb668e6127b7eafc837a883f0648002bd063c736f55a4f673e787250a3fb04,291667 4 292178 6 292690 6 293201 8 293713 9 294225 11 294736 13 295248 13 295760 14 296272 13 296784 13 297296 12 297809 10 298321 10 298834 8 299346 8 299861 4
7bdb668e6127b7eafc837a883f0648002bd063c736f55a4f673e787250a3fb04,230236 4 230744 8 231255 9 231767 9 232280 7 232793 6 233307 1
7bdb668e6127b7eafc837a883f0648002bd063c736f55a4f673e787250a3fb04,281997 5 282500 15 283012 15 283523 17 284035 17 284547 17 285059 17 285571 15 286082 16 286593 16 287105 16 287616 17 288128 17 288640 17 289152 17 289665 17 290177 14 290193 1 290690 11 291203 7
7bdb668e6127b7eafc837a883f0648002bd063c736f55a4f673e787250a3fb04,285586 11 286098 9 286609 10 287121 9 287633 9 288145 9 288657 8 289169 8 289682 7 290194 7 290708 6 291225 1
7bdb668e6127b7eafc837a883f0648002bd063c736f55a4f673e787250a3fb04,285601 3 286107 11 286619 13 287130 15 287642 16 288154 17 288665 19 289177 20 289689 20 290201 21 290714 21 291226 22 291739 21 292252 18 292765 16 293278 15 293792 12 294315 2
7bdb668e6127b7eafc837a883f0648002bd063c736f55a4f673e787250a3fb04,292270 4 292781 7 293293 8 293804 9 294317 9 294829 10 295342 9 295855 9 296368 8 296880 8 297391 9 297903 9 298415 9 298928 7 299440 7 299953 5 300465 5 300978 3 301490 3
7bdb668e6127b7eafc837a883f0648002bd063c736f55a4f673e787250a3fb04,318370 4 318878 12 319389 14 319899 18 320410 21 320922 22 321433 24 321945 24 322456 26 322968 26 323480 27 323991 28 324503 29 325014 30 325526 31 326037 32 326549 33 327060 34 327572 34
7bdb668e6127b7eafc837a883f0648002bd063c736f55a4f673e787250a3fb04,147884 2 148396 3 148908 4 149421 4 149933 4 150446 3
7bdb668e6127b7eafc837a883f0648002bd063c736f55a4f673e787250a3fb04,228862 3 229374 3 229885 4 230397 4 230908 5 231420 5 231930 7 232441 8 232951 10 233462 11 233973 12 234484 13 234995 14 235506 15 236017 16 236528 17 237039 18 237550 19 238061 20 238572 21 239083 22 239594 23 240105 24 240617 24 241128 25 241640 25 242151 26 242663 26 243175 26 243687 26 244199 26 244711 26 245224 25 245736 25 246251 9 246266 7 246780 5 247293 4 247805 4
7f4cbe0b36b5d09466476a7d4e01f4f976c67872d549f4ff47b3e1e3a2b403af,21249 3 21505 4 21761 5 22017 7 22273 8 22529 8 22785 9 23041 10 23297 10 23553 11 23809 11 24065 11 24331 1 24587 1
7f4cbe0b36b5d09466476a7d4e01f4f976c67872d549f4ff47b3e1e3a2b403af,24321 10 24577 10 24833 11 25089 11 25355 1 25611 1
7f4cbe0b36b5d09466476a7d4e01f4f976c67872d549f4ff47b3e1e3a2b403af,25345 10 25601 10 25857 11 26123 1 26379 1
7f4cbe0b36b5d09466476a7d4e01f4f976c67872d549f4ff47b3e1e3a2b403af,26113 10 26369 10 26625 11 26881 11 27137 11 27393 11 27649 11 27905 11 28161 10 28417 10 28673 9 28929 8 29185 7 29441 6 29697 2 29953 2
7f4cbe0b36b5d09466476a7d4e01f4f976c67872d549f4ff47b3e1e3a2b403af,30209 2 30465 2 30721 8 30977 10 31233 11 31489 12 31745 13 32001 13 32257 14 32513 14 32769 15 33025 15 33281 16 33537 16 33793 16 34049 16 34305 16 34561 16 34817 16 35073 15 35329 15 35585 15 35841 14 36097 14 36353 12 36609 11 36870 4
7f4cbe0b36b5d09466476a7d4e01f4f976c67872d549f4ff47b3e1e3a2b403af,36865 2 37121 2 37377 4 37633 4 37889 5 38145 5 38401 6 38657 6 38913 6 39169 6 39425 6 39681 6 39937 6 40193 6 40449 6 40705 6 40961 5 41217 5 41473 4 41729 4 41985 3 42241 3 42497 3 42753 2 43009 2
7f4cbe0b36b5d09466476a7d4e01f4f976c67872d549f4ff47b3e1e3a2b403af,43777 2 44033 2 44289 3 44545 4 44801 6 45057 6 45313 7 45575 1 45831 1
7f4cbe0b36b5d09466476a7d4e01f4f976c67872d549f4ff47b3e1e3a2b403af,45569 6 45825 6 46081 7 46343 1 46599 1
7f4cbe0b36b5d09466476a7d4e01f4f976c67872d549f4ff47b3e1e3a2b403af,46337 6 46593 6 46849 7 47105 7 47361 7 47617 7 47873 6 48129 7 48385 6 48641 6 48897 5 49153 4 49409 4 49665 3 49921 3 50177 2 50433 2
7f4cbe0b36b5d09466476a7d4e01f4f976c67872d549f4ff47b3e1e3a2b403af,17946 6 18200 11 18454 15 18709 18 18964 20 19219 22 19475 23 19730 24 19986 25 20242 25 20498 25 20754 25 21011 24 21267 24 21522 25 21778 25 22034 25 22291 24 22547 23 22806 20 23063 18 23320 16 23577 13 23836 7
7f4cbe0b36b5d09466476a7d4e01f4f976c67872d549f4ff47b3e1e3a2b403af,32800 8 33053 13 33307 17 33562 18 33817 20 34072 21 34327 23 34582 24 34837 26 35093 26 35348 27 35604 27 35860 26 36116 26 36372 26 36628 25 36884 25 37141 23 37397 22 37654 20 37911 18 38168 16 38425 13 38683 9 38941 4
7f4cbe0b36b5d09466476a7d4e01f4f976c67872d549f4ff47b3e1e3a2b403af,21556 11 21812 12 22067 15 22323 16 22578 18 22833 20 23087 23 23342 25 23598 25 23853 27 24109 27 24365 27 24620 28 24876 28 25132 28 25388 28 25643 29 25899 29 26155 29 26411 28 26667 28 26923 27 27179 26 27435 24 27692 21 27948 20 28205 18 28464 13 28722 10 28979 5
7f4cbe0b36b5d09466476a7d4e01f4f976c67872d549f4ff47b3e1e3a2b403af,34875 3 35130 5 35385 14 35639 18 35894 20 36149 22 36405 22 36660 24 36916 24 37172 24 37427 26 37683 26 37939 26 38195 26 38451 26 38707 26 38964 25 39220 25 39477 23 39733 23 39990 22 40246 21 40503 20 40760 18 41018 15 41276 12 41534 8
7f4cbe0b36b5d09466476a7d4e01f4f976c67872d549f4ff47b3e1e3a2b403af,28230 6 28485 8 28741 10 28992 16 29247 19 29502 20 29755 24 30010 25 30266 25 30521 26 30777 26 31033 26 31289 26 31545 26 31801 26 32057 26 32313 26 32569 26 32826 24 33082 24 33339 22 33596 21 33855 17 34119 7 34376 4
7f4cbe0b36b5d09466476a7d4e01f4f976c67872d549f4ff47b3e1e3a2b403af,55129 7 55383 11 55638 14 55893 16 56148 17 56404 18 56659 20 56915 20 57170 22 57426 22 57681 23 57937 23 58193 23 58449 22 58705 22 58962 20 59218 19 59474 18 59730 18 59986 17 60243 15 60499 14 60756 12 61017 5
7f4cbe0b36b5d09466476a7d4e01f4f976c67872d549f4ff47b3e1e3a2b403af,39772 5 40026 8 40281 10 40536 12 40791 15 41046 17 41301 20 41557 20 41812 22 42068 22 42323 24 42579 24 42835 24 43091 24 43347 24 43603 24 43859 24 44116 22 44372 22 44629 20 44886 18 45143 16 45400 14 45657 13 45915 9
7f4cbe0b36b5d09466476a7d4e01f4f976c67872d549f4ff47b3e1e3a2b403af,19559 1 19812 3 20066 6 20321 7 20576 9 20831 11 21087 12 21341 15 21597 16 21852 18 22108 19 22364 20 22619 22 22875 25 23131 25 23387 25 23643 25 23899 25 24155 25 24412 23 24668 23 24925 21 25181 21 25438 19 25696 15 25953 13 26210 10 26467 7
7f4cbe0b36b5d09466476a7d4e01f4f976c67872d549f4ff47b3e1e3a2b403af,12412 4 12666 8 12921 11 13176 14 13430 18 13685 20 13940 21 14196 22 14451 24 14707 24 14963 25 15219 25 15474 25 15729 27 15985 27 16238 30 16493 31 16749 31 17004 32 17259 33 17515 32 17770 33 18026 33 18281 34 18537 33 18793 33 19049 33 19304 34 19560 34 19815 35 20072 33 20328 33 20585 31 20842 30 21099 28 21356 26 21613 23 21870 21 22127 20 22384 18 22641 17 22901 12 23157 9
7f4cbe0b36b5d09466476a7d4e01f4f976c67872d549f4ff47b3e1e3a2b403af,31586 7 31839 12 32095 14 32349 17 32605 18 32860 19 33116 21 33371 22 33627 23 33883 23 34139 24 34395 24 34651 25 34907 25 35163 24 35419 24 35675 24 35932 23 36188 19 36445 17 36701 16 36958 15 37215 13 37472 12
7f4cbe0b36b5d09466476a7d4e01f4f976c67872d549f4ff47b3e1e3a2b403af,34935 9 35190 12 35446 13 35700 16 35956 18 36207 23 36462 25 36717 26 36973 27 37228 28 37484 29 37740 29 37997 28 38253 28 38509 29 38765 29 39021 29 39277 28 39533 28 39789 28 40045 28 40301 27 40557 27 40814 25 41070 24 41327 22 41583 21 41840 19 42097 17 42354 13
7f4cbe0b36b5d09466476a7d4e01f4f976c67872d549f4ff47b3e1e3a2b403af,43392 10 43645 14 43897 19 44152 21 44407 22 44663 23 44918 24 45174 25 45430 25 45686 25 45942 26 46199 25 46455 25 46711 25 46967 25 47223 25 47480 23 47736 23 47993 21 48249 21 48506 19 48764 16 49023 12 49285 3
7f4cbe0b36b5d09466476a7d4e01f4f976c67872d549f4ff47b3e1e3a2b403af,2177 4 2431 9 2686 14 2942 15 3197 17 3452 19 3708 19 3963 21 4219 21 4475 21 4731 22 4987 22 5243 22 5499 22 5756 21 6012 20 6269 19 6525 18 6783 16 7040 14 7299 9 7557 6
7f4cbe0b36b5d09466476a7d4e01f4f976c67872d549f4ff47b3e1e3a2b403af,22154 9 22408 13 22662 19 22916 21 23171 23 23426 24 23682 26 23937 28 24193 28 24449 29 24705 29 24961 29 25217 28 25473 28 25730 26 25986 26 26243 25 26500 24 26756 24 27013 23 27270 22 27527 21 27783 20 28041 18 28298 15 28557 8
7f4cbe0b36b5d09466476a7d4e01f4f976c67872d549f4ff47b3e1e3a2b403af,12959 5 13212 10 13466 14 13721 16 13976 18 14232 18 14487 20 14742 21 14998 22 15253 23 15509 24 15765 24 16021 24 16277 24 16532 25 16788 25 17044 24 17300 24 17556 23 17813 21 18069 20 18326 18 18584 15 18841 13 19098 10 19355 8 19612 6 19868 5
7f4cbe0b36b5d09466476a7d4e01f4f976c67872d549f4ff47b3e1e3a2b403af,33699 9 33953 13 34207 16 34462 18 34717 20 34972 23 35228 24 35483 25 35739 26 35994 27 36250 28 36506 28 36762 29 37019 28 37275 29 37531 28 37787 28 38044 26 38300 26 38557 24 38813 23 39070 21 39326 20 39583 18 39840 16 40097 13 40354 10 40611 4
7f4cbe0b36b5d09466476a7d4e01f4f976c67872d549f4ff47b3e1e3a2b403af,50077 7 50332 9 50588 10 50843 12 51099 12 51355 13 51611 13 51867 14 52124 12 52380 12 52638 9 52896 6
7f4cbe0b36b5d09466476a7d4e01f4f976c67872d549f4ff47b3e1e3a2b403af,42405 7 42659 10 42914 14 43169 16 43424 18 43679 19 43934 21 44190 21 44445 22 44701 23 44956 24 45212 25 45468 25 45724 25 45980 25 46236 25 46492 25 46748 25 47004 25 47261 24 47517 24 47774 22 48030 22 48288 19 48545 17 48802 14 49060 10
7f4cbe0b36b5d09466476a7d4e01f4f976c67872d549f4ff47b3e1e3a2b403af,176 21 432 21 688 21 944 21 1200 21 1456 21 1713 19 1969 19 2225 18 2482 17 2738 16 2995 14 3253 10 3511 6
7f4cbe0b36b5d09466476a7d4e01f4f976c67872d549f4ff47b3e1e3a2b403af,36029 5 36284 7 36538 10 36793 12 37049 13 37304 15 37561 14 37816 16 38073 15 38329 16 38585 16 38840 17 39096 17 39351 18 39607 18 39863 17 40120 16 40376 16 40633 14 40890 13 41147 11 41403 10 41660 7
7f4cbe0b36b5d09466476a7d4e01f4f976c67872d549f4ff47b3e1e3a2b403af,43713 7 43967 11 44221 15 44476 17 44731 19 44987 19 45242 21 45498 22 45753 23 46009 24 46265 24 46521 24 46777 25 47033 25 47289 25 47545 25 47801 25 48057 25 48314 24 48570 23 48826 23 49082 23 49339 22 49595 22 49852 20 50108 20 50366 17 50622 17 50879 15 51136 13 51393 10
7f4cbe0b36b5d09466476a7d4e01f4f976c67872d549f4ff47b3e1e3a2b403af,38872 3 39124 9 39379 11 39633 14 39888 16 40144 16 40399 18 40655 18 40910 19 41166 19 41422 19 41678 19 41933 20 42190 19 42446 19 42702 18 42959 17 43215 15 43472 14 43728 12 43985 10 44242 4
7f4cbe0b36b5d09466476a7d4e01f4f976c67872d549f4ff47b3e1e3a2b403af,16599 6 16854 9 17108 12 17362 15 17617 17 17873 18 18128 19 18384 20 18639 21 18895 22 19150 23 19406 23 19662 23 19918 22 20174 22 20430 21 20686 21 20943 19 21199 18 21456 16 21714 12 21971 9 22230 4
7f4cbe0b36b5d09466476a7d4e01f4f976c67872d549f4ff47b3e1e3a2b403af,27094 6 27348 11 27603 15 27858 18 28113 20 28369 20 28624 22 28880 22 29136 22 29392 22 29647 23 29904 22 30160 21 30416 21 30672 20 30928 20 31184 19 31441 18 31697 17 31954 16 32211 14 32469 10 32727 6
7f4cbe0b36b5d09466476a7d4e01f4f976c67872d549f4ff47b3e1e3a2b403af,44777 3 45029 9 45282 13 45537 15 45791 19 46047 19 46302 21 46557 23 46813 23 47068 25 47324 25 47580 26 47836 26 48092 27 48348 27 48604 27 48860 27 49117 26 49373 25 49630 24 49886 23 50143 22 50400 20 50657 19 50914 16 51171 14 51430 10 51689 5
7f4cbe0b36b5d09466476a7d4e01f4f976c67872d549f4ff47b3e1e3a2b403af,20967 7 21222 11 21477 13 21732 15 21987 17 22243 17 22498 19 22754 19 23009 20 23265 20 23521 20 23777 20 24033 19 24289 19 24546 17 24802 16 25059 15 25317 12 25574 10 25833 3
7f4cbe0b36b5d09466476a7d4e01f4f976c67872d549f4ff47b3e1e3a2b403af,35310 9 35566 12 35821 14 36076 17 36331 19 36586 21 36842 22 37097 23 37353 24 37609 24 37864 25 38120 25 38376 25 38632 25 38888 25 39144 25 39400 25 39656 25 39913 24 40169 24 40425 23 40682 21 40938 20 41195 18 41452 16 41709 14 41966 12 42225 8 42483 4
7f4cbe0b36b5d09466476a7d4e01f4f976c67872d549f4ff47b3e1e3a2b403af,16115 9 16370 13 16624 17 16880 17 17135 18 17391 18 17646 19 17902 19 18158 19 18414 19 18670 19 18926 19 19183 18 19439 18 19696 17 19953 16 20209 16 20467 14 20724 12 20981 8
7f4cbe0b36b5d09466476a7d4e01f4f976c67872d549f4ff47b3e1e3a2b403af,57599 2 57850 7 58105 8 58360 9 58615 10 58870 11 59125 12 59380 13 59636 13 59891 14 60147 14 60402 15 60658 15 60914 15 61170 15 61426 15 61682 15 61938 15 62195 14 62451 14 62708 13 62964 13 63221 12 63477 12 63734 11 63992 9 64250 6
7f4cbe0b36b5d09466476a7d4e01f4f976c67872d549f4ff47b3e1e3a2b403af,5887 2 6143 2 6398 3 6654 3 6910 3 7165 4 7421 4 7677 4 7933 4 8189 4 8445 4 8701 4 8958 3 9214 3 9471 2
8922a6ac8fd0258ec27738ca101867169b20d90a60fc84f93df77acd5bf7c80b,124937 3 125441 13 125953 14 126465 16 126977 17 127489 18 128001 20 128513 21 129025 22 129537 23 130049 23 130561 25 131073 26 131585 27 132097 27 132609 28 133121 28 133633 28 134145 28 134657 28 135169 28 135681 28 136193 28 136705 28 137217 28 137729 28 138241 27 138753 27 139265 26 139777 25 140289 23 140801 22 141313 22 141825 21 142337 21 142851 18 143366 15 143883 8
8922a6ac8fd0258ec27738ca101867169b20d90a60fc84f93df77acd5bf7c80b,287294 3 287805 6 288317 6 288829 6 289341 6 289854 5 290366 4 290879 2
8922a6ac8fd0258ec27738ca101867169b20d90a60fc84f93df77acd5bf7c80b,158906 6 159417 8 159929 9 160440 11 160952 11 161463 13 161975 14 162487 15 162998 17 163510 17 164021 19 164532 20 165043 22 165553 24 166063 27 166567 35 167077 38 167586 41 168097 42 168607 44 169118 45 169629 47 170141 47 170652 48 171164 48 171675 48 172187 48 172699 48 173210 49 173722 49 174234 49 174746 48 175258 48 175770 48 176282 48 176794 48 177306 47 177819 46 178331 45 178843 45 179356 43 179868 43 180381 42 180893 41 181406 40 181921 37 182435 34 182948 33 183462 30 183976 26 184490 22 185005 17 185519 13
8922a6ac8fd0258ec27738ca101867169b20d90a60fc84f93df77acd5bf7c80b,164111 13 164622 16 165133 20 165645 21 166156 24 166668 26 167180 27 167691 28 168203 29 168715 30 169227 30 169739 31 170251 31 170763 31 171275 32 171787 32 172300 32 172812 32 173324 32 173836 32 174348 32 174861 31 175373 31 175885 31 176397 31 176909 32 177421 32 177934 31 178446 32 178958 32 179471 31 179983 32 180496 31 181008 32 181521 31 182033 31 182546 30 183058 29 183571 28 184084 26 184597 23 185110 21 185623 19 186136 17 186649 15 187162 5
8922a6ac8fd0258ec27738ca101867169b20d90a60fc84f93df77acd5bf7c80b,310067 4 310574 12 311080 21 311591 23 312101 27 312611 30 313122 32 313628 38 314139 40 314650 41 315161 42 315673 43 316184 44 316695 45 317206 47 317718 48 318229 50 318741 52 319252 55 319764 57 320276 58 320788 58 321301 58 321813 59 322325 60 322837 61 323349 61 323861 62 324373 62 324885 63 325398 62 325910 63 326422 62 326935 61 327447 61
8922a6ac8fd0258ec27738ca101867169b20d90a60fc84f93df77acd5bf7c80b,195380 3 195891 4 196403 4
8922a6ac8fd0258ec27738ca101867169b20d90a60fc84f93df77acd5bf7c80b,196915 4 197427 4 197939 4 198451 4 198963 4 199475 3 199988 1
8922a6ac8fd0258ec27738ca101867169b20d90a60fc84f93df77acd5bf7c80b,21478 4 21987 11 22497 15 23007 19 23518 22 24029 24 24540 27 25051 29 25563 30 26074 31 26586 32 27098 33 27610 33 28122 34 28634 34 29146 34 29658 34 30170 34 30682 34 31194 34 31706 34 32218 34 32731 33 33243 33 33755 33 34268 32 34780 32 35293 31 35806 30 36319 29 36833 26 37345 26 37859 23 38372 21 38885 19 39398 17 39911 13 40425 8
8b59819fbc92eefe45b1db95c0cc3a467ddcfc755684c7f2ba2f6ccb9ad740ab,26521 2 27041 3 27561 3 28081 4 28601 4 29121 4 29641 4 30161 5 30681 5 31201 5 31721 5 32241 5 32761 5 33281 4 33801 4 34321 4 34841 3 35361 3 35881 2
8b59819fbc92eefe45b1db95c0cc3a467ddcfc755684c7f2ba2f6ccb9ad740ab,157044 7 157563 9 158081 12 158601 13 159121 13 159641 14 160161 14 160681 14 161201 15 161721 16 162241 17 162761 18 163281 19 163801 19 164321 20 164841 20 165361 21 165881 21 166401 21 166921 21 167441 21 167961 21 168481 20 169001 20 169521 20 170041 20 170561 19 171081 19 171601 18 172121 18 172641 17 173161 16 173681 14
8b59819fbc92eefe45b1db95c0cc3a467ddcfc755684c7f2ba2f6ccb9ad740ab,190336 1 190855 4 191375 4 191895 4 192416 2
8b59819fbc92eefe45b1db95c0cc3a467ddcfc755684c7f2ba2f6ccb9ad740ab,70 44 590 44 1110 42 1630 41 2151 39 2671 38 3193 26 3714 10 4238 6 4762 1 5283 1
8b59819fbc92eefe45b1db95c0cc3a467ddcfc755684c7f2ba2f6ccb9ad740ab,3219 9 3724 24 4244 23 4763 24 5284 23 5804 23 6325 22 6845 22 7366 21 7886 21 8406 21 8926 21 9447 20 9967 20 10488 18 11008 18 11528 18 12049 17 12569 17 13090 16 13610 16 14131 15 14652 14 15172 14 15693 13 16214 12 16735 11 17257 9 17778 8 18300 6 18821 5 19343 3 19864 3 20386 1
8b59819fbc92eefe45b1db95c0cc3a467ddcfc755684c7f2ba2f6ccb9ad740ab,1152 4 1671 6 2190 8 2709 10 3228 13 3748 14 4267 16 4787 18 5307 19 5827 21 6347 21 6867 22 7387 23 7907 24 8427 24 8947 25 9467 25 9987 25 10506 27 11026 27 11546 27 12066 27 12586 27 13106 28 13626 28 14146 28 14666 28 15186 28 15706 28 16226 27 16746 27 17266 27 17786 26 18306 26 18826 25 19346 25 19867 23 20387 21 20908 19 21431 14 21954 9
8b59819fbc92eefe45b1db95c0cc3a467ddcfc755684c7f2ba2f6ccb9ad740ab,181091 10 181610 13 182129 15 182648 18 183167 19 183686 21 184205 22 184725 23 185244 24 185763 26 186279 31 186797 33 187316 36 187835 38 188355 39 188874 41 189394 42 189913 43 190433 44 190953 44 191473 45 191993 45 192513 46 193033 46 193553 46 194073 46 194593 46 195113 46 195633 46 196153 46 196673 46 197194 44 197714 44 198234 44 198755 43 199275 43 199796 42 200317 41 200838 40 201359 39 201879 38 202401 36 202922 34 203443 33 203966 29 204487 27 205008 25 205531 20 206055 14
8b59819fbc92eefe45b1db95c0cc3a467ddcfc755684c7f2ba2f6ccb9ad740ab,238864 4 239382 8 239899 12 240416 16 240936 17 241455 18 241974 20 242494 20 243013 22 243533 22 244053 23 244573 23 245093 24 245613 24 246133 25 246653 26 247173 13 247693 12 248213 2 248733 2
8b59819fbc92eefe45b1db95c0cc3a467ddcfc755684c7f2ba2f6ccb9ad740ab,247186 13 247705 15 248215 25 248735 26 249254 27 249774 27 250295 27 250815 27 251336 26 251856 26 252377 25 252897 25 253418 25 253938 25 254459 24 254979 24 255500 23 256020 23 256541 22 257061 22 257581 22 258101 22 258622 21 259142 21 259663 20 260183 20 260704 19 261224 18 261745 17 262267 14 262788 13 263314 3
8b59819fbc92eefe45b1db95c0cc3a467ddcfc755684c7f2ba2f6ccb9ad740ab,182 14 702 14 1222 14 1741 15 2261 14 2782 13 3302 12 3823 11 4347 6
8b59819fbc92eefe45b1db95c0cc3a467ddcfc755684c7f2ba2f6ccb9ad740ab,5410 2 5928 4 6446 7 6965 8 7483 11 7998 20 8516 25 9036 26 9555 30 10074 31 10594 30 11113 31 11633 30 12153 30 12673 30 13193 29 13713 29 14233 28 14754 27 15274 26 15795 25 16316 23 16838 20 17361 15 17884 10 18407 4
8b59819fbc92eefe45b1db95c0cc3a467ddcfc755684c7f2ba2f6ccb9ad740ab,2292 1 3333 11 3853 11 4373 11 4892 12 5412 12 5932 12 6453 11 6973 11 7494 10 8018 7 8541 4 9062 5
8b59819fbc92eefe45b1db95c0cc3a467ddcfc755684c7f2ba2f6ccb9ad740ab,212 44 732 44 1252 44 1772 44 2293 43 2813 43 3344 31 3864 31 4384 31 4904 30 5424 30 5944 29 6464 29 6984 28 7504 27 8025 25 8545 24 9068 19 9590 15 10113 10
8b59819fbc92eefe45b1db95c0cc3a467ddcfc755684c7f2ba2f6ccb9ad740ab,156742 3 157258 10 157776 14 158294 18 158813 19 159331 22 159849 25 160368 26 160883 32 161402 33 161922 33 162440 35 162960 35 163479 37 163999 37 164518 39 165038 39 165558 40 166078 40 166598 41 167118 41 167638 42 168158 42 168678 42 169198 42 169718 42 170238 42 170759 41 171279 40 171799 40 172320 38 172840 38 173361 36 173881 35 174402 33 174923 31 175444 29 175965 24 176486 21 177007 18 177528 15 178049 13 178570 10 179092 6
8b59819fbc92eefe45b1db95c0cc3a467ddcfc755684c7f2ba2f6ccb9ad740ab,161505 12 162023 16 162540 21 163059 22 163578 24 164096 26 164615 28 165134 29 165652 31 166172 31 166690 33 167209 33 167729 33 168248 34 168768 34 169287 35 169807 34 170326 35 170846 34 171365 35 171885 34 172405 34 172924 34 173443 35 173963 34 174482 34 175002 34 175521 34 176041 33 176561 33 177081 32 177601 31 178121 30 178642 28 179162 27 179683 25 180204 22 180725 20 181246 17 181769 11 182291 6
8b59819fbc92eefe45b1db95c0cc3a467ddcfc755684c7f2ba2f6ccb9ad740ab,314547 2 315065 3 315582 6 316101 7 316620 8 317138 10 317657 11 318176 12 318696 12 319215 13 319735 13 320254 14 320774 14 321294 15 321814 15 322334 16 322853 17 323373 17 323893 17 324413 17 324933 17 325453 17 325974 16 326494 16 327015 15 327535 16 328056 15 328577 16 329099 10
8b59819fbc92eefe45b1db95c0cc3a467ddcfc755684c7f2ba2f6ccb9ad740ab,312477 7 312995 10 313514 12 314029 17 314549 18 315068 19 315588 20 316108 20 316628 21 317148 21 317668 21 318188 21 318708 21 319228 21 319748 21 320268 21 320788 21 321309 20 321829 19 322350 18 322870 17 323390 17 323910 16 324430 15 324950 15 325470 14 325990 12 326510 11 327030 9 327551 6 328071 4
8b59819fbc92eefe45b1db95c0cc3a467ddcfc755684c7f2ba2f6ccb9ad740ab,11943 7 12462 9 12981 13 13501 16 14020 19 14539 22 15058 23 15578 23 16097 24 16616 25 17136 25 17655 26 18175 26 18694 27 19214 27 19734 27 20253 28 20773 28 21293 28 21813 28 22333 28 22853 28 23374 25 23894 24 24415 22 24935 21 25456 19 25977 17 26500 3 26509 3
8b59819fbc92eefe45b1db95c0cc3a467ddcfc755684c7f2ba2f6ccb9ad740ab,118023 7 118542 10 119061 15 119581 17 120100 19 120620 19 121140 20 121659 22 122179 22 122699 22 123219 22 123739 22 124259 22 124779 22 125299 22 125819 22 126339 22 126860 21 127380 21 127901 20 128421 20 128942 15 129465 6
8b59819fbc92eefe45b1db95c0cc3a467ddcfc755684c7f2ba2f6ccb9ad740ab,256357 4 256876 5 257394 7 257912 9 258431 10 258949 12 259469 12 259988 13 260507 14 261027 14 261546 15 262066 15 262585 16 263105 16 263625 16 264145 16 264665 16 265185 16 265705 16 266225 16 266746 15 267266 15 267786 15 268307 14 268827 14 269348 13 269868 13 270389 12 270910 11 271431 10 271952 9 272474 7 272995 6
912a679e4b9b1d1a75170254fd675b8c24b664d80ad7ea7e460241a23535a406,14596 9 14849 13 15105 13 15361 14 15617 14 15873 14 16129 14 16385 14 16641 14 16897 13 17153 13 17409 12 17665 11 17921 9 18177 5
912a679e4b9b1d1a75170254fd675b8c24b664d80ad7ea7e460241a23535a406,37121 5 37377 6 37633 8 37889 9 38145 9 38401 10 38657 10 38913 10 39169 11 39425 10 39681 10 39937 10 40193 10 40449 9 40705 9 40961 8
912a679e4b9b1d1a75170254fd675b8c24b664d80ad7ea7e460241a23535a406,61185 3 61441 5 61697 6 61953 6 62209 7 62471 1 62727 1
912a679e4b9b1d1a75170254fd675b8c24b664d80ad7ea7e460241a23535a406,62465 6 62721 6 62977 7 63233 7 63489 6 63745 6 64001 6 64257 6 64513 5 64769 5 65025 4 65281 2
912a679e4b9b1d1a75170254fd675b8c24b664d80ad7ea7e460241a23535a406,7687 5 7942 9 8197 12 8453 12 8708 14 8964 14 9220 15 9475 16 9731 16 9987 16 10244 14 10500 14 10757 12 11015 9 11273 4
912a679e4b9b1d1a75170254fd675b8c24b664d80ad7ea7e460241a23535a406,27150 3 27404 7 27659 6 27914 7 28170 6 28425 7 28681 7 28936 8 29192 8 29448 8 29704 8 29960 8 30217 7 30473 7 30730 6 30986 6 31243 5 31503 2
912a679e4b9b1d1a75170254fd675b8c24b664d80ad7ea7e460241a23535a406,27665 3 27921 4 27928 5 28176 14 28432 14 28688 15 28944 15 29200 15 29456 14 29712 14 29968 14 30224 13 30480 13 30736 12 30992 11 31248 11 31505 10 31761 9 32018 8 32275 6 32532 4
912a679e4b9b1d1a75170254fd675b8c24b664d80ad7ea7e460241a23535a406,49680 3 49933 8 50188 10 50443 11 50699 12 50954 13 51210 13 51466 13 51722 13 51978 13 52234 13 52490 12 52747 11 53003 10 53260 8 53517 5
912a679e4b9b1d1a75170254fd675b8c24b664d80ad7ea7e460241a23535a406,34834 5 35089 8 35343 11 35598 13 35854 13 36109 15 36365 15 36622 14 36878 14 37136 12 37395 8 37653 6 37911 3
912a679e4b9b1d1a75170254fd675b8c24b664d80ad7ea7e460241a23535a406,60951 4 61204 9 61459 12 61714 13 61970 14 62225 15 62481 15 62737 15 62993 14 63250 13 63506 12 63763 10 64020 7
912a679e4b9b1d1a75170254fd675b8c24b664d80ad7ea7e460241a23535a406,56344 6 56598 9 56853 10 57108 12 57363 13 57619 13 57874 13 58130 13 58386 12 58642 12 58899 10 59155 9 59413 4
912a679e4b9b1d1a75170254fd675b8c24b664d80ad7ea7e460241a23535a406,18203 8 18457 11 18712 13 18967 14 19223 15 19478 16 19734 16 19990 16 20246 16 20502 15 20759 14 21015 13 21273 10 21531 6
912a679e4b9b1d1a75170254fd675b8c24b664d80ad7ea7e460241a23535a406,50459 8 50715 12 50970 13 51226 14 51482 14 51737 15 51993 15 52250 14 52506 14 52763 12 53021 10 53278 7
912a679e4b9b1d1a75170254fd675b8c24b664d80ad7ea7e460241a23535a406,34338 4 34593 6 34848 8 35104 9 35359 10 35615 11 35870 12 36127 11 36383 11 36640 9 36897 8 37153 6 37410 3
912a679e4b9b1d1a75170254fd675b8c24b664d80ad7ea7e460241a23535a406,55335 3 55844 5 56099 7 56355 8 56611 8 56867 8 57124 7
912a679e4b9b1d1a75170254fd675b8c24b664d80ad7ea7e460241a23535a406,43054 1 43307 4 43561 6 43817 7 44072 8 44328 9 44583 10 44840 10 45096 10 45353 10 45610 11 45868 9 46125 6 46382 3
912a679e4b9b1d1a75170254fd675b8c24b664d80ad7ea7e460241a23535a406,39472 5 39727 7 39983 8 40238 9 40494 10 40750 11 41006 11 41262 12 41519 5 41529 1 41775 2 42032 1
912a679e4b9b1d1a75170254fd675b8c24b664d80ad7ea7e460241a23535a406,41524 5 41777 9 42033 9 42288 11 42544 12 42800 12 43055 14 43311 14 43567 14 43824 13 44080 11 44337 9 44593 8 44850 7 45106 6 45363 4
912a679e4b9b1d1a75170254fd675b8c24b664d80ad7ea7e460241a23535a406,44091 3 44346 7 44601 10 44857 10 45112 12 45369 10 45625 10 45881 10 46138 8 46394 8 46651 5
912a679e4b9b1d1a75170254fd675b8c24b664d80ad7ea7e460241a23535a406,47657 3 47912 3 48168 3 48423 4 48679 4 48935 5 49192 4 49448 6
912a679e4b9b1d1a75170254fd675b8c24b664d80ad7ea7e460241a23535a406,47150 3 47404 8 47660 8 47915 10 48171 10 48427 10 48683 9 48940 8 49196 6
912a679e4b9b1d1a75170254fd675b8c24b664d80ad7ea7e460241a23535a406,25134 6 25388 9 25643 11 25899 11 26154 13 26410 13 26665 14 26921 14 27177 14 27433 14 27689 14 27945 14 28201 13 28458 12 28714 11 28971 9 29228 7
912a679e4b9b1d1a75170254fd675b8c24b664d80ad7ea7e460241a23535a406,816 6 1070 9 1325 10 1581 11 1836 12 2092 12 2347 13 2603 13 2860 11 3116 11 3374 8 3631 6
912a679e4b9b1d1a75170254fd675b8c24b664d80ad7ea7e460241a23535a406,52016 5 52270 7 52526 8 52781 9 53037 9 53292 9 53548 9 53805 7 54061 7
912a679e4b9b1d1a75170254fd675b8c24b664d80ad7ea7e460241a23535a406,54583 1 54837 4 55092 5 55348 7 55603 9 55859 13 56115 13 56372 11 56628 11 56885 9 57142 8 57400 5
912a679e4b9b1d1a75170254fd675b8c24b664d80ad7ea7e460241a23535a406,52030 8 52285 10 52541 10 52795 13 53051 13 53306 15 53562 15 53817 15 54073 15 54328 16 54584 15 54841 14 55097 13 55355 10 55612 5
912a679e4b9b1d1a75170254fd675b8c24b664d80ad7ea7e460241a23535a406,4407 5 4662 7 4918 7 5173 9 5429 9 5685 9 5941 9 6197 9 6453 8 6710 7 6966 6
912a679e4b9b1d1a75170254fd675b8c24b664d80ad7ea7e460241a23535a406,34875 5 35129 8 35384 9 35639 11 35895 11 36150 12 36406 12 36662 12 36917 13 37174 11 37430 11 37687 9 37944 8 38201 6
912a679e4b9b1d1a75170254fd675b8c24b664d80ad7ea7e460241a23535a406,59712 4 59965 9 60220 10 60475 12 60731 12 60986 13 61242 13 61498 13 61754 12 62011 11 62267 10 62525 7
912a679e4b9b1d1a75170254fd675b8c24b664d80ad7ea7e460241a23535a406,40768 4 41022 8 41277 10 41533 11 41788 12 42045 12 42301 12 42556 12 42812 12 43069 10 43325 9
912a679e4b9b1d1a75170254fd675b8c24b664d80ad7ea7e460241a23535a406,46916 4 47170 8 47425 10 47681 11 47936 12 48192 13 48448 13 48704 13 48961 13 49217 12 49474 11 49731 9 49991 3
912a679e4b9b1d1a75170254fd675b8c24b664d80ad7ea7e460241a23535a406,23879 6 24133 9 24388 11 24643 13 24899 13 25154 15 25410 15 25666 15 25922 15 26179 14 26435 14 26691 13 26947 13 27204 11 27460 11 27717 8 27974 6
912a679e4b9b1d1a75170254fd675b8c24b664d80ad7ea7e460241a23535a406,44106 5 44361 7 44616 8 44872 9 45127 10 45383 10 45639 9 45896 8 46152 7 46409 5
912a679e4b9b1d1a75170254fd675b8c24b664d80ad7ea7e460241a23535a406,35661 5 35915 9 36170 10 36426 11 36681 12 36937 12 37193 12 37449 12 37705 12 37962 10 38218 10 38475 8 38732 6
912a679e4b9b1d1a75170254fd675b8c24b664d80ad7ea7e460241a23535a406,63052 4 63307 9 63563 10 63818 11 64074 12 64330 11 64586 11 64842 10 65097 10 65353 9
912a679e4b9b1d1a75170254fd675b8c24b664d80ad7ea7e460241a23535a406,60500 5 60754 8 61010 8 61265 10 61521 10 61777 10 62033 10 62290 8 62546 8 62803 6
912a679e4b9b1d1a75170254fd675b8c24b664d80ad7ea7e460241a23535a406,45909 3 46164 6 46419 7 46675 8 46930 9 47186 1 47193 2 47442 1
912a679e4b9b1d1a75170254fd675b8c24b664d80ad7ea7e460241a23535a406,47187 6 47443 7 47698 8 47954 9 48210 8 48466 8 48722 7 48979 6 49235 5
912a679e4b9b1d1a75170254fd675b8c24b664d80ad7ea7e460241a23535a406,37738 4 37985 4 37992 7 38237 19 38493 20 38748 25 39004 26 39260 27 39517 26 39773 27 40030 26 40287 24 40547 20 40804 19 41061 17 41319 15 41578 11 41834 11 42090 10 42345 11 42601 10 42858 8 43114 6 43371 4
912a679e4b9b1d1a75170254fd675b8c24b664d80ad7ea7e460241a23535a406,28256 7 28511 9 28767 10 29022 12 29278 13 29534 13 29790 14 30046 14 30302 15 30559 14 30815 14 31072 13 31329 11 31586 10 31843 7
912a679e4b9b1d1a75170254fd675b8c24b664d80ad7ea7e460241a23535a406,21349 4 21602 8 21858 8 22113 10 22369 10 22625 10 22882 9 23138 9 23395 7 23651 7
912a679e4b9b1d1a75170254fd675b8c24b664d80ad7ea7e460241a23535a406,63587 7 63843 7 64098 9 64354 9 64610 9 64865 10 65121 10 65377 10
912a679e4b9b1d1a75170254fd675b8c24b664d80ad7ea7e460241a23535a406,17256 6 17510 9 17765 11 18021 12 18276 13 18532 14 18788 14 19045 14 19301 14 19558 13 19814 12 20071 11 20328 9 20586 6
912a679e4b9b1d1a75170254fd675b8c24b664d80ad7ea7e460241a23535a406,5226 4 5480 7 5736 7 5991 12 6247 14 6503 15 6759 16 7015 19 7272 21 7528 23 7785 23 8042 22 8299 22 8556 21 8813 20 9070 18 9326 18 9582 10 9595 3 9839 7 10095 6
912a679e4b9b1d1a75170254fd675b8c24b664d80ad7ea7e460241a23535a406,25707 8 25962 11 26218 12 26473 13 26729 14 26985 14 27241 15 27497 15 27753 15 28010 14 28266 13 28523 12 28780 10 29037 9 29294 7 29552 3
912a679e4b9b1d1a75170254fd675b8c24b664d80ad7ea7e460241a23535a406,11894 5 12148 11 12403 14 12659 14 12914 16 13170 16 13427 15 13683 14 13940 13 14197 11 14454 8 14712 3
912a679e4b9b1d1a75170254fd675b8c24b664d80ad7ea7e460241a23535a406,15741 4 15995 7 16251 7 16506 9 16762 9 17018 9 17273 11 17529 11 17786 5 18042 3 18299 2
912a679e4b9b1d1a75170254fd675b8c24b664d80ad7ea7e460241a23535a406,17791 5 18045 8 18301 9 18556 11 18813 10 19069 11 19325 11 19580 13 19836 13 20092 13 20348 13 20605 12 20861 12 21118 10 21374 10 21631 8 21888 5
912a679e4b9b1d1a75170254fd675b8c24b664d80ad7ea7e460241a23535a406,41602 5 41855 10 42111 11 42366 12 42622 13 42879 12 43135 12 43392 11 43649 9 43906 8 44164 5
912a679e4b9b1d1a75170254fd675b8c24b664d80ad7ea7e460241a23535a406,55697 4 55951 9 56204 14 56459 16 56713 18 56968 20 57222 23 57477 24 57733 25 57988 26 58244 26 58499 27 58755 27 59011 27 59267 27 59523 27 59780 25 60036 25 60293 22 60549 21 60806 17 61064 11 61323 3
912a679e4b9b1d1a75170254fd675b8c24b664d80ad7ea7e460241a23535a406,38026 8 38282 9 38537 10 38793 11 39049 11 39306 10 39562 9 39819 8 40078 3
912a679e4b9b1d1a75170254fd675b8c24b664d80ad7ea7e460241a23535a406,3731 6 3986 8 4240 11 4496 11 4751 13 5007 13 5262 14 5518 14 5774 14 6030 14 6286 13 6542 13 6799 11 7055 10 7312 8 7569 6
912a679e4b9b1d1a75170254fd675b8c24b664d80ad7ea7e460241a23535a406,31892 7 32146 10 32401 11 32656 13 32912 13 33167 15 33423 15 33679 16 33935 16 34191 16 34448 15 34704 14 34961 13 35217 12 35474 11 35731 9 35988 6
912a679e4b9b1d1a75170254fd675b8c24b664d80ad7ea7e460241a23535a406,23446 5 23700 8 23955 10 24210 12 24466 12 24721 14 24977 14 25233 14 25490 13 25746 12 26003 11 26259 10 26516 8 26774 4
912a679e4b9b1d1a75170254fd675b8c24b664d80ad7ea7e460241a23535a406,9377 6 9631 10 9886 12 10141 13 10396 15 10651 16 10907 16 11162 17 11418 17 11674 16 11930 16 12186 15 12443 14 12699 13 12956 11 13213 9 13471 6
912a679e4b9b1d1a75170254fd675b8c24b664d80ad7ea7e460241a23535a406,18590 5 18845 7 19101 9 19356 11 19612 12 19868 12 20124 13 20381 12 20637 12 20894 10 21151 9
912a679e4b9b1d1a75170254fd675b8c24b664d80ad7ea7e460241a23535a406,41896 9 42151 11 42407 12 42662 13 42918 14 43173 15 43430 15 43686 15 43942 14 44199 13 44455 12 44712 11 44969 9 45227 5
912a679e4b9b1d1a75170254fd675b8c24b664d80ad7ea7e460241a23535a406,169 13 425 13 681 14 937 14 1192 15 1448 16 1705 15 1961 15 2217 15 2474 13 2730 13 2987 11 3245 8
912a679e4b9b1d1a75170254fd675b8c24b664d80ad7ea7e460241a23535a406,25009 6 25261 11 25516 12 25772 13 26027 14 26283 14 26539 14 26796 12 27052 12 27309 10 27566 7
912a679e4b9b1d1a75170254fd675b8c24b664d80ad7ea7e460241a23535a406,29110 4 29365 6 29620 9 29876 9 30126 16 30382 16 30637 17 30893 17 31149 16 31405 16 31662 14 31918 14 32175 12 32432 10 32691 5
912a679e4b9b1d1a75170254fd675b8c24b664d80ad7ea7e460241a23535a406,17076 2 17330 4 17585 4 17840 5 18095 6 18351 6 18606 7 18862 8 19118 8 19374 8 19630 8 19887 7 20143 8 20401 6
912a679e4b9b1d1a75170254fd675b8c24b664d80ad7ea7e460241a23535a406,17078 7 17334 9 17589 11 17845 11 18101 12 18357 12 18613 12 18870 11 19126 11 19382 10 19638 10 19894 9 20151 7 20407 6
912a679e4b9b1d1a75170254fd675b8c24b664d80ad7ea7e460241a23535a406,11449 4 11704 6 11960 6 12215 8 12471 8 12727 9 12984 8 13240 7 13497 6
912a679e4b9b1d1a75170254fd675b8c24b664d80ad7ea7e460241a23535a406,32708 7 32962 12 33217 14 33472 15 33728 16 33983 14 34239 14 34495 13 34751 13 35007 13 35264 11 35520 11 35777 9 36034 8
912a679e4b9b1d1a75170254fd675b8c24b664d80ad7ea7e460241a23535a406,32725 5 32981 8 33236 11 33492 14 33747 15 33997 22 34253 22 34508 22 34764 22 35021 20 35277 20 35533 16 35790 13 36046 13 36303 8 36560 3
912a679e4b9b1d1a75170254fd675b8c24b664d80ad7ea7e460241a23535a406,18886 4 19141 7 19396 9 19652 9 19907 11 20163 10 20419 10 20675 9 20931 10 21187 10 21444 9 21700 4
912a679e4b9b1d1a75170254fd675b8c24b664d80ad7ea7e460241a23535a406,19919 6 20173 10 20429 11 20684 12 20941 12 21197 12 21454 11 21710 10 21968 8 22226 5
912a679e4b9b1d1a75170254fd675b8c24b664d80ad7ea7e460241a23535a406,37322 4 37577 5 37833 8 38088 9 38344 10 38600 10 38856 10 39111 11 39368 9 39624 9 39881 7 40140 3
912a679e4b9b1d1a75170254fd675b8c24b664d80ad7ea7e460241a23535a406,40405 5 40659 9 40915 10 41170 11 41426 12 41682 12 41937 12 42193 12 42449 12 42706 11 42962 11 43218 11 43475 9 43731 9 43988 7 44246 4
912a679e4b9b1d1a75170254fd675b8c24b664d80ad7ea7e460241a23535a406,54485 3 54739 7 54995 9 55250 10 55506 11 55762 11 56018 11 56275 9 56531 9 56789 6
912a679e4b9b1d1a75170254fd675b8c24b664d80ad7ea7e460241a23535a406,33512 1 33767 3 34022 4 34277 6 34530 12 34786 12 35041 12 35297 12 35554 11 35810 10 36065 11 36321 11 36577 10 36833 10 37090 8 37346 8 37603 6 37860 3
912a679e4b9b1d1a75170254fd675b8c24b664d80ad7ea7e460241a23535a406,30953 4 31209 6 31464 9 31720 10 31976 11 32232 11 32487 13 32744 12 33000 12 33257 10 33513 10 33770 5 34026 4 34283 3
912a679e4b9b1d1a75170254fd675b8c24b664d80ad7ea7e460241a23535a406,10215 2 10469 5 10725 6 10982 5 11240 3 11497 2
912a679e4b9b1d1a75170254fd675b8c24b664d80ad7ea7e460241a23535a406,58602 7 58855 12 59109 16 59364 18 59620 19 59875 20 60131 21 60387 21 60644 20 60900 20 61156 19 61413 18 61669 17 61927 15 62185 11
912a679e4b9b1d1a75170254fd675b8c24b664d80ad7ea7e460241a23535a406,62702 6 62957 11 63211 15 63466 17 63722 18 63977 19 64233 20 64489 20 64746 19 65002 19 65258 19 65515 17
9ab2d381f90b485a68b82bc07f94397a0373e3215ad20935a958738e55f3cfc2,144488 3 145000 3 145512 4 146024 4 146537 3 147050 1
9f17aea854db13015d19b34cb2022cfdeda44133323fcd6bb3545f7b9404d8ab,226305 1 226817 1 227329 2 227841 2 228353 4 228865 5 229377 6 229889 7 230401 8 230913 8 231425 9 231937 12 232449 11 232961 11 233473 10 233985 9 234498 6 235010 6 235523 4 236035 3
9f17aea854db13015d19b34cb2022cfdeda44133323fcd6bb3545f7b9404d8ab,225793 1 226818 8 227331 17 227843 17 228357 15 228870 13 229383 12 229896 10 230409 8 230921 7 231434 4
9f17aea854db13015d19b34cb2022cfdeda44133323fcd6bb3545f7b9404d8ab,214535 9 215042 17 215553 18 216065 19 216577 20 217089 20 217601 21 218113 22 218625 22 219137 23 219649 23 220161 23 220673 23 221185 23 221697 23 222209 23 222721 22 223233 22 223745 21 224257 21 224770 19 225281 20 225794 19 226306 18 226826 10
9f17aea854db13015d19b34cb2022cfdeda44133323fcd6bb3545f7b9404d8ab,267780 6 268291 7 268802 9 269313 10 269825 11 270337 11 270849 11 271361 11 271873 11 272385 10 272897 10 273409 9 273921 8 274433 7 274945 6 275458 4
9f17aea854db13015d19b34cb2022cfdeda44133323fcd6bb3545f7b9404d8ab,334338 4 334849 6 335361 6 335873 7 336391 1 336903 1
9f17aea854db13015d19b34cb2022cfdeda44133323fcd6bb3545f7b9404d8ab,336385 6 336897 6 337409 7 337921 7 338433 7 338945 6 339457 6 339969 5 340482 4
9f17aea854db13015d19b34cb2022cfdeda44133323fcd6bb3545f7b9404d8ab,180748 6 181259 8 181770 9 182282 10 182793 11 183305 12 183816 13 184328 14 184840 14 185351 15 185863 14 186375 14 186886 15 187397 16 187909 16 188420 17 188932 17 189444 17 189956 17 190468 17 190980 17 191493 16 192005 17 192520 14
9f17aea854db13015d19b34cb2022cfdeda44133323fcd6bb3545f7b9404d8ab,184854 5 185366 5 185877 5 186389 5 186901 5 187413 5 187925 5 188437 5 188949 4 189461 4 189973 4 190485 4 190997 4 191509 4 192022 4 192534 4
9f17aea854db13015d19b34cb2022cfdeda44133323fcd6bb3545f7b9404d8ab,184859 4 185371 5 185882 6 186394 5 186906 5 187418 5 187930 5 188442 5 188953 6 189465 6 189977 6 190489 6 191001 6 191513 6 192026 5 192538 6
9f17aea854db13015d19b34cb2022cfdeda44133323fcd6bb3545f7b9404d8ab,185376 10 185888 11 186399 13 186911 13 187423 14 187935 14 188447 14 188959 14 189471 14 189983 14 190495 14 191007 13 191519 13 192031 12 192544 11 193056 10 193571 5
9f17aea854db13015d19b34cb2022cfdeda44133323fcd6bb3545f7b9404d8ab,259093 5 259602 11 260113 14 260623 16 261134 18 261645 18 262157 18 262668 15 263180 14 263692 13 264203 12 264715 11 265226 11 265739 8 266251 5
9f17aea854db13015d19b34cb2022cfdeda44133323fcd6bb3545f7b9404d8ab,279064 4 279574 7 280085 9 280596 10 281107 12 281619 12 282130 14 282641 15 283153 15 283664 16 284176 17 284687 18 285199 18 285712 17 286224 17 286737 15 287250 14 287764 10
9f17aea854db13015d19b34cb2022cfdeda44133323fcd6bb3545f7b9404d8ab,224324 3 224834 6 225344 9 225851 15 226360 18 226870 21 227381 22 227891 24 228401 26 228911 27 229421 29 229930 31 230440 33 230951 33 231462 33 231973 34 232484 34 232996 32 233507 33 234019 32 234531 31 235043 31 235555 31 236067 30 236579 30 237092 29 237604 28 238117 27 238629 26 239142 25 239656 21 240169 19 240682 17 241196 14 241709 12 242224 6
9f17aea854db13015d19b34cb2022cfdeda44133323fcd6bb3545f7b9404d8ab,259113 7 259624 9 260135 11 260646 12 261157 14 261668 15 262180 16 262691 17 263203 17 263715 17 264228 16 264740 16 265253 15 265765 9 266278 7 266791 2 267303 2
9f17aea854db13015d19b34cb2022cfdeda44133323fcd6bb3545f7b9404d8ab,277032 2 277544 2 278055 8 278567 15 279078 15 279590 15 280102 14 280614 13 281126 12 281638 11 282150 10 282663 8 283175 6 283688 3
9f17aea854db13015d19b34cb2022cfdeda44133323fcd6bb3545f7b9404d8ab,265774 6 266285 8 266793 13 267305 13 267816 15 268329 14 268841 2 269354 1 269367 1
9f17aea854db13015d19b34cb2022cfdeda44133323fcd6bb3545f7b9404d8ab,268843 12 269355 12 269866 14 270378 14 270890 14 271402 1 271415 1 271914 1 271927 1
9f17aea854db13015d19b34cb2022cfdeda44133323fcd6bb3545f7b9404d8ab,271403 12 271915 12 272426 14 272938 14 273450 1 273463 1 273962 1 273975 1
9f17aea854db13015d19b34cb2022cfdeda44133323fcd6bb3545f7b9404d8ab,273451 12 273963 12 274474 14 274986 14 275498 13 276009 14 276521 14 277034 13 277546 12 278063 7
9f17aea854db13015d19b34cb2022cfdeda44133323fcd6bb3545f7b9404d8ab,309836 4 310345 9 310856 10 311366 13 311877 14 312388 15 312899 16 313411 16 313922 16 314434 16 314945 17 315457 17 315969 18 316481 18 316992 19 317504 19 318016 19 318528 20 319039 21 319551 21 320063 22 320574 35 321086 36 321597 37 322108 40 322619 46 323131 46 323642 46 324154 46 324665 46 325177 46 325689 45 326201 43 326713 42 327226 39 327738 37 328250 36 328763 33 329275 32 329788 29 330301 27 330814 25 331327 22 331842 17
9f17aea854db13015d19b34cb2022cfdeda44133323fcd6bb3545f7b9404d8ab,308317 6 308828 8 309339 10 309850 12 310362 12 310873 14 311385 14 311897 14 312409 15 312922 14 313434 14 313947 14 314459 10 314972 8 315484 7 315997 4 316510 3 317023 1 317536 1
9f17aea854db13015d19b34cb2022cfdeda44133323fcd6bb3545f7b9404d8ab,314469 5 314980 7 315491 10 316001 12 316513 13 317024 14 317537 13 318049 13 318562 11 319074 11 319586 10 320097 11 320609 10 321122 9 321634 8 322148 6
9f17aea854db13015d19b34cb2022cfdeda44133323fcd6bb3545f7b9404d8ab,71 5 582 6 1093 8 1605 8 2116 10 2628 10 3140 10 3651 11 4163 11 4675 11 5187 11 5699 11 6212 10 6724 10 7237 9 7749 8 8262 7 8775 4
9f17aea854db13015d19b34cb2022cfdeda44133323fcd6bb3545f7b9404d8ab,159861 10 160369 16 160875 21 161383 25 161892 27 162402 29 162912 31 163422 33 163934 33 164445 34 164957 34 165469 34 165981 34 166493 34 167005 34 167518 33 168030 32 168544 30 169057 29 169571 27 170087 23 170601 21 171115 19 171628 18 172141 17 172654 16 173167 15 173680 14 174193 14 174707 12 175222 5
9f17aea854db13015d19b34cb2022cfdeda44133323fcd6bb3545f7b9404d8ab,160896 9 161408 11 161919 13 162431 14 162943 15 163455 16 163967 16 164479 17 164991 18 165503 18 166015 19 166527 19 167039 20 167551 20 168062 22 168574 22 169086 22 169598 22 170110 23 170622 23 171134 22 171646 22 172158 22 172670 22 173182 21 173694 21 174207 19 174719 17 175232 15 175747 10 176261 5
9f17aea854db13015d19b34cb2022cfdeda44133323fcd6bb3545f7b9404d8ab,200310 1 200820 2 201325 9 201834 12 202344 14 202855 15 203366 16 203878 17 204389 18 204901 19 205412 20 205924 20 206436 20 206948 21 207460 21 207973 21 208485 19 208998 17 209511 15 210025 11
9f17aea854db13015d19b34cb2022cfdeda44133323fcd6bb3545f7b9404d8ab,196731 4 197242 8 197753 12 198265 13 198776 16 199288 16 199799 18 200311 18 200822 19 201334 19 201846 19 202358 19 202870 18 203382 18 203895 16 204407 15 204920 13 205432 11 205944 9 206456 8 206969 5 207481 3
9f17aea854db13015d19b34cb2022cfdeda44133323fcd6bb3545f7b9404d8ab,129154 1 129662 5 130170 8 130681 9 131192 10 131704 10 132215 11 132727 12 133239 12 133751 12 134264 11 134776 11 135289 11 135803 9
9f17aea854db13015d19b34cb2022cfdeda44133323fcd6bb3545f7b9404d8ab,128647 2 129155 6 129667 5 130178 6 130690 6 131202 6 131714 7 132226 7 132739 6 133251 6 133763 7 134275 7 134787 8 135300 5 135812 3
9f17aea854db13015d19b34cb2022cfdeda44133323fcd6bb3545f7b9404d8ab,127120 1 127629 4 128139 5 128649 7 129161 7 129672 8 130184 8 130696 9 131208 9 131721 8 132233 8 132745 8 133257 9 133770 8 134282 3
9f17aea854db13015d19b34cb2022cfdeda44133323fcd6bb3545f7b9404d8ab,126619 6 127121 17 127633 17 128144 19 128656 19 129168 19 129680 19 130192 18 130705 17 131217 13 131729 12 132241 12 132753 11 133266 7 133778 3
9f17aea854db13015d19b34cb2022cfdeda44133323fcd6bb3545f7b9404d8ab,171696 9 172205 13 172715 15 173225 18 173735 20 174246 21 174757 23 175269 23 175780 24 176292 24 176803 25 177315 25 177826 25 178338 25 178849 25 179361 25 179872 25 180384 25 180895 25 181407 24 181918 25 182429 25 182940 26 183451 26 183961 27 184472 28 184983 28 185494 28 186005 28 186517 27 187028 27 187540 27 188051 26 188563 25 189075 23 189587 21 190099 19 190612 15 191124 13 191637 10 192150 6
9f17aea854db13015d19b34cb2022cfdeda44133323fcd6bb3545f7b9404d8ab,304280 3 304791 6 305303 6 305814 8 306326 8 306838 8 307350 9 307862 9 308374 9 308886 5 309398 4 309911 2 310423 2
9f17aea854db13015d19b34cb2022cfdeda44133323fcd6bb3545f7b9404d8ab,307882 3 308392 7 308891 4 308903 10 309402 5 309413 12 309913 7 309924 13 310425 23 310936 24 311448 24 311961 23 312473 23 312986 22 313498 22 314011 21 314524 20 315037 20 315551 18 316067 15
9f17aea854db13015d19b34cb2022cfdeda44133323fcd6bb3545f7b9404d8ab,293041 9 293550 15 294060 18 294562 29 295073 30 295584 32 296096 32 296607 33 297119 33 297631 33 298143 33 298654 35 299166 33 299678 33 300191 31 300703 31 301216 30 301730 28 302244 25 302757 24 303270 23 303783 22 304296 21 304809 6 304827 2 305322 3 305341 1
9f17aea854db13015d19b34cb2022cfdeda44133323fcd6bb3545f7b9404d8ab,309425 4 309937 4 310448 4 310960 4 311472 4 311984 4 312496 4 313008 4 313520 4 314032 4 314544 4 315057 3 315569 4
9f17aea854db13015d19b34cb2022cfdeda44133323fcd6bb3545f7b9404d8ab,309429 5 309941 5 310452 5 310964 5 311476 5 311988 5 312500 5 313012 5 313524 5 314036 5 314548 5 315060 5 315573 5 316085 5
9f17aea854db13015d19b34cb2022cfdeda44133323fcd6bb3545f7b9404d8ab,308925 1 309434 3 309946 3 310457 5 310969 5 311481 6 311993 7 312505 8 313017 8 313529 8 314041 8 314553 8 315065 8 315578 8 316090 8 316606 3
9f17aea854db13015d19b34cb2022cfdeda44133323fcd6bb3545f7b9404d8ab,299199 4 299711 7 300222 10 300734 11 301246 12 301758 13 302269 14 302781 15 303293 15 303805 16 304317 8 304332 1 304829 3 304844 1 305342 2 305854 1
9f17aea854db13015d19b34cb2022cfdeda44133323fcd6bb3545f7b9404d8ab,309437 2 309949 2 310462 6 310974 14 311487 13 312000 12 312513 10 313025 10 313537 9 314049 8 314561 8 315073 7 315586 4 316098 3
9f17aea854db13015d19b34cb2022cfdeda44133323fcd6bb3545f7b9404d8ab,304325 7 304832 12 305344 13 305855 14 306367 14 306880 13 307391 15 307903 15 308414 16 308926 16 309439 15 309951 14 310468 9
9f17aea854db13015d19b34cb2022cfdeda44133323fcd6bb3545f7b9404d8ab,199860 6 200368 12 200877 19 201387 25 201898 28 202409 30 202920 32 203431 34 203942 36 204453 37 204964 39 205475 40 205986 42 206497 43 207009 43 207520 44 208032 43 208543 44 209055 44 209567 44 210079 43 210592 42 211104 41 211617 39 212129 37 212642 34 213156 30 213671 25 214186 20 214702 14
9f17aea854db13015d19b34cb2022cfdeda44133323fcd6bb3545f7b9404d8ab,220341 3 220850 8 221360 11 221871 13 222382 14 222893 16 223404 18 223916 19 224427 23 224939 25 225451 28 225963 29 226475 29 226987 30 227499 30 228011 30 228524 29 229036 29 229549 28 230061 27 230574 26 231087 24 231600 22 232113 21 232628 16 233143 11
9f17aea854db13015d19b34cb2022cfdeda44133323fcd6bb3545f7b9404d8ab,122569 1 123080 1 123591 2 124101 4 124611 6 125120 9 125631 10 126141 12 126651 14 127162 15 127673 16 128184 17 128694 19 129205 20 129716 21 130227 23 130738 24 131249 25 131760 26 132272 26 132783 27 133295 27 133807 27 134319 27 134831 27 135343 27 135855 28 136367 28 136880 29 137392 27 137905 13 138418 9 138932 4
9f17aea854db13015d19b34cb2022cfdeda44133323fcd6bb3545f7b9404d8ab,119511 3 120016 15 120526 19 121037 21 121547 25 122058 33 122570 34 123081 35 123593 36 124105 36 124617 36 125129 35 125641 35 126153 33 126665 32 127177 31 127689 30 128201 29 128713 29 129225 28 129737 27 130250 25 130762 25 131274 23 131786 22 132298 20 132810 17 133322 15 133834 15 134346 12 134858 10 135370 9 135883 6 136395 4
9f17aea854db13015d19b34cb2022cfdeda44133323fcd6bb3545f7b9404d8ab,171722 1 172233 2 172273 1 172745 20 173256 41 173768 40 174280 40 174791 40 175303 40 175815 39 176327 39 176839 38 177351 38 177863 37 178375 37 178888 35 179400 35 179913 33 180425 31 180938 29 181450 27 181963 24 182477 18
9f17aea854db13015d19b34cb2022cfdeda44133323fcd6bb3545f7b9404d8ab,156391 7 156902 9 157412 12 157921 16 158432 17 158942 20 159453 21 159963 23 160474 25 160985 26 161496 27 162007 28 162519 28 163029 31 163540 32 164051 33 164562 34 165073 35 165585 36 166096 37 166607 38 167119 38 167630 39 168142 39 168653 39 169165 39 169676 40 170187 40 170699 40 171210 40 171723 39 172235 38 172765 20
9f17aea854db13015d19b34cb2022cfdeda44133323fcd6bb3545f7b9404d8ab,249052 5 249563 7 250074 9 250586 10 251097 11 251609 12 252121 12 252634 11 253146 12 253659 11 254172 9 254686 7
9f17aea854db13015d19b34cb2022cfdeda44133323fcd6bb3545f7b9404d8ab,154885 7 155395 11 155906 13 156417 14 156929 15 157440 16 157952 17 158463 18 158975 18 159487 18 160000 17 160512 17 161025 15 161537 15 162050 13 162564 9
9f17aea854db13015d19b34cb2022cfdeda44133323fcd6bb3545f7b9404d8ab,14605 2 15115 4 15625 5 16136 6 16646 8 17157 9 17668 11 18180 11 18691 12 19203 12 19715 13 20227 13 20739 15 21252 13 21764 11 22279 5
9f17aea854db13015d19b34cb2022cfdeda44133323fcd6bb3545f7b9404d8ab,13079 1 13586 6 14096 7 14607 8 15119 8 15630 9 16142 9 16654 9 17166 9 17679 8 18191 8 18703 8 19215 9 19728 8 20240 5
9f17aea854db13015d19b34cb2022cfdeda44133323fcd6bb3545f7b9404d8ab,12060 8 12569 11 13080 11 13592 11 14103 12 14615 12 15127 12 15639 12 16151 12 16663 12 17175 12 17687 12 18199 13 18711 13 19224 11 19736 9 20251 3
9f17aea854db13015d19b34cb2022cfdeda44133323fcd6bb3545f7b9404d8ab,11561 4 12068 10 12580 11 13091 13 13603 13 14115 14 14627 14 15139 14 15651 14 16163 14 16675 14 17187 14 17699 14 18212 12 18724 12 19239 7
9f17aea854db13015d19b34cb2022cfdeda44133323fcd6bb3545f7b9404d8ab,4367 7 4877 10 5387 12 5898 14 6410 14 6921 14 7433 14 7944 14 8456 13 8967 13 9480 11 9992 10 10505 8
9f17aea854db13015d19b34cb2022cfdeda44133323fcd6bb3545f7b9404d8ab,81169 2 81678 5 82188 6 82699 7 83209 9 83721 9 84232 10 84744 10 85255 11 85767 12 86279 12 86791 12 87303 12 87815 12 88328 11 88840 11 89353 11 89866 10 90380 7
9f17aea854db13015d19b34cb2022cfdeda44133323fcd6bb3545f7b9404d8ab,81171 10 81683 12 82194 16 82706 18 83218 19 83730 20 84242 20 84754 21 85266 21 85779 20 86291 20 86803 20 87315 19 87827 19 88339 18 88851 16 89364 12 89876 3
9f17aea854db13015d19b34cb2022cfdeda44133323fcd6bb3545f7b9404d8ab,309021 2 309533 3 309539 1 310044 8 310556 7 311068 7 311581 7 312093 7
9f17aea854db13015d19b34cb2022cfdeda44133323fcd6bb3545f7b9404d8ab,298784 3 299293 10 299803 13 300314 14 300826 15 301337 16 301849 16 302361 16 302873 16 303385 16 303897 15 304409 15 304921 15 305434 13 305946 13 306459 12 306971 11 307484 10 307998 7 308511 5 309023 5 309536 3
9f17aea854db13015d19b34cb2022cfdeda44133323fcd6bb3545f7b9404d8ab,305456 3 305968 3 306479 5 306990 6 307500 8 308010 9 308520 11 309030 12 309540 14 310052 13 310563 14 311075 13 311588 11 312100 10 312617 3
9f17aea854db13015d19b34cb2022cfdeda44133323fcd6bb3545f7b9404d8ab,255303 1 255812 4 256323 4 256834 5 257346 5 257857 6 258369 7 258881 7 259393 7 259906 6 260418 7 260932 5
9f17aea854db13015d19b34cb2022cfdeda44133323fcd6bb3545f7b9404d8ab,254794 3 255304 5 255816 4 256327 5 256839 5 257351 5 257863 6 258376 5 258888 5 259400 5 259912 6 260425 5 260937 3
9f17aea854db13015d19b34cb2022cfdeda44133323fcd6bb3545f7b9404d8ab,251738 3 252247 8 252758 9 253269 11 253779 13 254289 16 254797 20 255309 20 255820 21 256332 21 256844 21 257356 21 257869 20 258381 20 258893 19 259405 19 259918 17 260430 16 260949 8
9f17aea854db13015d19b34cb2022cfdeda44133323fcd6bb3545f7b9404d8ab,85325 4 85835 7 86346 8 86857 10 87369 10 87880 11 88392 10 88904 10 89416 9 89929 8 90441 7 90954 5
9f17aea854db13015d19b34cb2022cfdeda44133323fcd6bb3545f7b9404d8ab,321374 5 321885 8 322396 11 322907 15 322931 1 323419 24 323930 26 324442 26 324954 26 325466 26 325978 26 326491 25 327003 25 327516 24 328029 23 328541 24 329054 23 329567 22 330081 20 330594 19 331107 18 331621 16 332135 14 332649 13 333163 11 333679 8
9f17aea854db13015d19b34cb2022cfdeda44133323fcd6bb3545f7b9404d8ab,313213 3 313724 7 314235 9 314746 11 315257 13 315768 14 316278 17 316789 18 317301 18 317812 19 318324 19 318836 20 319349 19 319861 19 320373 19 320885 19 321397 20 321909 20 322420 22 322932 22 323443 24 323956 23 324468 23 324980 23 325492 23 326004 23 326516 23 327028 23 327540 23 328052 23 328565 21 329077 21 329589 20 330101 20 330613 18 331125 16 331637 14 332149 11 332662 7 333174 5
9f17aea854db13015d19b34cb2022cfdeda44133323fcd6bb3545f7b9404d8ab,275365 5 275873 11 276380 17 276889 21 277398 25 277908 28 278419 29 278930 31 279442 31 279953 32 280465 32 280976 32 281488 32 282000 31 282512 31 283023 32 283535 31 284047 32 284559 32 285071 32 285583 32 286096 31 286608 32 287120 32 287632 33 288145 33 288657 31 289170 29 289682 28 290196 7 290211 11 290709 4 290725 8 291240 5 291754 3 292267 3 292781 1
9f17aea854db13015d19b34cb2022cfdeda44133323fcd6bb3545f7b9404d8ab,288688 5 289199 7 289710 8 290222 7 290733 8 291245 8 291757 8 292270 7 292782 7 293295 7 293810 4
9f17aea854db13015d19b34cb2022cfdeda44133323fcd6bb3545f7b9404d8ab,287676 2 288187 3 288697 6 288706 1 289206 13 289718 13 290229 14 290741 15 291253 14 291765 14 292277 14 292789 13 293302 12 293814 11
9f17aea854db13015d19b34cb2022cfdeda44133323fcd6bb3545f7b9404d8ab,276924 8 277434 12 277944 15 278455 17 278966 19 279478 19 279989 21 280501 21 281013 22 281525 19 282038 18 282550 17 283063 16 283576 15 284089 13 284602 12 285115 11 285627 11 286140 11 286653 8 286662 1 287165 7 287678 5 288190 5 288703 3
9f17aea854db13015d19b34cb2022cfdeda44133323fcd6bb3545f7b9404d8ab,281544 7 282056 9 282567 12 283079 13 283591 13 284102 15 284614 15 285126 15 285638 16 286151 15 286663 15 287176 14 287688 14 288201 13 288713 13 289226 11 289738 11 290250 11 290762 10 291274 10 291786 9 292299 7 292811 7 293324 5
a4816cc1fb76cb3c5e481186833fc0ae9cf426a1406a2607e974e65e9cddba4f,25432 4 25951 4 26470 5 26989 5 27508 6 28027 6
a4816cc1fb76cb3c5e481186833fc0ae9cf426a1406a2607e974e65e9cddba4f,28546 6 29065 6 29584 6 30103 6 30622 6 31141 5 31660 5 32179 4 32698 4 33217 1
a4816cc1fb76cb3c5e481186833fc0ae9cf426a1406a2607e974e65e9cddba4f,31682 4 32198 10 32715 13 33233 15 33750 17 34268 19 34786 20 35304 21 35822 22 36340 23 36858 24 37377 24 37895 24 38414 24 38932 25 39451 24 39969 25 40488 24 41007 24 41525 24 42044 24 42564 22 43083 21 43603 19 44122 19 44642 17 45162 14 45683 10 46204 4
a4816cc1fb76cb3c5e481186833fc0ae9cf426a1406a2607e974e65e9cddba4f,1583 6 2100 10 2618 13 3136 16 3654 17 4173 18 4691 20 5210 20 5728 22 6247 22 6766 22 7285 22 7804 21 8322 22 8841 22 9360 22 9879 22 10398 22 10918 21 11436 21 11955 21 12475 19 12994 19 13514 18 14033 17 14553 16 15072 15 15592 13 16112 11 16633 8
a4816cc1fb76cb3c5e481186833fc0ae9cf426a1406a2607e974e65e9cddba4f,78922 9 79440 12 79957 15 80476 17 80994 19 81513 19 82031 21 82550 21 83069 21 83588 22 84107 22 84626 23 85145 23 85664 23 86184 22 86703 22 87222 22 87741 22 88261 21 88780 20 89300 19 89819 18 90339 17 90858 16 91379 13 91900 9
a4816cc1fb76cb3c5e481186833fc0ae9cf426a1406a2607e974e65e9cddba4f,41573 10 42090 14 42607 16 43125 18 43643 19 44162 19 44680 20 45199 20 45717 21 46236 21 46755 21 47274 20 47793 20 48312 19 48831 19 49350 18 49870 16 50389 16 50909 13 51429 11 51951 5
a4816cc1fb76cb3c5e481186833fc0ae9cf426a1406a2607e974e65e9cddba4f,114755 5 115271 15 115788 16 116306 17 116824 17 117343 17 117861 18 118380 18 118898 19 119417 19 119936 19 120455 19 120974 19 121493 19 122012 19 122532 17 123051 17 123571 16 124090 16 124610 15 125129 15 125649 14 126169 13 126690 11 127210 10 127731 8 128252 6 128775 2
a4816cc1fb76cb3c5e481186833fc0ae9cf426a1406a2607e974e65e9cddba4f,115804 4 116323 7 116841 10 117360 12 117879 14 118398 15 118917 17 119436 17 119955 19 120474 19 120993 20 121512 20 122031 21 122549 22 123068 22 123587 22 124106 21 124625 21 125144 21 125663 21 126182 22 126701 10 127220 1 127739 1
a4816cc1fb76cb3c5e481186833fc0ae9cf426a1406a2607e974e65e9cddba4f,126711 12 127221 24 127740 26 128258 29 128777 30 129296 31 129816 32 130334 33 130854 33
a4816cc1fb76cb3c5e481186833fc0ae9cf426a1406a2607e974e65e9cddba4f,11998 9 12515 13 13033 16 13551 18 14069 20 14587 22 15106 23 15624 24 16142 26 16661 26 17179 27 17698 28 18216 29 18735 30 19254 30 19772 31 20292 31 20811 31 21330 31 21850 30 22369 30 22889 28 23411 25 23935 19 24456 17 24976 15 25496 13 26016 10 26536 8 27056 6
a4816cc1fb76cb3c5e481186833fc0ae9cf426a1406a2607e974e65e9cddba4f,98154 3 98669 7 99186 8 99703 10 100221 11 100739 12 101257 13 101776 13 102294 14 102813 14 103332 14 103851 15 104370 15 104889 15 105408 15 105927 15 106447 14 106966 14 107486 13 108006 12 108527 11 109049 8 109573 3
a4816cc1fb76cb3c5e481186833fc0ae9cf426a1406a2607e974e65e9cddba4f,97640 7 98157 13 98676 14 99194 16 99713 17 100232 17 100751 18 101270 18 101789 18 102308 19 102827 19 103346 19 103866 18 104385 18 104904 17 105423 17 105942 16 106461 16 106980 15 107499 14 108018 13 108538 10 109057 7
a4816cc1fb76cb3c5e481186833fc0ae9cf426a1406a2607e974e65e9cddba4f,50942 7 51458 12 51974 16 52492 17 53009 20 53527 21 54045 21 54562 23 55080 23 55599 23 56117 23 56636 22 57154 22 57673 21 58192 20 58711 19 59231 17 59750 16 60270 14 60790 10
a4816cc1fb76cb3c5e481186833fc0ae9cf426a1406a2607e974e65e9cddba4f,70141 11 70658 15 71176 17 71694 18 72212 20 72730 21 73248 23 73767 23 74285 24 74804 25 75322 26 75841 26 76360 26 76879 26 77397 27 77916 27 78435 26 78954 26 79474 25 79993 24 80512 24 81031 23 81550 23 82070 21 82589 21 83109 19 83628 18 84148 16 84668 2 84680 2 85200 1
a4816cc1fb76cb3c5e481186833fc0ae9cf426a1406a2607e974e65e9cddba4f,84670 10 85188 12 85707 12 86225 12 86744 12 87262 12 87781 12 88300 12 88819 12 89338 12 89857 12 90376 12 90895 12 91414 11 91933 11 92452 10 92971 10 93491 9 94010 9 94530 8 95049 8 95569 7 96089 6 96610 4 97131 3 97652 1
a4816cc1fb76cb3c5e481186833fc0ae9cf426a1406a2607e974e65e9cddba4f,86237 3 86756 5 87274 8 87793 9 88312 10 88831 11 89350 11 89869 12 90388 12 90907 13 91425 14 91944 14 92462 15 92981 15 93500 15 94019 15 94538 15 95057 14 95576 14 96095 13 96614 13 97134 10 97653 8
a4816cc1fb76cb3c5e481186833fc0ae9cf426a1406a2607e974e65e9cddba4f,56153 17 56669 23 57187 26 57705 27 58222 30 58740 31 59258 32 59777 31 60295 32 60814 31 61333 30 61852 30 62372 27 62891 26 63411 23 63932 19 64455 12
a4816cc1fb76cb3c5e481186833fc0ae9cf426a1406a2607e974e65e9cddba4f,26593 3 27109 6 27626 7 28143 9 28660 11 29177 13 29695 14 30213 15 30731 16 31250 16 31768 17 32287 17 32806 17 33325 17 33845 17 34364 17 34884 16 35405 8
a4816cc1fb76cb3c5e481186833fc0ae9cf426a1406a2607e974e65e9cddba4f,26596 6 27115 7 27633 8 28152 7 28671 7 29190 7 29709 7 30228 7 30747 7 31266 6 31785 6 32304 6 32823 6 33342 6 33862 5 34381 6 34902 4
a4816cc1fb76cb3c5e481186833fc0ae9cf426a1406a2607e974e65e9cddba4f,27122 6 27641 9 28159 11 28678 12 29197 13 29716 13 30235 14 30754 14 31272 15 31791 15 32310 15 32829 15 33348 14 33867 14 34387 11 34906 9
a4816cc1fb76cb3c5e481186833fc0ae9cf426a1406a2607e974e65e9cddba4f,124 25 642 27 1162 25 1681 26 2200 26 2719 26 3238 26 3758 25 4277 25 4796 25 5316 24 5835 24 6354 24 6873 24 7393 22 7912 22 8432 20 8951 19 9472 16 9991 15 10512 11 11033 7
a4816cc1fb76cb3c5e481186833fc0ae9cf426a1406a2607e974e65e9cddba4f,38549 9 39064 15 39581 17 40098 20 40615 22 41133 24 41650 26 42169 26 42687 27 43205 28 43724 28 44242 29 44761 29 45279 30 45798 30 46317 29 46837 28 47356 27 47876 25 48395 24 48915 21 49435 18 49956 12
a4816cc1fb76cb3c5e481186833fc0ae9cf426a1406a2607e974e65e9cddba4f,115355 10 115872 18 116390 21 116907 25 117425 27 117943 29 118462 30 118980 32 119499 33 120017 34 120536 35 121054 36 121573 36 122092 35 122611 35 123130 34 123649 33 124168 32 124687 31 125206 29 125725 27 126244 24 126764 20 127283 18 127803 15 128323 12 128845 6
a4816cc1fb76cb3c5e481186833fc0ae9cf426a1406a2607e974e65e9cddba4f,9497 5 10014 9 10531 12 11048 14 11566 16 12083 18 12601 19 13119 20 13637 21 14156 21 14674 22 15192 22 15711 22 16229 23 16748 22 17267 22 17786 21 18305 21 18824 20 19343 19 19862 18 20381 17 20900 16 21419 15 21939 13 22458 11 22978 9 23498 6
a4816cc1fb76cb3c5e481186833fc0ae9cf426a1406a2607e974e65e9cddba4f,109677 12 110194 17 110712 20 111230 23 111748 25 112267 26 112785 28 113304 28 113823 29 114343 28 114862 28 115382 27 115901 26 116421 25 116941 23 117461 22 117981 20 118502 16 119023 11
a4816cc1fb76cb3c5e481186833fc0ae9cf426a1406a2607e974e65e9cddba4f,15230 9 15747 13 16264 16 16783 17 17300 20 17819 21 18337 22 18856 23 19374 24 19893 24 20412 24 20930 25 21449 25 21968 24 22487 24 23006 23 23525 23 24044 22 24563 22 25082 21 25602 20 26121 19 26641 17 27161 15 27681 12 28201 9
a4816cc1fb76cb3c5e481186833fc0ae9cf426a1406a2607e974e65e9cddba4f,28218 8 28734 13 29251 16 29769 17 30287 19 30804 21 31323 21 31841 22 32360 22 32878 23 33397 23 33916 23 34434 23 34953 23 35472 22 35991 22 36509 22 37028 21 37547 21 38066 20 38585 20 39105 18 39624 17 40144 15 40664 13 41184 10 41705 5
a4816cc1fb76cb3c5e481186833fc0ae9cf426a1406a2607e974e65e9cddba4f,22030 5 22546 10 23063 13 23581 15 24099 17 24618 18 25136 19 25655 20 26174 20 26693 20 27212 20 27730 21 28249 22 28768 22 29287 22 29806 22 30325 22 30844 22 31363 21 31882 21 32401 20 32920 20 33440 18 33959 17 34479 12 34999 10 35520 8 36042 4
a4816cc1fb76cb3c5e481186833fc0ae9cf426a1406a2607e974e65e9cddba4f,34491 3 35009 4 35528 6 36046 10 36565 11 37083 13 37601 14 38119 16 38637 17 39155 19 39673 20 40192 20 40710 21 41229 21 41747 22 42266 21 42784 22 43303 22 43822 21 44341 21 44860 20 45379 20 45898 19 46418 17 46937 16 47457 14 47978 10 48500 3
a4816cc1fb76cb3c5e481186833fc0ae9cf426a1406a2607e974e65e9cddba4f,74994 3 75510 10 76028 14 76545 17 77064 18 77582 20 78101 21 78619 22 79138 23 79657 23 80176 24 80695 24 81214 25 81733 25 82252 26 82771 26 83290 27 83809 27 84328 27 84847 27 85366 27 85885 27 86405 26 86924 26 87444 24 87963 24 88482 24 89002 22 89521 22 90041 20 90561 18 91081 17 91601 14 92122 11
a4816cc1fb76cb3c5e481186833fc0ae9cf426a1406a2607e974e65e9cddba4f,40227 14 40744 20 41261 24 41778 27 42295 30 42813 31 43331 33 43849 34 44368 34 44886 35 45405 35 45924 35 46442 35 46961 35 47480 34 47999 33 48518 32 49038 29 49557 28 50077 25 50598 21 51119 17 51642 9
a4816cc1fb76cb3c5e481186833fc0ae9cf426a1406a2607e974e65e9cddba4f,6481 1 6500 1 7000 1 7019 1 7519 1 7538 1
a4816cc1fb76cb3c5e481186833fc0ae9cf426a1406a2607e974e65e9cddba4f,258 13 776 14 1294 16 1813 16 2331 18 2850 18 3368 19 3887 19 4406 19 4925 19 5443 20 5962 20 6482 18
a4816cc1fb76cb3c5e481186833fc0ae9cf426a1406a2607e974e65e9cddba4f,7001 18 7520 18 8038 20 8557 20 9077 19 9596 19 10115 19 10634 19 11153 19 11672 18 12191 18 12710 17 13229 17 13749 15 14268 14 14788 12 15307 11 15828 8 16349 4
a4816cc1fb76cb3c5e481186833fc0ae9cf426a1406a2607e974e65e9cddba4f,94746 3 95261 6 95777 9 96294 11 96812 12 97329 14 97848 14 98366 15 98884 16 99403 17 99921 18 100440 18 100958 19 101477 19 101996 19 102515 20 103034 20 103553 22 104073 19 104592 17 105114 10
a4816cc1fb76cb3c5e481186833fc0ae9cf426a1406a2607e974e65e9cddba4f,93198 9 93714 14 94230 18 94749 18 95267 20 95786 20 96305 20 96824 20 97343 19 97862 19 98381 18 98900 18 99420 16 99939 15 100458 14 100977 12 101496 11 102015 9 102535 6 103054 4
a4816cc1fb76cb3c5e481186833fc0ae9cf426a1406a2607e974e65e9cddba4f,120689 8 121205 11 121722 12 122240 13 122758 14 123277 14 123795 15 124314 15 124833 15 125352 15 125871 14 126390 14 126910 13 127429 13 127949 12 128469 11 128989 10 129511 7 130033 5 130554 3
a4816cc1fb76cb3c5e481186833fc0ae9cf426a1406a2607e974e65e9cddba4f,120697 5 121216 8 121734 10 122253 12 122772 13 123291 14 123810 15 124329 15 124848 16 125367 16 125885 18 126404 18 126923 18 127442 18 127961 18 128480 17 128999 17 129518 15 130038 13 130557 11
a4816cc1fb76cb3c5e481186833fc0ae9cf426a1406a2607e974e65e9cddba4f,51690 14 52205 20 52722 22 53239 25 53758 25 54276 26 54795 26 55313 27 55832 27 56350 28 56869 28 57388 27 57907 27 58426 26 58945 25 59465 23 59984 23 60504 21 61023 20 61543 18 62064 15 62585 12 63106 8
a4816cc1fb76cb3c5e481186833fc0ae9cf426a1406a2607e974e65e9cddba4f,13815 6 14330 10 14846 12 15362 15 15880 16 16397 18 16915 19 17434 19 17952 20 18471 21 18990 21 19509 23 20029 20 20548 18 21068 16 21588 12 22108 9 22630 4
a4816cc1fb76cb3c5e481186833fc0ae9cf426a1406a2607e974e65e9cddba4f,13307 3 13821 12 14340 13 14858 15 15377 15 15896 16 16415 15 16934 15 17453 14 17972 13 18492 11 19011 9
a4816cc1fb76cb3c5e481186833fc0ae9cf426a1406a2607e974e65e9cddba4f,103607 14 104124 19 104640 24 105158 26 105676 28 106193 31 106712 31 107230 33 107748 34 108267 34 108785 35 109304 35 109822 36 110341 36 110860 35 111379 35 111898 34 112417 33 112936 32 113456 29 113975 27 114495 23 115015 19 115536 12
a4816cc1fb76cb3c5e481186833fc0ae9cf426a1406a2607e974e65e9cddba4f,64696 9 65213 12 65731 14 66248 16 66766 18 67284 19 67801 21 68320 21 68838 22 69356 22 69874 23 70392 23 70911 23 71429 23 71948 23 72466 23 72985 22 73504 21 74023 20 74542 19 75062 17 75581 15 76101 12 76621 8
a4816cc1fb76cb3c5e481186833fc0ae9cf426a1406a2607e974e65e9cddba4f,116085 15 116600 22 117116 27 117633 31 118150 34 118668 37 119186 38 119704 40 120222 41 120741 42 121259 43 121778 43 122297 43 122815 44 123335 43 123854 43 124373 42 124893 41 125412 40 125932 39 126451 38 126972 35 127492 32 128013 29 128534 25 129056 19 129582 6
a4816cc1fb76cb3c5e481186833fc0ae9cf426a1406a2607e974e65e9cddba4f,20592 11 21109 15 21626 18 22144 19 22661 22 23179 23 23697 24 24215 25 24733 26 25252 26 25770 27 26289 27 26807 28 27326 27 27844 28 28363 27 28882 26 29401 25 29920 25 30439 24 30958 22 31478 20 31997 18 32517 15 33037 12 33558 8
a4816cc1fb76cb3c5e481186833fc0ae9cf426a1406a2607e974e65e9cddba4f,83394 10 83912 13 84429 15 84947 17 85465 19 85984 19 86502 21 87020 22 87539 22 88057 23 88575 24 89094 24 89612 25 90130 26 90649 26 91167 26 91686 26 92205 25 92724 25 93243 24 93762 24 94282 22 94801 22 95321 20 95842 16 96363 12 96886 4
a4816cc1fb76cb3c5e481186833fc0ae9cf426a1406a2607e974e65e9cddba4f,42924 5 43440 11 43957 14 44475 16 44993 17 45511 19 46030 19 46548 20 47067 20 47585 20 48104 20 48622 21 49141 21 49660 20 50179 20 50698 20 51216 20 51735 20 52254 20 52773 19 53293 18 53812 17 54332 15 54851 14 55371 12 55891 10 56413 4
a4816cc1fb76cb3c5e481186833fc0ae9cf426a1406a2607e974e65e9cddba4f,378 33 895 34 1414 34 1932 34 2450 34 2969 33 3487 33 4006 32 4524 31 5043 30 5562 29 6082 27 6601 26 7121 23 7641 21 8161 18 8682 14 9203 9
a4816cc1fb76cb3c5e481186833fc0ae9cf426a1406a2607e974e65e9cddba4f,84993 5 85509 10 86024 16 86540 19 87057 22 87575 23 88093 25 88612 25 89130 26 89649 26 90167 27 90686 27 91205 27 91724 27 92243 27 92762 27 93282 26 93801 26 94321 24 94840 24 95361 21 95881 19 96402 16 96924 11
a4816cc1fb76cb3c5e481186833fc0ae9cf426a1406a2607e974e65e9cddba4f,27411 5 27924 15 28441 18 28957 22 29475 23 29992 26 30510 27 31028 28 31546 29 32064 30 32583 30 33101 30 33620 30 34139 29 34657 29 35176 28 35696 26 36215 25 36735 23 37254 21 37774 18 38295 13 38817 4
a4816cc1fb76cb3c5e481186833fc0ae9cf426a1406a2607e974e65e9cddba4f,50240 11 50757 16 51274 19 51792 20 52311 21 52829 22 53348 22 53866 23 54385 23 54903 24 55422 24 55941 23 56460 23 56979 23 57498 22 58018 21 58537 20 59057 18 59576 17 60097 12 60618 7
a4816cc1fb76cb3c5e481186833fc0ae9cf426a1406a2607e974e65e9cddba4f,122903 10 123420 13 123938 15 124456 17 124974 19 125492 20 126010 22 126529 22 127047 24 127566 24 128085 24 128604 23 129124 22 129643 21 130162 21 130681 21 131201 20
a4816cc1fb76cb3c5e481186833fc0ae9cf426a1406a2607e974e65e9cddba4f,104739 9 105256 12 105774 14 106293 16 106811 18 107330 19 107848 20 108367 21 108886 21 109405 22 109924 22 110443 23 110962 23 111481 23 112000 24 112519 24 113038 24 113557 24 114077 24 114596 24 115115 24 115634 24 116153 24 116673 23 117192 23 117712 21 118231 21 118751 19 119271 18 119791 16 120311 14 120833 8
a4816cc1fb76cb3c5e481186833fc0ae9cf426a1406a2607e974e65e9cddba4f,443 16 960 20 1478 21 1995 24 2513 25 3031 27 3549 28 4067 29 4585 30 5104 30 5622 31 6141 31 6660 30 7179 30 7699 28 8218 27 8738 25 9258 22 9778 20 10298 18 10819 14 11340 9
a4816cc1fb76cb3c5e481186833fc0ae9cf426a1406a2607e974e65e9cddba4f,69989 6 70506 10 71024 13 71542 16 72060 17 72579 18 73097 19 73616 20 74135 20 74653 21 75172 21 75691 22 76210 22 76728 23 77247 23 77766 23 78285 22 78804 22 79323 22 79843 21 80362 20 80881 20 81401 19 81920 18 82440 17 82959 17 83479 15 83998 15 84518 13 85038 11 85558 9 86077 9 86597 7
a4816cc1fb76cb3c5e481186833fc0ae9cf426a1406a2607e974e65e9cddba4f,45099 7 45616 11 46133 14 46650 16 47169 17 47686 19 48205 19 48723 20 49241 21 49760 21 50278 22 50797 21 51315 22 51834 21 52353 21 52872 21 53390 21 53909 21 54428 20 54946 21 55465 20 55984 20 56503 19 57022 18 57541 17 58060 17 58579 16 59098 16 59618 14 60137 13 60657 11 61178 7
a4816cc1fb76cb3c5e481186833fc0ae9cf426a1406a2607e974e65e9cddba4f,35265 4 35783 8 36301 11 36820 12 37338 14 37857 14 38376 15 38895 15 39414 16 39934 15 40453 16 40972 16 41491 16 42010 17 42529 17 43049 16 43568 17 44087 17 44606 17 45125 17 45644 17 46164 16 46683 16 47202 16 47722 14 48241 14 48761 12 49281 11 49801 9 50321 7
a4816cc1fb76cb3c5e481186833fc0ae9cf426a1406a2607e974e65e9cddba4f,79914 6 80430 12 80948 14 81465 18 81983 20 82501 21 83019 22 83537 23 84055 24 84573 25 85092 24 85610 24 86129 24 86647 24 87166 23 87684 24 88203 23 88722 22 89240 23 89759 22 90278 21 90797 21 91316 20 91835 19 92354 19 92874 17 93393 16 93913 14 94433 12 94955 6
a4816cc1fb76cb3c5e481186833fc0ae9cf426a1406a2607e974e65e9cddba4f,113126 9 113644 12 114162 19 114680 20 115199 20 115717 21 116236 21 116755 21 117274 21 117793 21 118312 21 118831 21 119350 21 119869 21 120388 21 120908 20 121427 20 121947 19 122466 19 122986 18 123505 18 124025 17 124544 17 125064 16 125583 16 126103 15 126624 13 127144 12 127665 10 128185 9 128706 7 129227 3
a4816cc1fb76cb3c5e481186833fc0ae9cf426a1406a2607e974e65e9cddba4f,25950 1 26468 2 26985 4 27504 4 28023 4 28542 4 29061 4 29580 4 30099 4 30618 4 31138 3 31658 2
a984e7fb886aa02e29d112766d3ce26a4f78eac540ce7bbdbd42af2761928f6d,1 15 520 15 1039 15 1558 15 2077 14 2596 14 3115 14 3634 14 4153 13 4672 13 5191 12 5710 12 6229 12 6748 12 7267 12 7786 11 8305 11 8824 10
a984e7fb886aa02e29d112766d3ce26a4f78eac540ce7bbdbd42af2761928f6d,48268 11 48787 11 49306 12 49825 11 50344 11 50863 10 51382 9 51901 8 52422 5
a984e7fb886aa02e29d112766d3ce26a4f78eac540ce7bbdbd42af2761928f6d,60214 6 60731 11 61249 14 61767 17 62285 18 62803 20 63322 20 63840 21 64359 21 64878 21 65398 21 65917 23 66435 25 66954 26 67473 28 67992 28 68511 29 69030 29 69549 30 70068 30 70587 31 71107 30 71626 30 72145 31 72664 31 73184 31 73703 31 74222 31 74742 30 75261 29 75780 29 76300 28 76819 28 77339 27 77858 27 78378 26 78897 26 79417 25 79937 24 80458 23 80978 22 81499 19 82019 17 82539 16 83059 15
a984e7fb886aa02e29d112766d3ce26a4f78eac540ce7bbdbd42af2761928f6d,74253 9 74772 10 75290 12 75809 14 76328 14 76847 15 77366 15 77885 15 78404 15 78923 14 79442 14 79961 12 80481 8 81000 6
a984e7fb886aa02e29d112766d3ce26a4f78eac540ce7bbdbd42af2761928f6d,53984 3 54502 5 55021 6 55541 4
a984e7fb886aa02e29d112766d3ce26a4f78eac540ce7bbdbd42af2761928f6d,27001 4 27519 5 28038 6 28556 8 29075 8 29594 9 30113 9 30633 8 31152 7 31672 6
a984e7fb886aa02e29d112766d3ce26a4f78eac540ce7bbdbd42af2761928f6d,26 5 544 9 1063 10 1581 11 2100 12 2619 12 3138 12 3657 2 3668 1 4177 1 4187 1
a984e7fb886aa02e29d112766d3ce26a4f78eac540ce7bbdbd42af2761928f6d,3659 9 4178 9 4696 11 5215 11 5734 12 6252 13 6770 15 7288 16 7807 16 8325 17 8844 18 9363 11 9882 10 10402 4 10921 4 11441 2 11962 1
a984e7fb886aa02e29d112766d3ce26a4f78eac540ce7bbdbd42af2761928f6d,9374 8 9892 11 10406 17 10925 15 11443 16 11963 14 12482 14 13002 13 13521 13 14041 12 14561 10 15081 9 15601 8 16121 7 16641 6 17164 2 17684 2
a984e7fb886aa02e29d112766d3ce26a4f78eac540ce7bbdbd42af2761928f6d,10940 3 11459 5 11977 12 12496 12 13015 11 13534 12 14053 12 14571 14 15090 13 15609 12 16128 11 16647 11 17166 10 17686 9 18205 8
a984e7fb886aa02e29d112766d3ce26a4f78eac540ce7bbdbd42af2761928f6d,11989 7 12508 7 13026 9 13546 7 14065 7 14585 5
a984e7fb886aa02e29d112766d3ce26a4f78eac540ce7bbdbd42af2761928f6d,45700 5 46219 6 46737 8 47251 13 47770 14 48288 15 48807 16 49326 19 49845 20 50364 21 50883 21 51403 21 51922 21 52442 21 52962 20 53482 10 54001 3 54521 2
a984e7fb886aa02e29d112766d3ce26a4f78eac540ce7bbdbd42af2761928f6d,53492 9 54004 16 54523 17 55041 18 55561 17 56080 17 56599 17 57119 16 57638 17 58158 15 58677 15 59197 13 59717 11 60238 8
a984e7fb886aa02e29d112766d3ce26a4f78eac540ce7bbdbd42af2761928f6d,45 21 564 20 1083 20 1602 19 2121 19 2641 8 2658 1 3160 1 3177 1 3679 1
a984e7fb886aa02e29d112766d3ce26a4f78eac540ce7bbdbd42af2761928f6d,2649 9 3161 16 3680 17 4198 18 4717 18 5237 17 5756 17 6275 17 6795 16 7314 16 7834 15 8353 14 8874 12
a984e7fb886aa02e29d112766d3ce26a4f78eac540ce7bbdbd42af2761928f6d,6832 8 7350 11 7868 13 8387 13 8905 15 9424 15 9943 16 10462 16 10981 16 11499 18 12018 18 12537 18 13055 19 13574 19 14093 19 14611 20 15130 20 15649 20 16168 1 16187 1 16687 1 16706 1
a984e7fb886aa02e29d112766d3ce26a4f78eac540ce7bbdbd42af2761928f6d,16169 18 16688 18 17206 20 17725 20 18244 20 18763 1 18782 1 19301 1
a984e7fb886aa02e29d112766d3ce26a4f78eac540ce7bbdbd42af2761928f6d,18764 18 19282 19 19801 20 20319 20 20838 21 21357 2 21376 1 21876 2 21895 1
a984e7fb886aa02e29d112766d3ce26a4f78eac540ce7bbdbd42af2761928f6d,21359 17 21878 17 22396 19 22915 19 23434 1 23452 1 23953 1 23971 1
a984e7fb886aa02e29d112766d3ce26a4f78eac540ce7bbdbd42af2761928f6d,23435 17 23954 17 24472 19 24991 19 25510 19 26028 20 26547 20 27065 21 27584 21 28103 21 28622 20 29142 19 29661 18 30180 18 30700 16 31219 15 31738 15 32257 14 32776 14 33295 14 33815 13 34334 12 34853 12 35373 10 35892 10 36412 7
a984e7fb886aa02e29d112766d3ce26a4f78eac540ce7bbdbd42af2761928f6d,58737 1 58752 1 59256 1 59271 1 59775 7 59790 1 60294 1 60309 1 60813 1
a984e7fb886aa02e29d112766d3ce26a4f78eac540ce7bbdbd42af2761928f6d,49922 4 50439 8 50956 11 51475 11 51993 13 52512 13 53030 14 53549 15 54068 15 54587 15 55105 16 55624 16 56143 16 56662 16 57181 15 57700 15 58218 16 58738 14 59257 14
a984e7fb886aa02e29d112766d3ce26a4f78eac540ce7bbdbd42af2761928f6d,59782 8 60295 14 60814 15 61332 16 61851 16 62370 16 62890 1 62904 1 63409 1 63423 1
a984e7fb886aa02e29d112766d3ce26a4f78eac540ce7bbdbd42af2761928f6d,62891 13 63410 13 63928 15 64447 15 64965 16 65484 16 66003 17 66522 17 67041 17 67560 17 68079 17 68598 17 69117 17 69636 17 70156 1 70171 1 70675 1 70690 1
a984e7fb886aa02e29d112766d3ce26a4f78eac540ce7bbdbd42af2761928f6d,70157 14 70676 14 71194 16 71713 16 72232 16 72751 16 73270 16 73789 15 74309 14 74828 14 75347 14 75866 14 76385 13 76905 12 77424 11 77944 8 78465 3
a984e7fb886aa02e29d112766d3ce26a4f78eac540ce7bbdbd42af2761928f6d,28141 4 28660 6 29174 11 29690 15 30208 16 30725 19 31243 21 31762 22 32280 25 32799 25 33318 25 33837 25 34357 25 34876 15 35396 6 35916 5 36436 3 36958 1
a984e7fb886aa02e29d112766d3ce26a4f78eac540ce7bbdbd42af2761928f6d,34891 11 35402 20 35921 20 36439 22 36959 21 37478 21 37998 20 38517 1 38536 1 39036 1 39055 1
a984e7fb886aa02e29d112766d3ce26a4f78eac540ce7bbdbd42af2761928f6d,38518 18 39037 18 39555 20 40074 20 40593 20 41111 21 41630 20 42149 20 42669 19 43188 19 43707 18 44226 18 44745 18 45264 18 45783 17 46302 17 46822 15 47341 15 47860 14 48380 12 48899 11 49419 9 49940 5
a984e7fb886aa02e29d112766d3ce26a4f78eac540ce7bbdbd42af2761928f6d,11022 4 11537 10 12054 14 12573 15 13091 17 13610 18 14128 20 14647 20 15166 21 15685 22 16204 22 16723 23 17243 23 17762 23 18281 24 18798 27 19315 29 19832 32 20351 32 20869 34 21388 34 21906 35 22425 34 22944 34 23463 34 23982 34 24502 33 25021 33 25541 32 26062 31 26586 26 27108 23 27629 15 28148 14 28666 14 29185 13 29705 12 30224 12 30744 10 31264 9 31784 7
a984e7fb886aa02e29d112766d3ce26a4f78eac540ce7bbdbd42af2761928f6d,19352 4 19868 12 20386 14 20904 15 21422 17 21941 17 22459 19 22978 19 23497 19 24016 19 24535 19 25054 19 25573 19 26093 19 26612 20 27134 17 27662 9 28183 7 28704 4 29224 3
a984e7fb886aa02e29d112766d3ce26a4f78eac540ce7bbdbd42af2761928f6d,116 16 635 16 1153 17 1672 18 2191 18 2710 18 3229 18 3748 19 4267 19 4787 17 5306 17 5826 15 6345 15 6865 13 7385 12 7907 7
a984e7fb886aa02e29d112766d3ce26a4f78eac540ce7bbdbd42af2761928f6d,74870 7 75389 11 75907 16 76426 20 76945 23 77464 25 77983 26 78502 26 79021 27 79539 28 80058 29 80577 29 81096 30 81615 30 82134 30 82653 30 83172 30
a984e7fb886aa02e29d112766d3ce26a4f78eac540ce7bbdbd42af2761928f6d,34400 5 34919 6 35437 8 35956 10 36475 12 36994 13 37513 16 38032 17 38551 17 39069 19 39588 19 40108 19 40627 19 41147 18 41666 19 42185 18 42704 18 43224 17 43743 17 44262 17 44782 1 44796 2 45301 1 45315 1
a984e7fb886aa02e29d112766d3ce26a4f78eac540ce7bbdbd42af2761928f6d,44783 13 45302 13 45820 15 46339 15 46858 15 47377 1 47392 1 47896 1 47911 1
a984e7fb886aa02e29d112766d3ce26a4f78eac540ce7bbdbd42af2761928f6d,47378 14 47897 14 48415 16 48934 16 49453 16 49972 16 50491 16 51011 15 51530 17 52050 16 52570 16 53089 16 53609 15 54129 13 54649 12 55170 7
a984e7fb886aa02e29d112766d3ce26a4f78eac540ce7bbdbd42af2761928f6d,158 17 676 18 1195 19 1713 19 2232 19 2750 19 3269 19 3787 20 4306 20 4825 19 5343 20 5862 20 6381 20 6899 21 7418 20 7937 20 8455 20 8974 19 9493 19 10012 18 10531 18 11050 17 11569 17 12088 16 12607 16 13126 16 13645 15 14165 14 14684 13 15203 12 15723 10 16242 9 16762 7 17283 3
a984e7fb886aa02e29d112766d3ce26a4f78eac540ce7bbdbd42af2761928f6d,27157 6 27676 7 28194 8 28713 9 29232 9 29752 8 30270 8 30789 3 30795 2 31308 2 31827 2
a984e7fb886aa02e29d112766d3ce26a4f78eac540ce7bbdbd42af2761928f6d,30792 3 31310 5 31829 5 32347 7 32866 8 33385 11 33904 15 34423 16 34941 17 35460 18 35979 19 36499 18 37018 19 37538 18 38056 19 38575 19 39094 20 39613 20 40133 16 40652 15 41172 11 41692 8 42212 5 42731 5 43251 3 43771 2 44291 1
a984e7fb886aa02e29d112766d3ce26a4f78eac540ce7bbdbd42af2761928f6d,40149 6 40667 8 41183 11 41700 15 42217 20 42736 23 43254 26 43773 27 44292 28 44812 28 45331 28 45851 28 46370 28 46889 29 47408 30 47928 30 48447 30 48966 31 49486 30 50005 31 50525 30 51045 30 51565 29 52084 29 52603 30 53123 29 53642 29 54162 28 54682 27 55202 26 55722 24 56243 22 56764 19 57285 16 57809 5
a984e7fb886aa02e29d112766d3ce26a4f78eac540ce7bbdbd42af2761928f6d,756 6 1275 7 1793 9 2313 9 2325 5 2832 20 3352 21 3872 22 4392 23 4911 25 5431 27 5951 30 6471 27 6991 26 7512 23 8032 22 8551 22 9070 22 9589 22 10108 22 10627 22 11147 21 11665 22 12184 22 12702 23 13221 22 13739 23 14258 23 14776 24 15295 24 15814 24 16333 24 16852 24 17370 25 17889 25 18409 23 18928 23 19447 22 19966 21 20486 19 21005 19 21526 16 22046 15 22568 10 23090 5
a984e7fb886aa02e29d112766d3ce26a4f78eac540ce7bbdbd42af2761928f6d,6498 3 6505 4 7017 11 7535 12 8054 13 8573 13 9092 14 9611 16 10130 18 10649 20 11168 21 11687 21 12206 22 12725 22 13243 22 13762 22 14281 21 14800 20 15319 17 15838 17 16357 17 16876 17 17395 17 17914 17 18432 18 18951 18 19471 17 19990 16 20510 15 21030 13 21551 10 22072 5
a984e7fb886aa02e29d112766d3ce26a4f78eac540ce7bbdbd42af2761928f6d,282 30 801 29 1320 29 1839 28 2358 28 2877 27 3396 27 3915 26 4434 26 4953 25 5472 24 5991 24 6509 24 7028 24 7547 22 8067 20 8586 17 9106 14
a984e7fb886aa02e29d112766d3ce26a4f78eac540ce7bbdbd42af2761928f6d,17428 3 17946 6 18465 11 18983 12 19502 13 20021 13 20540 13 21058 14 21577 15 22096 15 22615 15 23134 15 23653 16 24173 15 24692 1 24705 2 25211 1 25225 1
a984e7fb886aa02e29d112766d3ce26a4f78eac540ce7bbdbd42af2761928f6d,35069 2 35090 1 35588 2 36105 23 36624 22 37142 23 37661 25 38180 25 38699 26 39218 25 39736 26 40255 20 40774 19 41294 17 41813 16 42333 14 42853 11 43375 6
a984e7fb886aa02e29d112766d3ce26a4f78eac540ce7bbdbd42af2761928f6d,24693 12 25212 13 25730 14 26249 15 26768 15 27287 17 27806 17 28325 18 28844 18 29363 17 29881 18 30401 17 30920 1 31439 1
a984e7fb886aa02e29d112766d3ce26a4f78eac540ce7bbdbd42af2761928f6d,30921 16 31440 17 31958 18 32477 19 32996 19 33514 20 34033 20 34551 21 35071 19 35590 19
a984e7fb886aa02e29d112766d3ce26a4f78eac540ce7bbdbd42af2761928f6d,316 19 836 18 1355 19 1874 20 2393 20 2911 22 3430 22 3948 23 4467 22 4985 23 5504 22 6023 22 6542 21 7062 20 7581 19 8101 18 8620 17 9140 15 9660 13 10179 11 10699 9 11219 6 11739 4 12259 3
a984e7fb886aa02e29d112766d3ce26a4f78eac540ce7bbdbd42af2761928f6d,76174 4 76691 8 77209 11 77727 13 78246 14 78764 16 79283 17 79801 18 80320 19 80837 21 81356 22 81874 23 82393 23 82911 24 83430 24
a984e7fb886aa02e29d112766d3ce26a4f78eac540ce7bbdbd42af2761928f6d,52315 2 52831 5 53348 7 53866 9 54384 10 54902 11 55421 12 55939 13 56458 13 56978 12 57497 13 58017 12 58537 12 59059 9 59581 3
a984e7fb886aa02e29d112766d3ce26a4f78eac540ce7bbdbd42af2761928f6d,41430 5 41945 12 42462 16 42980 17 43499 18 44017 20 44536 21 45054 23 45573 24 46092 25 46611 26 47129 28 47648 29 48167 30 48686 31 49205 31 49724 32 50243 32 50761 33 51280 33 51799 34 52317 35 52836 35 53355 35 53875 34 54394 35 54913 35 55433 34 55952 35 56471 36 56990 36 57510 36 58029 3 58035 30 58555 29 59076 27 59598 24 60119 21 60640 19 61161 16 61684 9 62206 3
a984e7fb886aa02e29d112766d3ce26a4f78eac540ce7bbdbd42af2761928f6d,64301 3 64819 4 65338 5 65853 9 66370 11 66887 13 67405 15 67923 18 68442 19 68960 21 69479 21 69998 22 70516 23 71035 23 71554 24 72074 23 72592 24 73111 24 73630 24 74149 23 74668 23 75187 23 75707 22 76226 22 76746 21 77266 20 77786 19 78305 19 78825 18 79344 18 79864 17 80383 17 80903 16 81422 17 81942 17 82461 18 82981 17 83500 18
a984e7fb886aa02e29d112766d3ce26a4f78eac540ce7bbdbd42af2761928f6d,6166 4 6684 9 7203 12 7721 14 8240 15 8760 16 9279 17 9799 17 10319 18 10839 18 11359 18 11879 17 12399 17 12920 15 13441 12 13963 9
a984e7fb886aa02e29d112766d3ce26a4f78eac540ce7bbdbd42af2761928f6d,34721 7 35240 7 35758 9 36277 9 36797 9 37316 9 37837 7 38358 4 38878 3
a984e7fb886aa02e29d112766d3ce26a4f78eac540ce7bbdbd42af2761928f6d,73688 1 74206 2 74724 3 75241 5 75759 6 76277 7 76794 9 77312 10 77831 10 78349 11 78867 13 79385 14 79904 15 80422 17 80941 17 81460 18 81979 18 82498 20 83017 21 83535 23
a984e7fb886aa02e29d112766d3ce26a4f78eac540ce7bbdbd42af2761928f6d,52935 4 53451 7 53967 10 54483 13 55000 15 55517 17 56035 18 56553 19 57071 20 57590 20 58108 21 58627 21 59145 22 59664 22 60182 23 60701 23 61220 23 61739 23 62258 23 62777 23 63296 23 63816 22 64335 22 64854 22 65374 21 65893 21 66413 20 66933 19 67453 18 67978 12 68500 9 69022 6 69542 2
a984e7fb886aa02e29d112766d3ce26a4f78eac540ce7bbdbd42af2761928f6d,69544 3 70062 4 70581 4 71099 5 71617 6 72135 7 72652 9 73171 9 73689 10 74208 10 74727 10 75246 10 75765 10 76284 10 76803 10 77322 10 77841 10 78360 10 78880 9 79399 9 79919 8 80439 7 80958 7 81478 6 81997 6 82518 3 83038 1
a984e7fb886aa02e29d112766d3ce26a4f78eac540ce7bbdbd42af2761928f6d,9849 5 10366 9 10884 11 11403 12 11921 14 12440 15 12958 17 13477 18 13995 19 14514 19 15033 19 15553 18 16072 18 16591 18 17110 18 17629 18 18149 17 18668 17 19188 16 19707 16 20227 15 20747 14 21266 14 21786 13 22306 12 22825 12 23345 11 23864 11 24384 10 24903 10 25423 9 25942 9 26462 8 26981 8 27501 7 28021 6 28540 6 29060 5 29580 4 30099 4 30618 4 31138 3 31659 1
a984e7fb886aa02e29d112766d3ce26a4f78eac540ce7bbdbd42af2761928f6d,31656 3 32174 5 32693 5 33211 6 33730 6 34248 7 34767 7 35286 7 35805 7 36325 6 36844 6 37364 5 37883 5 38402 5 38922 4 39441 4 39960 4 40479 4 40998 4 41518 3 42037 3
ab298b962a63e4be9582513aaa84a5e270adba5fd2b16a50e59540524f63c3b8,41221 4 41475 8 41730 9 41985 11 42241 11 42497 12 42753 12 43009 12 43265 12 43521 12 43777 12 44033 12 44289 12 44545 11 44801 11 45057 10 45313 10 45570 8 45827 6
ab298b962a63e4be9582513aaa84a5e270adba5fd2b16a50e59540524f63c3b8,57437 6 57693 7 57948 9 58204 10 58460 10 58717 10 58973 10 59230 8 59487 7 59745 4
ab298b962a63e4be9582513aaa84a5e270adba5fd2b16a50e59540524f63c3b8,25716 4 25971 6 26225 9 26481 9 26736 11 26991 12 27246 13 27502 13 27757 14 28013 13 28269 13 28524 14 28780 13 29036 13 29291 13 29547 13 29804 11 30060 10 30317 8 30573 6
ab298b962a63e4be9582513aaa84a5e270adba5fd2b16a50e59540524f63c3b8,20900 7 21154 11 21409 12 21664 14 21920 14 22175 15 22431 15 22687 14 22944 13 23200 12 23457 10 23714 7
ab298b962a63e4be9582513aaa84a5e270adba5fd2b16a50e59540524f63c3b8,63655 6 63910 9 64166 10 64421 11 64677 12 64933 12 65189 12 65446 11
ab298b962a63e4be9582513aaa84a5e270adba5fd2b16a50e59540524f63c3b8,2996 3 3250 7 3505 9 3761 9 4016 11 4272 11 4528 11 4785 10 5041 9 5298 8 5555 5
ab298b962a63e4be9582513aaa84a5e270adba5fd2b16a50e59540524f63c3b8,14591 2 14845 4 15098 7 15353 8 15607 10 15862 11 16117 12 16372 13 16627 14 16883 14 17138 15 17394 15 17650 15 17906 15 18163 14 18419 14 18676 12 18935 6
ab298b962a63e4be9582513aaa84a5e270adba5fd2b16a50e59540524f63c3b8,52731 5 52985 8 53241 8 53496 9 53752 9 54007 10 54263 10 54518 11 54774 11 55030 11 55286 11 55542 11 55798 11 56055 10 56311 10 56567 10 56823 10 57080 9 57336 9 57593 8 57850 7 58108 5
ab298b962a63e4be9582513aaa84a5e270adba5fd2b16a50e59540524f63c3b8,254 3 509 4 765 4 1021 4 1277 4 1533 4 1790 3
ade080c6618cbbb0a25680cf847f312b5e19b22bfe1cafec0436987ebe5b1e7e,170635 3 171148 14 171667 17 172184 23 172702 27 173221 29 173740 33 174260 34 174779 36 175298 38 175818 39 176337 41 176857 41 177376 43 177896 43 178416 43 178935 44 179455 44 179975 45 180495 45 181015 45 181535 45 182055 44 182575 44 183095 44 183615 44 184136 43 184656 42 185176 42 185697 40 186217 40 186738 38 187258 38 187779 36 188300 35 188820 34 189341 32 189862 30 190383 29 190905 26 191426 24 191947 22 192468 19 192989 17 193511 13 194033 7
ade080c6618cbbb0a25680cf847f312b5e19b22bfe1cafec0436987ebe5b1e7e,73403 19 73921 22 74439 26 74956 30 75476 31 75994 33 76513 35 77032 36 77551 37 78070 38 78590 38 79109 39 79629 39 80148 39 80668 39 81188 38 81707 39 82227 38 82747 38 83267 37 83787 36 84307 36 84827 36 85347 35 85868 34 86388 33 86909 32 87429 31 87950 29 88470 28 88991 26 89512 23 90033 20 90554 16 91076 11 91598 8
ade080c6618cbbb0a25680cf847f312b5e19b22bfe1cafec0436987ebe5b1e7e,356415 5 356934 6 357452 7 357966 13 358484 15 359002 17 359521 18 360041 18 360560 19 361080 19 361600 19
ade080c6618cbbb0a25680cf847f312b5e19b22bfe1cafec0436987ebe5b1e7e,356420 7 356940 9 357459 13 357979 15 358499 16 359019 18 359539 19 360059 19 360579 20 361099 20 361619 20
ade080c6618cbbb0a25680cf847f312b5e19b22bfe1cafec0436987ebe5b1e7e,31084 16 31602 20 32121 25 32641 28 33160 32 33680 34 34200 36 34719 38 35239 39 35759 40 36279 40 36799 41 37319 41 37840 40 38360 41 38880 41 39399 42 39919 43 40439 43 40959 43 41479 43 41999 43 42518 44 43038 44 43557 45 44076 45 44596 45 45114 46 45633 47 46152 47 46671 48 47190 48 47709 48 48228 48 48748 46 49267 46 49787 44 50307 42 50827 41 51347 38 51867 35 52387 32 52907 29 53428 26 53948 23 54470 15 54991 11
ade080c6618cbbb0a25680cf847f312b5e19b22bfe1cafec0436987ebe5b1e7e,192789 6 193309 7 193828 8 194348 9 194867 10 195387 10 195907 10 196427 9 196948 8 197468 7 197989 5
ade080c6618cbbb0a25680cf847f312b5e19b22bfe1cafec0436987ebe5b1e7e,113341 13 113859 18 114378 22 114897 24 115416 25 115935 26 116455 26 116974 27 117494 27 118014 27 118534 27 119054 27 119574 27 120095 26 120615 26 121136 25 121656 25 122177 24 122698 23 123219 22 123740 21 124261 20 124782 19 125302 19 125823 18 126344 17 126864 17 127385 16 127906 15 128427 14 128948 13 129470 11 129991 10 130513 8 131037 4
ade080c6618cbbb0a25680cf847f312b5e19b22bfe1cafec0436987ebe5b1e7e,77991 10 78509 12 79028 13 79545 16 80065 16 80583 18 81102 19 81622 19 82141 20 82660 21 83180 21 83699 22 84219 22 84738 23 85258 23 85778 23 86298 23 86818 23 87337 24 87857 24 88377 24 88898 23 89418 23 89938 23 90458 23 90978 23 91498 23 92019 22 92539 22 93060 21 93580 21 94101 20 94622 19 95143 18 95664 17 96184 17 96705 16 97227 14 97748 13 98270 11 98791 10 99312 9 99836 5
b83d1d77935b6cfd44105b54600ffc4b6bd82de57dec65571bcb117fa8398ba3,100609 7 101133 9 101657 10 102181 10 102705 11 103229 11 103753 10 104277 10 104801 9 105325 8 105849 6 106373 4
b83d1d77935b6cfd44105b54600ffc4b6bd82de57dec65571bcb117fa8398ba3,80194 3 80715 7 81237 9 81759 12 82282 13 82804 14 83328 14 83851 15 84375 15 84899 15 85424 13 85948 13 86473 11 86999 7
b83d1d77935b6cfd44105b54600ffc4b6bd82de57dec65571bcb117fa8398ba3,49272 1 49796 1 49805 1 50320 4 50329 1 50843 11 51367 11 51891 11 52415 1 52425 1 52939 1 52949 1
b83d1d77935b6cfd44105b54600ffc4b6bd82de57dec65571bcb117fa8398ba3,52416 9 52940 9 53463 11 53987 11 54511 11 55035 11 55559 10 56083 10 56607 10 57131 9 57655 9 58180 7 58704 7 59229 5
b83d1d77935b6cfd44105b54600ffc4b6bd82de57dec65571bcb117fa8398ba3,42464 5 42987 7 43510 8 44034 9 44557 10 45081 10 45605 1 45614 1 46129 1 46138 1
b83d1d77935b6cfd44105b54600ffc4b6bd82de57dec65571bcb117fa8398ba3,45606 8 46130 8 46653 10 47177 9 47701 9 48225 9 48748 10 49273 9 49797 8 50324 5
b83d1d77935b6cfd44105b54600ffc4b6bd82de57dec65571bcb117fa8398ba3,152512 2 153026 12 153550 15 154073 17 154597 22 155122 21 155646 21 156173 17 156701 13 157225 12 157750 10 158274 9 158799 7 159323 5
b83d1d77935b6cfd44105b54600ffc4b6bd82de57dec65571bcb117fa8398ba3,148326 4 148848 8 149371 10 149895 10 150418 12 150942 12 151466 11 151989 12 152514 11 153038 10 153565 7 154090 5
b83d1d77935b6cfd44105b54600ffc4b6bd82de57dec65571bcb117fa8398ba3,17872 2 18396 2 18919 4 19443 5 19967 9 20491 8 21016 7 21540 6
b83d1d77935b6cfd44105b54600ffc4b6bd82de57dec65571bcb117fa8398ba3,13682 2 14206 2 14217 1 14730 5 15254 11 15777 12 16301 11 16825 11 17349 10 17874 8 18398 7 18923 5 19448 4
b83d1d77935b6cfd44105b54600ffc4b6bd82de57dec65571bcb117fa8398ba3,3734 3 4257 5 4781 5 5304 7 5828 7 6351 8 6875 8 7398 9 7922 10 8445 10 8969 10 9492 11 10016 11 10539 12 11063 12 11587 12 12111 12 12635 12 13159 11 13684 10 14208 9 14735 6
b83d1d77935b6cfd44105b54600ffc4b6bd82de57dec65571bcb117fa8398ba3,24178 5 24700 9 25223 11 25747 11 26270 13 26794 13 27318 13 27842 13 28366 12 28890 1 28901 1 29414 1 29425 1
b83d1d77935b6cfd44105b54600ffc4b6bd82de57dec65571bcb117fa8398ba3,28891 10 29415 10 29938 12 30462 12 30986 13 31510 13 32034 13 32558 13 33083 12 33607 11 34132 10 34658 6
b83d1d77935b6cfd44105b54600ffc4b6bd82de57dec65571bcb117fa8398ba3,15300 2 15824 3 16347 5 16871 5 17395 6 17919 6 18443 5 18968 4 19492 4 20017 2
b83d1d77935b6cfd44105b54600ffc4b6bd82de57dec65571bcb117fa8398ba3,39941 1 40465 1 40469 1 40989 5 41514 3 42038 3
b83d1d77935b6cfd44105b54600ffc4b6bd82de57dec65571bcb117fa8398ba3,35226 4 35750 6 36273 7 36797 8 37320 9 37844 8 38368 8 38893 6 39417 5 39942 4 40466 3
b83d1d77935b6cfd44105b54600ffc4b6bd82de57dec65571bcb117fa8398ba3,103350 5 103873 8 104396 9 104920 10 105443 11 105967 11 106491 11 107016 9 107540 9 108065 7 108590 4 109114 3
b83d1d77935b6cfd44105b54600ffc4b6bd82de57dec65571bcb117fa8398ba3,148949 5 149471 9 149994 12 150518 13 151041 14 151566 14 152090 14 152614 14 153138 14 153662 14 154186 14 154709 15 155233 15 155758 13 156282 13 156807 10
b83d1d77935b6cfd44105b54600ffc4b6bd82de57dec65571bcb117fa8398ba3,158912 6 159434 10 159957 11 160480 13 161004 13 161527 14 162051 14 162574 15 163098 15 163622 15 164146 15 164670 15 165195 14 165719 13 166244 12 166768 12 167293 11 167817 10 168342 9 168866 8 169390 7 169915 6 170439 5
b83d1d77935b6cfd44105b54600ffc4b6bd82de57dec65571bcb117fa8398ba3,127994 2 128518 2 128531 1 129042 6 129566 13 130090 13 130613 13 131137 13 131662 11 132186 10 132712 7
b83d1d77935b6cfd44105b54600ffc4b6bd82de57dec65571bcb117fa8398ba3,122758 9 123281 10 123804 12 124328 12 124851 14 125375 14 125899 14 126423 14 126947 13 127471 13 127996 12 128520 11 129048 7
b83d1d77935b6cfd44105b54600ffc4b6bd82de57dec65571bcb117fa8398ba3,80321 8 80843 11 81366 12 81890 13 82413 14 82937 14 83461 14 83985 14 84509 1 84521 1 85033 1
b83d1d77935b6cfd44105b54600ffc4b6bd82de57dec65571bcb117fa8398ba3,84510 11 85034 12 85557 13 86081 14 86605 14 87128 15 87652 14 88176 14 88700 13 89224 13 89749 11 90273 11 90798 8
b83d1d77935b6cfd44105b54600ffc4b6bd82de57dec65571bcb117fa8398ba3,102862 5 103384 9 103906 11 104430 12 104953 13 105477 13 106000 14 106524 14 107048 14 107572 1 107585 1 108109 1
b83d1d77935b6cfd44105b54600ffc4b6bd82de57dec65571bcb117fa8398ba3,107573 12 108096 13 108620 14 109143 14 109667 14 110191 14 110715 14 111239 13 111764 12 112288 11 112813 9 113340 3
b83d1d77935b6cfd44105b54600ffc4b6bd82de57dec65571bcb117fa8398ba3,46793 1 46802 1 47317 1 47841 9 48364 10 48888 11 49411 12 49935 12 50459 12 50984 11 51508 10 52033 9 52557 9 53082 8 53606 7 54130 7 54654 7 55178 7 55703 5 56227 5
b83d1d77935b6cfd44105b54600ffc4b6bd82de57dec65571bcb117fa8398ba3,37891 5 38413 7 38936 9 39460 9 39983 10 40507 10 41030 11 41554 11 42078 11 42601 12 43125 12 43649 12 44173 11 44697 11 45221 10 45745 10 46269 10 46794 8 47318 8
b83d1d77935b6cfd44105b54600ffc4b6bd82de57dec65571bcb117fa8398ba3,79819 8 80342 10 80866 10 81389 12 81913 12 82437 12 82961 12 83484 14 84008 14 84532 14 85056 13 85580 13 86104 13 86628 13 87152 13 87677 12 88201 11 88726 10 89251 7
b83d1d77935b6cfd44105b54600ffc4b6bd82de57dec65571bcb117fa8398ba3,162614 5 163137 7 163661 8 164184 9 164708 10 165231 12 165755 12 166279 13 166803 13 167327 14 167851 14 168376 12 168900 12 169425 10 169950 8
b83d1d77935b6cfd44105b54600ffc4b6bd82de57dec65571bcb117fa8398ba3,57816 5 58339 7 58862 9 59386 9 59909 11 60433 11 60956 12 61480 13 62004 13 62528 13 63052 12 63576 12 64101 11 64624 12 65148 12 65672 12 66196 12 66721 10 67245 10 67770 7
b83d1d77935b6cfd44105b54600ffc4b6bd82de57dec65571bcb117fa8398ba3,3874 8 4397 10 4921 11 5444 13 5968 14 6491 16 7015 16 7539 17 8063 17 8588 16 9112 16 9636 16 10161 14 10685 14 11210 12 11735 11 12261 7
b83d1d77935b6cfd44105b54600ffc4b6bd82de57dec65571bcb117fa8398ba3,17500 5 18022 9 18545 11 19069 12 19592 13 20116 14 20640 14 21164 14 21688 14 22212 14 22736 14 23260 14 23784 14 24309 13 24833 12 25358 11 25884 8 26410 3
b83d1d77935b6cfd44105b54600ffc4b6bd82de57dec65571bcb117fa8398ba3,44232 7 44754 9 45277 11 45800 12 46324 12 46847 13 47371 13 47894 14 48418 14 48942 14 49466 14 49990 15 50514 16 51039 15 51563 16 52087 16 52612 15 53136 14 53661 13 54187 10 54713 5
b83d1d77935b6cfd44105b54600ffc4b6bd82de57dec65571bcb117fa8398ba3,161608 5 162131 7 162654 8 163178 9 163701 10 164225 10 164749 1 164758 1 165273 1 165282 1
b83d1d77935b6cfd44105b54600ffc4b6bd82de57dec65571bcb117fa8398ba3,164750 8 165274 8 165797 10 166321 10 166845 4 166854 1 167369 1 167378 1 167893 1
b83d1d77935b6cfd44105b54600ffc4b6bd82de57dec65571bcb117fa8398ba3,166849 5 167370 8 167894 9 168417 10 168941 10 169465 11 169989 11 170513 11 171036 12 171560 12 172084 11 172609 10 173133 9 173658 7
b83d1d77935b6cfd44105b54600ffc4b6bd82de57dec65571bcb117fa8398ba3,177331 8 177853 11 178376 12 178898 15 179422 15 179945 16 180469 16 180992 17 181516 17 182041 16
b83d1d77935b6cfd44105b54600ffc4b6bd82de57dec65571bcb117fa8398ba3,135938 3 136461 6 136983 9 137507 9 138030 11 138554 11 139077 12 139601 12 140125 13 140649 13 141173 13 141696 14 142220 15 142745 14 143269 14 143793 14 144318 13 144842 13 145367 12 145891 12 146416 11 146941 10 147466 8 147992 6 148517 4
b83d1d77935b6cfd44105b54600ffc4b6bd82de57dec65571bcb117fa8398ba3,111312 3 111833 5 112356 7 112880 7 113403 8 113927 9 114451 9 114975 9 115500 9 116024 9 116549 9 117073 8 117598 6
b83d1d77935b6cfd44105b54600ffc4b6bd82de57dec65571bcb117fa8398ba3,109220 1 109744 1 109757 1 110268 6 110281 1 110791 15 111315 15 111838 15 112363 14 112887 13 113411 13 113936 11 114460 10 114984 9 115509 6 116033 3
b83d1d77935b6cfd44105b54600ffc4b6bd82de57dec65571bcb117fa8398ba3,103986 6 104508 10 105031 11 105554 13 106078 13 106601 14 107125 13 107649 13 108173 13 108696 14 109221 13 109745 12 110274 7
b83d1d77935b6cfd44105b54600ffc4b6bd82de57dec65571bcb117fa8398ba3,49493 4 50014 7 50536 10 51060 10 51583 11 52107 10 52631 10 53156 9 53680 9 54204 9 54728 9 55252 9 55777 8 56301 7 56826 6 57351 3
b83d1d77935b6cfd44105b54600ffc4b6bd82de57dec65571bcb117fa8398ba3,70466 7 70989 11 71512 13 72035 15 72559 15 73082 17 73606 17 74131 17 74655 17 75179 17 75704 16 76228 15 76753 14 77279 11 77805 6
b83d1d77935b6cfd44105b54600ffc4b6bd82de57dec65571bcb117fa8398ba3,89858 3 90380 8 90902 11 91426 11 91949 13 92473 13 92997 13 93521 13 94046 12 94570 11 95094 11 95618 11 96143 9 96667 9 97192 7 97716 6
b83d1d77935b6cfd44105b54600ffc4b6bd82de57dec65571bcb117fa8398ba3,133881 2 134405 3 134928 5 135451 6 135974 7 136497 8 137020 9 137544 9 138067 10 138591 10 139115 9 139639 9 140163 9 140687 8 141212 7 141736 6 142261 3
b83d1d77935b6cfd44105b54600ffc4b6bd82de57dec65571bcb117fa8398ba3,48475 6 48997 10 49520 12 50044 12 50567 14 51091 14 51614 15 52139 13 52663 13 53188 11 53712 10 54237 7
b83d1d77935b6cfd44105b54600ffc4b6bd82de57dec65571bcb117fa8398ba3,123935 3 124458 5 124981 7 125504 8 126028 9 126551 9 127074 10 127598 9 128121 10 128644 11 129168 11 129691 12 130215 12 130738 12 131262 12 131786 11 132310 10 132834 8 133359 5 133883 3
b83d1d77935b6cfd44105b54600ffc4b6bd82de57dec65571bcb117fa8398ba3,24373 7 24896 9 25420 9 25943 11 26467 10 26991 10 27514 10 28037 11 28560 12 29084 11 29607 12 30131 11 30656 10 31180 9 31705 5
b83d1d77935b6cfd44105b54600ffc4b6bd82de57dec65571bcb117fa8398ba3,139653 2 140175 4 140698 6 141221 8 141745 12 142268 13 142792 13 143316 12 143840 12 144364 11 144889 10 145413 10 145939 4 146465 2
b83d1d77935b6cfd44105b54600ffc4b6bd82de57dec65571bcb117fa8398ba3,136513 1 137036 2 137559 4 138083 4 138606 6 139130 9 139655 7 140179 7 140704 5 141229 4
b83d1d77935b6cfd44105b54600ffc4b6bd82de57dec65571bcb117fa8398ba3,145943 4 146467 4 146990 6 146997 1 147515 7 148039 6 148562 8 149086 8 149609 10 150133 12 150656 12 151180 11 151705 9 152229 8 152754 6
b83d1d77935b6cfd44105b54600ffc4b6bd82de57dec65571bcb117fa8398ba3,131802 3 132326 3 132849 5 133373 5 133896 7 134420 7 134943 9 135467 9 135990 10 136514 9 137038 9 137563 7 138087 6 138612 4
b83d1d77935b6cfd44105b54600ffc4b6bd82de57dec65571bcb117fa8398ba3,140720 7 141243 8 141766 10 142289 11 142812 12 143336 12 143859 13 144383 12 144906 13 145429 13 145952 14 146475 15 146998 16 147522 15 148045 16 148570 9 149094 6 149619 5
b83d1d77935b6cfd44105b54600ffc4b6bd82de57dec65571bcb117fa8398ba3,148579 6 149100 9 149624 10 150147 13 150671 13 151195 14 151719 13 152243 13 152767 12 153291 10 153814 10 154339 8 154863 5
b83d1d77935b6cfd44105b54600ffc4b6bd82de57dec65571bcb117fa8398ba3,36427 3 36950 5 37473 7 37996 9 38519 10 39043 11 39566 12 40090 13 40613 14 41137 15 41661 15 42186 11 42710 11 43236 4 43242 2
b83d1d77935b6cfd44105b54600ffc4b6bd82de57dec65571bcb117fa8398ba3,42197 4 42721 5 43244 8 43769 9 44293 12 44817 12 45341 13 45866 11 46390 11 46915 7 47440 5 47965 3
b83d1d77935b6cfd44105b54600ffc4b6bd82de57dec65571bcb117fa8398ba3,98785 1 99308 1 99832 1 100355 3 100879 3 101402 5 101926 8 102449 9 102973 9 103496 11 104020 11 104543 13 105067 13 105591 12 106115 12 106639 9 107163 8 107686 9 108210 8 108735 6 109259 5
b83d1d77935b6cfd44105b54600ffc4b6bd82de57dec65571bcb117fa8398ba3,97216 6 97739 7 98262 12 98786 12 99309 13 99833 13 100358 11 100882 11 101407 3 101411 6 101935 5 102459 5 102984 3 103508 3
b83d1d77935b6cfd44105b54600ffc4b6bd82de57dec65571bcb117fa8398ba3,94080 3 94603 4 95127 5 95650 6 96174 5 96697 6 97222 4 97746 4
b83d1d77935b6cfd44105b54600ffc4b6bd82de57dec65571bcb117fa8398ba3,14943 3 15466 5 15989 7 16512 9 17036 9 17559 11 18083 14 18607 13 19132 11 19656 10 20181 6
b83d1d77935b6cfd44105b54600ffc4b6bd82de57dec65571bcb117fa8398ba3,6568 3 7091 4 7615 5 8135 9 8659 9 9182 11 9707 10 10231 11 10757 13 11281 13 11804 15 12329 14 12853 13 13377 13 13901 12 14425 9 14949 8 15473 7 15996 7 16521 5 17045 5 17570 3
b83d1d77935b6cfd44105b54600ffc4b6bd82de57dec65571bcb117fa8398ba3,56339 5 56862 8 57385 10 57909 10 58432 12 58956 12 59480 12 60005 13 60529 14 61054 13 61578 14 62103 13 62627 12 63153 10 63681 4
b83d1d77935b6cfd44105b54600ffc4b6bd82de57dec65571bcb117fa8398ba3,74686 7 75209 10 75732 11 76255 13 76778 14 77301 15 77825 15 78348 16 78872 16 79395 16 79919 16 80442 17 80966 16 81490 16 82015 15 82539 15 83064 14 83591 10 84116 9 84640 8 85165 1 85169 3 85689 1 85694 2 86218 1
b83d1d77935b6cfd44105b54600ffc4b6bd82de57dec65571bcb117fa8398ba3,85166 3 85690 4 86213 5 86737 6 87260 7 87783 8 88307 8 88830 8 89355 7 89879 6
b83d1d77935b6cfd44105b54600ffc4b6bd82de57dec65571bcb117fa8398ba3,112934 3 113458 5 113981 8 114504 9 115027 11 115551 11 116074 12 116598 12 117122 11 117647 10 118171 8 118698 3
b83d1d77935b6cfd44105b54600ffc4b6bd82de57dec65571bcb117fa8398ba3,120804 2 121327 3 121850 6 122373 12 122896 13 123419 14 123943 13 124466 14 124990 13 125513 13 126037 7 126561 6 127086 4 127610 3
b83d1d77935b6cfd44105b54600ffc4b6bd82de57dec65571bcb117fa8398ba3,111902 4 112426 5 112949 8 113473 8 113997 9 114520 10 115044 10 115568 10 116092 10 116615 11 117138 12 117662 12 118185 12 118709 12 119233 11 119757 11 120281 10 120806 8 121330 7 121856 5
b83d1d77935b6cfd44105b54600ffc4b6bd82de57dec65571bcb117fa8398ba3,169534 1 170058 1 170065 2 170582 9 171105 10 171629 10 172154 9 172678 9 173203 7 173728 6
b83d1d77935b6cfd44105b54600ffc4b6bd82de57dec65571bcb117fa8398ba3,161160 3 161679 7 162201 10 162724 11 163247 13 163771 15 164294 16 164818 15 165341 15 165865 14 166389 14 166913 13 167437 12 167961 12 168486 9 169010 8 169535 7 170059 6
b83d1d77935b6cfd44105b54600ffc4b6bd82de57dec65571bcb117fa8398ba3,154356 6 154878 9 155402 10 155925 11 156449 12 156973 12 157497 12 158021 12 158545 12 159069 12 159592 13 160116 13 160639 14 161163 14 161686 15 162211 14 162735 5 163260 4
b83d1d77935b6cfd44105b54600ffc4b6bd82de57dec65571bcb117fa8398ba3,162740 9 163264 9 163787 11 164312 10 164836 11 165360 11 165883 10 166407 10 166931 9 167455 8 167979 8 168504 6 169028 6 169554 4 170082 1
b83d1d77935b6cfd44105b54600ffc4b6bd82de57dec65571bcb117fa8398ba3,165893 4 166417 6 166940 8 167463 10 167987 11 168510 13 169034 13 169558 14 170083 13 170607 13 171132 12 171655 13 172179 13 172703 13 173226 14 173749 15 174272 16 174796 16 175319 17 175843 17 176366 18 176888 19 177410 21 177933 21 178456 21 178980 20 179503 17 180028 11 180552 10 181080 5
b83d1d77935b6cfd44105b54600ffc4b6bd82de57dec65571bcb117fa8398ba3,28580 1 28593 1 29103 2 29117 1 29627 15 30151 15 30675 15 31199 2 31212 1 31723 2 31736 1
b83d1d77935b6cfd44105b54600ffc4b6bd82de57dec65571bcb117fa8398ba3,31201 11 31725 11 32248 13 32772 13 33296 14 33819 15 34343 16 34866 17 35390 17 35914 17 36438 16 36963 15 37487 14 38012 13 38537 12 39062 10 39587 9 40112 7 40638 3
b83d1d77935b6cfd44105b54600ffc4b6bd82de57dec65571bcb117fa8398ba3,22298 2 22821 3 23344 5 23867 7 24390 12 24914 12 25437 13 25961 13 26485 13 27009 13 27533 13 28056 14 28581 12 29105 12
b83d1d77935b6cfd44105b54600ffc4b6bd82de57dec65571bcb117fa8398ba3,11828 3 12351 4 12874 6 13397 7 13921 7 14444 8 14968 8 15492 8 16016 9 16539 10 17063 11 17587 11 18110 11 18634 11 19158 10 19681 11 20204 11 20728 10 21251 11 21775 10 22300 8 22824 7 23349 5 23874 4
b83d1d77935b6cfd44105b54600ffc4b6bd82de57dec65571bcb117fa8398ba3,105087 4 105610 6 106134 6 106657 8 107181 7 107704 8 108228 8 108751 8 109275 8 109799 7 110323 6 110848 4 111372 3
b83d1d77935b6cfd44105b54600ffc4b6bd82de57dec65571bcb117fa8398ba3,63692 1 64216 1 64221 1 64739 3 64745 1 65263 7 65787 8 66310 7 66834 7 67358 6 67881 7 68406 6 68930 6 69455 4 69979 4 70504 3 71029 3 71555 1
b83d1d77935b6cfd44105b54600ffc4b6bd82de57dec65571bcb117fa8398ba3,56358 5 56882 6 57405 7 57929 8 58452 9 58976 9 59500 9 60023 10 60547 10 61072 8 61596 8 62120 7 62644 7 63168 6 63693 5 64217 4 64742 3
b83d1d77935b6cfd44105b54600ffc4b6bd82de57dec65571bcb117fa8398ba3,64753 6 65276 9 65798 12 66317 3 66322 12 66841 18 67364 19 67888 19 68412 18 68936 18 69459 15 69983 15 70507 14 71032 12 71556 11 72081 10 72606 8 73130 1 73136 2 73654 1 73660 1
b83d1d77935b6cfd44105b54600ffc4b6bd82de57dec65571bcb117fa8398ba3,73131 5 73655 5 74178 7 74702 7 75226 8 75749 10 76273 11 76797 12 77321 13 77846 12 78370 10 78896 8 79423 4 79950 1
b83d1d77935b6cfd44105b54600ffc4b6bd82de57dec65571bcb117fa8398ba3,288 6 811 7 821 4 1335 8 1344 5 1859 15 2383 14 2907 14 3431 13 3955 12 4479 11 5003 10 5528 8 6052 6
b83d1d77935b6cfd44105b54600ffc4b6bd82de57dec65571bcb117fa8398ba3,94086 2 94610 2 95133 7 95657 13 96182 12 96706 12 97231 11 97755 10 98280 9 98804 8 99329 5
b83d1d77935b6cfd44105b54600ffc4b6bd82de57dec65571bcb117fa8398ba3,87806 2 88328 5 88850 7 89374 8 89897 10 90421 15 90945 15 91468 15 91992 14 92516 14 93039 14 93563 13 94088 12 94612 11 95140 6
b83d1d77935b6cfd44105b54600ffc4b6bd82de57dec65571bcb117fa8398ba3,78380 3 78904 4 79427 9 79951 8 80476 7 81000 7 81523 8 82047 8 82571 8 83094 9 83618 9 84142 9 84666 9 85189 10 85713 10 86237 11 86761 11 87284 13 87808 12 88333 10 88857 10 89382 8 89907 6
b83d1d77935b6cfd44105b54600ffc4b6bd82de57dec65571bcb117fa8398ba3,72630 5 73153 7 73677 8 74200 10 74724 10 75247 12 75771 12 76295 12 76819 12 77343 12 77866 13 78390 13 78912 14 79436 14 79959 16 80483 16 81007 16 81531 16 82055 16 82579 16 83103 16 83627 16 84151 16 84675 16 85199 16 85723 16 86248 15 86772 14 87298 1 87308 2 87822 1 87832 2
b83d1d77935b6cfd44105b54600ffc4b6bd82de57dec65571bcb117fa8398ba3,87299 9 87823 9 88346 11 88870 11 89394 11 89918 11 90442 11 90966 11 91490 10 92014 10 92539 8 93063 7 93589 3
b83d1d77935b6cfd44105b54600ffc4b6bd82de57dec65571bcb117fa8398ba3,121868 8 122391 9 122915 10 123438 11 123963 10 124487 9 125015 5
b83d1d77935b6cfd44105b54600ffc4b6bd82de57dec65571bcb117fa8398ba3,127107 8 127631 9 128154 10 128678 11 129202 11 129726 10 130250 10 130775 8 131299 3
b83d1d77935b6cfd44105b54600ffc4b6bd82de57dec65571bcb117fa8398ba3,141258 1 141782 1 141791 1 142305 11 142829 11 143353 11 143877 11 144401 11 144925 12 145448 13 145972 14 146495 15 147020 14 147544 13 148069 12 148595 8
b83d1d77935b6cfd44105b54600ffc4b6bd82de57dec65571bcb117fa8398ba3,137592 1 138115 2 138639 5 139163 11 139687 10 140211 10 140734 10 141259 9 141783 8
b83d1d77935b6cfd44105b54600ffc4b6bd82de57dec65571bcb117fa8398ba3,133405 7 133928 10 134451 11 134974 13 135498 13 136021 14 136545 14 137068 15 137593 13 138117 13 138644 7
b83d1d77935b6cfd44105b54600ffc4b6bd82de57dec65571bcb117fa8398ba3,35935 3 36458 5 36982 7 37505 8 38029 9 38553 9 39076 11 39600 2 39609 1 40125 1 40133 1
b83d1d77935b6cfd44105b54600ffc4b6bd82de57dec65571bcb117fa8398ba3,39602 7 40126 7 40649 9 41173 9 41697 9 42221 10 42745 4 42754 1 43269 1 43793 1
b83d1d77935b6cfd44105b54600ffc4b6bd82de57dec65571bcb117fa8398ba3,42749 5 43270 9 43794 9 44317 11 44841 11 45365 11 45890 11 46414 11 46938 11 47462 11 47986 11 48511 4 48520 1 49035 1 49044 1 49559 1
b83d1d77935b6cfd44105b54600ffc4b6bd82de57dec65571bcb117fa8398ba3,48515 5 49036 8 49560 9 50083 10 50608 10 51132 10 51656 10 52181 9 52705 8 53230 7 53756 4
b83d1d77935b6cfd44105b54600ffc4b6bd82de57dec65571bcb117fa8398ba3,98298 3 98819 8 99342 9 99865 11 100389 11 100912 12 101436 12 101959 13 102483 13 103007 13 103530 14 104054 13 104578 13 105102 13 105626 13 106150 1 106161 1 106674 1
b83d1d77935b6cfd44105b54600ffc4b6bd82de57dec65571bcb117fa8398ba3,106151 10 106675 11 107198 12 107722 13 108246 13 108770 14 109295 14 109819 15 110344 14 110869 14 111394 13 111920 10 112445 9 112970 7
b83d1d77935b6cfd44105b54600ffc4b6bd82de57dec65571bcb117fa8398ba3,9744 4 10267 7 10790 9 11314 9 11837 11 12361 11 12885 11 13409 11 13933 11 14457 11 14981 11 15505 11 16030 10 16554 10 17078 10 17602 9 18127 8 18651 7 19176 4
b83d1d77935b6cfd44105b54600ffc4b6bd82de57dec65571bcb117fa8398ba3,23379 5 23903 6 24426 8 24950 8 25473 10 25997 10 26520 11 27044 11 27568 11 28092 11 28616 11 29140 11 29664 11 30188 11 30712 10 31236 10 31761 9 32285 8 32809 8 33334 6 33858 5
b83d1d77935b6cfd44105b54600ffc4b6bd82de57dec65571bcb117fa8398ba3,154379 5 154903 6 155426 18 155950 18 156473 20 156997 20 157521 20 158045 20 158569 20 159093 20 159618 19 160142 18 160666 18 161191 17 161715 17 162240 16 162764 15 163289 14 163813 14 164338 14 164862 14 165387 13 165912 12 166436 11 166961 10 167485 10 168010 8 168535 7 169060 4
b83d1d77935b6cfd44105b54600ffc4b6bd82de57dec65571bcb117fa8398ba3,128187 5 128710 7 129233 8 129757 9 130280 10 130804 11 131327 12 131851 12 132375 12 132899 12 133422 13 133946 13 134471 1 134482 1 134995 1 135006 1
b83d1d77935b6cfd44105b54600ffc4b6bd82de57dec65571bcb117fa8398ba3,134472 10 134996 10 135519 12 136043 12 136567 1 136578 1 137091 1 137102 1
b83d1d77935b6cfd44105b54600ffc4b6bd82de57dec65571bcb117fa8398ba3,136568 10 137092 10 137615 12 138139 12 138663 12 139187 12 139711 12 140236 11 140760 11 141284 11 141809 9 142333 9 142858 7 143384 3
b83d1d77935b6cfd44105b54600ffc4b6bd82de57dec65571bcb117fa8398ba3,12910 3 13433 5 13957 5 14480 7 15004 7 15528 7 16052 7 16581 2 17105 1
b83d1d77935b6cfd44105b54600ffc4b6bd82de57dec65571bcb117fa8398ba3,16577 4 17101 4 17624 6 18148 6 18672 7 19196 7 19719 9 20243 9 20767 8 21292 7 21816 6 22341 5
b83d1d77935b6cfd44105b54600ffc4b6bd82de57dec65571bcb117fa8398ba3,56928 5 57451 8 57974 10 58498 11 59021 13 59545 13 60069 14 60593 6 60606 1 61117 1 61130 1 61641 1
b83d1d77935b6cfd44105b54600ffc4b6bd82de57dec65571bcb117fa8398ba3,60599 7 61118 12 61642 13 62165 14 62690 6 63214 1 63227 1 63738 1
b83d1d77935b6cfd44105b54600ffc4b6bd82de57dec65571bcb117fa8398ba3,62696 7 63215 12 63739 13 64262 14 64786 14 65310 15 65834 15 66359 14 66883 14 67408 13 67932 14 68456 14 68981 13 69505 13 70030 11 70554 11 71079 10 71605 7 72130 2 72135 1 72654 2 72659 1
b83d1d77935b6cfd44105b54600ffc4b6bd82de57dec65571bcb117fa8398ba3,72132 3 72656 3 73179 5 73703 5 74227 5 74751 1 75275 1
b83d1d77935b6cfd44105b54600ffc4b6bd82de57dec65571bcb117fa8398ba3,74752 4 75276 4 75799 6 76323 6 76847 6 77371 6 77895 6 78420 4 78944 4
b83d1d77935b6cfd44105b54600ffc4b6bd82de57dec65571bcb117fa8398ba3,100421 4 100944 6 101467 7 101991 8 102514 9 103038 10 103562 10 104086 10 104609 11 105133 11 105657 12 106181 1 106192 1 106705 1 106716 1
b83d1d77935b6cfd44105b54600ffc4b6bd82de57dec65571bcb117fa8398ba3,106182 10 106706 10 107229 12 107753 1 107764 1 108277 1 108288 1
b83d1d77935b6cfd44105b54600ffc4b6bd82de57dec65571bcb117fa8398ba3,107754 10 108278 10 108801 12 109325 12 109849 12 110373 12 110897 12 111421 12 111945 11 112470 10 112994 9 113518 9 114043 7 114567 6 115093 3
b83d1d77935b6cfd44105b54600ffc4b6bd82de57dec65571bcb117fa8398ba3,339 4 863 4 1387 4 1911 4 2436 3 2960 4 3485 3
b83d1d77935b6cfd44105b54600ffc4b6bd82de57dec65571bcb117fa8398ba3,343 6 867 7 1391 7 1915 8 2439 7 2964 6 3488 5
b83d1d77935b6cfd44105b54600ffc4b6bd82de57dec65571bcb117fa8398ba3,115629 3 116151 6 116674 8 117198 9 117721 10 118245 11 118769 11 119293 11 119817 1 120341 1
b83d1d77935b6cfd44105b54600ffc4b6bd82de57dec65571bcb117fa8398ba3,119818 10 120342 10 120865 12 121389 1 121400 1 121913 1 121924 1
b83d1d77935b6cfd44105b54600ffc4b6bd82de57dec65571bcb117fa8398ba3,121390 10 121914 10 122437 12 122961 12 123485 12 124009 12 124533 11 125058 10 125582 9 126107 7 126631 6
b83d1d77935b6cfd44105b54600ffc4b6bd82de57dec65571bcb117fa8398ba3,170130 5 170652 8 171175 9 171698 11 172221 12 172744 12 173267 13 173791 13 174314 14 174838 14 175362 14 175885 15 176409 15 176933 15 177457 15 177981 15 178505 15 179029 15 179553 15 180078 14 180602 14 181126 14 181650 14 182175 13
b83d1d77935b6cfd44105b54600ffc4b6bd82de57dec65571bcb117fa8398ba3,43842 1 44366 1 44377 1 44890 5 44901 1 45414 12 45937 13 46461 13 46985 13 47509 1 47521 1 48033 1 48045 2
b83d1d77935b6cfd44105b54600ffc4b6bd82de57dec65571bcb117fa8398ba3,47510 11 48034 11 48557 13 49081 13 49605 13 50129 13 50653 13 51177 13 51701 13 52226 1 52237 1 52750 1 52761 1
b83d1d77935b6cfd44105b54600ffc4b6bd82de57dec65571bcb117fa8398ba3,52227 10 52751 10 53274 12 53798 12 54322 12 54846 12 55370 12 55895 11 56419 11 56944 10 57468 9 57993 8 58519 5
b83d1d77935b6cfd44105b54600ffc4b6bd82de57dec65571bcb117fa8398ba3,37039 4 37560 7 38083 9 38606 10 39129 11 39652 12 40176 12 40699 12 41223 12 41747 12 42271 11 42794 12 43318 12 43843 11 44367 10 44895 6
b83d1d77935b6cfd44105b54600ffc4b6bd82de57dec65571bcb117fa8398ba3,142357 6 142880 8 143403 9 143927 10 144450 11 144974 11 145498 11 146022 11 146546 12 147070 13 147594 12 148118 12 148642 12 149166 12 149690 12 150214 12 150738 12 151263 11 151787 11 152312 10 152836 11 153360 11 153884 10 154408 9 154933 8 155457 7 155981 7 156506 5 157030 4
b83d1d77935b6cfd44105b54600ffc4b6bd82de57dec65571bcb117fa8398ba3,140280 3 140802 7 141325 9 141848 10 142372 11 142895 12 143419 12 143942 12 144466 12 144989 13 145513 13 146036 14 146559 15 147083 15 147606 16 148130 16 148654 16 149178 16 149702 16 150226 16 150750 16 151274 16 151798 16 152322 15 152847 14 153371 13 153898 10 154423 8
b83d1d77935b6cfd44105b54600ffc4b6bd82de57dec65571bcb117fa8398ba3,105165 6 105688 7 106211 9 106734 10 107258 10 107781 11 108305 11 108828 12 109352 12 109875 13 110399 13 110923 13 111447 1 111459 1 111971 1 111983 1
b83d1d77935b6cfd44105b54600ffc4b6bd82de57dec65571bcb117fa8398ba3,111448 11 111972 11 112495 13 113019 13 113543 14 114067 14 114591 14 115116 12 115640 12 116165 10 116690 8 117216 3
b83d1d77935b6cfd44105b54600ffc4b6bd82de57dec65571bcb117fa8398ba3,73202 3 73725 6 74249 7 74772 8 75296 9 75820 9 76345 9 76869 9 77393 9 77918 2 77925 1 78442 2
b83d1d77935b6cfd44105b54600ffc4b6bd82de57dec65571bcb117fa8398ba3,77920 5 78444 6 78967 7 79491 8 80015 8 80538 10 81062 10 81586 11 82110 10 82635 9 83159 8 83684 6
b83d1d77935b6cfd44105b54600ffc4b6bd82de57dec65571bcb117fa8398ba3,88931 7 89454 9 89977 10 90500 12 91024 12 91547 13 92071 13 92594 14 93118 13 93641 14 94165 14 94689 13 95213 13 95737 13 96261 13 96785 13 97309 13 97833 12 98357 12 98881 12 99405 11 99930 10 100454 9 100979 8 101504 6
b83d1d77935b6cfd44105b54600ffc4b6bd82de57dec65571bcb117fa8398ba3,169626 2 170149 4 170672 5 171196 6 171719 7 172243 7 172767 7 173292 5 173816 4
b83d1d77935b6cfd44105b54600ffc4b6bd82de57dec65571bcb117fa8398ba3,30773 4 31296 6 31820 7 32343 8 32867 9 33390 10 33915 10 34439 9 34963 9 35488 1 35494 2 36012 1 36018 1
b83d1d77935b6cfd44105b54600ffc4b6bd82de57dec65571bcb117fa8398ba3,35489 5 36013 5 36536 7 37060 7 37583 9 38107 10 38630 12 39153 11 39676 12 40199 12 40723 12 41246 13 41770 12 42295 11 42819 10 43343 10 43868 8 44392 8 44922 2
b83d1d77935b6cfd44105b54600ffc4b6bd82de57dec65571bcb117fa8398ba3,59072 1 59595 2 60119 5 60129 1 60643 11 61167 11 61690 12 62214 12 62738 12 63263 10 63787 10 64311 9 64835 9 65360 7 65884 6 66409 5
b83d1d77935b6cfd44105b54600ffc4b6bd82de57dec65571bcb117fa8398ba3,39164 4 39688 5 40211 7 40735 7 41259 8 41782 9 42306 10 42829 12 43353 12 43876 12 44400 12 44924 12 45448 13 45973 12 46497 12 47022 11 47547 1 47556 1 48071 1 48080 1
b83d1d77935b6cfd44105b54600ffc4b6bd82de57dec65571bcb117fa8398ba3,51739 1 51748 1 52263 1 52272 1 52787 10 53310 11 53834 11 54358 11 54881 12 55405 11 55929 11 56453 11 56976 12 57500 11 58024 11 58548 11 59073 9 59597 9 60124 5
b83d1d77935b6cfd44105b54600ffc4b6bd82de57dec65571bcb117fa8398ba3,47548 8 48072 8 48595 10 49119 10 49643 10 50167 10 50691 10 51215 10 51740 8 52264 8
b83d1d77935b6cfd44105b54600ffc4b6bd82de57dec65571bcb117fa8398ba3,38652 1 39175 2 39699 5 40223 11 40746 12 41270 12 41794 13 42318 13 42841 14 43365 14 43888 16 44412 16 44936 16 45461 14 45985 14 46512 10 47038 7
b83d1d77935b6cfd44105b54600ffc4b6bd82de57dec65571bcb117fa8398ba3,33420 4 33941 7 34464 9 34987 10 35510 11 36033 12 36557 11 37080 12 37604 11 38128 11 38653 10 39177 9 39704 6
b83d1d77935b6cfd44105b54600ffc4b6bd82de57dec65571bcb117fa8398ba3,15578 1 16102 1 16622 5 17146 6 17670 2 18194 2
b83d1d77935b6cfd44105b54600ffc4b6bd82de57dec65571bcb117fa8398ba3,17672 4 18196 4 18719 6 19243 6 19767 6 20291 6 20814 8 21338 8 21861 9 22385 9 22909 9 23434 8 23958 7 24483 6 25008 4
b83d1d77935b6cfd44105b54600ffc4b6bd82de57dec65571bcb117fa8398ba3,383 7 906 9 1430 10 1953 12 2476 13 2999 15 3522 16 4046 16 4569 17 5093 17 5616 18 6140 18 6664 17 7188 17 7712 17 8236 17 8761 16 9285 15 9808 16 10332 15 10856 14 11380 13 11904 11 12427 11 12951 10 13475 9 14000 8 14524 7 15049 6 15574 4 16098 4
b83d1d77935b6cfd44105b54600ffc4b6bd82de57dec65571bcb117fa8398ba3,127718 3 128240 7 128763 9 129287 9 129810 11 130334 11 130857 12 131381 12 131905 12 132429 1 132439 2 132953 1 132963 2
b83d1d77935b6cfd44105b54600ffc4b6bd82de57dec65571bcb117fa8398ba3,132430 9 132954 9 133477 11 134001 11 134525 11 135049 11 135573 11 136097 10 136621 10 137145 10 137669 9 138194 8 138718 8 139242 7 139766 7 140289 8 140813 7 141337 7 141862 5 142386 3
b83d1d77935b6cfd44105b54600ffc4b6bd82de57dec65571bcb117fa8398ba3,25545 2 26069 2 26082 1 26593 6 27116 14 27640 14 28164 14 28688 13 29212 13 29736 12 30261 10 30785 9 31310 6
b83d1d77935b6cfd44105b54600ffc4b6bd82de57dec65571bcb117fa8398ba3,17166 4 17688 7 18212 8 18735 9 19259 10 19783 10 20306 12 20830 12 21354 12 21878 13 22402 13 22926 13 23450 13 23974 13 24498 13 25022 13 25547 12 26071 11 26599 7
b83d1d77935b6cfd44105b54600ffc4b6bd82de57dec65571bcb117fa8398ba3,66426 1 66949 1 67472 2 67995 3 68518 5 69041 6 69565 7 70088 9 70612 11 71136 10 71661 8 72185 7
b83d1d77935b6cfd44105b54600ffc4b6bd82de57dec65571bcb117fa8398ba3,64337 7 64858 11 65381 12 65903 15 66427 15 66950 15 67474 15 67998 14 68523 12 69047 10 69572 5 70097 3
b83d1d77935b6cfd44105b54600ffc4b6bd82de57dec65571bcb117fa8398ba3,82665 1 83189 1 83200 1 83712 6 83724 1 84236 13 84760 13 85284 13 85808 13 86333 12 86857 12 87381 12 87905 12 88430 10 88954 10 89479 8 90005 3
b83d1d77935b6cfd44105b54600ffc4b6bd82de57dec65571bcb117fa8398ba3,75335 6 75858 8 76381 9 76905 10 77428 11 77952 11 78475 12 78999 12 79522 13 80046 12 80570 12 81093 13 81617 12 82141 12 82666 11 83190 10 83718 6
b83d1d77935b6cfd44105b54600ffc4b6bd82de57dec65571bcb117fa8398ba3,132452 7 132974 10 133497 11 134020 13 134543 14 135067 13 135590 14 136114 14 136638 13 137162 13 137686 12 138211 10 138735 8 139261 3
b83d1d77935b6cfd44105b54600ffc4b6bd82de57dec65571bcb117fa8398ba3,933 4 1456 6 1980 8 2503 9 3024 13 3546 15 4070 14 4593 15 5117 14 5641 13 6165 1 6176 1 6689 1 6700 1
b83d1d77935b6cfd44105b54600ffc4b6bd82de57dec65571bcb117fa8398ba3,6166 10 6690 10 7213 12 7737 12 8261 13 8785 15 9310 14 9834 15 10359 14 10883 15 11408 14 11933 12 12458 11 12983 9 13510 4
b83d1d77935b6cfd44105b54600ffc4b6bd82de57dec65571bcb117fa8398ba3,150266 1 150790 1 150795 1 151314 1 151319 1 151838 1 151843 1
b83d1d77935b6cfd44105b54600ffc4b6bd82de57dec65571bcb117fa8398ba3,151315 1 151839 4 152362 6 152886 6 153410 6 153935 4 154459 4
b83d1d77935b6cfd44105b54600ffc4b6bd82de57dec65571bcb117fa8398ba3,145552 3 146075 5 146599 5 147122 7 147646 7 148170 7 148694 7 149218 6 149742 6 150267 5 150791 4 151316 3
b83d1d77935b6cfd44105b54600ffc4b6bd82de57dec65571bcb117fa8398ba3,51763 6 52285 9 52808 10 53332 11 53855 12 54379 13 54903 13 55427 13 55951 14 56475 14 56999 15 57523 15 58048 14 58572 14 59097 13 59622 11 60148 9 60674 6
b83d1d77935b6cfd44105b54600ffc4b6bd82de57dec65571bcb117fa8398ba3,168613 1 169137 1 169660 4 169668 1 170184 9 170708 9 171232 8 171756 8 172280 7 172805 6 173329 4
b83d1d77935b6cfd44105b54600ffc4b6bd82de57dec65571bcb117fa8398ba3,157087 3 157610 7 158134 8 158657 9 159181 10 159705 10 160230 2 160237 1 160754 2 160761 1
b83d1d77935b6cfd44105b54600ffc4b6bd82de57dec65571bcb117fa8398ba3,165469 1 165478 1 165993 1 166002 1 166517 10 167041 10 167565 9 168089 9 168614 7 169138 7 169664 4
b83d1d77935b6cfd44105b54600ffc4b6bd82de57dec65571bcb117fa8398ba3,160232 5 160756 5 161279 7 161803 7 162327 8 162850 9 163374 9 163898 9 164422 9 164945 10 165470 8 165994 8
b83d1d77935b6cfd44105b54600ffc4b6bd82de57dec65571bcb117fa8398ba3,17181 5 17704 8 18227 9 18751 10 19274 11 19798 11 20322 11 20846 11 21370 10 21894 10 22419 8 22943 7 23468 4
b83d1d77935b6cfd44105b54600ffc4b6bd82de57dec65571bcb117fa8398ba3,103117 1 103641 1 103654 1 104164 7 104688 14 105212 14 105736 13 106260 13 106785 11 107309 10 107834 8
b83d1d77935b6cfd44105b54600ffc4b6bd82de57dec65571bcb117fa8398ba3,96312 5 96835 7 97357 10 97881 10 98404 12 98928 12 99451 14 99975 14 100498 15 101022 14 101546 14 102070 14 102593 14 103118 13 103642 12 104171 7
b83d1d77935b6cfd44105b54600ffc4b6bd82de57dec65571bcb117fa8398ba3,35009 4 35531 8 36052 12 36575 14 37098 15 37622 16 38145 17 38669 16 39193 16 39717 16 40241 16 40766 15 41290 14 41814 14 42338 13 42863 11 43387 10 43912 9 44437 7 44961 6 45486 4
b83d1d77935b6cfd44105b54600ffc4b6bd82de57dec65571bcb117fa8398ba3,26098 1 26621 2 27145 5 27155 1 27668 12 28192 12 28715 13 29239 13 29763 13 30288 12 30812 11 31337 10 31863 6
b83d1d77935b6cfd44105b54600ffc4b6bd82de57dec65571bcb117fa8398ba3,21386 6 21908 9 22431 10 22955 11 23478 12 24002 12 24526 11 25050 11 25574 11 26099 9 26623 9 27150 5
b83d1d77935b6cfd44105b54600ffc4b6bd82de57dec65571bcb117fa8398ba3,65930 7 66453 9 66976 10 67499 12 68022 13 68545 14 69069 14 69592 16 70116 16 70640 16 71164 16 71688 16 72212 17 72736 17 73260 17 73784 17 74309 16 74833 15 75357 15 75881 14 76405 13 76930 10 77454 8 77979 4
b83d1d77935b6cfd44105b54600ffc4b6bd82de57dec65571bcb117fa8398ba3,9342 4 9864 7 10387 8 10910 10 11434 10 11957 11 12481 11 13004 12 13528 12 14052 13 14576 12 15100 12 15625 11 16149 10 16674 9 17199 7
b83d1d77935b6cfd44105b54600ffc4b6bd82de57dec65571bcb117fa8398ba3,132481 7 133005 8 133528 10 134052 10 134575 12 135099 12 135623 5 135634 1 136147 1 136158 1 136671 1
b83d1d77935b6cfd44105b54600ffc4b6bd82de57dec65571bcb117fa8398ba3,135628 6 136148 10 136672 11 137195 12 137719 12 138243 2 138254 1 138768 1 138778 1
b83d1d77935b6cfd44105b54600ffc4b6bd82de57dec65571bcb117fa8398ba3,138245 9 138769 9 139292 11 139816 1 139826 1 140340 1 140350 1
b83d1d77935b6cfd44105b54600ffc4b6bd82de57dec65571bcb117fa8398ba3,139817 9 140341 9 140864 11 141388 11 141912 1 142436 1 142447 1
b83d1d77935b6cfd44105b54600ffc4b6bd82de57dec65571bcb117fa8398ba3,141913 10 142437 10 142960 12 143484 12 144008 11 144532 11 145056 11 145580 11 146105 10 146629 9 147154 8 147680 5
b83d1d77935b6cfd44105b54600ffc4b6bd82de57dec65571bcb117fa8398ba3,46021 2 46545 2 47069 5 47593 11 48117 11 48642 9 49166 9 49691 7
b83d1d77935b6cfd44105b54600ffc4b6bd82de57dec65571bcb117fa8398ba3,38170 3 38692 6 39214 9 39737 11 40261 12 40784 14 41308 15 41831 13 42355 13 42879 12 43403 12 43926 14 44450 13 44974 12 45498 12 46023 10 46547 10 47074 6
b83d1d77935b6cfd44105b54600ffc4b6bd82de57dec65571bcb117fa8398ba3,41844 7 42368 9 42891 10 43415 11 43940 9 44464 10 44989 8 45514 1 45520 1 46044 1
b83d1d77935b6cfd44105b54600ffc4b6bd82de57dec65571bcb117fa8398ba3,45515 5 46038 6 46562 7 47085 8 47609 8 48132 9 48656 10 49179 11 49703 11 50227 12 50752 10 51276 10 51801 8
b83d1d77935b6cfd44105b54600ffc4b6bd82de57dec65571bcb117fa8398ba3,26115 1 26637 3 27161 3 27685 3 28208 4 28732 3 29256 3
b83d1d77935b6cfd44105b54600ffc4b6bd82de57dec65571bcb117fa8398ba3,55461 7 55983 10 56507 11 57030 13 57554 13 58078 14 58602 14 59126 14 59650 14 60175 13 60699 13 61224 12 61748 12 62273 10 62797 10 63322 8 63847 7
b83d1d77935b6cfd44105b54600ffc4b6bd82de57dec65571bcb117fa8398ba3,104717 3 105241 4 105764 5 106287 7 106811 7 107334 9 107858 9 108382 9 108906 9 109430 9 109954 9 110479 7 111003 7 111528 5 112053 3
b83d1d77935b6cfd44105b54600ffc4b6bd82de57dec65571bcb117fa8398ba3,177039 3 177561 8 178083 10 178607 11 179130 12 179654 12 180177 14 180701 14 181225 14 181749 14 182273 14
b83d1d77935b6cfd44105b54600ffc4b6bd82de57dec65571bcb117fa8398ba3,28220 2 28744 2 29267 7 29791 15 30315 14 30840 12 31364 12 31889 10 32413 10 32938 7
b83d1d77935b6cfd44105b54600ffc4b6bd82de57dec65571bcb117fa8398ba3,23512 6 24031 14 24555 14 25078 16 25602 16 26126 16 26650 15 27173 16 27697 15 28222 14 28746 13 29274 8
b83d1d77935b6cfd44105b54600ffc4b6bd82de57dec65571bcb117fa8398ba3,140880 1 140891 1 141404 1 141415 1 141928 12 142452 12 142976 12 143500 11 144025 10 144549 9 145075 6
b83d1d77935b6cfd44105b54600ffc4b6bd82de57dec65571bcb117fa8398ba3,131452 1 131976 2 132500 2 133023 4 133547 8 134071 8 134594 9 135118 10 135642 10 136165 11 136689 11 137213 11 137737 1 137747 1 138261 1 138271 1
b83d1d77935b6cfd44105b54600ffc4b6bd82de57dec65571bcb117fa8398ba3,137738 9 138262 9 138785 11 139309 11 139833 11 140356 12 140881 10 141405 10
b83d1d77935b6cfd44105b54600ffc4b6bd82de57dec65571bcb117fa8398ba3,116790 5 117311 10 117834 11 118358 12 118881 13 119405 13 119928 14 120452 14 120976 1 120989 1 121500 1 121513 1
b83d1d77935b6cfd44105b54600ffc4b6bd82de57dec65571bcb117fa8398ba3,120977 12 121501 12 122024 14 122549 13 123073 13 123597 1 123609 1 124121 1 124133 1
b83d1d77935b6cfd44105b54600ffc4b6bd82de57dec65571bcb117fa8398ba3,123598 11 124122 11 124645 13 125169 13 125693 13 126216 14 126740 14 127264 14 127788 13 128312 13 128835 13 129358 13 129882 12 130405 11 130929 9 131453 7 131978 5 132502 4 133027 3
b83d1d77935b6cfd44105b54600ffc4b6bd82de57dec65571bcb117fa8398ba3,4654 8 5176 11 5698 14 6221 16 6745 16 7268 18 7791 18 8312 21 8836 19 9359 19 9883 18 10408 16 10932 14 11457 11
b83d1d77935b6cfd44105b54600ffc4b6bd82de57dec65571bcb117fa8398ba3,168669 4 169190 9 169713 12 170236 13 170760 14 171283 15 171807 15 172331 14 172855 14 173380 12 173904 11 174429 8
b83d1d77935b6cfd44105b54600ffc4b6bd82de57dec65571bcb117fa8398ba3,81688 2 82211 3 82734 5 83258 4 83782 4 84307 3 84832 2
b83d1d77935b6cfd44105b54600ffc4b6bd82de57dec65571bcb117fa8398ba3,103696 3 104219 5 104743 6 105266 7 105790 7 106314 7 106838 7 107363 5 107888 4
b83d1d77935b6cfd44105b54600ffc4b6bd82de57dec65571bcb117fa8398ba3,26148 5 26671 7 27194 8 27717 10 28240 10 28764 10 29287 10 29811 10 30334 10 30858 10 31382 10 31905 11 32429 11 32953 11 33477 12 34002 10 34526 10 35052 8 35577 7 36101 7 36626 6 37150 5 37675 4
b83d1d77935b6cfd44105b54600ffc4b6bd82de57dec65571bcb117fa8398ba3,57584 7 58107 8 58631 9 59154 10 59678 10 60202 4 60211 1 60726 1 60735 1 61250 1
b83d1d77935b6cfd44105b54600ffc4b6bd82de57dec65571bcb117fa8398ba3,60206 5 60727 8 61251 9 61774 10 62298 10 62822 11 63346 11 63870 11 64394 11 64918 12 65443 11 65967 10 66492 9 67017 7 67542 6 68067 4
b83d1d77935b6cfd44105b54600ffc4b6bd82de57dec65571bcb117fa8398ba3,12530 6 13052 9 13575 10 14097 13 14620 14 15142 17 15665 17 16189 17 16712 17 17236 17 17760 17 18285 16 18809 16 19334 15 19859 13 20384 12 20909 10 21436 4
b83d1d77935b6cfd44105b54600ffc4b6bd82de57dec65571bcb117fa8398ba3,145630 4 146153 6 146676 8 147200 8 147723 10 148247 10 148771 10 149295 10 149819 1 149827 2 150343 1 150351 1
b83d1d77935b6cfd44105b54600ffc4b6bd82de57dec65571bcb117fa8398ba3,149820 7 150344 7 150867 9 151391 9 151914 10 152438 11 152962 11 153485 12 154009 12 154533 12 155057 12 155581 11 156106 10 156630 9 157155 6
b83d1d77935b6cfd44105b54600ffc4b6bd82de57dec65571bcb117fa8398ba3,127812 1 128336 1 128347 1 128860 5 129384 11 129908 11 130432 10 130957 9 131481 8 132006 5
b83d1d77935b6cfd44105b54600ffc4b6bd82de57dec65571bcb117fa8398ba3,118909 5 119432 6 119956 7 120479 8 121003 8 121526 9 122050 9 122574 9 123097 10 123621 10 124145 11 124669 11 125193 11 125717 11 126241 11 126765 11 127288 12 127813 11 128337 10 128865 6
b83d1d77935b6cfd44105b54600ffc4b6bd82de57dec65571bcb117fa8398ba3,31929 6 32452 6 32975 8 33498 9 34021 13 34545 12 35068 12 35592 12 36115 13 36639 13 37162 14 37686 14 38209 15 38733 14 39257 14 39781 14 40305 13 40830 12 41354 11 41879 9 42406 4
b83d1d77935b6cfd44105b54600ffc4b6bd82de57dec65571bcb117fa8398ba3,28269 1 28793 1 28804 1 29317 5 29841 11 30364 12 30888 11 31411 12 31935 11 32458 11 32983 8 33507 5
b83d1d77935b6cfd44105b54600ffc4b6bd82de57dec65571bcb117fa8398ba3,22509 4 23032 6 23556 7 24079 9 24603 9 25126 11 25650 11 26174 11 26698 11 27222 11 27745 12 28270 11 28794 10 29322 6
b83d1d77935b6cfd44105b54600ffc4b6bd82de57dec65571bcb117fa8398ba3,80136 4 80659 6 81183 6 81706 8 82230 8 82754 1 82761 1 83278 1 83285 1
b83d1d77935b6cfd44105b54600ffc4b6bd82de57dec65571bcb117fa8398ba3,82755 6 83279 6 83802 8 84326 8 84850 8 85374 8 85899 6 86423 6 86948 4
b83d1d77935b6cfd44105b54600ffc4b6bd82de57dec65571bcb117fa8398ba3,10452 7 10974 9 11497 11 12021 11 12544 11 13068 11 13592 10 14117 9 14641 8 15166 6
b83d1d77935b6cfd44105b54600ffc4b6bd82de57dec65571bcb117fa8398ba3,499 15 1022 16 1546 17 2070 17 2593 18 3117 19 3640 20 4164 21 4688 20 5213 19 5737 18 6263 12 6790 4
b83d1d77935b6cfd44105b54600ffc4b6bd82de57dec65571bcb117fa8398ba3,63379 8 63903 9 64426 10 64950 11 65474 11 65998 11 66523 10 67047 1 67055 1 67571 1
b83d1d77935b6cfd44105b54600ffc4b6bd82de57dec65571bcb117fa8398ba3,67048 7 67572 8 68095 9 68619 10 69142 11 69666 11 70190 11 70714 11 71237 12 71761 11 72285 11 72809 10 73333 10 73857 9 74380 9 74904 9 75428 8 75953 6 76477 5
b83d1d77935b6cfd44105b54600ffc4b6bd82de57dec65571bcb117fa8398ba3,46095 3 46617 7 47140 9 47663 10 48187 11 48710 12 49233 14 49757 14 50280 15 50804 15 51328 15 51852 15 52376 15 52901 13 53425 13 53950 12 54475 11 54999 10 55524 9 56049 7 56574 5
b83d1d77935b6cfd44105b54600ffc4b6bd82de57dec65571bcb117fa8398ba3,111071 6 111594 8 112118 9 112641 11 113165 11 113688 13 114212 13 114736 13 115260 13 115784 13 116309 11 116833 11 117358 8 117882 7 118407 5
b83d1d77935b6cfd44105b54600ffc4b6bd82de57dec65571bcb117fa8398ba3,15705 5 16228 7 16752 6 17277 4
b83d1d77935b6cfd44105b54600ffc4b6bd82de57dec65571bcb117fa8398ba3,33001 7 33524 9 34047 10 34570 12 35093 13 35617 12 36140 13 36664 13 37188 13 37712 12 38236 12 38759 12 39283 12 39807 11 40332 9 40856 9 41382 6
b83d1d77935b6cfd44105b54600ffc4b6bd82de57dec65571bcb117fa8398ba3,119457 3 119980 3 120504 3 121027 3 121551 3 122075 3 122600 2 123124 3 123650 1
b83d1d77935b6cfd44105b54600ffc4b6bd82de57dec65571bcb117fa8398ba3,119983 5 120507 5 121030 5 121554 5 122078 5 122602 6 123127 5 123651 4
b83d1d77935b6cfd44105b54600ffc4b6bd82de57dec65571bcb117fa8398ba3,116324 3 116848 3 117371 5 117895 6 118419 6 118942 7 119465 8 119988 9 120512 9 121035 10 121559 10 122083 10 122608 9 123132 9 123659 4
b83d1d77935b6cfd44105b54600ffc4b6bd82de57dec65571bcb117fa8398ba3,85922 1 86445 2 86451 1 86969 3 87492 7 88016 7 88540 6 89064 6 89589 4 90113 3
b83d1d77935b6cfd44105b54600ffc4b6bd82de57dec65571bcb117fa8398ba3,82780 3 83303 4 83827 5 84350 6 84874 6 85398 6 85923 5 86447 4 86972 3
b83d1d77935b6cfd44105b54600ffc4b6bd82de57dec65571bcb117fa8398ba3,163480 1
b83d1d77935b6cfd44105b54600ffc4b6bd82de57dec65571bcb117fa8398ba3,159816 3 160339 5 160862 7 161386 7 161909 8 162433 8 162957 8 163481 8 164004 9 164529 8 165053 8 165577 8 166101 8 166625 8 167149 8 167673 8 168196 9 168719 10 169243 10 169766 11 170290 11 170814 11 171338 11 171863 10 172387 10 172912 9 173436 9 173961 6
b83d1d77935b6cfd44105b54600ffc4b6bd82de57dec65571bcb117fa8398ba3,50826 3 51350 3 51873 4 52397 4 52921 4 53445 4 53968 5 54492 5 55017 4 55540 5 56064 5 56588 5 57112 5 57636 5 58160 5 58685 4 59209 3
bdc789019cee8ddfae20d5f769299993b4b330b2d38d1218646cf89e77fbbd4d,115441 4 115961 7 116481 8 117001 11 117521 13 118041 15 118561 17 119081 18 119601 19 120121 21 120641 22 121161 23 121681 24 122201 25 122721 26 123241 26 123761 27 124281 27 124801 28 125321 28 125841 29 126361 29 126881 29 127401 29 127921 29 128441 29 128961 28 129481 28 130001 27 130521 27 131041 26 131561 25 132083 22 132610 13
bdc789019cee8ddfae20d5f769299993b4b330b2d38d1218646cf89e77fbbd4d,288607 6 289124 12 289642 16 290161 18 290681 19 291201 20 291721 20 292241 21 292761 21 293281 22 293801 22 294321 22 294841 22 295361 22 295881 21 296401 21 296921 21 297441 21 297961 20 298481 20 299001 19 299521 19 300041 18 300561 18 301081 17 301601 17 302121 3 302137 1 302641 3 302657 1 303161 2 303681 3 303697 1 304201 3 304217 1 304721 3 304737 1 305241 2 305761 3 305777 1 306281 3 306297 1 306801 17 307321 17 307841 17 308361 17 308881 16 309401 16 309921 16 310441 16 310961 15 311481 15 312001 15 312521 14 313041 14 313561 13 314081 13 314601 12 315121 12 315641 11 316161 10 316681 9 317201 8 317721 7 318241 5 318761 4 319281 3
bdc789019cee8ddfae20d5f769299993b4b330b2d38d1218646cf89e77fbbd4d,302124 13 302644 13 303163 15 303684 13
bdc789019cee8ddfae20d5f769299993b4b330b2d38d1218646cf89e77fbbd4d,304204 13 304724 13 305243 15 305764 13 306284 13
bdc789019cee8ddfae20d5f769299993b4b330b2d38d1218646cf89e77fbbd4d,134277 18 134793 29 135309 36 135826 41 136345 44 136864 47 137383 50 137902 52 138422 54 138941 56 139461 58 139981 59 140501 60 141021 61 141541 62 142062 62 142582 63 143103 62 143623 63 144144 62 144666 61 145187 60 145710 57 146232 55 146757 50 147279 47 147800 46 148321 44 148842 43 149362 42 149883 40 150405 37 150926 36 151448 32 151971 29 152494 25 153022 14 153547 6
bdc789019cee8ddfae20d5f769299993b4b330b2d38d1218646cf89e77fbbd4d,283635 5 284151 14 284670 16 285189 19 285707 22 286226 24 286745 26 287263 29 287783 30 288302 31 288821 33 289341 33 289860 35 290380 35 290900 36 291420 36 291940 20 291976 1 292460 12 292496 1 292981 10 293501 9 294022 7 294542 6 295063 5 295584 3 296106 1 296626 1
bdc789019cee8ddfae20d5f769299993b4b330b2d38d1218646cf89e77fbbd4d,291960 16 292472 24 292991 26 293510 27 294029 28 294548 29 295068 29 295587 30 296107 30 296627 30 297148 29 297668 28 298189 27 298709 26 299230 25 299750 24 300270 23 300791 21 301311 20 301832 17 302353 15 302875 10 303399 3
bdc789019cee8ddfae20d5f769299993b4b330b2d38d1218646cf89e77fbbd4d,302918 1 303437 2 303955 3 304457 10 304473 5 304975 23 305494 24 306014 24 306533 25 307053 25 307573 25 308092 26 308612 26 309132 26 309653 25 310173 26 310693 26 311214 26 311734 26 312255 25 312775 25 313296 24 313816 24 314336 24 314857 23 315377 23 315897 23 316417 23 316938 23 317458 23 317979 24 318499 23 319020 21 319541 19 320062 16 320584 13 321106 9
bdc789019cee8ddfae20d5f769299993b4b330b2d38d1218646cf89e77fbbd4d,302400 8 302919 11 303439 13 303958 15 304478 16 304998 17 305518 17 306038 18 306558 18 307078 19 307598 19 308118 19 308638 19 309158 19 309678 19 310199 18 310719 18 311240 17 311760 16 312280 16 312800 16 313320 15 313840 15 314360 14 314880 13 315400 11 315920 9 316440 7 316961 4 317481 3
bdc789019cee8ddfae20d5f769299993b4b330b2d38d1218646cf89e77fbbd4d,318023 10 318541 16 319059 20 319577 24 320095 27 320613 30 321131 33 321651 34 322169 37 322688 38 323207 40 323726 41 324245 43 324765 43 325284 44 325804 44 326323 45 326843 45 327362 46 327883 45 328403 44 328923 44 329443 44 329964 42 330484 42 331005 41 331526 40 332046 40 332567 39 333087 39 333608 38 334129 37 334649 37 335170 35 335691 34 336212 32 336733 31 337254 29 337776 26 338298 23 338821 18 339344 13
bdc789019cee8ddfae20d5f769299993b4b330b2d38d1218646cf89e77fbbd4d,291049 7 291566 11 292086 11 292604 14 293123 15 293623 5 293642 16 294141 10 294161 17 294660 13 294680 19 295180 15 295199 20 295699 40 296219 40 296739 40 297259 40 297779 40 298299 40 298819 41 299339 42 299859 42 300380 42 300900 42 301420 43 301940 43 302460 43 302981 42 303501 42 304022 42 304542 42 305062 42 305582 42 306103 41 306623 41 307144 40 307664 40 308185 39 308706 38 309226 38 309747 37 310268 36 310789 34 311310 33 311831 32 312351 31 312873 29 313395 26 313916 25 314437 23 314957 22 315478 21 315998 21 316518 21 317038 21 317559 20 318079 19 318600 18 319120 17 319641 16 320162 14 320683 12 321206 7
bdc789019cee8ddfae20d5f769299993b4b330b2d38d1218646cf89e77fbbd4d,236448 9 236967 11 237485 15 238004 17 238524 18 239043 20 239563 21 240082 22 240602 23 241122 24 241642 25 242162 25 242682 26 243202 27 243721 32 244241 35 244761 37 245281 37 245802 37 246322 37 246842 38 247362 38 247882 39 248402 39 248922 39 249442 39 249962 39 250482 39 251002 38 251522 38 252042 38 252562 37 253082 37 253603 36 254123 35 254643 35 255163 34 255683 33 256204 32 256724 31 257244 30 257764 30 258284 29 258805 28 259325 27 259846 25 260366 25 260886 24 261407 23 261927 22 262448 21 262968 20 263489 19 264009 18 264530 17 265050 16 265571 15 266091 14 266612 13 267132 12 267652 12 268172 11 268692 11 269212 11 269733 9 270253 9 270774 7 271294 7 271815 5
c8e79ff4ac55f4b772057de28e539727b7f4f2a3de73bf7a082a0ace86d609eb,58167 4 58689 6 59213 7 59743 1 60267 1
c8e79ff4ac55f4b772057de28e539727b7f4f2a3de73bf7a082a0ace86d609eb,59737 6 60261 6 60785 7 61309 7 61833 6 62357 6
c8e79ff4ac55f4b772057de28e539727b7f4f2a3de73bf7a082a0ace86d609eb,67597 10 68121 12 68645 13 69169 13 69693 14 70217 14 70741 15 71265 15 71789 15 72313 15 72837 14 73361 14 73885 13 74414 5
c8e79ff4ac55f4b772057de28e539727b7f4f2a3de73bf7a082a0ace86d609eb,161401 3 161918 11 162441 13 162965 13 163489 14 164013 14 164537 14 165061 14 165585 14 166109 14 166633 15 167157 15 167681 16 168205 16 168729 15 169256 12 169783 8
c8e79ff4ac55f4b772057de28e539727b7f4f2a3de73bf7a082a0ace86d609eb,146724 3 147247 5 147771 5 148295 6 148819 6 149343 5 149867 4
c8e79ff4ac55f4b772057de28e539727b7f4f2a3de73bf7a082a0ace86d609eb,84899 4 85422 7 85945 9 86469 8 86993 8 87518 6 88042 5 88568 1
c8e79ff4ac55f4b772057de28e539727b7f4f2a3de73bf7a082a0ace86d609eb,120012 5 120534 7 121056 10 121579 10 122103 10 122626 10 123150 10 123675 8 124199 6
c8e79ff4ac55f4b772057de28e539727b7f4f2a3de73bf7a082a0ace86d609eb,110582 4 111106 5 111630 4 112154 4
c8e79ff4ac55f4b772057de28e539727b7f4f2a3de73bf7a082a0ace86d609eb,59762 5 60284 9 60808 10 61331 12 61855 12 62376 16 62900 16 63423 17 63947 17 64472 16 64996 17 65521 16 66045 15 66570 14 67094 13 67619 11 68145 7
c8e79ff4ac55f4b772057de28e539727b7f4f2a3de73bf7a082a0ace86d609eb,83337 8 83860 12 84384 14 84907 17 85431 18 85955 19 86480 18 87004 19 87529 18 88053 18 88578 17 89104 14 89629 13 90155 10 90681 6
c8e79ff4ac55f4b772057de28e539727b7f4f2a3de73bf7a082a0ace86d609eb,160898 8 161420 11 161942 14 162465 15 162988 17 163512 16 164035 17 164559 16 165084 14 165608 12 166133 10 166660 4
c8e79ff4ac55f4b772057de28e539727b7f4f2a3de73bf7a082a0ace86d609eb,36707 8 37230 11 37753 13 38277 13 38800 15 39324 15 39848 16 40372 17 40896 19 41421 18 41945 19 42470 18 42994 17 43519 16 44045 12 44572 7
c8e79ff4ac55f4b772057de28e539727b7f4f2a3de73bf7a082a0ace86d609eb,166680 5 167202 9 167725 12 168247 14 168770 16 169294 16 169817 17 170341 17 170865 16 171389 16 171913 15 172437 15 172962 13 173486 12 174012 8
c8e79ff4ac55f4b772057de28e539727b7f4f2a3de73bf7a082a0ace86d609eb,44069 1 44592 2 45116 5 45126 1 45640 11 46164 11 46688 11 47211 13 47735 13 48259 12 48784 11 49308 11 49832 10 50357 9 50881 8 51406 5
c8e79ff4ac55f4b772057de28e539727b7f4f2a3de73bf7a082a0ace86d609eb,39881 3 40403 4 40926 6 41450 6 41973 8 42497 9 43021 12 43545 11 44070 9 44594 9 45121 5
c8e79ff4ac55f4b772057de28e539727b7f4f2a3de73bf7a082a0ace86d609eb,31503 6 32026 9 32550 10 33073 11 33597 12 34121 12 34645 12 35169 12 35694 11 36218 5 36228 1 36742 2
c8e79ff4ac55f4b772057de28e539727b7f4f2a3de73bf7a082a0ace86d609eb,36223 5 36744 9 37267 10 37791 11 38314 12 38837 13 39360 14 39884 14 40407 15 40932 13 41456 13 41981 11 42506 6
c8e79ff4ac55f4b772057de28e539727b7f4f2a3de73bf7a082a0ace86d609eb,155161 6 155684 11 156208 11 156731 13 157255 13 157778 14 158302 14 158826 14 159350 14 159873 15 160397 15 160922 14 161446 13 161971 12 162497 7
c8e79ff4ac55f4b772057de28e539727b7f4f2a3de73bf7a082a0ace86d609eb,125824 5 126346 9 126869 11 127392 12 127916 13 128439 14 128963 14 129487 14 130010 15 130534 15 131057 16 131581 16 132105 16 132629 15 133153 15 133677 14 134201 13 134726 11 135250 10 135776 4
c8e79ff4ac55f4b772057de28e539727b7f4f2a3de73bf7a082a0ace86d609eb,176651 8 177174 10 177698 10 178221 12 178745 12 179269 12 179793 12 180317 13 180841 13 181365 13 181890 11
c8e79ff4ac55f4b772057de28e539727b7f4f2a3de73bf7a082a0ace86d609eb,96486 6 97009 8 97532 9 98056 10 98579 10 99102 11 99625 12 100148 13 100672 13 101195 14 101719 14 102243 15 102767 15 103291 15 103815 14 104340 13 104864 12 105389 10 105914 7
c8e79ff4ac55f4b772057de28e539727b7f4f2a3de73bf7a082a0ace86d609eb,63476 4 63997 10 64520 11 65043 13 65567 13 66090 14 66614 14 67138 14 67662 14 68185 15 68709 15 69233 15 69757 15 70281 15 70805 14 71329 14 71853 14 72378 12 72902 12 73428 8
c8e79ff4ac55f4b772057de28e539727b7f4f2a3de73bf7a082a0ace86d609eb,142599 8 143122 10 143645 11 144169 12 144692 13 145216 13 145740 14 146264 14 146788 15 147312 15 147837 13 148361 13 148887 9
c8e79ff4ac55f4b772057de28e539727b7f4f2a3de73bf7a082a0ace86d609eb,160944 4 161465 10 161988 12 162511 13 163034 15 163558 14 164081 15 164606 13 165130 12 165656 8
c8e79ff4ac55f4b772057de28e539727b7f4f2a3de73bf7a082a0ace86d609eb,152559 6 153081 10 153605 12 154128 13 154652 14 155176 14 155700 15 156224 15 156749 13 157273 13 157798 11 158324 5
c8e79ff4ac55f4b772057de28e539727b7f4f2a3de73bf7a082a0ace86d609eb,119551 8 120073 11 120596 13 121120 13 121643 15 122167 15 122691 15 123216 14 123740 14 124265 13 124790 11 125317 8
c8e79ff4ac55f4b772057de28e539727b7f4f2a3de73bf7a082a0ace86d609eb,176673 5 177195 8 177718 11 178241 12 178765 13 179288 14 179812 15 180336 15 180859 16 181383 17 181908 15
c8e79ff4ac55f4b772057de28e539727b7f4f2a3de73bf7a082a0ace86d609eb,138420 8 138944 9 139467 11 139991 12 140515 13 141039 13 141564 13 142088 13 142613 13 143138 2 143662 2
c8e79ff4ac55f4b772057de28e539727b7f4f2a3de73bf7a082a0ace86d609eb,143140 10 143664 10 144187 12 144711 12 145235 12 145759 12 146284 11 146808 10 147333 9 147858 7
c8e79ff4ac55f4b772057de28e539727b7f4f2a3de73bf7a082a0ace86d609eb,43053 1 43066 1 43577 1 43590 1 44101 14 44625 14 45150 13 45674 13 46199 11 46724 10 47250 6
c8e79ff4ac55f4b772057de28e539727b7f4f2a3de73bf7a082a0ace86d609eb,37818 8 38340 11 38863 12 39387 13 39910 14 40434 14 40958 14 41482 13 42006 13 42529 14 43054 12 43578 12
c8e79ff4ac55f4b772057de28e539727b7f4f2a3de73bf7a082a0ace86d609eb,124804 6 125326 10 125850 11 126373 12 126897 13 127421 13 127945 13 128469 13 128992 14 129515 15 130039 15 130562 16 131086 16 131611 14 132135 14 132661 11 133187 8
c8e79ff4ac55f4b772057de28e539727b7f4f2a3de73bf7a082a0ace86d609eb,91275 7 91797 10 92319 12 92842 14 93365 15 93888 16 94412 15 94935 16 95459 15 95982 16 96506 15 97030 14 97554 14 98078 13 98601 13 99125 13 99649 11 100173 10 100698 8 101222 7 101748 3
c8e79ff4ac55f4b772057de28e539727b7f4f2a3de73bf7a082a0ace86d609eb,57735 9 58258 11 58781 12 59304 14 59828 14 60351 15 60875 15 61399 15 61923 15 62447 15 62971 15 63496 14 64020 13 64545 12 65070 9
c8e79ff4ac55f4b772057de28e539727b7f4f2a3de73bf7a082a0ace86d609eb,71358 6 71881 8 72405 8 72928 10 73452 10 73975 11 74499 11 75023 11 75548 9 76072 9 76597 7
c8e79ff4ac55f4b772057de28e539727b7f4f2a3de73bf7a082a0ace86d609eb,15819 8 16341 11 16864 12 17388 13 17911 14 18435 14 18959 14 19483 14 20007 14 20530 15 21055 14 21579 14 22104 12 22628 12 23153 9 23680 3
c8e79ff4ac55f4b772057de28e539727b7f4f2a3de73bf7a082a0ace86d609eb,80799 7 81321 11 81845 12 82368 13 82892 14 83415 15 83939 15 84463 14 84987 14 85510 14 86034 14 86558 13 87082 13 87607 11 88131 10 88658 4
c8e79ff4ac55f4b772057de28e539727b7f4f2a3de73bf7a082a0ace86d609eb,123248 4 123772 5 124295 7 124820 6 125344 7 125869 8 126393 10 126917 10 127441 11 127965 11 128488 12 129012 12 129535 13 130059 12 130583 12 131107 12 131631 12 132155 11 132680 10 133204 9 133729 8
c8e79ff4ac55f4b772057de28e539727b7f4f2a3de73bf7a082a0ace86d609eb,138459 5 138980 9 139502 12 140020 18 140541 22 141064 22 141588 22 142111 22 142636 20 143160 19 143685 17 144209 16 144734 14 145260 11 145785 8
c8e79ff4ac55f4b772057de28e539727b7f4f2a3de73bf7a082a0ace86d609eb,154694 6 155216 10 155739 11 156262 13 156786 13 157309 14 157833 14 158356 15 158880 15 159404 16 159928 16 160452 16 160977 16 161501 16 162026 14 162551 13 163077 10 163603 6
c8e79ff4ac55f4b772057de28e539727b7f4f2a3de73bf7a082a0ace86d609eb,167272 7 167794 11 168317 13 168841 13 169364 15 169888 15 170412 16 170936 16 171461 15 171985 16 172510 15 173034 14 173559 13 174085 9
c8e79ff4ac55f4b772057de28e539727b7f4f2a3de73bf7a082a0ace86d609eb,75047 8 75570 11 76094 13 76617 15 77141 15 77665 16 78189 16 78713 16 79237 16 79762 14 80286 14 80812 11 81338 8
c8e79ff4ac55f4b772057de28e539727b7f4f2a3de73bf7a082a0ace86d609eb,1172 3 1694 5 2218 5 2742 5 3266 4
c8e79ff4ac55f4b772057de28e539727b7f4f2a3de73bf7a082a0ace86d609eb,111215 10 111737 13 112260 15 112783 16 113306 18 113830 18 114353 18 114877 18 115401 18 115925 17 116448 18 116972 18 117496 18 118020 18 118545 17 119069 16 119595 14 120120 12 120647 7
c8e79ff4ac55f4b772057de28e539727b7f4f2a3de73bf7a082a0ace86d609eb,31566 3 32088 6 32612 6 33135 8 33659 3 33666 1 34183 1 34190 1 34707 1
c8e79ff4ac55f4b772057de28e539727b7f4f2a3de73bf7a082a0ace86d609eb,33662 4 34184 6 34708 7 35231 8 35756 7 36280 7 36804 7 37329 6 37853 6 38377 6 38902 4 39426 4
c8e79ff4ac55f4b772057de28e539727b7f4f2a3de73bf7a082a0ace86d609eb,49385 5 49907 8 50431 8 50954 10 51478 10 52002 10 52526 10 53050 10 53575 9 54099 9 54624 7 55149 6 55674 4
c8e79ff4ac55f4b772057de28e539727b7f4f2a3de73bf7a082a0ace86d609eb,129559 8 130082 10 130605 12 131128 13 131652 14 132175 15 132699 14 133223 14 133747 14 134271 13 134795 13 135319 12 135844 11 136368 10 136893 7
c8e79ff4ac55f4b772057de28e539727b7f4f2a3de73bf7a082a0ace86d609eb,155764 6 156286 11 156809 13 157333 14 157856 15 158381 15 158905 15 159429 15 159954 15 160478 15 161003 14 161527 14 162052 14 162577 13 163102 11 163627 10 164153 6
c8e79ff4ac55f4b772057de28e539727b7f4f2a3de73bf7a082a0ace86d609eb,144244 7 144766 10 145289 11 145813 12 146336 13 146860 13 147384 13 147908 13 148431 14 148955 14 149479 15 150003 14 150528 13 151052 12 151577 11 152103 7
c8e79ff4ac55f4b772057de28e539727b7f4f2a3de73bf7a082a0ace86d609eb,121717 3 122238 9 122760 12 123284 12 123807 14 124331 14 124856 12 125380 12 125905 10 126431 7
c8e79ff4ac55f4b772057de28e539727b7f4f2a3de73bf7a082a0ace86d609eb,44690 9 45213 11 45737 13 46260 14 46784 15 47308 15 47832 14 48357 13 48881 12 49406 10 49932 6
c8e79ff4ac55f4b772057de28e539727b7f4f2a3de73bf7a082a0ace86d609eb,54657 3 55177 10 55700 13 56223 15 56747 15 57270 17 57794 17 58318 17 58842 18 59366 18 59890 18 60414 18 60938 18 61463 17 61987 17 62511 17 63036 15 63560 15 64085 13 64609 12 65134 10 65661 5
c8e79ff4ac55f4b772057de28e539727b7f4f2a3de73bf7a082a0ace86d609eb,168367 4 168890 6 169413 8 169936 10 170459 11 170983 12 171506 13 172030 13 172553 14 173077 14 173600 15 174124 15 174648 15 175172 15 175696 15 176220 15 176744 15 177269 13 177793 13 178318 11 178843 8
c8e79ff4ac55f4b772057de28e539727b7f4f2a3de73bf7a082a0ace86d609eb,96581 5 97102 11 97626 12 98149 13 98673 14 99197 14 99721 15 100245 15 100769 15 101293 16 101817 16 102341 16 102866 15 103390 14 103915 13 104439 12 104965 7
c8e79ff4ac55f4b772057de28e539727b7f4f2a3de73bf7a082a0ace86d609eb,109155 8 109678 11 110202 12 110725 13 111249 14 111773 14 112297 15 112822 14 113346 14 113870 14 114395 13 114919 12 115445 10
c8e79ff4ac55f4b772057de28e539727b7f4f2a3de73bf7a082a0ace86d609eb,118587 7 119110 9 119634 11 120157 12 120681 13 121205 13 121729 13 122254 12 122778 13 123302 13 123826 13 124350 13 124875 12 125399 11 125924 10 126449 7
c8e79ff4ac55f4b772057de28e539727b7f4f2a3de73bf7a082a0ace86d609eb,131167 5 131689 9 132213 10 132736 12 133260 12 133784 13 134307 14 134831 14 135355 14 135880 13 136404 13 136929 11 137454 10 137979 8
c8e79ff4ac55f4b772057de28e539727b7f4f2a3de73bf7a082a0ace86d609eb,26905 1 27429 1 27438 1 27953 4 27962 1 28476 11 29000 11 29524 11 30049 9 30573 9 31098 7 31624 3
c8e79ff4ac55f4b772057de28e539727b7f4f2a3de73bf7a082a0ace86d609eb,16428 5 16952 6 17475 7 17999 8 18522 9 19046 9 19570 9 20094 9 20618 1 20626 1 21142 1 21150 1
c8e79ff4ac55f4b772057de28e539727b7f4f2a3de73bf7a082a0ace86d609eb,20619 7 21143 7 21666 9 22190 9 22713 10 23237 11 23761 11 24285 11 24809 11 25333 11 25857 10 26381 10 26906 9 27430 8 27957 5
c8e79ff4ac55f4b772057de28e539727b7f4f2a3de73bf7a082a0ace86d609eb,161602 4 162125 6 162649 7 163172 9 163696 9 164220 10 164743 11 165267 11 165791 1 165801 1 166315 1 166325 1
c8e79ff4ac55f4b772057de28e539727b7f4f2a3de73bf7a082a0ace86d609eb,165792 9 166316 9 166839 11 167363 11 167887 5 168411 1 168422 1 168935 1
c8e79ff4ac55f4b772057de28e539727b7f4f2a3de73bf7a082a0ace86d609eb,167892 6 168412 10 168936 11 169459 12 169984 12 170508 5 170519 1 171032 1 171043 1 171556 1
c8e79ff4ac55f4b772057de28e539727b7f4f2a3de73bf7a082a0ace86d609eb,170513 6 171033 10 171557 11 172080 12 172604 12 173128 12 173652 13 174176 13 174700 13 175224 13 175748 13 176272 13 176796 13 177321 12 177845 12 178370 10 178894 10 179420 7
c8e79ff4ac55f4b772057de28e539727b7f4f2a3de73bf7a082a0ace86d609eb,153743 4 154266 5 154790 6 155313 7 155837 6 156361 6 156884 7 157408 6 157932 6 158456 6 158981 4 159505 4
c8e79ff4ac55f4b772057de28e539727b7f4f2a3de73bf7a082a0ace86d609eb,147982 2 148505 3 149029 3 149552 4 150076 4 150600 4 151125 2
c8e79ff4ac55f4b772057de28e539727b7f4f2a3de73bf7a082a0ace86d609eb,55765 3 56286 8 56809 9 57333 10 57856 11 58380 11 58903 12 59427 12 59951 12 60475 12 60999 12 61523 11 62047 11 62572 9 63096 9 63621 6
c8e79ff4ac55f4b772057de28e539727b7f4f2a3de73bf7a082a0ace86d609eb,122314 4 122837 6 123361 6 123884 8 124408 8 124932 8 125455 10 125979 10 126503 10 127026 11 127550 11 128074 11 128598 1 128608 1 129122 1 129132 1
c8e79ff4ac55f4b772057de28e539727b7f4f2a3de73bf7a082a0ace86d609eb,128599 9 129123 9 129646 11 130170 11 130694 11 131218 11 131742 11 132266 10 132791 9 133315 8 133840 6
c8e79ff4ac55f4b772057de28e539727b7f4f2a3de73bf7a082a0ace86d609eb,74715 3 75238 4 75762 5 76285 6 76809 7 77332 8 77856 3 77863 1 78380 1 78387 1 78904 1
c8e79ff4ac55f4b772057de28e539727b7f4f2a3de73bf7a082a0ace86d609eb,83620 2 83627 1 84144 2 84151 1 84668 1 84675 1 85192 1
c8e79ff4ac55f4b772057de28e539727b7f4f2a3de73bf7a082a0ace86d609eb,77859 4 78381 6 78905 7 79428 8 79953 1 79959 1 80477 1 80483 1
c8e79ff4ac55f4b772057de28e539727b7f4f2a3de73bf7a082a0ace86d609eb,79954 5 80478 5 81001 7 81525 7 82049 7 82573 7 83097 7 83622 5 84146 1
c8e79ff4ac55f4b772057de28e539727b7f4f2a3de73bf7a082a0ace86d609eb,84147 4 84669 6 85193 7 85716 8 86240 8 86765 7 87289 7 87814 5 88338 5
c8e79ff4ac55f4b772057de28e539727b7f4f2a3de73bf7a082a0ace86d609eb,140770 2 141293 4 141816 5 142339 6 142863 5 143387 5 143911 4 144435 4 144959 3
c8e79ff4ac55f4b772057de28e539727b7f4f2a3de73bf7a082a0ace86d609eb,133438 3 133961 4 134484 6 135007 7 135530 8 136054 8 136577 9 137101 8 137626 7 138150 6 138675 4
c8e79ff4ac55f4b772057de28e539727b7f4f2a3de73bf7a082a0ace86d609eb,128198 2 128722 2 129246 3 129770 7 130293 8 130817 7 131342 6 131866 5 132391 3
c8e79ff4ac55f4b772057de28e539727b7f4f2a3de73bf7a082a0ace86d609eb,123486 3 124010 4 124533 5 125057 6 125580 7 126104 7 126627 8 127151 8 127675 8 128200 6 128724 6 129249 4
c8e79ff4ac55f4b772057de28e539727b7f4f2a3de73bf7a082a0ace86d609eb,163842 2 164366 2 164889 7 165413 7 165937 7 166461 7 166986 5 167510 5
c8e79ff4ac55f4b772057de28e539727b7f4f2a3de73bf7a082a0ace86d609eb,155984 1 156508 1 156517 1 157032 4 157556 9 158080 9 158604 9 159127 9 159651 9 160175 9 160699 8 161222 9 161746 8 162271 7 162795 6 163319 6 163844 4 164368 4
c8e79ff4ac55f4b772057de28e539727b7f4f2a3de73bf7a082a0ace86d609eb,146032 1 146556 1 147079 5 147089 1 147603 11 148127 11 148650 12 149174 12 149698 12 150221 13 150745 13 151269 13 151793 12 152317 12 152841 12 153365 11 153889 11 154413 10 154937 10 155460 10 155985 9 156509 8 157036 5
c8e79ff4ac55f4b772057de28e539727b7f4f2a3de73bf7a082a0ace86d609eb,136607 3 137131 3 137654 5 138178 5 138701 6 139225 6 139748 7 140272 7 140795 8 141319 8 141842 9 142366 9 142889 10 143413 10 143937 10 144461 10 144984 11 145508 11 146033 9 146557 9 147084 5
c8e79ff4ac55f4b772057de28e539727b7f4f2a3de73bf7a082a0ace86d609eb,75314 2 75837 3 76361 4 76885 3 77410 2 77934 1
c8e79ff4ac55f4b772057de28e539727b7f4f2a3de73bf7a082a0ace86d609eb,175442 5 175965 6 176488 8 177012 8 177535 10 178059 10 178582 11 179106 10 179630 10 180155 9 180679 8 181204 7
c8e79ff4ac55f4b772057de28e539727b7f4f2a3de73bf7a082a0ace86d609eb,429 7 952 9 1476 9 1999 10 2523 10 3046 11 3570 11 4094 10 4619 9 5143 8 5668 5
c8e79ff4ac55f4b772057de28e539727b7f4f2a3de73bf7a082a0ace86d609eb,96862 1 97385 2 97909 6 98433 13 98957 13 99481 13 100005 12 100529 12 101054 10 101578 9 102103 7
c8e79ff4ac55f4b772057de28e539727b7f4f2a3de73bf7a082a0ace86d609eb,89531 7 90053 10 90577 10 91100 12 91624 12 92147 13 92671 13 93195 13 93718 14 94242 14 94766 14 95290 14 95814 14 96338 13 96863 12 97387 11 97915 7
c8e79ff4ac55f4b772057de28e539727b7f4f2a3de73bf7a082a0ace86d609eb,153495 5 154018 7 154541 8 155065 9 155588 10 156112 10 156636 10 157160 11 157684 11 158208 2 158218 1 158742 1
c8e79ff4ac55f4b772057de28e539727b7f4f2a3de73bf7a082a0ace86d609eb,158210 8 158733 9 159257 10 159780 11 160304 11 160828 12 161352 1 161363 1 161876 1 161887 1
c8e79ff4ac55f4b772057de28e539727b7f4f2a3de73bf7a082a0ace86d609eb,161353 10 161877 10 162400 12 162924 1 162935 1 163448 1 163459 1
c8e79ff4ac55f4b772057de28e539727b7f4f2a3de73bf7a082a0ace86d609eb,162925 10 163449 10 163972 12 164496 12 165020 12 165544 12 166068 12 166593 11 167117 11 167642 10 168166 9 168691 8 169216 7 169740 6 170265 5 170789 4
c8e79ff4ac55f4b772057de28e539727b7f4f2a3de73bf7a082a0ace86d609eb,162942 1 163465 2 163989 5 163999 1 164513 11 165037 11 165561 10 166085 10 166609 9 167134 8 167658 7 168183 4
c8e79ff4ac55f4b772057de28e539727b7f4f2a3de73bf7a082a0ace86d609eb,156656 2 157180 2 157703 11 158227 11 158751 11 159274 12 159798 12 160322 11 160846 11 161370 11 161894 11 162418 11 162943 9 163467 9 163994 5
c8e79ff4ac55f4b772057de28e539727b7f4f2a3de73bf7a082a0ace86d609eb,151944 6 152467 8 152990 9 153514 10 154037 11 154561 11 155085 10 155609 10 156133 10 156658 8 157182 8
c8e79ff4ac55f4b772057de28e539727b7f4f2a3de73bf7a082a0ace86d609eb,81735 4 82257 12 82781 12 83304 13 83828 13 84351 14 84875 14 85398 15 85922 15 86446 15 86971 14 87495 14
ca20076870e8fb604e61802605a9ac45419c82dd3e23404c56c4869f9502a5ef,18173 1
ca20076870e8fb604e61802605a9ac45419c82dd3e23404c56c4869f9502a5ef,22326 1
ca20076870e8fb604e61802605a9ac45419c82dd3e23404c56c4869f9502a5ef,13495 4 14014 4 14533 5 15052 5 15571 6 16090 6 16609 7 17128 7 17647 8 18166 7 18685 8 19204 8 19723 8 20242 8 20761 8 21280 9 21799 9 22318 8 22837 9 23356 9 23875 9 24394 9 24913 10 25432 10 25951 10 26470 11 26989 11 27508 12 28027 12 28546 12 29065 11 29584 11 30103 12 30622 12 31141 12 31661 10 32186 4
ca20076870e8fb604e61802605a9ac45419c82dd3e23404c56c4869f9502a5ef,78409 1 78928 1 79447 9 79966 18 80485 17 81004 17 81524 17 82043 17 82562 17 83080 18
ca20076870e8fb604e61802605a9ac45419c82dd3e23404c56c4869f9502a5ef,64402 3 64919 6 65436 10 65954 12 66472 14 66991 14 67509 16 68028 17 68547 17 69066 18 69584 20 70104 19 70623 20 71142 21 71661 21 72181 21 72700 21 73220 21 73740 20 74259 20 74779 19 75298 20 75817 20 76335 21 76853 22 77372 21 77890 22 78410 20 78929 21 79456 11
ca20076870e8fb604e61802605a9ac45419c82dd3e23404c56c4869f9502a5ef,56 13 576 11 1095 11 1615 9 2138 3
ca20076870e8fb604e61802605a9ac45419c82dd3e23404c56c4869f9502a5ef,77393 7 77912 7 78430 8 78950 6 79469 6 79989 5 80508 4 81028 3 81547 3 82067 3 82587 2
ca20076870e8fb604e61802605a9ac45419c82dd3e23404c56c4869f9502a5ef,77919 3 78438 7 78956 8 79475 10 79490 1 79994 15 80512 16 81031 16 81550 15 82070 14 82589 13 83111 8
ca20076870e8fb604e61802605a9ac45419c82dd3e23404c56c4869f9502a5ef,75851 1 76369 2 76888 4 77407 9 77925 10 78445 8 78964 8 79485 5
ca20076870e8fb604e61802605a9ac45419c82dd3e23404c56c4869f9502a5ef,73777 1 74295 2 74814 5 75332 10 75852 8 76371 8 76892 5
ca20076870e8fb604e61802605a9ac45419c82dd3e23404c56c4869f9502a5ef,58729 4 59245 11 59761 18 60279 23 60798 26 61316 29 61835 30 62355 30 62874 30 63394 30 63913 30 64432 31 64951 31 65470 32 65989 33 66508 33 67028 33 67547 33 68067 32 68587 31 69107 30 69627 29 70146 29 70665 29 71184 29 71703 29 72221 30 72740 30 73258 30 73778 29 74297 9 74310 14 74819 4 74832 7
ca20076870e8fb604e61802605a9ac45419c82dd3e23404c56c4869f9502a5ef,25510 6 26028 9 26547 11 27065 13 27584 15 28102 18 28621 18 29140 19 29659 19 30178 20 30698 20 31217 21 31737 12 32256 11 32776 3 33296 2 33815 1 34335 1
ca20076870e8fb604e61802605a9ac45419c82dd3e23404c56c4869f9502a5ef,31749 6 32267 7 32779 13 33298 9 33816 3 34336 2 34855 1 35375 1
ca20076870e8fb604e61802605a9ac45419c82dd3e23404c56c4869f9502a5ef,31755 3 32274 1 32792 2 33307 5 33819 12 34338 12 34856 13 35376 12 35895 12 36415 11 36935 9 37454 9 37974 8 38494 7 39014 6 39534 5 40054 4 40575 3 41096 1
ca20076870e8fb604e61802605a9ac45419c82dd3e23404c56c4869f9502a5ef,32275 3 32794 4 33312 8 33831 11 34350 11 34869 10 35388 10 35907 10 36426 10 36944 11 37463 11 37982 11 38501 11 39020 10 39539 10 40058 10 40578 9 41097 9 41617 8 42138 6 42658 5 43179 4 43701 1
ca20076870e8fb604e61802605a9ac45419c82dd3e23404c56c4869f9502a5ef,33842 3 34361 6 34879 9 35398 11 35917 12 36436 13 36955 14 37474 15 37993 15 38512 16 39030 17 39549 17 40068 18 40587 18 41106 18 41625 18 42144 18 42663 17 43183 16 43702 15 44222 14 44744 9
ca20076870e8fb604e61802605a9ac45419c82dd3e23404c56c4869f9502a5ef,78 16 597 16 1116 16 1636 15 2155 15 2674 15 3193 7 3712 2 4232 1
ca20076870e8fb604e61802605a9ac45419c82dd3e23404c56c4869f9502a5ef,3200 8 3714 14 4233 14 4751 16 5270 16 5790 8 6309 2 6828 2
ca20076870e8fb604e61802605a9ac45419c82dd3e23404c56c4869f9502a5ef,5798 8 6311 14 6830 15 7348 16 7867 9 8386 8 8906 2 9425 2
ca20076870e8fb604e61802605a9ac45419c82dd3e23404c56c4869f9502a5ef,7876 8 8394 10 8908 16 9427 16 9945 18 10464 18 10984 17 11503 18 12023 17 12542 18 13062 18 13581 18 14101 18 14621 10 15140 9 15660 3 16179 3 16699 1 17219 1
ca20076870e8fb604e61802605a9ac45419c82dd3e23404c56c4869f9502a5ef,14631 7 15149 9 15663 15 16182 16 16700 17 17220 17 17739 9 18259 2 18778 2 19817 1
ca20076870e8fb604e61802605a9ac45419c82dd3e23404c56c4869f9502a5ef,17748 8 18261 15 18780 15 19298 17 19818 17 20337 18 20857 17 21377 17 21896 17 22415 18 22935 20 23454 20 23974 19 24494 17 25015 15 25535 14 26055 13 26575 11 27095 10 27615 9 28135 8 28656 7 29180 2
ca20076870e8fb604e61802605a9ac45419c82dd3e23404c56c4869f9502a5ef,23474 7 23993 10 24511 13 25030 14 25549 16 26068 21 26586 26 27105 27 27624 27 28143 28 28663 27 29182 28 29705 25 30226 23 30746 23 31266 19 31785 18 32305 13 32824 12 33344 3 33864 2 34903 1
ca20076870e8fb604e61802605a9ac45419c82dd3e23404c56c4869f9502a5ef,31285 5 31803 6 32318 11 32836 12 33347 21 33866 21 34384 20 34904 18 35423 17 35943 12 36463 3 36983 2 37502 1 38022 1
ca20076870e8fb604e61802605a9ac45419c82dd3e23404c56c4869f9502a5ef,34404 4 34922 5 35440 7 35955 12 36466 20 36985 21 37503 23 38023 22 38542 23 39062 12 39582 3 40101 3 40621 1 41141 1
ca20076870e8fb604e61802605a9ac45419c82dd3e23404c56c4869f9502a5ef,39074 10 39585 19 40104 20 40622 21 41142 21 41661 21 42181 20 42701 19 43220 18 43740 17 44260 15 44779 15 45299 13 45820 10 46341 5
ca20076870e8fb604e61802605a9ac45419c82dd3e23404c56c4869f9502a5ef,105 8 624 7 1144 6 1663 5 2183 4 2701 5 3221 5 3740 5
ca20076870e8fb604e61802605a9ac45419c82dd3e23404c56c4869f9502a5ef,631 3 1150 3 1668 3 2187 3 2706 3 3226 3 3745 3
ca20076870e8fb604e61802605a9ac45419c82dd3e23404c56c4869f9502a5ef,634 6 1153 6 1671 8 2190 8 2709 9 3229 7 3748 7
ca20076870e8fb604e61802605a9ac45419c82dd3e23404c56c4869f9502a5ef,12571 2 13090 3 13610 2
ca20076870e8fb604e61802605a9ac45419c82dd3e23404c56c4869f9502a5ef,12055 5 12573 6 13093 5 13612 3
ca20076870e8fb604e61802605a9ac45419c82dd3e23404c56c4869f9502a5ef,6873 3 7393 2 7913 1
ca20076870e8fb604e61802605a9ac45419c82dd3e23404c56c4869f9502a5ef,7395 2 7914 4 8434 4 8955 2 9475 1
ca20076870e8fb604e61802605a9ac45419c82dd3e23404c56c4869f9502a5ef,69164 3 69681 8 70200 9 70718 12 71237 13 71756 14 72275 15 72795 15 73314 15 73834 15 74353 13 74873 12 75392 11 75912 10 76431 10 76949 11 77464 15 77983 15 78501 16 79020 16 79539 16 80058 16 80578 15 81097 14 81617 13 82137 11 82658 9
ca20076870e8fb604e61802605a9ac45419c82dd3e23404c56c4869f9502a5ef,74366 3 74885 4 75403 8 75922 10 76441 11 76960 12 77479 13 77998 14 78517 15 79036 16 79555 17 80074 18 80593 18 81111 21 81630 24 82148 25 82667 26 83187 24
ca20076870e8fb604e61802605a9ac45419c82dd3e23404c56c4869f9502a5ef,140 15 659 14 1181 8
ca20076870e8fb604e61802605a9ac45419c82dd3e23404c56c4869f9502a5ef,5876 6 6395 7 6913 9 7432 10 7950 12 8469 13 8987 14 9506 15 10025 15 10543 16 11062 17 11581 17 12100 17 12619 18 13139 18 13658 18 14177 19 14696 19 15216 19 15735 20 16254 20 16774 20 17293 20 17812 20 18332 20 18851 20 19371 20 19892 18 20412 17 20933 14 21455 11 21979 4
ca20076870e8fb604e61802605a9ac45419c82dd3e23404c56c4869f9502a5ef,30795 6 31312 10 31830 12 32348 15 32867 16 33385 17 33905 17 34424 17 34943 17 35463 15 35982 15 36502 12 37022 11 37543 8 38063 7 38583 5
ca20076870e8fb604e61802605a9ac45419c82dd3e23404c56c4869f9502a5ef,184 11 704 11 720 4 1222 21 1740 23 2258 24 2777 24 3295 25 3814 24 4334 23 4853 23 5373 22 5892 21 6412 20 6932 18 7453 14 7975 9
ca20076870e8fb604e61802605a9ac45419c82dd3e23404c56c4869f9502a5ef,47425 8 47944 9 48462 11 48980 12 49498 14 50016 15 50535 16 51053 17 51572 17 52091 17 52610 17 53129 17 53648 17 54167 17 54687 16 55206 15 55726 14 56246 12 56767 9
ca20076870e8fb604e61802605a9ac45419c82dd3e23404c56c4869f9502a5ef,30820 7 31339 9 31857 12 32376 13 32894 15 33413 16 33932 17 34452 16 34971 17 35490 18 36009 19 36529 19 37048 19 37568 19 38087 19 38607 19 39126 19 39645 20 40165 19 40684 19 41204 19 41723 19 42243 18 42762 18 43282 16 43801 16 44319 17 44838 16 45357 17 45876 17 46395 17 46915 15 47434 15 47955 11
ca20076870e8fb604e61802605a9ac45419c82dd3e23404c56c4869f9502a5ef,10588 1 11106 3 11624 4 12143 12 12661 23 13180 23 13700 22 14219 23 14739 22 15258 23 15778 22 16298 22 16818 21 17338 21 17857 21 18377 20 18896 20 19416 18 19937 16 20458 10
ca20076870e8fb604e61802605a9ac45419c82dd3e23404c56c4869f9502a5ef,4884 3 5402 4 5921 5 6439 6 6958 7 7476 9 7995 9 8514 10 9033 11 9552 11 10070 13 10589 14 11109 14 11628 14 12155 7
ca20076870e8fb604e61802605a9ac45419c82dd3e23404c56c4869f9502a5ef,214 43 733 43 1253 25 1281 14 1772 25 1800 16 2292 23 2320 15 2811 23 2839 16 3331 22 3358 16 3850 22 3877 17 4369 22 4396 16 4887 23 4915 16 5406 23 5434 15 5926 22 5953 9 6445 22 6472 9 6965 21 6991 10 7485 20 7510 3 8004 20 8524 19 9044 17 9062 1 9563 17 10083 15 10603 14 11123 12 11642 12 12162 9
ca20076870e8fb604e61802605a9ac45419c82dd3e23404c56c4869f9502a5ef,1278 3 1797 3 2315 5 2834 5 3353 5 3872 5 4391 5 4910 5 5429 5 5948 5 6467 5 6986 5 7505 5 8024 3 8543 3 9063 1 9582 1
ca20076870e8fb604e61802605a9ac45419c82dd3e23404c56c4869f9502a5ef,7513 8 8027 14 8546 15 9064 16 9583 18 10103 18 10622 18 11142 18 11662 17 12181 18 12701 17 13222 16 13743 14 14265 11 14785 10 15305 9 15825 7 16346 5
ca20076870e8fb604e61802605a9ac45419c82dd3e23404c56c4869f9502a5ef,57328 6 57845 11 58362 16 58881 18 59399 20 59918 21 60436 23 60955 23 61474 24 61993 25 62513 24 63032 25 63552 25 64071 25 64591 26 65111 25 65630 22 66150 20 66670 18 67191 15 67711 13 68231 11 68752 9 69272 7 69792 6 70312 5 70833 3 71354 1 71874 1
ca20076870e8fb604e61802605a9ac45419c82dd3e23404c56c4869f9502a5ef,65652 5 66170 7 66688 9 67206 12 67724 14 68242 16 68761 17 69279 18 69798 19 70317 19 70836 20 71355 20 71875 19 72394 19 72914 17 73435 15 73956 11 74478 7
ca20076870e8fb604e61802605a9ac45419c82dd3e23404c56c4869f9502a5ef,36064 8 36581 11 37099 14 37617 17 38136 17 38654 19 39173 20 39692 13 40212 11 40731 10 41251 8 41770 8 42290 6 42810 5 43330 3 43850 2
ca20076870e8fb604e61802605a9ac45419c82dd3e23404c56c4869f9502a5ef,39705 7 40223 9 40741 10 41259 13 41778 13 42296 16 42815 16 43333 18 43852 16 44371 16 44891 14 45410 13 45930 11 46451 8 46972 6 47491 5 48012 3 48533 1 49053 1
ca20076870e8fb604e61802605a9ac45419c82dd3e23404c56c4869f9502a5ef,43868 3 44387 5 44905 4 45423 5 45941 5 46459 6 46978 6 47496 7 48015 7 48534 6 49054 5 49573 5 50093 4 50613 3 51134 2
ca20076870e8fb604e61802605a9ac45419c82dd3e23404c56c4869f9502a5ef,44909 3 45428 7 45946 9 46465 10 46984 11 47503 11 48022 12 48540 12 49059 13 49578 13 50097 13 50616 12 51136 11 51655 10 52178 5
ca20076870e8fb604e61802605a9ac45419c82dd3e23404c56c4869f9502a5ef,27761 3 28280 4 28798 5 29317 6 29835 7 30355 7 30874 8 31393 9 31911 12 32430 12 32949 13 33469 12 33988 12 34509 9 35030 7
ca20076870e8fb604e61802605a9ac45419c82dd3e23404c56c4869f9502a5ef,54249 6 54767 9 55286 11 55804 14 56323 15 56842 16 57361 16 57880 17 58399 15 58917 14 59437 12 59956 11 60476 9 60995 4 61515 3 62035 1 62555 1
ca20076870e8fb604e61802605a9ac45419c82dd3e23404c56c4869f9502a5ef,58414 3 58931 7 59449 10 59967 13 60485 15 60999 21 61518 23 62036 25 62556 25 63075 26 63595 25 64115 25 64634 25 65155 23 65674 23 66195 20 66715 19 67235 17 67755 15 68276 12 68799 6
ca20076870e8fb604e61802605a9ac45419c82dd3e23404c56c4869f9502a5ef,19483 5 20001 8 20520 8 21038 11 21558 11 22077 12 22597 13 23116 14 23636 14 24155 15 24675 15 25194 15 25714 8 26233 7 26753 2 27272 2
ca20076870e8fb604e61802605a9ac45419c82dd3e23404c56c4869f9502a5ef,25722 7 26240 9 26755 13 27274 14 27792 16 28311 17 28831 17 29350 18 29870 18 30389 18 30909 18 31428 19 31948 18 32468 18 32987 19 33507 18 34026 19 34546 18 35066 17 35586 17 36105 17 36625 16 37145 16 37665 15 38185 14 38705 13 39224 12 39744 11 40264 6 40783 5 41303 4 41823 2
ca20076870e8fb604e61802605a9ac45419c82dd3e23404c56c4869f9502a5ef,40270 6 40788 11 41307 13 41825 15 42344 16 42864 16 43383 17 43902 18 44421 19 44940 20 45459 20 45979 20 46498 20 47018 20 47537 20 48057 19 48576 20 49095 10 49614 2 49634 1 50134 1
ca20076870e8fb604e61802605a9ac45419c82dd3e23404c56c4869f9502a5ef,49105 10 49616 18 50135 19 50653 20 51172 21 51692 20 52211 21 52731 20 53251 19 53770 19 54290 19 54809 19 55329 18 55849 18 56368 18 56888 17 57407 17 57927 16 58446 16 58966 15 59486 14 60006 12 60525 12 61045 10 61565 7
ca20076870e8fb604e61802605a9ac45419c82dd3e23404c56c4869f9502a5ef,293 21 812 21 1332 20 1851 20 2371 19 2891 18 3411 18 3930 18 4450 18 4970 17 5490 15 6010 13 6532 9
ca20076870e8fb604e61802605a9ac45419c82dd3e23404c56c4869f9502a5ef,314 25 833 25 1352 25 1871 26 2390 26 2909 26 3429 24 3948 25 4469 23 4988 23 5507 23 6027 22 6546 2 7065 2
ca20076870e8fb604e61802605a9ac45419c82dd3e23404c56c4869f9502a5ef,6548 20 7067 20 7585 18 8104 17 8623 17 9142 15 9661 13 10180 12 10699 2 11219 1
ca20076870e8fb604e61802605a9ac45419c82dd3e23404c56c4869f9502a5ef,9157 1 9674 3 10192 3 10701 13 11220 13 11738 14 12258 13 12777 12 13297 11 13817 10 14337 9 14857 8 15376 8 15896 7 16415 7 16935 6 17454 7 17974 6 18495 4
ca20076870e8fb604e61802605a9ac45419c82dd3e23404c56c4869f9502a5ef,4506 1 5025 2 5533 1 5540 6 6052 13 6570 14 7088 15 7603 19 8121 20 8640 20 9158 20 9677 20 10195 21 10714 21 11233 21 11752 20 12271 20 12789 21 13308 20 13827 20 14346 19 14865 19 15384 19 15903 19 16422 18 16941 18 17461 17 17980 16 18500 15 19021 12 19541 9 20060 8 20581 4
ca20076870e8fb604e61802605a9ac45419c82dd3e23404c56c4869f9502a5ef,339 15 858 15 1377 15 1897 15 2416 15 2936 14 3455 14 3975 13 4495 11 5014 11 5534 6
ca20076870e8fb604e61802605a9ac45419c82dd3e23404c56c4869f9502a5ef,13277 6 13795 8 14314 9 14832 11 15352 11 15871 11 16390 12 16909 12 17428 12 17947 12 18466 13 18985 13 19505 12 20024 12 20543 12 21063 11 21582 11 22102 10 22621 10 23141 9 23661 7 24182 5
ca20076870e8fb604e61802605a9ac45419c82dd3e23404c56c4869f9502a5ef,69344 3 69863 4 70381 6 70900 6 71420 6 71939 8 72458 5 72978 3 73497 3 74017 1 74537 1
ca20076870e8fb604e61802605a9ac45419c82dd3e23404c56c4869f9502a5ef,72463 4 72981 5 73500 6 74018 7 74538 6 75057 3 75577 2 76096 1
ca20076870e8fb604e61802605a9ac45419c82dd3e23404c56c4869f9502a5ef,75060 4 75579 5 76097 6 76616 7 77135 7 77655 7 78174 7 78694 7 79213 6 79733 5
ca20076870e8fb604e61802605a9ac45419c82dd3e23404c56c4869f9502a5ef,58482 6 58999 10 59518 12 60036 14 60555 15 61074 16 61593 16 62112 17 62631 17 63150 18 63670 17 64189 17 64709 17 65228 17 65748 16 66267 16 66787 15 67308 7 67827 3 68347 2
ca20076870e8fb604e61802605a9ac45419c82dd3e23404c56c4869f9502a5ef,67315 7 67820 4 67830 12 68335 10 68349 13 68853 11 68867 14 69371 13 69386 15 69890 14 69906 14 70408 31 70927 31 71446 31 71965 31 72485 31 73004 31 73524 30 74043 30 74563 29 75082 29 75601 30 76121 29 76640 29 77160 28 77679 28 78199 27 78718 28 79238 27 79757 27 80277 26 80796 27 81316 26 81835 26 82354 26 82874 25 83393 25
ca20076870e8fb604e61802605a9ac45419c82dd3e23404c56c4869f9502a5ef,7635 7 8153 19 8671 21 9190 21 9708 23 10227 22 10746 22 11265 21 11784 22 12303 20 12823 18 13342 16 13861 11 14380 3 14900 2 15419 1
ca20076870e8fb604e61802605a9ac45419c82dd3e23404c56c4869f9502a5ef,12323 3 12841 6 13358 11 13872 16 14383 25 14902 25 15420 26 15939 28 16459 28 16978 28 17498 28 18017 28 18536 28 19056 27 19575 27 20095 26 20615 25 21135 24 21654 24 22174 22 22693 22 23213 21 23732 21 24252 20 24771 20 25291 18 25811 17 26330 16 26851 13 27371 11 27891 9 28411 7
ca20076870e8fb604e61802605a9ac45419c82dd3e23404c56c4869f9502a5ef,39303 2 39821 3 40340 3 40859 4 41379 5 41899 4
ca20076870e8fb604e61802605a9ac45419c82dd3e23404c56c4869f9502a5ef,53328 8 53845 11 54362 13 54880 15 55399 15 55917 16 56437 15 56956 15 57476 14 57995 14 58515 13 59034 12 59554 12 60074 11 60594 11 61117 6 61637 5 62157 3 62676 3
ca20076870e8fb604e61802605a9ac45419c82dd3e23404c56c4869f9502a5ef,9225 4 9741 9 10258 11 10775 14 11294 14 11812 16 12331 16 12849 17 13369 15 13888 15 14411 8
ca20076870e8fb604e61802605a9ac45419c82dd3e23404c56c4869f9502a5ef,54409 6 54925 14 55442 18 55960 20 56478 22 56996 24 57514 26 58033 27 58551 29 59070 29 59588 31 60107 31 60626 31 61145 31 61664 30 62184 29 62703 29 63222 29 63741 29 64260 28 64779 28 65299 26 65818 26 66338 23 66857 23 67377 20 67897 18 68417 15 68938 11 69460 6
ca20076870e8fb604e61802605a9ac45419c82dd3e23404c56c4869f9502a5ef,427 10 946 10 1467 7 1989 1
ca20076870e8fb604e61802605a9ac45419c82dd3e23404c56c4869f9502a5ef,40396 5 40914 7 41433 7 41951 9 42470 12 42989 14 43509 13 44028 14 44548 13 45067 14 45586 15 46104 16 46623 17 47141 18 47661 17 48180 17 48700 16 49220 15 49740 11 50260 9 50779 8 51299 7 51820 4 52342 1
ca20076870e8fb604e61802605a9ac45419c82dd3e23404c56c4869f9502a5ef,49751 6 50269 9 50787 10 51306 11 51824 12 52343 12 52863 11 53382 10 53902 9 54421 8
ca20076870e8fb604e61802605a9ac45419c82dd3e23404c56c4869f9502a5ef,70500 4 71018 6 71537 7 72055 8 72574 9 73093 9 73612 10 74132 8 74651 8 75172 4
ca20076870e8fb604e61802605a9ac45419c82dd3e23404c56c4869f9502a5ef,76233 7 76748 14 77266 17 77783 21 78301 23 78819 25 79337 27 79855 28 80373 30 80891 32 81410 32 81928 34 82447 34 82966 35 83485 35
ca20076870e8fb604e61802605a9ac45419c82dd3e23404c56c4869f9502a5ef,23819 6 24338 7 24856 8 25375 9 25893 11 26412 12 26930 13 27449 14 27968 14 28485 17 29002 19 29517 24 30035 25 30554 25 31072 26 31591 27 32109 28 32628 29 33146 31 33664 33 34183 34 34701 35 35220 36 35738 37 36257 37 36776 36 37296 35 37815 35 38335 34 38855 12 38868 19 39375 10 39387 19 39895 8 39906 18 40416 5 40426 17 40945 15 41464 13 41983 11 42503 10 43022 8 43543 5
ca20076870e8fb604e61802605a9ac45419c82dd3e23404c56c4869f9502a5ef,4096 7 4613 11 5130 15 5649 16 6167 18 6686 19 7205 19 7724 20 8242 21 8761 22 9280 22 9799 23 10318 12 10838 1 11357 1
ca20076870e8fb604e61802605a9ac45419c82dd3e23404c56c4869f9502a5ef,10330 11 10839 19 11358 18 11876 18 12396 16 12915 13 13434 12 13954 2 14473 2 15512 1
ca20076870e8fb604e61802605a9ac45419c82dd3e23404c56c4869f9502a5ef,10858 4 11376 5 11894 7 12412 9 12928 13 13446 15 13956 26 14475 26 14993 28 15513 26 16032 26 16552 25 17071 26 17591 25 18111 25 18630 24 19150 23 19669 22 20189 21 20708 21 21229 19 21748 20 22269 18 22791 14 23315 9
ca20076870e8fb604e61802605a9ac45419c82dd3e23404c56c4869f9502a5ef,50814 6 51331 10 51849 12 52367 16 52886 17 53404 18 53923 19 54441 20 54960 21 55479 21 55998 21 56517 22 57035 23 57554 23 58072 25 58591 25 59111 25 59630 25 60149 28 60668 28 61187 27 61706 26 62225 26 62744 25 63263 24 63782 24 64302 22 64821 22 65341 20 65861 17 66382 14 66903 10
ca20076870e8fb604e61802605a9ac45419c82dd3e23404c56c4869f9502a5ef,46679 5 47197 9 47715 11 48233 14 48752 15 49270 17 49790 16 50309 17 50828 17 51347 18 51866 18 52385 19 52903 20 53422 20 53942 20 54461 20 54981 20 55500 20 56019 20 56539 20 57058 20 57577 20 58097 18 58616 18 59136 17 59655 16 60180 10 60700 8 61219 7 61739 4
ca20076870e8fb604e61802605a9ac45419c82dd3e23404c56c4869f9502a5ef,70062 4 70578 7 71090 14 71607 16 72125 17 72643 18 73159 21 73677 22 74195 23 74714 23 75232 24 75750 25 76268 26 76786 27 77305 27 77823 28 78342 28 78861 28 79380 28 79899 28 80418 28 80937 28 81456 28 81974 29 82493 29 83012 29 83531 29
ca20076870e8fb604e61802605a9ac45419c82dd3e23404c56c4869f9502a5ef,492 16 1012 15 1531 15 2051 15 2571 14 3090 15 3610 12 4129 10 4649 7 5168 5 5688 4 6207 3
ca20076870e8fb604e61802605a9ac45419c82dd3e23404c56c4869f9502a5ef,508 12 1027 12 1546 12 2066 11 2585 11 3106 9 3625 9 4145 8 4664 8 5184 7 5705 5 6225 4
d616d323a9eeb9da1b66f8d5df671d63c092c9919cb2c0b223e29c63257c944d,12459 3 12976 7 12987 3 13495 14 14014 15 14533 14 15052 14 15571 13
d616d323a9eeb9da1b66f8d5df671d63c092c9919cb2c0b223e29c63257c944d,6236 4 6752 9 7270 11 7789 11 8307 13 8826 13 9345 13 9864 13 10384 11 10903 11 11423 9 11942 8 12462 7 12983 4
d616d323a9eeb9da1b66f8d5df671d63c092c9919cb2c0b223e29c63257c944d,49315 3 49831 8 50346 13 50863 15 51382 16 51901 17 52420 17 52939 18 53460 18 53980 18 54500 18 55019 18 55538 19 56057 19 56577 18 57096 17 57615 8 57631 1 58135 1 58150 1 58654 1
d616d323a9eeb9da1b66f8d5df671d63c092c9919cb2c0b223e29c63257c944d,57623 8 58136 14 58655 15 59173 16 59692 17 60211 17 60730 17 61249 16 61768 16 62287 15 62807 14 63326 13 63846 12 64365 12 64885 10 65405 9
d616d323a9eeb9da1b66f8d5df671d63c092c9919cb2c0b223e29c63257c944d,17137 4 17655 8 18174 11 18692 17 19211 18 19730 19 20248 20 20767 21 21286 20 21805 20 22325 20 22844 20 23364 19 23883 19 24403 18 24923 17 25442 17 25962 16 26482 16 27001 17 27521 16 28040 17 28560 16 29079 17 29598 17 30117 16 30636 16 31155 14 31675 10 32194 8 32714 5
d616d323a9eeb9da1b66f8d5df671d63c092c9919cb2c0b223e29c63257c944d,72680 5 73196 10 73715 11 74233 13 74752 13 75270 15 75789 16 76308 16 76827 17 77345 18 77864 18 78383 19 78902 19 79420 19 79939 19 80458 19 80977 20 81497 19 82015 20 82534 21 83053 21 83571 24
d616d323a9eeb9da1b66f8d5df671d63c092c9919cb2c0b223e29c63257c944d,72193 10 72710 13 73229 13 73747 15 74266 14 74784 15 75302 15 75819 17 76332 23 76850 24 77368 24 77885 26 78402 28 78921 28 79439 29 79958 29 80477 30 80997 28 81516 28 82035 27 82558 21 83081 15 83601 13
d616d323a9eeb9da1b66f8d5df671d63c092c9919cb2c0b223e29c63257c944d,21 14 540 15 1059 15 1577 9 2096 8 2616 2 3135 2
d616d323a9eeb9da1b66f8d5df671d63c092c9919cb2c0b223e29c63257c944d,1586 8 2104 10 2618 16 3137 16 3655 18 4174 18 4694 18 5213 18 5733 17 6252 17 6772 16 7292 15 7811 15 8331 14 8852 8 9372 6 9893 4
d616d323a9eeb9da1b66f8d5df671d63c092c9919cb2c0b223e29c63257c944d,8860 4 9378 6 9897 6 10415 8 10934 9 11453 10 11972 10 12490 12 13009 12 13528 1 13539 1 14047 1 14058 1
d616d323a9eeb9da1b66f8d5df671d63c092c9919cb2c0b223e29c63257c944d,13529 10 14048 10 14566 12 15085 12 15603 12 16122 12 16642 12 17161 12 17681 11 18200 10 18719 10 19238 9 19758 8 20277 7 20798 5
d616d323a9eeb9da1b66f8d5df671d63c092c9919cb2c0b223e29c63257c944d,54030 9 54546 14 55063 16 55580 19 56097 21 56615 22 57134 22 57652 24 58171 24 58689 26 59208 27 59726 28 60245 29 60765 28 61284 28 61803 28 62322 27 62841 28 63359 29 63878 29 64397 29 64916 30 65436 29 65955 29 66475 28 66994 28 67514 27 68034 26 68554 25 69076 22 69598 19 70120 15 70640 14 71162 9
d616d323a9eeb9da1b66f8d5df671d63c092c9919cb2c0b223e29c63257c944d,66 18 585 18 1104 18 1623 18 2143 17 2662 17 3181 18 3701 8 3717 1 4220 2 4740 1
d616d323a9eeb9da1b66f8d5df671d63c092c9919cb2c0b223e29c63257c944d,3709 8 4222 15 4741 15 5259 17 5778 17 6298 16 6817 16 7336 16 7855 16 8373 17 8892 17 9410 18 9929 18 10447 19 10966 19 11485 19 12003 20 12522 20 13041 20 13560 20 14079 19 14598 19 15117 17 15636 15 16155 14 16675 11 17194 10
d616d323a9eeb9da1b66f8d5df671d63c092c9919cb2c0b223e29c63257c944d,43690 2 44209 2 44727 11 44748 1 45246 21 45764 22 46283 23 46803 10 46824 1 47322 1 47343 1
d616d323a9eeb9da1b66f8d5df671d63c092c9919cb2c0b223e29c63257c944d,46813 11 47323 20 47841 22 48360 22 48878 23 49398 23 49917 24 50437 23 50956 20 51476 18 51995 13 52514 7 53034 5 53553 4 54073 3 54593 1 55112 2
d616d323a9eeb9da1b66f8d5df671d63c092c9919cb2c0b223e29c63257c944d,35913 6 36430 11 36948 14 37466 16 37984 18 38503 18 39021 20 39540 20 40059 21 40578 21 41097 20 41616 20 42135 20 42653 21 43172 21 43692 19 44211 19 44738 10
d616d323a9eeb9da1b66f8d5df671d63c092c9919cb2c0b223e29c63257c944d,50976 5 51494 11 52008 16 52521 23 53039 24 53557 26 54076 26 54594 27 55114 26 55633 26 56153 25 56672 25 57191 25 57711 24 58230 23 58750 22 59269 21 59789 20 60309 18 60830 16 61351 13
d616d323a9eeb9da1b66f8d5df671d63c092c9919cb2c0b223e29c63257c944d,3759 5 4278 6 4796 9 5315 11 5833 13 6352 13 6870 15 7389 15 7908 14 8427 14 8946 15 9465 16 9984 16 10503 17 11022 18 11540 19 12055 24 12571 27 13089 28 13608 28 14126 28 14645 28 15163 28 15682 28 16201 28 16720 28 17239 27 17757 28 18276 28 18795 28 19314 28 19833 27 20351 28 20870 28 21389 28 21908 28 22427 28 22946 28 23465 27 23984 27 24503 27 25021 28 25540 27 26059 27 26578 18 27097 18 27616 18 28135 18 28654 18 29173 17 29693 16 30212 15 30732 14 31251 13 31771 11 32291 9 32813 3
d616d323a9eeb9da1b66f8d5df671d63c092c9919cb2c0b223e29c63257c944d,68638 2 69157 3 69676 3 70195 3 70714 3 71234 2 71753 1
d616d323a9eeb9da1b66f8d5df671d63c092c9919cb2c0b223e29c63257c944d,133 29 653 28 1172 28 1692 28 2211 28 2731 27 3251 26 3771 25 4291 24 4812 23 5332 22 5852 21 6373 19 6893 17 7414 15 7935 12 8455 11 8976 8
d616d323a9eeb9da1b66f8d5df671d63c092c9919cb2c0b223e29c63257c944d,15225 1 15744 1 16263 1 16782 2 17301 3 17819 4 18339 3 18858 5 19377 5 19896 5 20417 3
d616d323a9eeb9da1b66f8d5df671d63c092c9919cb2c0b223e29c63257c944d,45867 6 46384 10 46902 11 47421 12 47939 13 48458 14 48978 13 49497 14 50016 14 50535 14 51054 14 51572 16 52091 16 52610 17 53130 16 53649 16 54168 16 54687 17 55206 18 55725 18 56244 19 56763 19 57282 19 57802 19 58321 19 58840 19 59359 19 59878 1 59896 1 60397 1 60415 1
d616d323a9eeb9da1b66f8d5df671d63c092c9919cb2c0b223e29c63257c944d,59879 17 60398 17 60916 19 61435 19 61954 1 61972 1 62473 1 62491 1
d616d323a9eeb9da1b66f8d5df671d63c092c9919cb2c0b223e29c63257c944d,61955 17 62474 17 62992 19 63511 1 63529 1 64030 1 64048 1
d616d323a9eeb9da1b66f8d5df671d63c092c9919cb2c0b223e29c63257c944d,63512 17 64031 17 64549 19 65068 19 65587 19 66106 19 66625 19 67144 19 67664 18 68183 18 68702 18 69221 18 69740 18 70259 18 70779 16 71298 16 71818 14 72339 11 72860 7
d616d323a9eeb9da1b66f8d5df671d63c092c9919cb2c0b223e29c63257c944d,81703 9 82220 14 82738 17 83257 17 83775 19
d616d323a9eeb9da1b66f8d5df671d63c092c9919cb2c0b223e29c63257c944d,240 10 759 9 1283 1
d616d323a9eeb9da1b66f8d5df671d63c092c9919cb2c0b223e29c63257c944d,4424 5 4940 11 5458 13 5976 16 6495 17 7013 21 7532 25 8052 24 8571 25 9090 24 9610 23 10129 22 10649 19 11169 16 11690 13 12210 10
d616d323a9eeb9da1b66f8d5df671d63c092c9919cb2c0b223e29c63257c944d,77603 5 78120 9 78639 10 79157 11 79676 12 80195 12 80714 12 81233 12 81753 10 82272 10 82792 8 83313 5
d616d323a9eeb9da1b66f8d5df671d63c092c9919cb2c0b223e29c63257c944d,32993 1 33511 1 34029 3 34548 3 35066 8 35585 9 36103 17 36622 16 37141 15 37661 13 38180 12 38700 9
d616d323a9eeb9da1b66f8d5df671d63c092c9919cb2c0b223e29c63257c944d,16400 1 16916 4 17432 8 17948 11 18467 12 18985 14 19504 15 20022 17 20541 18 21060 19 21579 20 22098 21 22617 24 23137 23 23656 23 24175 22 24694 22 25213 21 25731 22 26250 22 26769 21 27288 21 27807 21 28327 21 28846 21 29364 22 29883 22 30402 22 30920 23 31439 23 31957 24 32475 26 32994 26 33512 26 34032 20 34054 3 34551 14 35074 9 35594 7
d616d323a9eeb9da1b66f8d5df671d63c092c9919cb2c0b223e29c63257c944d,6567 1 7086 1 7603 3 8105 9 8117 9 8621 24 9139 25 9657 26 10176 26 10694 27 11213 27 11731 28 12250 28 12769 28 13288 27 13807 27 14326 27 14845 27 15364 26 15883 26 16401 26 16920 26 17440 24 17959 24 18479 23 18999 21 19519 20 20039 18 20559 17 21079 15 21599 13 22119 5
d616d323a9eeb9da1b66f8d5df671d63c092c9919cb2c0b223e29c63257c944d,323 11 843 10 1362 11 1882 11 2401 11 2921 11 3441 11 3960 11 4481 10 5000 10 5520 9 6040 9 6559 8 7079 7 7598 5
d616d323a9eeb9da1b66f8d5df671d63c092c9919cb2c0b223e29c63257c944d,305 9 823 10 1341 10 1860 10 2379 8 2899 6
d616d323a9eeb9da1b66f8d5df671d63c092c9919cb2c0b223e29c63257c944d,82844 4 83361 8 83879 10
d616d323a9eeb9da1b66f8d5df671d63c092c9919cb2c0b223e29c63257c944d,35623 2 36142 10 36661 21 37180 21 37699 21 38219 19 38738 19 39256 20 39775 20 40295 19 40814 19 41336 16 41857 13 42376 13 42896 11 43416 8 43936 5
d616d323a9eeb9da1b66f8d5df671d63c092c9919cb2c0b223e29c63257c944d,18508 7 19025 10 19543 12 20062 12 20580 14 21099 14 21617 16 22136 16 22654 17 23173 18 23691 19 24210 19 24729 19 25247 20 25766 20 26285 21 26803 22 27322 22 27841 22 28360 22 28879 22 29397 23 29916 23 30435 23 30954 23 31473 23 31991 24 32510 24 33029 23 33547 24 34066 25 34586 23 35105 23 35625 19 36152 11
d616d323a9eeb9da1b66f8d5df671d63c092c9919cb2c0b223e29c63257c944d,80268 4 80784 8 81303 8 81820 11 82339 11 82857 12 83376 12 83894 13
d616d323a9eeb9da1b66f8d5df671d63c092c9919cb2c0b223e29c63257c944d,346 28 865 28 1385 26 1904 27 2423 26 2942 26 3462 23 3981 21 4501 19 5022 16 5543 13 6063 10 6585 3
d616d323a9eeb9da1b66f8d5df671d63c092c9919cb2c0b223e29c63257c944d,48643 7 49160 12 49678 13 50196 15 50714 16 51232 17 51750 18 52269 17 52787 18 53306 18 53824 19 54343 18 54861 19 55379 20 55898 19 56416 20 56935 19 57454 19 57972 20 58491 20 59009 21 59528 22 60047 22 60565 23 61084 23 61603 22 62121 23 62640 23 63158 24 63676 25 64195 24 64713 25 65232 25 65751 24 66269 25 66788 24 67306 24 67825 23 68344 12 68359 6 68862 12 69381 11 69900 11 70420 9 70939 8 71460 3
d616d323a9eeb9da1b66f8d5df671d63c092c9919cb2c0b223e29c63257c944d,71998 3 72517 3 73035 3 73553 4 74071 5 74590 5 75110 2
d616d323a9eeb9da1b66f8d5df671d63c092c9919cb2c0b223e29c63257c944d,41379 1 41394 1 41898 1 41913 1 42417 15 42936 15 43455 15 43974 15 44493 14 45013 13 45532 12 46052 10 46572 7
d616d323a9eeb9da1b66f8d5df671d63c092c9919cb2c0b223e29c63257c944d,32565 6 33082 9 33600 11 34118 12 34635 15 35153 16 35671 17 36189 18 36708 18 37226 19 37745 19 38264 18 38783 18 39303 17 39822 17 40341 16 40860 16 41380 14 41899 14
d616d323a9eeb9da1b66f8d5df671d63c092c9919cb2c0b223e29c63257c944d,74603 2 75122 2 75640 7 75654 1 76159 14 76678 14 77197 14 77715 14 78234 14 78753 14 79272 13 79791 13 80311 11 80830 10 81349 10 81869 8 82388 7
d616d323a9eeb9da1b66f8d5df671d63c092c9919cb2c0b223e29c63257c944d,69426 1 69936 1 69944 2 70455 11 70974 11 71493 11 72011 13 72530 12 73048 13 73567 13 74085 14 74605 12 75124 12 75647 7
d616d323a9eeb9da1b66f8d5df671d63c092c9919cb2c0b223e29c63257c944d,60603 3 61122 3 61640 5 62157 8 62674 11 63191 13 63709 15 64228 15 64746 16 65265 16 65784 16 66303 16 66822 15 67341 15 67860 13 68378 13 68898 9 69417 9 69937 7
d616d323a9eeb9da1b66f8d5df671d63c092c9919cb2c0b223e29c63257c944d,388 26 907 25 1426 25 1944 25 2463 24 2982 24 3501 23 4021 20 4540 18 5060 14 5581 8
d616d323a9eeb9da1b66f8d5df671d63c092c9919cb2c0b223e29c63257c944d,82403 12 82921 13 83440 13 83958 14
d616d323a9eeb9da1b66f8d5df671d63c092c9919cb2c0b223e29c63257c944d,63756 8 64272 13 64790 15 65308 16 65826 18 66344 19 66851 7 66862 20 67369 32 67887 33 68405 35 68923 36 69441 37 69959 38 70477 40 70995 41 71513 41 72031 43 72550 45 73068 50 73587 50 74106 51 74626 50 75145 50 75665 50 76185 51 76705 50 77223 52 77742 52 78261 52 78781 50 79300 51 79820 50 80340 49 80859 49 81378 48 81897 48 82415 49 82935 48 83453 50 83972 50
d616d323a9eeb9da1b66f8d5df671d63c092c9919cb2c0b223e29c63257c944d,59585 5 60102 9 60620 11 61141 9 61665 3
d616d323a9eeb9da1b66f8d5df671d63c092c9919cb2c0b223e29c63257c944d,71046 4 71565 7 72083 9 72602 11 73122 9 73641 10 74161 10 74681 10 75200 11 75719 12 76238 12 76758 12 77277 12 77797 8 78317 5 78838 3
d616d323a9eeb9da1b66f8d5df671d63c092c9919cb2c0b223e29c63257c944d,77805 4 78322 6 78841 7 79359 8 79878 9 80397 11 80411 1 80917 10 80930 4 81436 9 81450 4 81460 1 81954 10 81969 6 82473 11 82487 12 82503 1 82992 11 83006 12 83022 1 83511 32 84029 33
d616d323a9eeb9da1b66f8d5df671d63c092c9919cb2c0b223e29c63257c944d,80408 3 80927 3 81445 5 81964 5 82484 3 83003 3
d616d323a9eeb9da1b66f8d5df671d63c092c9919cb2c0b223e29c63257c944d,80942 4 81461 4 81979 6 82499 4 83018 4
d616d323a9eeb9da1b66f8d5df671d63c092c9919cb2c0b223e29c63257c944d,60668 1 61186 2 61705 13 62224 14 62743 15 63262 17 63781 18 64300 19 64819 21 65339 20 65858 19 66377 19 66896 18 67416 17 67935 17 68454 16 68974 15 69493 15 70013 13 70533 12 71053 10 71572 10 72092 8
d616d323a9eeb9da1b66f8d5df671d63c092c9919cb2c0b223e29c63257c944d,51862 1 52379 3 52897 3 53415 4 53932 6 54449 8 54967 9 55485 10 56002 12 56521 12 57039 13 57557 14 58075 16 58594 16 59112 17 59631 17 60149 18 60669 17 61188 17 61718 6 62238 5 62758 4 63279 2 63799 2 64319 1
d616d323a9eeb9da1b66f8d5df671d63c092c9919cb2c0b223e29c63257c944d,51863 6 52382 8 52900 10 53419 11 53938 13 54457 13 54976 14 55495 14 56014 15 56533 15 57052 15 57571 15 58091 14 58610 14 59129 14 59648 13 60167 13 60686 12 61205 11 61724 10 62243 9 62762 8 63281 6 63801 4 64320 3
d616d323a9eeb9da1b66f8d5df671d63c092c9919cb2c0b223e29c63257c944d,65892 8 66409 10 66928 11 67446 12 67965 11 68485 10 69004 8 69526 5
d616d323a9eeb9da1b66f8d5df671d63c092c9919cb2c0b223e29c63257c944d,71086 5 71605 6 72123 8 72639 11 73156 14 73675 14 74193 15 74712 15 75231 14 75750 14 76269 13 76789 12 77308 11
d616d323a9eeb9da1b66f8d5df671d63c092c9919cb2c0b223e29c63257c944d,39431 13 39948 16 40467 16 40985 17 41504 17 42023 17 42542 17 43061 17 43580 17 44099 17 44618 17 45138 16 45657 16 46177 15 46697 14 47218 12 47738 11 48258 9
d616d323a9eeb9da1b66f8d5df671d63c092c9919cb2c0b223e29c63257c944d,7255 4 7773 6 8293 5 8814 2
d616d323a9eeb9da1b66f8d5df671d63c092c9919cb2c0b223e29c63257c944d,80954 3 81472 6 81991 6 82509 8 83028 8 83547 9 84066 9
d6eb7ce7723e2f6dc13b90b41a29ded27dbd815bad633fdf582447c686018896,2601 4 3121 6 3641 8 4161 9 4681 10 5201 11 5721 12 6241 12 6761 13 7281 13 7801 13 8321 13 8841 13 9361 14 9881 14 10401 13 10921 13 11441 12 11961 11 12481 9 13001 8 13521 7 14041 7 14561 3 14567 1 15081 3 15087 1 15601 2 16121 3 16641 3 17161 4 17681 3
d6eb7ce7723e2f6dc13b90b41a29ded27dbd815bad633fdf582447c686018896,14564 3 15084 3 15603 5 16124 3 16644 3
d6eb7ce7723e2f6dc13b90b41a29ded27dbd815bad633fdf582447c686018896,30161 2 30681 3 31201 4 31721 4 32241 4 32761 4 33281 3 33801 3 34321 3
d6eb7ce7723e2f6dc13b90b41a29ded27dbd815bad633fdf582447c686018896,62926 5 63442 9 63961 11 64481 11 65001 10 65521 10 66041 9 66561 7
d6eb7ce7723e2f6dc13b90b41a29ded27dbd815bad633fdf582447c686018896,71241 3 71761 5 72281 6 72801 6 73321 7 73841 7 74361 8 74881 8 75401 8 75921 8 76441 8 76961 8 77481 7 78001 7 78521 6 79041 6 79561 5 80081 4 80601 3
d6eb7ce7723e2f6dc13b90b41a29ded27dbd815bad633fdf582447c686018896,98281 3 98801 4 99321 5 99841 5 100361 6 100881 5 101401 5 101921 5 102441 5 102961 5 103481 5 104001 5 104521 6 105041 7 105561 6 106081 6 106601 5 107121 5 107641 5 108161 5 108681 5 109201 4 109721 4 110241 4 110761 4 111281 4 111801 3 112321 2 112841 1
d6eb7ce7723e2f6dc13b90b41a29ded27dbd815bad633fdf582447c686018896,111804 2 112323 3 112842 5 113361 6 113881 7 114401 8 114921 8 115441 9 115961 9 116481 9 117001 9 117521 10 118043 8 118563 9 119086 4
d6eb7ce7723e2f6dc13b90b41a29ded27dbd815bad633fdf582447c686018896,101419 6 101938 8 102456 11 102976 12 103495 13 104015 14 104534 16 105053 17 105567 24 106087 24 106606 26 107126 26 107646 26 108166 26 108686 26 109205 27 109725 26 110245 26 110765 26 111285 25 111808 22 112326 24 112847 23 113367 23 113888 22 114409 21 114929 21 115450 19 115970 19 116490 18 117010 17 117531 4 117537 8 118051 3
d6eb7ce7723e2f6dc13b90b41a29ded27dbd815bad633fdf582447c686018896,121689 6 122207 10 122725 14 123244 15 123762 17 124281 17 124801 17 125321 17 125841 17 126361 18 126881 18 127401 17 127921 17 128441 16 128961 16 129481 15 130001 14 130521 12 131044 4
d6eb7ce7723e2f6dc13b90b41a29ded27dbd815bad633fdf582447c686018896,117550 1 118069 1 118588 3 119107 4 119627 10 120146 19 120665 19 121184 20 121703 20 122222 20 122740 23 123259 24 123779 24 124298 25 124818 25 125338 24 125858 24 126379 22 126899 20 127422 15 127944 10
d6eb7ce7723e2f6dc13b90b41a29ded27dbd815bad633fdf582447c686018896,112874 6 113394 8 113913 10 114433 12 114953 13 115473 14 115993 14 116512 16 117031 17 117551 17 118070 17 118591 16 119111 15 119637 9
d6eb7ce7723e2f6dc13b90b41a29ded27dbd815bad633fdf582447c686018896,131056 5 131574 7 132092 10 132610 11 133129 12 133647 13 134164 16 134682 17 135201 18 135721 17 136241 17 136761 16 137281 15 137801 15 138321 14 138841 13 139361 11 139881 11 140401 10 140921 9 141441 7 141961 6 142481 4 143001 3 143521 2
d6eb7ce7723e2f6dc13b90b41a29ded27dbd815bad633fdf582447c686018896,151321 5 151841 6 152361 7 152881 7 153401 8 153921 8 154448 1 154968 1
d6eb7ce7723e2f6dc13b90b41a29ded27dbd815bad633fdf582447c686018896,154441 7 154961 7 155481 8 156008 1 156528 1
d6eb7ce7723e2f6dc13b90b41a29ded27dbd815bad633fdf582447c686018896,156001 7 156521 7 157041 8 157561 8 158081 8 158601 8 159121 7 159641 7 160161 6 160681 5 161201 4
d6eb7ce7723e2f6dc13b90b41a29ded27dbd815bad633fdf582447c686018896,169522 8 170041 11 170561 14 171081 15 171601 15 172121 16 172641 16 173161 17 173681 18 174201 19 174721 20 175241 20 175761 21 176281 20 176801 20 177321 19 177841 18 178361 17 178881 15 179401 14 179921 12 180441 7
d6eb7ce7723e2f6dc13b90b41a29ded27dbd815bad633fdf582447c686018896,18211 7 18729 11 19247 14 19766 16 20285 18 20804 20 21324 20 21843 22 22363 22 22883 23 23404 22 23924 22 24445 21 24966 19 25488 17 26010 14 26532 10
d6eb7ce7723e2f6dc13b90b41a29ded27dbd815bad633fdf582447c686018896,79055 5 79573 9 80091 13 80609 17 81127 19 81646 21 82165 22 82685 23 83204 24 83724 24 84244 24 84764 25 85285 24 85805 24 86326 23 86846 23 87367 21 87888 20 88409 18 88930 14 89451 11 89974 4
d6eb7ce7723e2f6dc13b90b41a29ded27dbd815bad633fdf582447c686018896,50986 3 51504 10 52023 13 52542 17 53061 19 53580 21 54096 25 54613 29 55130 32 55649 33 56168 34 56688 34 57207 35 57727 34 58248 33 58768 32 59289 29 59809 28 60330 26 60851 23 61372 21 61895 16 62420 8
d6eb7ce7723e2f6dc13b90b41a29ded27dbd815bad633fdf582447c686018896,28618 8 29136 12 29654 16 30173 19 30692 21 31212 22 31731 23 32251 24 32770 25 33290 26 33810 26 34330 25 34850 25 35371 23 35891 23 36412 21 36933 18 37455 14 37977 9
d6eb7ce7723e2f6dc13b90b41a29ded27dbd815bad633fdf582447c686018896,133668 7 134184 12 134702 15 135221 16 135740 18 136260 18 136779 19 137299 19 137818 20 138337 21 138857 21 139376 21 139895 22 140415 21 140934 22 141454 22 141974 22 142494 22 143014 21 143534 21 144054 20 144574 20 145095 19 145615 18 146137 16 146658 14 147180 11 147702 8
d6eb7ce7723e2f6dc13b90b41a29ded27dbd815bad633fdf582447c686018896,160708 2 161226 3 161745 4 162264 5 162783 7 163303 7 163822 9 164342 10 164861 11 165381 13 165901 13 166420 13 166940 12 167459 13 167979 12 168499 12 169019 11 169539 10 170059 10 170580 8 171100 7 171621 5
d6eb7ce7723e2f6dc13b90b41a29ded27dbd815bad633fdf582447c686018896,157602 11 158118 16 158635 19 159154 24 159671 28 160190 29 160710 28 161229 29 161749 28 162269 28 162790 26 163310 26 163831 24 164352 22 164872 4 164877 16 165404 6
d6eb7ce7723e2f6dc13b90b41a29ded27dbd815bad633fdf582447c686018896,147227 8 147744 12 148261 15 148779 18 149298 19 149817 21 150335 24 150854 25 151374 26 151893 27 152413 27 152933 27 153452 28 153972 28 154491 28 155012 27 155532 27 156053 26 156573 26 157093 26 157613 17 157638 1 158134 4 158142 2 158654 4 158663 1
d6eb7ce7723e2f6dc13b90b41a29ded27dbd815bad633fdf582447c686018896,157630 8 158144 15 158664 15 159183 18 159703 18 160223 18 160742 18 161262 18 161781 19 162301 19 162820 20 163340 20 163860 20 164381 19 164901 20 165422 19 165944 15 166467 10 166990 6
d6eb7ce7723e2f6dc13b90b41a29ded27dbd815bad633fdf582447c686018896,157130 4 157648 9 158166 14 158684 19 159203 21 159721 23 160241 24 160760 25 161280 25 161800 24 162320 24 162840 23 163360 23 163880 21 164400 20 164921 17 165441 15 165965 9
d6eb7ce7723e2f6dc13b90b41a29ded27dbd815bad633fdf582447c686018896,62439 6 62957 9 63474 12 63992 15 64510 17 65028 18 65547 19 66066 20 66585 21 67105 20 67624 21 68144 20 68664 20 69184 19 69704 18 70225 16 70745 15 71266 13 71787 10 72308 8 72833 1
d6eb7ce7723e2f6dc13b90b41a29ded27dbd815bad633fdf582447c686018896,72829 4 73349 4 73868 6 74387 7 74906 9 75426 10 75945 11 76465 12 76985 12 77505 12 78026 11 78546 10 79067 9 79589 5
d6eb7ce7723e2f6dc13b90b41a29ded27dbd815bad633fdf582447c686018896,14079 9 14598 13 15117 16 15637 17 16156 19 16676 20 17196 20 17716 21 18236 21 18756 21 19276 21 19796 21 20316 21 20836 21 21356 20 21875 21 22395 20 22916 19 23436 18 23956 18 24477 17 24997 14 25518 9 26039 3 26560 2
d6eb7ce7723e2f6dc13b90b41a29ded27dbd815bad633fdf582447c686018896,25011 5 25527 10 26042 16 26562 17 27081 19 27602 18 28122 19 28643 18 29163 18 29683 18 30204 17 30724 17 31246 14 31767 13 32288 11 32810 8 33331 6
d6eb7ce7723e2f6dc13b90b41a29ded27dbd815bad633fdf582447c686018896,78064 8 78581 13 79098 17 79617 20 80136 22 80655 24 81174 25 81693 27 82204 36 82723 37 83242 38 83761 39 84279 41 84798 41 85317 42 85837 42 86356 42 86876 42 87395 42 87915 42 88435 42 88955 41 89475 41 89995 40 90516 38 91036 37 91557 35 92077 33 92598 27 93119 23 93640 22 94165 16 94687 14 95209 11 95732 6
d6eb7ce7723e2f6dc13b90b41a29ded27dbd815bad633fdf582447c686018896,92625 5 93142 8 93662 7 94181 8 94701 8 95222 7 95742 7 96263 5 96783 5 97303 5 97824 4 98344 4 98865 4 99387 2
d6eb7ce7723e2f6dc13b90b41a29ded27dbd815bad633fdf582447c686018896,92630 3 93150 7 93669 9 94189 10 94709 11 95229 11 95749 12 96268 13 96788 13 97308 13 97828 13 98348 13 98869 11 99389 11 99911 8 100436 2
d6eb7ce7723e2f6dc13b90b41a29ded27dbd815bad633fdf582447c686018896,35407 9 35926 11 36445 13 36965 14 37484 18 38003 20 38522 22 39041 23 39561 24 40080 25 40600 26 41120 26 41641 25 42161 24 42682 23 43204 21 43726 18 44249 15 44771 12 45293 9 45815 6
d6eb7ce7723e2f6dc13b90b41a29ded27dbd815bad633fdf582447c686018896,165931 4 166448 9 166967 11 167485 14 168004 15 168524 16 169043 17 169563 17 170083 18 170602 19 171122 19 171642 20 172162 20 172682 20 173202 20 173722 20 174243 19 174763 19 175284 17 175805 16 176326 14 176848 10 177371 5
d6eb7ce7723e2f6dc13b90b41a29ded27dbd815bad633fdf582447c686018896,49974 10 50493 13 51011 17 51530 19 52049 21 52569 22 53088 23 53608 24 54127 25 54647 25 55167 25 55688 24 56208 24 56728 24 57248 24 57768 24 58289 22 58809 22 59330 20 59851 18 60372 17 60892 8 61412 2 61933 1
d6eb7ce7723e2f6dc13b90b41a29ded27dbd815bad633fdf582447c686018896,60900 9 61414 15 61934 17 62453 19 62973 20 63493 21 64013 21 64533 22 65053 24 65573 25 66093 26 66614 26 67134 26 67655 26 68175 26 68696 25 69217 24 69738 23 70260 21 70781 19 71304 16 71828 11 72353 3
d6eb7ce7723e2f6dc13b90b41a29ded27dbd815bad633fdf582447c686018896,110813 8 111332 10 111851 12 112371 12 112890 14 113410 14 113929 15 114449 15 114969 14 115490 13 116010 12 116532 9 117054 6
d6eb7ce7723e2f6dc13b90b41a29ded27dbd815bad633fdf582447c686018896,101459 8 101977 11 102497 15 103016 16 103536 17 104056 17 104576 18 105097 17 105617 16 106138 15
d6eb7ce7723e2f6dc13b90b41a29ded27dbd815bad633fdf582447c686018896,2144 5 2662 7 3181 9 3701 9 4220 10 4740 10 5261 8 5781 8 6302 5
d6eb7ce7723e2f6dc13b90b41a29ded27dbd815bad633fdf582447c686018896,111886 7 112405 9 112924 10 113442 13 113960 15 114476 19 114994 21 115513 22 116031 30 116550 33 117068 37 117587 38 118106 40 118624 43 119143 44 119663 45 120182 46 120702 46 121221 47 121741 47 122260 48 122780 48 123300 19 123321 26 123821 16 123842 25 124341 14 124362 24 124862 11 124883 22 125383 9 125404 21 125925 18 126447 15
d6eb7ce7723e2f6dc13b90b41a29ded27dbd815bad633fdf582447c686018896,19309 1 19826 4 20346 3 20865 4 21385 5 21906 4 22426 5 22948 5
d6eb7ce7723e2f6dc13b90b41a29ded27dbd815bad633fdf582447c686018896,18274 4 18791 7 19310 9 19830 9 20349 10 20869 9 21390 8 21910 7 22431 5
d6eb7ce7723e2f6dc13b90b41a29ded27dbd815bad633fdf582447c686018896,39593 1 40112 3 40631 4 41151 7 41670 13 42190 13 42710 12 43230 12 43750 11 44269 12 44789 11 45310 10 45830 9 46352 5
d6eb7ce7723e2f6dc13b90b41a29ded27dbd815bad633fdf582447c686018896,26079 9 26596 13 27115 15 27634 17 28153 19 28673 20 29192 22 29712 23 30231 24 30751 24 31271 24 31791 23 32311 23 32831 23 33351 23 33871 23 34391 24 34911 24 35432 23 35952 23 36473 21 36993 20 37513 19 38034 17 38554 16 39075 13 39594 11 40115 9 40635 8 41158 5
d6eb7ce7723e2f6dc13b90b41a29ded27dbd815bad633fdf582447c686018896,27142 14 27660 16 28179 17 28698 17 29218 17 29737 18 30257 18 30775 20 31295 20 31814 21 32334 21 32854 22 33374 22 33894 22 34415 20 34935 19 35456 17 35976 17 36497 14 37018 10
d6eb7ce7723e2f6dc13b90b41a29ded27dbd815bad633fdf582447c686018896,27158 9 27676 12 28196 12 28715 14 29235 14 29755 14 30275 14 30795 14 31315 14 31835 13 32355 13 32876 11 33396 10 33921 3
d6eb7ce7723e2f6dc13b90b41a29ded27dbd815bad633fdf582447c686018896,98885 4 99403 6 99921 9 100438 12 100958 11 101477 12 101998 11 102518 10 103040 8 103563 4
d6eb7ce7723e2f6dc13b90b41a29ded27dbd815bad633fdf582447c686018896,45859 5 46376 11 46893 21 47411 23 47929 26 48448 27 48968 27 49487 28 50006 28 50526 28 51045 28 51565 28 52085 28 52605 28 53125 28 53645 27 54165 27 54685 26 55206 23 55726 22 56247 20 56767 19 57288 17 57808 16 58329 14 58850 12 59371 9 59893 6
d6eb7ce7723e2f6dc13b90b41a29ded27dbd815bad633fdf582447c686018896,7905 4 8423 8 8942 11 9461 13 9980 15 10498 19 11016 22 11534 24 12053 26 12572 27 13091 28 13611 28 14130 29 14650 29 15170 29 15689 30 16209 30 16729 29 17249 29 17769 28 18289 28 18810 26 19330 26 19850 25 20371 24 20891 23 21412 21 21933 19 22454 17 22975 14 23496 12 24019 6
d6eb7ce7723e2f6dc13b90b41a29ded27dbd815bad633fdf582447c686018896,138419 5 138937 10 139456 13 139974 16 140493 18 141013 19 141532 21 142052 21 142572 22 143092 22 143612 22 144132 22 144652 22 145172 22 145692 21 146212 21 146732 21 147252 20 147773 19 148293 18 148814 17 149336 14 149858 11 150380 7
d6eb7ce7723e2f6dc13b90b41a29ded27dbd815bad633fdf582447c686018896,90579 5 91098 7 91617 9 92137 9 92656 11 93176 11 93697 9 94217 9 94738 8 95259 6 95780 5 96301 3
d6eb7ce7723e2f6dc13b90b41a29ded27dbd815bad633fdf582447c686018896,64592 5 65111 9 65631 10 66150 12 66670 12 67190 13 67710 13 68229 15 68749 15 69268 16 69788 15 70307 16 70826 16 71344 18 71863 17 72382 16 72902 14 73421 13 73942 9 74462 7
d6eb7ce7723e2f6dc13b90b41a29ded27dbd815bad633fdf582447c686018896,103071 4 103589 8 104107 11 104626 12 105146 13 105665 14 106185 15 106704 16 107224 16 107744 16 108264 16 108784 15 109303 16 109823 16 110344 7 110864 1 111384 1
d6eb7ce7723e2f6dc13b90b41a29ded27dbd815bad633fdf582447c686018896,110351 9 110865 15 111385 16 111904 15 112424 15 112944 14 113465 13 113985 13 114506 12 115027 11 115548 9 116070 7 116595 2
d6eb7ce7723e2f6dc13b90b41a29ded27dbd815bad633fdf582447c686018896,119716 3 120235 4 120755 7 120767 1 121274 14 121794 14 122313 14 122834 13 123354 12 123874 11 124395 9 124915 9 125436 6
d6eb7ce7723e2f6dc13b90b41a29ded27dbd815bad633fdf582447c686018896,111919 3 111924 7 112439 14 112958 15 113478 16 113998 16 114518 16 115038 16 115557 17 116077 17 116597 16 117118 15 117638 14 118158 14 118678 13 119198 12 119719 9 120239 9 120762 5
d6eb7ce7723e2f6dc13b90b41a29ded27dbd815bad633fdf582447c686018896,176913 7 177429 13 177948 14 177965 2 178467 14 178486 1 178986 16 179005 3 179506 16 179525 3 180025 24 180545 24
d6eb7ce7723e2f6dc13b90b41a29ded27dbd815bad633fdf582447c686018896,177442 3 177962 3 178481 5 179002 3 179522 3
d6eb7ce7723e2f6dc13b90b41a29ded27dbd815bad633fdf582447c686018896,126998 6 127516 13 128034 18 128553 20 129072 21 129592 22 130111 23 130631 23 131150 24 131670 23 132190 23 132710 22 133230 22 133750 22 134270 21 134790 21 135310 20 135831 19 136351 18 136872 16 137392 15 137914 12 138436 8
d6eb7ce7723e2f6dc13b90b41a29ded27dbd815bad633fdf582447c686018896,160283 2 160800 5 161317 7 161835 9 162354 10 162873 11 163392 12 163912 13 164431 14 164951 14 165472 13 165992 13 166513 13 167034 12 167555 13 168077 9 168599 4
d6eb7ce7723e2f6dc13b90b41a29ded27dbd815bad633fdf582447c686018896,156135 10 156654 13 157172 18 157691 19 158210 20 158729 21 159248 22 159766 25 160285 26 160805 27 161324 28 161844 28 162364 28 162884 26 163404 24 163925 22 164445 21 164965 20 165485 19 166005 18 166526 16 167046 3 167052 10 167574 7 168095 6 168616 4 169138 2
d6eb7ce7723e2f6dc13b90b41a29ded27dbd815bad633fdf582447c686018896,163428 2 163947 2 164466 3 164985 4 165504 5 166023 6 166542 7 167062 7 167581 8 168101 7 168620 8 169140 8 169660 8 170181 7 170701 7 171222 6 171743 5 172265 3 172787 2
d6eb7ce7723e2f6dc13b90b41a29ded27dbd815bad633fdf582447c686018896,162910 4 163430 8 163949 11 164469 13 164989 14 165509 18 166029 21 166549 23 167069 25 167589 27 168108 30 168628 31 169148 31 169668 32 170188 32 170708 32 171228 30 171748 29 172268 29 172789 27 173309 27 173832 24 174356 18
d6eb7ce7723e2f6dc13b90b41a29ded27dbd815bad633fdf582447c686018896,152518 8 153037 11 153555 15 154074 16 154593 17 155113 17 155632 18 156151 19 156671 18 157190 19 157710 19 158230 18 158750 18 159270 17 159791 14 160311 12
d6eb7ce7723e2f6dc13b90b41a29ded27dbd815bad633fdf582447c686018896,170224 7 170742 10 171258 16 171777 18 172297 19 172816 20 173336 21 173856 22 174377 21 174897 22 175417 22 175937 21 176457 21 176977 20 177497 20 178017 19 178537 18 179057 18 179577 17 180097 16 180617 15
d6eb7ce7723e2f6dc13b90b41a29ded27dbd815bad633fdf582447c686018896,120 40 639 40 1159 30 1192 7 1678 31 1712 6 2198 30 2233 5 2717 31 2753 3 3236 33 3272 3 3756 30 3792 1 4275 31 4795 31 5315 31 5835 31 6355 31 6875 31 7395 30 7916 29 8436 28 8957 27 9478 25 9999 23 10521 20 11042 17 11565 12 12086 9 12608 5
d6eb7ce7723e2f6dc13b90b41a29ded27dbd815bad633fdf582447c686018896,1189 3 1709 3 2228 5 2748 5 3269 3 3789 3
d6eb7ce7723e2f6dc13b90b41a29ded27dbd815bad633fdf582447c686018896,78650 1 78657 2 79169 2 79177 1 79687 11 80206 12 80721 17 81239 19 81758 20 82277 21 82797 21 83316 22 83836 21 84356 21 84876 20 85396 19 85917 17 86437 16 86958 14 87479 11 88001 7
d6eb7ce7723e2f6dc13b90b41a29ded27dbd815bad633fdf582447c686018896,51086 7 51604 11 52123 14 52642 16 53161 18 53681 19 54200 21 54720 22 55240 22 55760 23 56280 23 56801 22 57321 22 57842 21 58362 21 58883 20 59404 19 59924 19 60445 19 60965 18 61486 17 62006 17 62527 15 63047 15 63568 13 64089 12 64610 7 65133 4
d6eb7ce7723e2f6dc13b90b41a29ded27dbd815bad633fdf582447c686018896,73972 1 74491 2 75010 4 75530 4 76049 6 76569 10 77089 10 77610 8 78130 8 78651 6 79171 6
d6eb7ce7723e2f6dc13b90b41a29ded27dbd815bad633fdf582447c686018896,64617 3 65137 5 65656 9 66176 12 66696 17 67215 20 67735 22 68255 23 68774 24 69294 25 69814 25 70334 25 70854 25 71374 25 71894 25 72414 24 72934 24 73453 25 73973 24 74493 24 75014 22 75534 21 76055 19 76581 12 77104 7
d6eb7ce7723e2f6dc13b90b41a29ded27dbd815bad633fdf582447c686018896,138455 5 138971 11 139489 14 140008 16 140527 18 141047 19 141566 21 142086 22 142606 23 143126 23 143646 24 144167 23 144687 23 145208 22 145729 21 146251 19 146773 17 147294 15 147814 15 148335 14 148855 13 149376 12 149897 10 150418 8
d6eb7ce7723e2f6dc13b90b41a29ded27dbd815bad633fdf582447c686018896,119227 5 119745 9 120262 14 120780 18 121299 20 121817 22 122335 25 122854 26 123373 27 123892 28 124412 28 124931 29 125451 29 125972 28 126492 28 127014 26 127535 25 128057 23 128578 22 129101 18 129625 14 130150 6
d6eb7ce7723e2f6dc13b90b41a29ded27dbd815bad633fdf582447c686018896,14704 4 15221 10 15738 14 16256 18 16775 20 17294 22 17814 23 18333 25 18853 25 19373 26 19892 27 20412 27 20932 28 21452 28 21972 28 22492 27 23013 26 23533 25 24054 22 24575 20 25097 16 25622 6
d6eb7ce7723e2f6dc13b90b41a29ded27dbd815bad633fdf582447c686018896,174859 4 175376 10 175895 12 176414 14 176934 14 177453 16 177973 16 178493 17 179013 17 179533 17 180052 19 180572 18
d6eb7ce7723e2f6dc13b90b41a29ded27dbd815bad633fdf582447c686018896,44336 7 44855 9 45375 9 45896 7 46418 3
d6eb7ce7723e2f6dc13b90b41a29ded27dbd815bad633fdf582447c686018896,105187 1 105705 3 106223 6 106742 7 107261 9 107780 11 108299 14 108819 17 109338 19 109858 22 110377 23 110897 23 111417 23 111938 22 112458 22 112979 20 113499 20 114020 18 114541 16 115063 13 115586 8
d6eb7ce7723e2f6dc13b90b41a29ded27dbd815bad633fdf582447c686018896,99995 7 100512 14 101031 16 101550 18 102070 18 102589 20 103109 21 103629 21 104149 22 104669 22 105188 24 105708 24 106229 23 106749 23 107270 21 107791 20 108313 17 108836 13 109357 5
d6eb7ce7723e2f6dc13b90b41a29ded27dbd815bad633fdf582447c686018896,30304 3 30823 5 31342 7 31861 9 32381 11 32900 13 33420 13 33939 15 34459 15 34979 15 35499 15 36019 14 36539 14 37059 13 37579 13 38100 10 38620 9
d6eb7ce7723e2f6dc13b90b41a29ded27dbd815bad633fdf582447c686018896,81277 3 81795 5 82314 6 82834 6
d6eb7ce7723e2f6dc13b90b41a29ded27dbd815bad633fdf582447c686018896,83881 9 84399 12 84918 15 85437 16 85957 15 86476 16 86995 17 87515 17 88034 18 88554 19 89074 19 89594 20 90114 19 90635 17 91155 15 91677 10
d6eb7ce7723e2f6dc13b90b41a29ded27dbd815bad633fdf582447c686018896,74546 1 75063 4 75578 8 76095 11 76614 12 77133 13 77652 14 78172 14 78691 16 79211 16 79731 16 80251 17 80771 17 81291 18 81812 11 82332 5 82855 1
d6eb7ce7723e2f6dc13b90b41a29ded27dbd815bad633fdf582447c686018896,81823 6 82337 15 82856 17 83376 19 83895 20 84415 21 84933 24 85453 24 85972 26 86492 27 87012 27 87532 28 88052 28 88573 26 89093 26 89617 21 90138 20 90659 18 91179 18 91700 16 92223 12 92744 10 93267 6
d6eb7ce7723e2f6dc13b90b41a29ded27dbd815bad633fdf582447c686018896,73511 5 74028 17 74547 20 75067 20 75586 22 76106 22 76626 23 77146 22 77666 22 78186 21 78707 20 79227 19 79747 18 80268 16 80788 14 81309 12 81829 8
d6eb7ce7723e2f6dc13b90b41a29ded27dbd815bad633fdf582447c686018896,133295 3 133812 12 134330 19 134849 22 135368 25 135888 26 136407 27 136927 28 137447 28 137967 28 138488 27 139008 27 139529 26 140049 26 140569 26 141090 25 141610 25 142130 25 142649 28 143168 28 143688 28 144207 28 144727 28 145246 29 145766 29 146285 30 146805 30 147325 30 147844 31 148364 31 148884 31 149404 31 149925 29 150445 29 150966 28 151488 26 152009 25 152531 23 153051 23 153571 23 154090 24 154610 24 155131 23 155651 24 156172 23 156693 17 157214 12 157736 8 158258 3
d6eb7ce7723e2f6dc13b90b41a29ded27dbd815bad633fdf582447c686018896,143196 17 143716 19 144235 21 144755 21 145275 22 145795 22 146315 22 146835 23 147355 23 147875 23 148395 23 148915 23 149435 23 149954 24 150474 24 150994 24 151514 24 152034 23 152554 23 153074 22 153594 21 154114 20 154634 19 155154 17 155675 14 156195 12 156717 7
d6eb7ce7723e2f6dc13b90b41a29ded27dbd815bad633fdf582447c686018896,6938 7 7456 11 7974 14 8492 17 9010 20 9529 22 10048 23 10568 24 11087 25 11607 25 12126 26 12646 26 13166 26 13685 26 14205 26 14725 26 15245 25 15765 25 16286 24 16806 23 17327 22 17847 22 18368 20 18889 19 19409 18 19931 14 20452 10
d6eb7ce7723e2f6dc13b90b41a29ded27dbd815bad633fdf582447c686018896,120812 5 121327 12 121847 13 122366 15 122886 16 123406 17 123925 19 124445 19 124965 20 125485 20 126006 20 126526 20 127046 20 127566 20 128086 19 128607 18 129127 17 129648 15 130169 12 130690 9
d6eb7ce7723e2f6dc13b90b41a29ded27dbd815bad633fdf582447c686018896,170 7 690 7 1212 3
d6eb7ce7723e2f6dc13b90b41a29ded27dbd815bad633fdf582447c686018896,94296 3 94814 7 95333 8 95852 10 96372 10 96891 12 97411 12 97931 12 98451 12 98971 12 99491 11 100011 11 100531 10 101052 8 101572 7 102093 5 102613 4
d6eb7ce7723e2f6dc13b90b41a29ded27dbd815bad633fdf582447c686018896,110415 7 110934 10 111453 11 111973 10 112492 11 113012 11 113533 10 114053 10 114574 9 115094 9 115615 9 116136 8 116658 7
d6eb7ce7723e2f6dc13b90b41a29ded27dbd815bad633fdf582447c686018896,104189 6 104708 8 105228 9 105747 11 106267 12 106787 13 107307 13 107828 13 108347 14 108867 15 109387 15 109906 16 110425 17 110944 18 111464 18 111983 19 112503 19 113023 18 113543 18 114063 17 114583 16 115103 14 115624 11 116144 8
d6eb7ce7723e2f6dc13b90b41a29ded27dbd815bad633fdf582447c686018896,63633 7 64150 11 64668 13 65187 15 65707 15 66226 16 66746 16 67267 14 67787 14 68309 10 68832 6
d6eb7ce7723e2f6dc13b90b41a29ded27dbd815bad633fdf582447c686018896,32443 13 32962 15 33481 16 34000 18 34520 18 35039 19 35559 18 36079 18 36599 17 37119 15 37640 13 38160 11 38681 8
d6eb7ce7723e2f6dc13b90b41a29ded27dbd815bad633fdf582447c686018896,127090 6 127608 10 128127 13 128647 16 129166 17 129686 17 130205 18 130725 19 131245 19 131765 20 132285 21 132806 22 133326 21 133846 2 133866 1 134366 1 134386 1
d6eb7ce7723e2f6dc13b90b41a29ded27dbd815bad633fdf582447c686018896,133848 18 134367 19 134887 20 135406 21 135924 23 136443 24 136962 25 137481 25 138001 25 138520 25 139041 24 139561 23 140082 21 140604 18 141129 12 141653 4
d6eb7ce7723e2f6dc13b90b41a29ded27dbd815bad633fdf582447c686018896,123986 5 124504 9 125024 11 125543 15 126063 18 126583 19 127103 20 127624 19 128144 20 128664 19 129183 20 129703 19 130223 19 130744 17 131264 16 131785 14 132306 11
d6eb7ce7723e2f6dc13b90b41a29ded27dbd815bad633fdf582447c686018896,82898 1 83406 5 83417 1 83924 14 84443 15 84962 17 85482 17 86001 20 86521 20 87041 21 87562 21 88082 22 88604 21 89126 20 89648 19 90170 17 90692 18 91213 16 91732 17 92252 17 92771 17 93290 18 93809 18 94328 19 94848 18 95367 19 95887 18 96408 15 96928 14 97449 12 97970 8
d6eb7ce7723e2f6dc13b90b41a29ded27dbd815bad633fdf582447c686018896,78231 5 78748 11 79265 15 79783 18 80302 19 80821 21 81340 22 81860 23 82379 24 82899 24 83418 25 83938 24 84458 24 84979 23 85499 23 86021 20 86541 20 87062 18 87583 16 88104 14 88625 11 89146 9 89667 6 90187 4
d6eb7ce7723e2f6dc13b90b41a29ded27dbd815bad633fdf582447c686018896,38692 7 39211 9 39730 11 40249 13 40769 13 41288 15 41807 16 42327 16 42846 16 43366 16 43885 16 44405 16 44925 15 45445 14 45966 11 46486 10 47007 7 47528 5
d6eb7ce7723e2f6dc13b90b41a29ded27dbd815bad633fdf582447c686018896,62103 2 62620 6 63138 8 63658 11 64177 17 64697 18 65216 20 65736 20 66255 22 66775 22 67294 23 67814 23 68334 23 68853 23 69373 23 69892 24 70412 23 70932 23 71451 23 71971 16 72491 15 73010 16 73530 17 74051 16 74571 15 75092 9 75103 3
d6eb7ce7723e2f6dc13b90b41a29ded27dbd815bad633fdf582447c686018896,55349 12 55867 17 56386 18 56905 20 57425 20 57944 20 58464 20 58984 19 59504 19 60025 17 60545 17 61066 15 61586 15 62105 15 62626 13 63146 8 63669 5
d6eb7ce7723e2f6dc13b90b41a29ded27dbd815bad633fdf582447c686018896,171295 5 171813 9 172332 11 172851 13 173371 14 173890 16 174410 17 174930 17 175450 18 175970 18 176490 19 177010 19 177530 19 178050 18 178570 18 179090 18 179611 17 180131 16 180652 15
d6eb7ce7723e2f6dc13b90b41a29ded27dbd815bad633fdf582447c686018896,11143 3 11662 8 12180 9 12699 10 13218 12 13738 12 14257 14 14776 15 15296 17 15815 18 16334 20 16854 20 17373 22 17893 22 18412 23 18932 22 19452 22 19972 21 20493 18 21013 16
d6eb7ce7723e2f6dc13b90b41a29ded27dbd815bad633fdf582447c686018896,237 27 756 27 1276 27 1796 25 2316 24 2834 25 3353 26 3873 26 4392 27 4912 27 5431 28 5951 28 6472 27 6992 27 7512 27 8033 26 8553 26 9072 26 9592 26 10112 25 10631 26 11150 26 11670 26 12189 28 12709 28 13230 27 13750 27 14271 26 14791 11 14804 12 15326 10 15847 8 16368 6
d6eb7ce7723e2f6dc13b90b41a29ded27dbd815bad633fdf582447c686018896,96955 3 97472 9 97991 11 98510 12 99030 13 99549 14 100068 15 100587 17 101104 21 101623 22 102142 24 102661 25 103181 25 103700 26 104220 26 104739 25 105259 19 105779 14 106300 12 106820 12 107341 10 107862 9 108385 4
d6eb7ce7723e2f6dc13b90b41a29ded27dbd815bad633fdf582447c686018896,104764 5 105278 13 105793 19 106312 20 106832 21 107351 22 107871 21 108392 20 108912 19 109432 19 109952 18 110472 17 110992 16 111512 15 112032 14 112553 11 113073 10 113594 6
d6eb7ce7723e2f6dc13b90b41a29ded27dbd815bad633fdf582447c686018896,43908 8 44426 9 44944 11 45464 10 45983 11 46503 11 47022 12 47542 12 48062 12 48582 11 49102 11 49623 10 50143 10 50664 9 51185 8 51707 7 52229 5
d6eb7ce7723e2f6dc13b90b41a29ded27dbd815bad633fdf582447c686018896,44435 7 44955 5 45474 6 45994 5 46514 5 47034 5 47554 5 48074 5 48593 6 49113 5 49633 5 50153 5 50673 5 51193 5 51714 4 52234 4 52756 3
d6eb7ce7723e2f6dc13b90b41a29ded27dbd815bad633fdf582447c686018896,44960 5 45480 8 45999 11 46519 12 47039 13 47559 14 48079 14 48599 15 49118 16 49638 17 50158 17 50678 17 51198 17 51718 17 52238 16 52759 15 53279 14 53802 9
d6eb7ce7723e2f6dc13b90b41a29ded27dbd815bad633fdf582447c686018896,162475 7 162993 12 163512 14 164032 16 164551 20 165071 20 165590 20 166110 20 166629 21 167149 21 167669 21 168189 21 168710 21 169230 21 169750 21 170271 20 170791 20 171312 19 171832 20 172353 19 172874 4 173395 3
d6eb7ce7723e2f6dc13b90b41a29ded27dbd815bad633fdf582447c686018896,172878 16 173398 19 173917 23 174437 23 174957 24 175477 24 175997 24 176517 25 177036 26 177556 26 178076 26 178597 25 179117 24 179637 24 180157 23 180678 20
d6eb7ce7723e2f6dc13b90b41a29ded27dbd815bad633fdf582447c686018896,161457 6 161975 9 162494 10 163013 12 163532 13 164052 14 164571 15 165091 16 165610 17 166130 18 166650 18 167170 19 167690 20 168210 20 168731 20 169251 20 169771 20 170291 20 170811 20 171331 19 171852 18 172372 17 172899 9 173420 6
d6eb7ce7723e2f6dc13b90b41a29ded27dbd815bad633fdf582447c686018896,34042 8 34560 13 35078 17 35597 17 36117 17 36636 18 37156 19 37676 19 38197 19 38717 19 39238 19 39759 17 40280 15 40802 12 41324 8
d6eb7ce7723e2f6dc13b90b41a29ded27dbd815bad633fdf582447c686018896,23666 3 24184 7 24704 8 25223 10 25742 12 26262 12 26781 14 27301 14 27820 15 28340 15 28860 16 29379 17 29899 16 30418 17 30938 17 31457 18 31977 18 32496 19 33016 19 33536 19 34056 20 34575 21 35095 21 35614 22 36134 22 36654 21 37175 20 37695 19 38216 18 38736 16 39260 11 39782 7
d6eb7ce7723e2f6dc13b90b41a29ded27dbd815bad633fdf582447c686018896,142725 7 143243 10 143762 12 144281 13 144800 15 145319 16 145839 16 146358 17 146878 17 147398 18 147918 18 148438 19 148958 20 149478 21 149998 21 150518 22 151038 22 151559 21 152079 21 152600 19 153121 18 153642 16 154164 12 154688 5
d6eb7ce7723e2f6dc13b90b41a29ded27dbd815bad633fdf582447c686018896,130769 3 131287 6 131806 8 132325 10 132844 11 133364 12 133883 13 134403 13 134923 13 135443 13 135964 12 136484 12 137005 10 137526 9 138047 6
d6eb7ce7723e2f6dc13b90b41a29ded27dbd815bad633fdf582447c686018896,60053 9 60571 13 61089 17 61608 19 62127 22 62646 24 63165 26 63685 24 64204 25 64724 24 65244 23 65764 22 66284 22 66804 21 67324 21 67844 21 68365 20 68885 18 68905 1 69406 15 69926 14 70447 12 70968 10 71490 7
d6eb7ce7723e2f6dc13b90b41a29ded27dbd815bad633fdf582447c686018896,63709 3 64229 6 64748 8 65267 10 65786 12 66306 12 66825 14 67345 14 67865 14 68385 13 68906 12 69426 10 69947 8 70468 7 70990 4
d6eb7ce7723e2f6dc13b90b41a29ded27dbd815bad633fdf582447c686018896,66326 2 66845 3 67365 4 67884 5 68403 7 68922 9 69436 3 69441 12 69955 20 70475 21 70994 24 71515 23 72035 22 72555 22 73075 22 73596 22 74116 22 74637 20 75158 19 75680 7 75689 7 76210 6 76730 5 77251 4 77771 3
d6eb7ce7723e2f6dc13b90b41a29ded27dbd815bad633fdf582447c686018896,60620 6 61138 8 61655 10 62173 12 62693 12 63212 13 63731 14 64251 14 64770 15 65289 16 65809 16 66328 17 66848 17 67369 16 67889 16 68410 15 68931 14 69453 13 69975 11 70496 3
d6eb7ce7723e2f6dc13b90b41a29ded27dbd815bad633fdf582447c686018896,60626 8 61146 9 61665 11 62185 12 62705 13 63225 13 63745 14 64265 14 64785 14 65305 15 65825 16 66345 17 66865 18 67385 19 67905 22 68425 22 68945 23 69466 21 69986 21 70511 15 71036 9
d6eb7ce7723e2f6dc13b90b41a29ded27dbd815bad633fdf582447c686018896,73058 10 73576 13 74095 15 74614 16 75134 17 75653 18 76173 19 76692 20 77212 20 77732 20 78252 20 78773 18 79293 18 79814 16 80334 15 80856 12 81377 9 81899 4
d6eb7ce7723e2f6dc13b90b41a29ded27dbd815bad633fdf582447c686018896,83981 3 84500 5 85019 6 85539 6 86059 6 86580 4
d6eb7ce7723e2f6dc13b90b41a29ded27dbd815bad633fdf582447c686018896,42386 9 42904 12 43423 14 43942 16 44461 18 44980 20 45499 21 46019 22 46538 23 47058 23 47578 23 48098 23 48619 22 49139 22 49660 20 50180 20 50701 18 51221 17 51742 15 52263 13 52785 9
d6eb7ce7723e2f6dc13b90b41a29ded27dbd815bad633fdf582447c686018896,144834 5 145352 9 145869 14 146388 16 146908 16 147427 18 147947 19 148466 18 148986 18 149505 18 150025 18 150545 18 151065 18 151585 18 152104 18 152624 18 153143 19 153663 19 154183 19 154703 19 155223 20 155744 16 156264 16 156788 11 157310 9 157832 6
d6eb7ce7723e2f6dc13b90b41a29ded27dbd815bad633fdf582447c686018896,147972 4 148484 14 149004 15 149523 16 150043 17 150563 17 151083 17 151603 17 152122 18 152642 17 153162 17 153682 16 154202 16 154722 14 155243 12 155763 10
d6eb7ce7723e2f6dc13b90b41a29ded27dbd815bad633fdf582447c686018896,80359 4 80877 8 81396 12 81915 19 82434 21 82953 22 83473 23 83992 24 84512 23 85031 24 85551 23 86070 24 86590 22 87110 21 87629 21 88149 20 88669 19 89189 17 89709 17 90229 15 90750 13 91270 12 91791 9
d6eb7ce7723e2f6dc13b90b41a29ded27dbd815bad633fdf582447c686018896,53323 3 53842 5 54353 6 54361 7 54873 15 55392 17 55912 17 56431 19 56951 20 57470 21 57990 22 58510 22 59031 21 59551 20 60072 19 60592 16 61113 12 61633 11 62154 10 62676 7
d6eb7ce7723e2f6dc13b90b41a29ded27dbd815bad633fdf582447c686018896,173957 5 174475 7 174994 7 175513 8 176033 9 176552 10 177073 10 177593 12 178115 7
d6eb7ce7723e2f6dc13b90b41a29ded27dbd815bad633fdf582447c686018896,173962 4 174482 3 175001 4 175521 5 176042 4 176562 5 177083 5
d6eb7ce7723e2f6dc13b90b41a29ded27dbd815bad633fdf582447c686018896,172929 1 173446 4 173966 3 174485 4 175005 5 175526 4 176046 5 176567 5
d6eb7ce7723e2f6dc13b90b41a29ded27dbd815bad633fdf582447c686018896,171893 1 172411 3 172930 3 173450 3 173969 5 174489 5 175010 5 175530 5 176051 4
d6eb7ce7723e2f6dc13b90b41a29ded27dbd815bad633fdf582447c686018896,171376 7 171894 10 172414 10 172933 12 173453 11 173974 10 174494 8 175015 5 175535 3
d6eb7ce7723e2f6dc13b90b41a29ded27dbd815bad633fdf582447c686018896,124568 3 125086 7 125605 6 126125 5 126644 5 127165 4 127685 3 128206 2 128727 2
d6eb7ce7723e2f6dc13b90b41a29ded27dbd815bad633fdf582447c686018896,125611 4 126130 7 126649 12 127169 14 127688 15 128208 16 128729 15 129249 15 129771 12 130291 12 130812 10 131333 9 131854 7 132376 3
d6eb7ce7723e2f6dc13b90b41a29ded27dbd815bad633fdf582447c686018896,139140 3 139658 8 140167 5 140175 12 140685 23 141205 23 141724 25 142244 25 142765 24 143285 24 143807 21 144328 20 144849 18 145370 16 145894 3
d6eb7ce7723e2f6dc13b90b41a29ded27dbd815bad633fdf582447c686018896,83513 4 84030 8 84548 10 85065 14 85583 16 86101 17 86620 18 87139 18 87657 19 88176 19 88695 19 89213 20 89732 20 90251 20 90769 20 91289 19 91808 19 92329 16 92849 15 93370 11
d6eb7ce7723e2f6dc13b90b41a29ded27dbd815bad633fdf582447c686018896,51253 7 51773 7 52294 6 52816 3
d6eb7ce7723e2f6dc13b90b41a29ded27dbd815bad633fdf582447c686018896,154744 6 155260 10 155779 10 156299 11 156818 12 157338 13 157858 12 158379 11 158899 5 158908 2 159420 2
d6eb7ce7723e2f6dc13b90b41a29ded27dbd815bad633fdf582447c686018896,158904 4 159422 7 159941 8 160461 11 160980 19 161498 24 162017 26 162537 26 163056 28 163576 27 164096 27 164617 25 165137 23 165659 21 166179 21 166700 19 167221 18 167741 17 168261 17 168782 15 169302 14 169824 11
d6eb7ce7723e2f6dc13b90b41a29ded27dbd815bad633fdf582447c686018896,153198 4 153716 7 154233 10 154750 14 155270 14 155789 15 156310 13 156830 13 157353 8
d6eb7ce7723e2f6dc13b90b41a29ded27dbd815bad633fdf582447c686018896,139683 4 140201 7 140720 8 141239 10 141758 11 142277 13 142796 14 143315 15 143835 15 144353 18 144872 19 145391 20 145911 21 146430 22 146949 24 147469 24 147988 26 148507 27 149027 26 149546 27 150066 26 150585 27 151105 14 151123 7 151624 13 152145 11 152665 8
d6eb7ce7723e2f6dc13b90b41a29ded27dbd815bad633fdf582447c686018896,39319 3 39835 12 40353 16 40872 18 41392 19 41911 21 42431 22 42951 22 43471 23 43991 23 44511 23 45032 22 45552 22 46073 21 46593 21 47114 19 47634 19 48155 9 48675 2 49196 1
d6eb7ce7723e2f6dc13b90b41a29ded27dbd815bad633fdf582447c686018896,48164 7 48677 14 49197 13 49716 14 50236 14 50756 14 51277 13 51797 13 52317 13 52837 12 53356 13 53876 13 54395 14 54916 13 55436 13 55957 12 56479 11 57007 3
d6eb7ce7723e2f6dc13b90b41a29ded27dbd815bad633fdf582447c686018896,47657 11 48171 18 48691 19 49210 20 49730 21 50250 20 50770 20 51290 20 51810 19 52330 19 52849 20 53369 21 53889 19 54409 11 54929 4 55449 3 55969 3 56490 1 57010 1
d6eb7ce7723e2f6dc13b90b41a29ded27dbd815bad633fdf582447c686018896,53908 3 54420 13 54933 20 55452 22 55972 22 56491 24 57011 24 57531 24 58052 24 58572 24 59092 24 59612 23 60133 22 60653 22 61174 20 61695 19 62216 17 62737 15 63258 13 63780 9 64302 5
d6eb7ce7723e2f6dc13b90b41a29ded27dbd815bad633fdf582447c686018896,132917 2 133436 2 133955 4 134475 4 134994 6 135514 7 136035 6 136555 8 137077 5
d6eb7ce7723e2f6dc13b90b41a29ded27dbd815bad633fdf582447c686018896,129286 4 129804 9 130323 10 130842 12 131361 13 131880 14 132399 14 132919 14 133438 14 133959 12 134479 11 135000 9 135521 6 136041 4
d6eb7ce7723e2f6dc13b90b41a29ded27dbd815bad633fdf582447c686018896,88212 1 88730 3 89248 6 89766 8 90285 10 90804 13 91323 15 91842 18 92361 22 92880 23 93399 24 93918 24 94438 25 94957 25 95477 25 95996 26 96516 26 97036 26 97556 25 98076 25 98595 25 99115 25 99635 24 100155 23 100676 20 101196 17 101717 13 102238 9 102761 3
d6eb7ce7723e2f6dc13b90b41a29ded27dbd815bad633fdf582447c686018896,82502 4 83018 14 83536 21 84055 25 84575 26 85094 28 85614 29 86134 29 86654 30 87174 30 87694 31 88213 32 88733 32 89254 31 89774 31 90295 30 90817 27 91338 26 91860 23 92385 18 92907 15 93430 11
d6eb7ce7723e2f6dc13b90b41a29ded27dbd815bad633fdf582447c686018896,75207 7 75725 10 76243 12 76761 15 77280 16 77798 18 78318 17 78837 18 79357 17 79877 16 80398 12 80918 8
d6eb7ce7723e2f6dc13b90b41a29ded27dbd815bad633fdf582447c686018896,165163 15 165682 18 166202 19 166721 20 167241 21 167761 21 168281 21 168800 22 169320 22 169839 23 170359 22 170879 22 171399 21 171919 20 172440 18 172960 16 173481 14 174002 7
d6eb7ce7723e2f6dc13b90b41a29ded27dbd815bad633fdf582447c686018896,117331 7 117848 11 118366 14 118885 15 119404 17 119923 18 120442 19 120962 19 121481 19 122001 19 122521 18 123042 17 123562 15 124084 11 124607 5
d6eb7ce7723e2f6dc13b90b41a29ded27dbd815bad633fdf582447c686018896,24259 5 24776 11 25295 13 25815 13 26334 15 26854 15 27375 14 27895 13 28416 12 28937 9 29459 6
d6eb7ce7723e2f6dc13b90b41a29ded27dbd815bad633fdf582447c686018896,32591 5 33108 12 33626 16 34144 20 34663 22 35182 23 35701 25 36220 26 36739 27 37259 26 37778 27 38298 26 38817 26 39337 26 39857 25 40377 24 40898 22 41418 21 41939 18 42459 17 42980 15 43500 13 44021 11 44542 8 45063 5
d6eb7ce7723e2f6dc13b90b41a29ded27dbd815bad633fdf582447c686018896,174021 8 174540 9 175059 9 175579 9 176098 10 176618 10 177138 10 177658 10 178178 10 178699 9 179219 10 179740 9 180260 10 180780 12
d6eb7ce7723e2f6dc13b90b41a29ded27dbd815bad633fdf582447c686018896,174029 9 174549 11 175068 13 175588 13 176108 14 176628 14 177148 13 177668 13 178188 12 178708 12 179229 10 179749 9 180270 6
d6eb7ce7723e2f6dc13b90b41a29ded27dbd815bad633fdf582447c686018896,158954 6 159471 11 159989 14 160509 15 161028 17 161548 18 162067 19 162587 20 163106 21 163626 21 164145 22 164665 22 165185 21 165705 21 166225 20 166746 19 167266 17 167787 15 168309 11
d6eb7ce7723e2f6dc13b90b41a29ded27dbd815bad633fdf582447c686018896,95516 11 96034 14 96553 15 97072 15 97592 15 98111 16 98631 16 99151 16 99672 15 100192 15 100713 14 101234 13 101755 12 102277 11 102799 9 103323 3
d6eb7ce7723e2f6dc13b90b41a29ded27dbd815bad633fdf582447c686018896,75235 9 75753 13 76272 16 76792 18 77311 20 77831 20 78351 21 78871 21 79392 20 79912 18 80433 16 80954 14 81475 12 81996 8 82518 5 83039 4 83560 2 84082 1
d6eb7ce7723e2f6dc13b90b41a29ded27dbd815bad633fdf582447c686018896,77864 3 78382 7 78900 10 79417 13 79930 3 79934 17 80449 21 80968 22 81487 23 82004 25 82523 26 83043 25 83562 26 84083 26 84603 16 85124 9 85149 1 85644 8 86166 5 86686 5 87207 3 87729 2
d6eb7ce7723e2f6dc13b90b41a29ded27dbd815bad633fdf582447c686018896,84619 10 85133 16 85652 18 86171 19 86691 20 87210 21 87731 20 88251 20 88772 19 89292 19 89813 18 90333 1 90853 1
d6eb7ce7723e2f6dc13b90b41a29ded27dbd815bad633fdf582447c686018896,96048 4 96568 5 97087 6 97607 13 98127 22 98647 22 99167 21 99687 21 100207 20 100727 20 101247 19 101767 17 102288 15 102808 14 103332 7
d6eb7ce7723e2f6dc13b90b41a29ded27dbd815bad633fdf582447c686018896,90334 16 90854 16 91373 18 91893 18 92413 18 92932 20 93452 20 93972 20 94493 19 95013 19 95532 20 96052 19 96573 18 97093 17 97620 10
d6eb7ce7723e2f6dc13b90b41a29ded27dbd815bad633fdf582447c686018896,24805 4 25322 7 25840 8 26359 9 26878 11 27398 11 27917 13 28437 13 28957 14 29477 13 29998 10 30518 9 31040 6
d6eb7ce7723e2f6dc13b90b41a29ded27dbd815bad633fdf582447c686018896,22213 7 22732 10 23251 12 23771 14 24290 16 24809 18 25329 18 25848 20 26368 21 26889 20 27409 21 27930 20 28450 20 28972 19 29492 19 30013 18 30534 17 31054 17 31575 16 32097 13 32620 10 33142 7
d6eb7ce7723e2f6dc13b90b41a29ded27dbd815bad633fdf582447c686018896,55483 4 56002 5 56521 11 57041 18 57560 20 58080 20 58599 22 59119 23 59639 24 60159 25 60679 25 61200 25 61720 25 62241 24 62761 24 63281 24 63801 24 64320 25 64839 26 65359 26 65878 27 66398 26 66919 25 67439 24 67960 22 68481 20 69003 16 69527 10
d6eb7ce7723e2f6dc13b90b41a29ded27dbd815bad633fdf582447c686018896,49771 5 50289 7 50809 7 51328 8 51848 8 52367 10 52887 10 53407 11 53927 11 54447 11 54966 13 55487 12 56007 14 56532 7
d6eb7ce7723e2f6dc13b90b41a29ded27dbd815bad633fdf582447c686018896,48744 1 49256 2 49263 3 49776 11 50296 12 50816 12 51336 13 51856 13 52377 11 52897 11 53418 9 53938 8 54458 7 54979 5 55499 3
d6eb7ce7723e2f6dc13b90b41a29ded27dbd815bad633fdf582447c686018896,40940 6 41459 8 41978 10 42497 11 43016 13 43535 14 44054 15 44574 15 45093 16 45613 16 46133 15 46654 14 47174 13 47695 10 48217 7 48737 7 49258 5
d6eb7ce7723e2f6dc13b90b41a29ded27dbd815bad633fdf582447c686018896,14942 2 15462 2 15982 11 16502 15 17022 17 17542 20 18063 18 18583 18 19104 17 19624 18 20145 18 20666 17 21188 16 21709 15 22231 14 22752 14 23273 13 23794 13 24316 11 24837 10 25358 8 25880 6 26401 3
d6eb7ce7723e2f6dc13b90b41a29ded27dbd815bad633fdf582447c686018896,393 13 912 16 1432 16 1952 16 2471 17 2991 17 3511 17 4031 17 4551 17 5070 18 5590 18 6110 18 6629 19 7149 19 7669 19 8189 19 8708 20 9228 20 9748 20 10268 20 10787 21 11306 22 11826 22 12345 23 12864 25 13384 25 13903 26 14423 25 14944 24 15464 23 15993 13 16517 8 17039 5
d6eb7ce7723e2f6dc13b90b41a29ded27dbd815bad633fdf582447c686018896,413 20 928 26 1448 25 1968 25 2488 24 3008 24 3528 24 4048 24 4568 24 5088 23 5608 23 6128 23 6648 23 7168 22 7688 22 8208 22 8728 22 9248 21 9768 21 10288 20 10808 19 11328 18 11848 18 12368 17 12889 15 13409 14 13931 10 14453 6
d6eb7ce7723e2f6dc13b90b41a29ded27dbd815bad633fdf582447c686018896,108554 7 109072 10 109591 12 110111 12 110630 14 111150 14 111670 13 112190 13 112711 11 113231 10 113754 3
d6eb7ce7723e2f6dc13b90b41a29ded27dbd815bad633fdf582447c686018896,67479 6 67997 9 68516 11 69035 13 69554 15 70073 16 70592 18 71112 18 71631 19 72151 19 72671 19 73191 19 73712 18 74232 18 74753 16 75274 15 75796 9 76319 5 76841 2 77361 1
d6eb7ce7723e2f6dc13b90b41a29ded27dbd815bad633fdf582447c686018896,75805 4 76324 5 76843 8 77362 11 77882 12 78401 13 78921 14 79441 14 79961 15 80480 16 81000 17 81519 18 82039 18 82558 19 83077 20 83596 22 84116 22 84635 23 85155 23 85675 23 86195 23 86715 23 87235 24 87756 22 88276 22 88797 21 89318 19 89843 14 90366 9 90888 5
d6eb7ce7723e2f6dc13b90b41a29ded27dbd815bad633fdf582447c686018896,170961 7 171479 10 171998 11 172517 13 173036 14 173555 15 174073 16 174593 16 175112 16 175632 16 176151 16 176671 15 177191 14 177711 13 178231 12 178752 10 179272 10 179792 9 180313 8 180833 7
d6eb7ce7723e2f6dc13b90b41a29ded27dbd815bad633fdf582447c686018896,97121 8 97639 12 98157 15 98676 16 99195 18 99714 19 100234 19 100753 20 101273 20 101793 20 102314 18 102834 18 103355 16 103875 15 104396 14 104917 12 105438 10 105959 7
d6eb7ce7723e2f6dc13b90b41a29ded27dbd815bad633fdf582447c686018896,157467 4 157984 7 158500 12 159018 13 159537 14 160055 13 160575 12 161094 13 161613 13 162133 13 162652 14 163172 14 163692 14 164211 14 164731 14 165251 14 165771 14 166291 14 166812 13 167332 13 167853 7 167861 4 168374 5 168383 2 168905 1
d6eb7ce7723e2f6dc13b90b41a29ded27dbd815bad633fdf582447c686018896,160068 8 160587 12 161107 12 161626 12 162146 13 162666 13 163186 14 163706 16 164225 17 164745 16 165265 17 165785 17 166305 17 166825 17 167345 17 167865 16 168385 16 168906 14 169426 14 169948 11 170471 6
d6eb7ce7723e2f6dc13b90b41a29ded27dbd815bad633fdf582447c686018896,154891 2 155407 7 155924 10 156443 13 156962 19 157481 20 158001 20 158520 22 159040 21 159560 21 160080 21 160599 22 161119 22 161638 23 162159 21 162679 21 163200 20 163723 16 164246 13 164768 9 165291 3
d6eb7ce7723e2f6dc13b90b41a29ded27dbd815bad633fdf582447c686018896,145542 7 146060 12 146578 16 147097 19 147616 21 148135 23 148655 24 149174 25 149694 26 150214 26 150733 27 151253 26 151773 26 152293 24 152813 24 153333 23 153854 21 154373 22 154893 22 155414 20 155934 20 156456 6 156463 9
d6eb7ce7723e2f6dc13b90b41a29ded27dbd815bad633fdf582447c686018896,135099 5 135617 9 136137 10 136656 12 137175 13 137695 14 138214 15 138734 16 139253 17 139773 17 140293 17 140813 17 141333 17 141853 17 142373 17 142893 16 143414 15 143934 11 144455 9 144977 7 145499 4
d6eb7ce7723e2f6dc13b90b41a29ded27dbd815bad633fdf582447c686018896,143945 3 144464 4 144984 8 145503 9 146023 8 146543 8 147063 8 147582 9 148102 9 148621 10 149141 10 149661 9 150181 9 150700 10 151220 10 151740 10 152261 9 152781 9 153302 9 153825 6
d6eb7ce7723e2f6dc13b90b41a29ded27dbd815bad633fdf582447c686018896,144992 5 145512 7 146031 17 146551 19 147071 19 147591 20 148111 20 148631 19 149151 19 149670 19 150190 18 150710 18 151230 17 151750 15 152270 14 152790 12 153311 10 153831 8
d6eb7ce7723e2f6dc13b90b41a29ded27dbd815bad633fdf582447c686018896,90409 4 90925 11 91442 16 91960 20 92477 23 92996 25 93514 26 94033 27 94552 27 95072 25 95591 24 96111 21 96631 19 97151 17 97672 13 98192 10 98713 7
d6eb7ce7723e2f6dc13b90b41a29ded27dbd815bad633fdf582447c686018896,121604 3 122122 6 122641 8 123161 9 123680 11 124200 11 124719 13 125239 14 125759 14 126278 16 126798 16 127317 17 127836 18 128355 19 128874 20 129393 20 129913 20 130432 20 130952 20 131471 20 131991 20 132511 19 133031 19 133551 18 134071 17 134592 15 135112 13 135633 10 136156 3
d6eb7ce7723e2f6dc13b90b41a29ded27dbd815bad633fdf582447c686018896,167892 10 168409 14 168927 17 169445 19 169962 23 170477 28 170997 28 171515 29 172034 30 172552 31 173072 29 173591 27 174111 26 174631 25 175151 25 175671 24 176192 23 176712 22 177233 20 177754 18 178275 15 178797 10
d6eb7ce7723e2f6dc13b90b41a29ded27dbd815bad633fdf582447c686018896,3055 5 3573 7 4092 9 4611 10 5130 14 5650 19 6169 20 6689 20 7209 20 7729 20 8249 20 8768 21 9288 21 9808 21 10328 20 10848 20 11368 19 11888 19 12407 19 12927 18 13447 18 13967 17 14487 17 15007 17 15527 16 16047 16 16568 14 17088 14 17609 12 18130 10 18651 7
d6eb7ce7723e2f6dc13b90b41a29ded27dbd815bad633fdf582447c686018896,461 15 981 15 1501 14 2021 14 2541 13 3060 13 3580 13 4101 10 4621 9 5144 5
d6eb7ce7723e2f6dc13b90b41a29ded27dbd815bad633fdf582447c686018896,22817 6 23336 8 23855 9 24372 13 24891 14 25411 15 25930 16 26450 17 26971 16 27491 17 28012 16 28532 15 29053 14 29574 12 30097 6
d6eb7ce7723e2f6dc13b90b41a29ded27dbd815bad633fdf582447c686018896,134616 7 135135 10 135654 12 136174 13 136693 14 137213 15 137733 15 138253 15 138773 14 139293 14 139813 14 140333 13 140853 13 141372 14 141892 13 142413 12 142933 11 143454 9 143977 4
d6eb7ce7723e2f6dc13b90b41a29ded27dbd815bad633fdf582447c686018896,123188 3 123706 5 124226 6 124745 7 125265 8 125784 9 126304 9 126824 9 127343 9 127863 9 128384 7 128904 7 129425 5 129945 3
d6eb7ce7723e2f6dc13b90b41a29ded27dbd815bad633fdf582447c686018896,479 19 998 19 1518 19 2038 17 2558 17 3077 17 3597 16 4116 17 4636 16 5156 15 5676 15 6197 13 6717 12 7238 11 7758 6 8279 3 8800 2
d6eb7ce7723e2f6dc13b90b41a29ded27dbd815bad633fdf582447c686018896,503 5 1022 7 1542 8 2062 8 2582 9 3102 10 3622 10 4141 12 4660 13 5179 15 5698 15 6216 17 6735 17 7254 18 7764 4 7772 19 8282 29 8802 28 9321 28 9842 27 10362 27 10882 26 11401 27 11921 26 12440 27 12954 33 13473 34 13992 35 14512 38 15031 40 15551 41 16071 42 16591 42 17111 43 17631 43 18151 43 18671 44 19192 43 19712 43 20233 43 20754 43 21276 41 21798 40 22319 39 22841 37 23362 36 23882 36 24403 34 24924 33 25444 17 25467 8 25965 15 25989 5 26485 14 26509 5 27006 10 27030 3 27550 3
d6eb7ce7723e2f6dc13b90b41a29ded27dbd815bad633fdf582447c686018896,167395 1 167414 1 167914 2 167934 1 168434 21 168954 21 169474 21 169994 21 170515 19 171035 19 171556 17 172077 16 172598 14 173120 11 173641 9 174162 6
d6eb7ce7723e2f6dc13b90b41a29ded27dbd815bad633fdf582447c686018896,160639 1 161159 1 161172 1 161678 7 161692 1 162198 16 162717 17 163237 18 163756 19 164276 19 164796 19 165316 19 165836 19 166356 19 166875 20 167396 18 167916 18
d6eb7ce7723e2f6dc13b90b41a29ded27dbd815bad633fdf582447c686018896,153888 3 154405 9 154924 10 155444 11 155962 13 156480 15 157000 16 157519 17 158039 17 158559 16 159079 16 159599 15 160119 14 160640 13 161160 12 161685 7
d6eb7ce7723e2f6dc13b90b41a29ded27dbd815bad633fdf582447c686018896,67559 7 68078 10 68597 11 69117 12 69636 13 70156 13 70675 14 71196 12 71716 12 72237 10 72757 8 73278 6 73799 3
d6eb7ce7723e2f6dc13b90b41a29ded27dbd815bad633fdf582447c686018896,128409 1 128927 4 129445 6 129964 15 130482 27 131002 29 131521 34 132040 35 132560 37 133079 37 133599 37 134118 38 134638 38 135157 39 135677 38 136198 37 136718 36 137239 34 137760 31 138281 29 138802 26 139322 13 139337 9 139843 11 139860 4 140364 9 140884 9 141405 7 141925 6
d6eb7ce7723e2f6dc13b90b41a29ded27dbd815bad633fdf582447c686018896,122698 10 123216 11 123735 12 124254 13 124773 14 125293 14 125812 15 126332 16 126851 17 127371 17 127890 18 128410 18 128931 18 129451 18 129979 11
d6eb7ce7723e2f6dc13b90b41a29ded27dbd815bad633fdf582447c686018896,121153 8 121670 11 122188 13 122708 13 123227 14 123747 14 124267 14 124787 14 125307 14 125827 14 126348 13 126868 13 127388 13 127908 13 128428 13 128949 12 129469 12 129994 7 130514 7 131034 7 131555 6 132075 5
d6eb7ce7723e2f6dc13b90b41a29ded27dbd815bad633fdf582447c686018896,85254 6 85772 7 86290 9 86808 11 87327 12 87846 13 88366 14 88885 15 89405 15 89924 16 90444 17 90964 17 91484 9 92005 2 92525 2
d6eb7ce7723e2f6dc13b90b41a29ded27dbd815bad633fdf582447c686018896,91493 9 92007 15 92527 16 93046 18 93566 19 94086 20 94606 20 95126 21 95645 22 96165 22 96684 23 97204 22 97724 22 98245 20 98765 20 99286 17 99812 10 100334 4
d6eb7ce7723e2f6dc13b90b41a29ded27dbd815bad633fdf582447c686018896,84227 13 84740 21 85260 21 85779 22 86299 22 86819 22 87339 20 87859 19 88380 16 88900 15 89420 13 89940 11 90461 8 90981 5
d6eb7ce7723e2f6dc13b90b41a29ded27dbd815bad633fdf582447c686018896,152356 5 152873 8 153392 9 153910 11 154430 11 154949 12 155468 13 155987 14 156507 14 157026 15 157546 15 158065 16 158585 16 159105 16 159624 17 160144 17 160664 17 161184 17 161704 17 162225 16 162745 16 163266 15 163787 14 164308 10 164829 5
d6eb7ce7723e2f6dc13b90b41a29ded27dbd815bad633fdf582447c686018896,99315 6 99833 8 100352 9 100872 9 101391 10 101911 10 102430 11 102950 11 103470 11 103990 11 104511 10 105031 10 105551 10 106072 9 106592 9 107112 9 107632 9 108151 10 108671 10 109192 9 109712 8
d6eb7ce7723e2f6dc13b90b41a29ded27dbd815bad633fdf582447c686018896,179398 3 179916 5 180436 5 180955 6
d8d4bf68a76e4e4c5f21de7ac613451f7115a04db686151e78b8ec0b6a22022b,32269 5 32524 6 32779 8 33035 8 33290 9 33546 8 33803 7 34059 6 34316 4
d8d4bf68a76e4e4c5f21de7ac613451f7115a04db686151e78b8ec0b6a22022b,34833 3 35086 8 35341 9 35597 10 35852 11 36108 11 36363 12 36619 12 36875 11 37132 10 37388 9 37645 7 37902 4
d8d4bf68a76e4e4c5f21de7ac613451f7115a04db686151e78b8ec0b6a22022b,832 6 1088 6 1343 8 1599 8 1855 8 2111 8 2368 6 2624 6 2881 4
d8d4bf68a76e4e4c5f21de7ac613451f7115a04db686151e78b8ec0b6a22022b,14916 3 15170 7 15426 7 15681 9 15937 9 16192 10 16449 9 16705 8 16962 7 17219 4
d8d4bf68a76e4e4c5f21de7ac613451f7115a04db686151e78b8ec0b6a22022b,3651 8 3906 10 4162 10 4417 12 4673 12 4929 12 5185 11 5441 11 5698 9 5954 8
d8d4bf68a76e4e4c5f21de7ac613451f7115a04db686151e78b8ec0b6a22022b,64927 6 65181 9 65437 9
da6c593410340b19bb212b9f6d274f95b08c0fc8f2570cd66bc5ed42c560acab,38920 4 39429 9 39940 11 40451 13 40962 16 41473 19 41985 20 42497 22 43009 23 43521 23 44033 24 44545 24 45057 24 45569 25 46081 24 46593 24 47105 24 47617 24 48129 23 48641 23 49153 22 49665 22 50177 22 50689 22 51201 22 51713 20 52225 19 52737 18 53249 15 53761 10 54273 9 54785 8 55299 6 55814 2 56328 1
da6c593410340b19bb212b9f6d274f95b08c0fc8f2570cd66bc5ed42c560acab,50719 6 51229 8 51733 3 51740 10 52244 18 52755 19 53264 22 53771 27 54282 28 54793 29 55305 29 55816 30 56329 28 56841 28 57354 27 57866 26 58379 25 58891 25 59403 24 59915 24 60428 22 60940 22 61453 20 61965 20 62478 18 62990 17 63503 16 64016 13 64529 10
da6c593410340b19bb212b9f6d274f95b08c0fc8f2570cd66bc5ed42c560acab,74241 8 74753 11 75265 13 75777 14 76289 15 76801 15 77313 16 77825 16 78337 16 78849 16 79361 17 79873 17 80385 19 80897 25 81409 28 81921 29 82433 29 82945 30 83457 30 83969 31 84481 31 84993 31 85505 31 86017 31 86529 30 87041 30 87553 30 88065 29 88577 29 89089 28 89601 27 90113 26 90625 25 91137 24 91649 23 92161 21 92673 19 93185 18 93697 17 94209 15 94722 13 95237 9
da6c593410340b19bb212b9f6d274f95b08c0fc8f2570cd66bc5ed42c560acab,253957 1 254468 3 254977 7 255489 8 256001 10 256513 10 257025 11 257537 11 258049 12 258561 12 259073 12 259585 12 260097 12 260609 11 261121 11 261633 10 262147 6
da6c593410340b19bb212b9f6d274f95b08c0fc8f2570cd66bc5ed42c560acab,238083 12 238593 16 239105 18 239617 20 240129 20 240641 21 241153 21 241665 22 242177 22 242689 23 243201 23 243713 23 244225 23 244737 23 245249 23 245761 23 246273 22 246785 22 247297 22 247809 21 248321 21 248833 20 249345 19 249857 18 250369 15 250881 13 251393 10 251905 8 252417 6 252929 5 253441 4 253953 4 254465 3
da6c593410340b19bb212b9f6d274f95b08c0fc8f2570cd66bc5ed42c560acab,293898 6 293906 8 294409 19 294918 24 295425 30 295937 31 296449 32 296961 33 297473 34 297985 35 298497 37 299009 38 299521 39 300033 40 300545 40 301057 41 301569 41 302081 41 302593 42 303105 42 303617 42 304129 42 304641 41 305153 41 305665 41 306177 40 306689 40 307201 39 307713 38 308225 37 308737 35 309249 33 309761 31 310274 28 310787 24 311302 19 311820 10 312335 4
da6c593410340b19bb212b9f6d274f95b08c0fc8f2570cd66bc5ed42c560acab,336897 5 337409 8 337921 10 338433 11 338945 12 339457 12 339969 13 340481 14 340993 14 341505 14 342017 15 342529 15 343041 16 343553 17 344065 18 344577 19 345089 19 345601 19 346113 20 346625 20 347137 33 347649 33
da6c593410340b19bb212b9f6d274f95b08c0fc8f2570cd66bc5ed42c560acab,343057 8 343570 18 344083 17 344596 15 345108 15 345620 15 346133 13 346645 13
da6c593410340b19bb212b9f6d274f95b08c0fc8f2570cd66bc5ed42c560acab,330276 4 330786 6 331296 9 331806 11 332316 13 332826 15 333336 17 333846 19 334357 20 334868 20 335379 21 335891 21 336402 22 336914 22 337425 23 337937 23 338449 23 338961 22 339472 23 339984 23 340496 23 341007 23 341519 23 342032 21 342544 21 343065 11
da6c593410340b19bb212b9f6d274f95b08c0fc8f2570cd66bc5ed42c560acab,283166 5 283676 8 284186 12 284697 14 285209 15 285720 16 286232 17 286744 18 287256 18 287768 19 288281 18 288793 19 289306 18 289819 17 290333 15 290848 11 291363 8 291877 4
da6c593410340b19bb212b9f6d274f95b08c0fc8f2570cd66bc5ed42c560acab,239666 15 240170 26 240680 30 241190 33 241701 35 242213 35 242724 37 243236 39 243748 48 244259 51 244771 52 245283 52 245795 53 246308 52 246820 52 247332 52 247844 52 248357 50 248869 50 249382 48 249895 47 250408 44 250922 40 251436 37 251950 33 252465 30 252979 27 253500 16 254015 12 254530 7
da6c593410340b19bb212b9f6d274f95b08c0fc8f2570cd66bc5ed42c560acab,55855 4 56366 7 56877 11 57388 16 57900 17 58411 18 58923 19 59434 23 59946 21 60458 21 60969 21 61481 21 61993 21 62505 21 63017 21 63529 20 64041 20 64554 19 65066 19 65579 18 66092 16 66604 11 67118 2 67630 2
da6c593410340b19bb212b9f6d274f95b08c0fc8f2570cd66bc5ed42c560acab,66108 1 66615 7 67120 14 67632 15 68143 17 68655 17 69168 16 69680 16 70192 16 70705 16 71217 16 71729 16 72241 16 72754 15 73266 15 73779 15 74291 15 74804 13 75318 8
da6c593410340b19bb212b9f6d274f95b08c0fc8f2570cd66bc5ed42c560acab,59967 8 60479 10 60990 12 61502 10 62014 10 62526 9 63038 9 63549 10 64061 9 64573 8 65085 7 65597 7 66109 1 66111 4 66622 3 67134 2 67647 1
da6c593410340b19bb212b9f6d274f95b08c0fc8f2570cd66bc5ed42c560acab,61512 3 62024 4 62535 6 63047 8 63559 9 64070 11 64581 13 65092 15 65604 16 66115 18 66625 21 67140 18 67648 23 68160 23 68672 23 69184 23 69696 23 70208 23 70721 22 71233 21 71745 21 72257 20 72769 19 73281 18 73794 14 74306 10
da6c593410340b19bb212b9f6d274f95b08c0fc8f2570cd66bc5ed42c560acab,36929 5 37437 10 37943 17 38452 21 38963 22 39474 24 39985 25 40497 25 41008 26 41520 27 42031 28 42543 29 43054 30 43566 30 44078 30 44590 30 45102 30 45614 30 46126 31 46638 31 47150 31 47663 30 48175 30 48691 25 49205 23 49718 22 50232 20 50745 18 51259 16 51772 14 52286 10 52801 5
da6c593410340b19bb212b9f6d274f95b08c0fc8f2570cd66bc5ed42c560acab,338484 1 338996 1 339508 13 340020 14 340532 28 341044 27 341556 27 342068 26 342580 26 343092 25 343604 25 344116 24 344629 22 345140 23 345652 22 346164 21 346676 20 347189 18 347701 18
da6c593410340b19bb212b9f6d274f95b08c0fc8f2570cd66bc5ed42c560acab,335415 1 335926 2 336438 14 336949 29 337461 28 337972 29 338485 28 338997 28 339521 15 340034 14
da6c593410340b19bb212b9f6d274f95b08c0fc8f2570cd66bc5ed42c560acab,333880 2 334392 2 334903 28 335416 27 335928 26 336452 14
da6c593410340b19bb212b9f6d274f95b08c0fc8f2570cd66bc5ed42c560acab,331323 1 331834 2 332346 14 332373 1 332857 28 333369 28 333882 26 334394 26
da6c593410340b19bb212b9f6d274f95b08c0fc8f2570cd66bc5ed42c560acab,315988 5 316498 8 317009 10 317519 12 318029 15 318539 17 319048 20 319559 21 320070 22 320581 23 321092 24 321603 25 322115 25 322626 26 323138 26 323649 26 324161 26 324672 27 325184 26 325695 27 326207 26 326718 27 327230 27 327741 27 328253 27 328764 28 329276 28 329788 27 330299 28 330811 28 331324 26 331836 26 332360 13
da6c593410340b19bb212b9f6d274f95b08c0fc8f2570cd66bc5ed42c560acab,5707 7 6218 9 6729 10 7240 12 7751 13 8262 14 8774 14 9285 14 9797 14 10308 14 10820 12 11333 5 11845 3
da6c593410340b19bb212b9f6d274f95b08c0fc8f2570cd66bc5ed42c560acab,274535 3 275045 7 275555 9 276066 11 276576 13 277085 16 277594 20 278105 21 278616 21 279126 23 279637 24 280148 25 280659 25 281170 26 281682 25 282193 26 282705 25 283216 26 283728 25 284240 25 284751 25 285263 24 285775 23 286287 22 286800 19 287312 16 287825 12 288338 8
da6c593410340b19bb212b9f6d274f95b08c0fc8f2570cd66bc5ed42c560acab,223330 7 223841 10 224351 10 224861 12 225371 13 225881 15 226392 16 226903 17 227415 17 227926 18 228438 18 228950 18 229462 18 229974 18 230486 18 230999 17 231511 17 232024 16 232536 16 233049 16 233563 14 234077 12
da6c593410340b19bb212b9f6d274f95b08c0fc8f2570cd66bc5ed42c560acab,224361 5 224873 5 225384 5 225896 5 226408 5 226920 5 227432 5 227944 5 228456 5 228968 5 229480 5 229992 5 230504 5 231016 5 231528 5 232040 5 232552 5 233065 5 233577 5
da6c593410340b19bb212b9f6d274f95b08c0fc8f2570cd66bc5ed42c560acab,224366 3 224878 2 225389 3 225901 3 226413 3 226925 3 227437 3 227949 3 228461 3 228973 3 229485 3 229997 3 230509 3 231021 3 231533 3 232045 3 232557 3 233070 3 233582 3
da6c593410340b19bb212b9f6d274f95b08c0fc8f2570cd66bc5ed42c560acab,223857 4 224369 4 224880 4 225392 4 225904 4 226416 4 226928 4 227440 4 227952 4 228464 4 228976 5 229488 5 230000 5 230512 5 231024 5 231536 5 232048 5 232560 5 233073 5 233585 5
da6c593410340b19bb212b9f6d274f95b08c0fc8f2570cd66bc5ed42c560acab,222846 12 223355 23 223861 32 224373 33 224884 35 225396 35 225908 36 226420 36 226932 36 227444 36 227956 35 228468 35 228981 33 229493 32 230005 29 230517 23 231029 20 231541 18 232053 15 232565 13 233078 9 233590 4
da6c593410340b19bb212b9f6d274f95b08c0fc8f2570cd66bc5ed42c560acab,254100 13 254610 16 255120 19 255629 23 256137 27 256648 29 257159 30 257669 33 258180 34 258691 35 259202 36 259713 37 260224 38 260736 38 261247 39 261759 39 262270 40 262782 40 263294 40 263806 40 264317 42 264829 42 265341 42 265853 42 266366 40 266878 40 267390 40 267902 40 268415 39 268927 38 269440 37 269952 36 270465 35 270978 33 271491 30 272004 27 272517 24 273030 19 273544 13 274058 6
da6c593410340b19bb212b9f6d274f95b08c0fc8f2570cd66bc5ed42c560acab,29826 19 30336 23 30848 24 31359 26 31871 27 32382 29 32894 31 33406 32 33918 34 34430 36 34942 37 35454 37 35966 38 36478 38 36990 39 37503 38 38015 38 38528 37 39040 37 39553 36 40066 34 40578 34 41091 31 41604 29 42116 18 42629 15 43143 7
da6c593410340b19bb212b9f6d274f95b08c0fc8f2570cd66bc5ed42c560acab,12432 17 12940 19 13450 21 13961 21 14473 21 14984 22 15496 22 16008 22 16520 22 17032 22 17544 22 18056 22 18568 21 19080 21 19593 20 20105 20 20618 19 21131 18 21645 16 22161 12 22678 7 23193 5 23709 1
da6c593410340b19bb212b9f6d274f95b08c0fc8f2570cd66bc5ed42c560acab,12959 4 13471 8 13982 13 14494 11 15006 11 15518 10 16030 10 16542 10 17054 10 17566 10 18078 10 18589 11 19101 11 19613 11 20125 11 20637 11 21149 10 21661 10 22173 10 22685 10 23198 9 23710 9 24223 8 24737 6 25251 4 25764 3 26277 3 26791 1
da6c593410340b19bb212b9f6d274f95b08c0fc8f2570cd66bc5ed42c560acab,14505 3 15017 4 15528 6 16040 8 16552 9 17064 10 17576 11 18088 12 18600 12 19112 13 19624 13 20136 14 20648 14 21159 16 21671 16 22183 17 22695 17 23207 18 23719 18 24231 18 24743 19 25255 19 25767 19 26280 18 26792 18 27305 17 27819 15 28333 13 28848 9 29362 7 29877 3
da6c593410340b19bb212b9f6d274f95b08c0fc8f2570cd66bc5ed42c560acab,69793 6 70303 11 70814 16 71324 21 71835 23 72345 26 72856 29 73368 30 73879 33 74391 36 74902 38 75414 40 75926 41 76438 41 76950 42 77462 42 77974 42 78486 43 78999 42 79511 42 80024 40 80536 40 81049 38 81562 37 82075 35 82589 32 83102 30 83617 24 84131 18 84644 11
da6c593410340b19bb212b9f6d274f95b08c0fc8f2570cd66bc5ed42c560acab,247492 1 248003 1 248513 3 249015 5 249022 6 249525 15 250036 16 250547 17 251058 18 251570 18 252081 19 252593 19 253105 19 253617 19 254129 19 254642 18 255154 18 255666 19 256179 18 256691 18 257203 18 257716 17 258228 17 258741 16 259253 16 259766 15 260278 15 260791 14 261304 13 261818 12 262332 10 262848 7
da6c593410340b19bb212b9f6d274f95b08c0fc8f2570cd66bc5ed42c560acab,244946 6 245448 17 245959 19 246470 21 246981 23 247493 25 248004 27 248516 28 249028 29 249540 30 250052 31 250564 32 251076 33 251588 33 252100 34 252612 34 253124 34 253636 34 254148 34 254660 34 255172 33 255685 32 256197 31 256709 31 257221 30 257733 29 258245 28 258757 26 259269 25 259781 24 260293 22 260805 17 261317 13 261830 7 262342 4
da6c593410340b19bb212b9f6d274f95b08c0fc8f2570cd66bc5ed42c560acab,11979 1 12486 6 12995 8 13504 11 14015 12 14526 13 15038 13 15549 14 16061 14 16573 14 17085 14 17597 14 18109 14 18621 13 19133 13 19645 13 20158 12 20670 12 21183 11 21697 9 22211 7 22724 6 23238 4 23752 2 24266 1
da6c593410340b19bb212b9f6d274f95b08c0fc8f2570cd66bc5ed42c560acab,10981 5 11484 16 11980 3 11993 20 12492 4 12503 23 13003 6 13012 27 13515 36 14027 37 14539 37 15051 37 15563 37 16075 37 16587 37 17099 36 17611 36 18123 35 18634 36 19146 34 19658 33 20170 31 20682 29 21194 27 21706 24 22218 22 22730 21 23242 20 23754 19 24267 17 24779 16 25293 13 25806 11 26320 7
da6c593410340b19bb212b9f6d274f95b08c0fc8f2570cd66bc5ed42c560acab,91333 9 91842 14 92352 17 92864 17 93375 19 93888 18 94400 17 94913 16 95429 9
da6c593410340b19bb212b9f6d274f95b08c0fc8f2570cd66bc5ed42c560acab,171224 4 171734 8 172245 10 172756 12 173267 15 173779 16 174290 19 174802 21 175313 23 175825 24 176337 26 176849 30 177361 31 177873 31 178385 30 178897 30 179410 29 179922 29 180434 29 180946 29 181459 27 181971 27 182484 26 182997 25 183510 24 184022 24 184535 23 185049 16 185069 1 185567 5 185582 1
da6c593410340b19bb212b9f6d274f95b08c0fc8f2570cd66bc5ed42c560acab,177392 4 177904 7 178415 10 178927 12 179439 13 179951 13 180463 14 180975 15 181486 16 181998 17 182510 17 183022 17 183534 17 184046 17 184558 17 185070 17 185583 16 186095 15 186609 13 187123 10 187637 7
da6c593410340b19bb212b9f6d274f95b08c0fc8f2570cd66bc5ed42c560acab,227561 15 228072 18 228583 21 229093 24 229604 25 230116 26 230627 27 231139 27 231651 27 232163 27 232675 27 233187 28 233699 28 234212 24 234724 24 235237 22 235749 23 236263 16 236776 10 237291 4
da6c593410340b19bb212b9f6d274f95b08c0fc8f2570cd66bc5ed42c560acab,232721 18 233229 24 233736 31 234236 44 234748 45 235259 47 235772 46 236284 47 236797 46 237309 47 237821 47 238333 48 238844 49 239356 49 239867 50 240379 50 240890 51 241401 51 241912 52 242423 52 242934 53 243446 52 243957 51 244469 49 244981 46 245493 43 246005 39 246517 37 247030 33 247542 31 248055 26 248567 24 249081 19 249595 15 250110 7
da6c593410340b19bb212b9f6d274f95b08c0fc8f2570cd66bc5ed42c560acab,150772 3 151284 4 151795 6 152307 6 152819 7 153332 6 153844 7 154356 7 154868 7 155380 7 155892 7 156404 6 156916 6 157429 4 157941 3
da6c593410340b19bb212b9f6d274f95b08c0fc8f2570cd66bc5ed42c560acab,18684 9 19194 14 19704 16 20216 16 20727 16 21239 16 21751 16 22262 17 22774 17 23286 17 23798 17 24310 16 24823 15 25335 15 25849 13 26363 11 26880 6 27397 2
da6c593410340b19bb212b9f6d274f95b08c0fc8f2570cd66bc5ed42c560acab,19720 3 20232 4 20743 8 21255 7 21767 7 22279 6 22791 6 23303 6 23815 6 24326 7 24838 6 25350 6 25862 5 26374 5 26886 5 27399 4 27911 4 28424 3 28938 1 29451 1
da6c593410340b19bb212b9f6d274f95b08c0fc8f2570cd66bc5ed42c560acab,21262 3 21774 4 22285 7 22797 10 23309 12 23821 14 24333 15 24844 16 25356 17 25867 18 26379 19 26891 18 27403 18 27915 18 28427 18 28939 17 29452 16 29964 15 30478 11 30993 5
da6c593410340b19bb212b9f6d274f95b08c0fc8f2570cd66bc5ed42c560acab,160007 3 160518 5 161030 5 161541 7 162053 7 162068 6 162564 9 162578 9 163076 10 163088 12 163587 25 164099 26 164611 26 165122 27 165634 27 166146 27 166658 28 167170 28 167682 28 168194 28 168706 29 169218 29 169731 29 170243 29 170756 28 171268 28 171781 28 172294 27 172807 26 173321 24 173834 23 174348 20 174861 19 175374 18 175888 15 176401 14 176914 12 177429 8
da6c593410340b19bb212b9f6d274f95b08c0fc8f2570cd66bc5ed42c560acab,6414 10 6923 16 7434 19 7945 23 8456 27 8968 28 9479 30 9991 31 10503 31 11015 32 11527 32 12039 32 12552 31 13064 31 13577 29 14090 28 14604 22 15126 10 15641 4
da6c593410340b19bb212b9f6d274f95b08c0fc8f2570cd66bc5ed42c560acab,125203 7 125712 14 126223 17 126733 21 127245 23 127756 25 128268 27 128780 28 129291 29 129803 30 130315 30 130827 31 131339 31 131851 31 132363 31 132875 31 133387 31 133899 31 134412 29 134924 29 135437 27 135949 26 136462 23 136974 22 137487 18 138000 15 138513 12 139027 7
da6c593410340b19bb212b9f6d274f95b08c0fc8f2570cd66bc5ed42c560acab,262950 5 263459 10 263970 13 264481 15 264991 18 265502 20 266013 22 266524 24 267035 25 267546 27 268057 28 268568 29 269080 30 269591 32 270102 34 270613 35 271124 37 271634 39 272144 41 272655 42 273167 42 273678 43 274190 44 274702 49 275214 49 275726 50 276238 49 276750 49 277262 49 277774 48 278287 47 278799 47 279311 46 279823 46 280336 44 280848 44 281360 43 281873 41 282385 40 282898 38 283411 36 283923 18 283945 12 284436 15 284459 8 284949 13 285461 13 285974 11 286487 10 286999 9 287512 7 288026 4
da6c593410340b19bb212b9f6d274f95b08c0fc8f2570cd66bc5ed42c560acab,146224 4 146733 9 147241 14 147745 23 148255 25 148766 27 149277 28 149789 29 150300 30 150812 30 151324 30 151836 30 152348 30 152860 31 153373 30 153885 29 154398 28 154910 28 155423 27 155936 26 156449 24 156961 24 157475 21 157990 5 158003 5
da6c593410340b19bb212b9f6d274f95b08c0fc8f2570cd66bc5ed42c560acab,164151 4 164662 6 165173 7 165684 9 166194 11 166705 13 167216 14 167727 15 168239 16 168750 17 169261 19 169773 20 170284 22 170796 23 171308 24 171820 25 172331 26 172843 27 173355 27 173868 27 174380 27 174892 26 175405 25 175917 25 176429 25 176941 24 177454 23 177966 22 178479 20 178992 18 179505 15 180019 6
da6c593410340b19bb212b9f6d274f95b08c0fc8f2570cd66bc5ed42c560acab,103764 4 104275 6 104787 6 105298 8 105810 8 106321 9 106833 9 107345 9 107856 10 108368 10 108879 11 109389 13 109898 16 110409 17 110919 18 111430 19 111942 18 112453 19 112964 20 113476 19 113987 20 114499 20 115010 20 115522 20 116033 20 116545 20 117057 20 117569 19 118081 19 118593 18 119106 17 119618 16 120131 14 120644 11 121158 7
da6c593410340b19bb212b9f6d274f95b08c0fc8f2570cd66bc5ed42c560acab,215924 3 216434 7 216944 10 217456 10 217967 12 218479 12 218990 13 219502 13 220015 12 220527 12 221040 11 221552 11 222065 9 222578 8 223092 4
da6c593410340b19bb212b9f6d274f95b08c0fc8f2570cd66bc5ed42c560acab,191366 4 191877 6 192389 6 192901 6 193413 6 193925 6 194439 2
da6c593410340b19bb212b9f6d274f95b08c0fc8f2570cd66bc5ed42c560acab,225679 5 226189 8 226698 12 227209 13 227720 15 228230 17 228741 18 229253 18 229764 19 230276 18 230789 17 231301 16 231814 14 232327 12 232840 10 233355 5
da6c593410340b19bb212b9f6d274f95b08c0fc8f2570cd66bc5ed42c560acab,134045 11 134550 19 135058 24 135568 26 136078 29 136589 30 137101 31 137612 32 138124 32 138636 32 139148 33 139660 33 140172 33 140684 33 141197 32 141709 33 142222 32 142735 31 143247 31 143760 30 144272 30 144785 29 145298 27 145810 27 146323 25 146835 25 147348 23 147861 21 148374 19 148888 15 149402 11 149917 5
da6c593410340b19bb212b9f6d274f95b08c0fc8f2570cd66bc5ed42c560acab,197011 10 197521 15 198032 19 198543 23 199054 28 199565 31 200077 32 200588 34 201100 34 201612 35 202124 35 202636 36 203148 36 203660 36 204173 35 204685 34 205198 33 205710 32 206223 31 206736 28 207250 25 207763 22 208278 17 208795 9
da6c593410340b19bb212b9f6d274f95b08c0fc8f2570cd66bc5ed42c560acab,160145 5 160656 8 161168 8 161679 10 162191 11 162703 11 163215 12 163728 12 164240 13 164752 14 165264 14 165777 14 166289 15 166801 15 167314 15 167826 15 168339 15 168851 15 169364 14 169876 14 170389 14 170902 13 171415 11 171929 9 172442 7
da6c593410340b19bb212b9f6d274f95b08c0fc8f2570cd66bc5ed42c560acab,185256 7 185767 9 186279 10 186790 11 187302 12 187814 12 188326 13 188838 13 189350 13 189863 11 190375 11 190888 9 191401 7
da6c593410340b19bb212b9f6d274f95b08c0fc8f2570cd66bc5ed42c560acab,181692 12 182202 15 182713 17 183224 19 183735 22 184247 23 184758 22 185270 22 185782 21 186294 21 186806 21 187319 20 187831 19 188344 18 188856 17 189369 16 189883 14 190397 12 190915 6 191430 3 191944 2
da6c593410340b19bb212b9f6d274f95b08c0fc8f2570cd66bc5ed42c560acab,184780 4 185292 6 185803 8 186315 9 186331 12 186827 32 187339 34 187850 37 188362 38 188873 39 189385 40 189897 40 190409 41 190921 41 191433 41 191946 40 192458 40 192971 39 193483 39 193996 38 194508 37 195020 37 195533 35 196045 35 196557 34 197069 33 197582 30 198094 28 198606 28 199118 27 199630 26 200142 25 200655 23 201167 23 201680 21 202192 20 202705 19 203218 17 203732 14 204245 11
da6c593410340b19bb212b9f6d274f95b08c0fc8f2570cd66bc5ed42c560acab,211389 10 211898 19 212409 25 212920 28 213432 30 213943 32 214455 33 214967 35 215478 36 215990 35 216502 35 217015 34 217527 34 218039 34 218552 33 219064 33 219577 32 220089 32 220602 31 221114 31 221627 30 222140 29 222653 28 223167 27 223682 24 224196 13 224216 3 224712 4
da6c593410340b19bb212b9f6d274f95b08c0fc8f2570cd66bc5ed42c560acab,215002 9 215514 11 216025 13 216537 14 217049 15 217561 15 218073 16 218585 16 219097 16 219609 16 220121 16 220633 16 221145 15 221657 15 222169 14 222681 13 223194 10 223706 7
da6c593410340b19bb212b9f6d274f95b08c0fc8f2570cd66bc5ed42c560acab,112071 4 112581 7 113091 10 113603 11 114114 12 114626 13 115137 14 115649 14 116161 14 116673 14 117185 14 117697 14 118210 12 118722 12 119235 10 119748 8 120262 5
da6c593410340b19bb212b9f6d274f95b08c0fc8f2570cd66bc5ed42c560acab,165836 8 166346 13 166857 17 167368 18 167879 19 168390 19 168902 19 169413 20 169925 20 170436 21 170948 21 171460 21 171972 21 172484 21 172996 21 173508 21 174020 21 174532 20 175044 20 175557 19 176069 19 176582 18 177094 18 177607 17 178120 16 178633 15 179147 13 179660 12 180174 10 180689 8 181204 5
da6c593410340b19bb212b9f6d274f95b08c0fc8f2570cd66bc5ed42c560acab,166369 3 166877 9 167386 14 167898 16 168409 19 168921 21 169433 22 169945 23 170457 24 170969 26 171481 27 171993 29 172505 30 173017 30 173529 31 174041 31 174552 33 175064 33 175576 34 176088 34 176600 34 177112 34 177624 34 178136 33 178648 33 179160 32 179672 30 180184 23 180697 19 181209 17 181723 13 182240 6
da6c593410340b19bb212b9f6d274f95b08c0fc8f2570cd66bc5ed42c560acab,268256 4 268768 4 269279 6 269791 7 270303 8 270816 9 271328 10 271840 12 272353 13 272865 14 273377 15 273890 15 274402 16 274915 16 275427 17 275939 18 276452 17 276964 18 277476 19 277989 18 278501 19 279014 18 279526 19 280039 18 280551 19 281064 18 281576 18 282088 19 282601 18 283113 18 283626 17 284139 16 284651 16 285164 15 285676 14 286189 13 286702 12 287214 11 287727 10 288240 8 288753 5
da6c593410340b19bb212b9f6d274f95b08c0fc8f2570cd66bc5ed42c560acab,2019 8 2529 12 3041 12 3552 14 4065 13 4577 12 5090 11 5605 6
da6c593410340b19bb212b9f6d274f95b08c0fc8f2570cd66bc5ed42c560acab,249324 3 249836 3 250347 5 250859 6 251371 6 251883 7 252395 8 252907 9 253419 11 253931 19 254443 21 254956 21 255468 21 255981 20 256493 20 257006 19 257518 19 258031 18 258543 18 259056 17 259568 17 260081 16 260593 16 261106 15 261619 14 262132 13 262644 13 263157 12 263670 11 264183 10 264695 10 265209 8 265722 7 266235 6 266749 3
da6c593410340b19bb212b9f6d274f95b08c0fc8f2570cd66bc5ed42c560acab,198645 3 199154 8 199665 12 200176 14 200688 15 201199 16 201711 18 202223 18 202735 18 203247 18 203759 18 204271 18 204783 18 205295 18 205807 18 206320 17 206832 17 207344 17 207857 16 208369 16 208882 15 209394 15 209907 14 210420 13 210933 12 211446 11 211959 10 212472 9 212985 8 213498 7 214010 7 214523 6 215035 6 215550 3 216062 3 216575 2 217082 1 217086 3 217594 1 217598 3 218106 1 218110 3 218623 2 219130 1 219134 3 219642 1 219646 3 220154 1 220158 3 220671 2 221178 1 221182 3 221694 3 222203 6 222715 6 223228 5 223740 5
da6c593410340b19bb212b9f6d274f95b08c0fc8f2570cd66bc5ed42c560acab,215547 3 216059 3 216570 5 217083 3
da6c593410340b19bb212b9f6d274f95b08c0fc8f2570cd66bc5ed42c560acab,217595 3 218107 3 218618 5 219131 3
da6c593410340b19bb212b9f6d274f95b08c0fc8f2570cd66bc5ed42c560acab,219643 3 220155 3 220666 5 221179 3 221691 3
da6c593410340b19bb212b9f6d274f95b08c0fc8f2570cd66bc5ed42c560acab,1531 3 2042 5 2554 5 3067 4 3580 3
dab46d798d29aff2e99c23f47ed3064f5cafb1644629b015c95a2dd2ee593bb4,59949 5 60204 7 60459 9 60714 10 60970 11 61225 12 61481 12 61737 12 61993 12 62249 11 62506 10 62762 9 63019 6
dab46d798d29aff2e99c23f47ed3064f5cafb1644629b015c95a2dd2ee593bb4,36920 7 37175 10 37429 14 37684 16 37939 17 38194 19 38450 19 38705 20 38961 19 39218 18 39474 17 39731 15 39988 13 40245 10 40503 6
dab46d798d29aff2e99c23f47ed3064f5cafb1644629b015c95a2dd2ee593bb4,61282 6 61536 9 61791 11 62046 12 62301 14 62557 14 62812 15 63068 14 63324 14 63580 14 63836 13 64093 12 64349 11 64606 9 64864 5
dab46d798d29aff2e99c23f47ed3064f5cafb1644629b015c95a2dd2ee593bb4,20877 5 21132 8 21388 9 21643 11 21899 12 22156 11 22412 12 22669 11 22925 12 23182 11 23439 9 23697 7 23955 4
dab46d798d29aff2e99c23f47ed3064f5cafb1644629b015c95a2dd2ee593bb4,17563 7 17817 11 18072 14 18328 15 18583 17 18839 18 19095 18 19352 18 19608 18 19865 17 20122 16 20378 16 20636 13 20893 12 21150 10 21408 7
dab46d798d29aff2e99c23f47ed3064f5cafb1644629b015c95a2dd2ee593bb4,15303 7 15557 11 15813 13 16068 15 16324 16 16581 16 16837 16 17094 16 17351 15 17608 13 17866 11 18124 7
dab46d798d29aff2e99c23f47ed3064f5cafb1644629b015c95a2dd2ee593bb4,4070 7 4325 10 4581 12 4836 14 5092 14 5349 14 5605 14 5863 11 6121 9 6379 6
dab46d798d29aff2e99c23f47ed3064f5cafb1644629b015c95a2dd2ee593bb4,26097 3 26350 8 26605 10 26861 11 27116 13 27373 12 27629 13 27886 12 28143 10 28400 9 28657 7
dab46d798d29aff2e99c23f47ed3064f5cafb1644629b015c95a2dd2ee593bb4,51957 8 52212 10 52467 13 52723 14 52978 15 53234 15 53490 15 53747 14 54003 14 54260 13 54516 13 54773 12 55031 10 55288 9 55546 7 55804 5
df40099c6306ca1f47fcc8a62e2fa39486d4e223177afdc51b2ad189691802d8,36661 3 36921 4 37181 5 37441 5 37701 6 37961 6 38221 7 38481 7 38741 8 39001 8 39261 9 39521 9 39781 9 40041 10 40301 10 40561 10 40821 10 41081 11 41342 10 41603 9 41864 7 42125 6 42387 3
df40099c6306ca1f47fcc8a62e2fa39486d4e223177afdc51b2ad189691802d8,56421 2 56681 2 56941 2 57201 2 57461 2 57721 2 57981 2 58241 2 58501 2 58761 2 59021 2 59542 1
df40099c6306ca1f47fcc8a62e2fa39486d4e223177afdc51b2ad189691802d8,58767 5 59025 8 59284 9 59543 11 59802 12 60062 12 60321 13 60581 13 60841 13 61101 12 61361 12 61621 11 61881 11 62141 10 62401 9 62661 8 62922 6
df40099c6306ca1f47fcc8a62e2fa39486d4e223177afdc51b2ad189691802d8,74366 5 74625 6 74885 7 75145 7 75405 7 75666 5 75927 3
df40099c6306ca1f47fcc8a62e2fa39486d4e223177afdc51b2ad189691802d8,14831 3 15090 5 15350 6 15609 8 15869 8 16129 9 16389 9 16649 9 16909 9 17169 9 17430 8 17690 8 17950 8 18211 6 18471 6 18732 4 18993 3
df40099c6306ca1f47fcc8a62e2fa39486d4e223177afdc51b2ad189691802d8,12 23 271 24 531 24 791 24 1051 23 1311 23 1571 22 1832 21 2092 19 2353 17 2615 13 2879 3
df40099c6306ca1f47fcc8a62e2fa39486d4e223177afdc51b2ad189691802d8,29916 6 30176 9 30435 11 30695 11 30954 13 31213 14 31473 13 31732 14 31992 13 32252 13 32512 12 32773 10 33033 10 33294 8 33554 7 33815 5
df40099c6306ca1f47fcc8a62e2fa39486d4e223177afdc51b2ad189691802d8,74121 5 74379 10 74638 15 74897 18 75156 20 75416 20 75675 22 75935 22 76195 22 76455 21 76716 20 76976 19 77238 16 77501 11 77765 4
df40099c6306ca1f47fcc8a62e2fa39486d4e223177afdc51b2ad189691802d8,86344 6 86600 12 86858 15 87117 17 87377 18 87636 19 87896 20 88156 20 88417 19 88677 19 88937 18 89197 18 89456 19 89716 18 89975 19
df40099c6306ca1f47fcc8a62e2fa39486d4e223177afdc51b2ad189691802d8,47602 6 47860 9 48120 9 48379 11 48639 11 48898 12 49158 13 49417 14 49677 14 49937 14 50197 1 50210 1 50457 1 50470 1
df40099c6306ca1f47fcc8a62e2fa39486d4e223177afdc51b2ad189691802d8,50198 12 50458 12 50717 14 50977 14 51237 13 51497 13 51757 12 52017 12 52278 7 52538 5 52799 4 53060 2
df40099c6306ca1f47fcc8a62e2fa39486d4e223177afdc51b2ad189691802d8,52285 4 52543 7 52803 7 53062 7 53323 6 53583 6 53843 6 54103 6 54363 6 54623 6 54884 5 55144 5 55405 4 55666 4 55927 3
df40099c6306ca1f47fcc8a62e2fa39486d4e223177afdc51b2ad189691802d8,52292 3 52550 8 52810 9 53069 12 53329 12 53589 13 53849 13 54109 13 54369 13 54629 12 54889 12 55149 11 55409 10 55670 7 55930 4
df40099c6306ca1f47fcc8a62e2fa39486d4e223177afdc51b2ad189691802d8,65541 5 65799 6 66058 7 66318 8 66577 9 66838 9 67098 11 67359 9 67621 4
df40099c6306ca1f47fcc8a62e2fa39486d4e223177afdc51b2ad189691802d8,65029 3 65286 5 65546 5 65805 7 66065 7 66326 7 66586 8 66847 4
df40099c6306ca1f47fcc8a62e2fa39486d4e223177afdc51b2ad189691802d8,64516 7 64772 11 65032 12 65291 12 65551 12 65812 9 66072 7 66333 3
df40099c6306ca1f47fcc8a62e2fa39486d4e223177afdc51b2ad189691802d8,37206 12 37464 15 37723 17 37982 19 38241 20 38501 21 38760 21 39020 21 39280 21 39540 20 39799 21 40059 20 40319 20 40579 19 40840 16 41100 15 41361 13 41621 11 41883 7
df40099c6306ca1f47fcc8a62e2fa39486d4e223177afdc51b2ad189691802d8,9905 1 10163 3 10422 3 10682 3 10941 5 11201 5 11460 7 11721 7 11981 7 12242 7
df40099c6306ca1f47fcc8a62e2fa39486d4e223177afdc51b2ad189691802d8,9389 6 9647 8 9906 10 10166 10 10425 11 10685 11 10946 9 11206 9 11467 7 11728 5 11988 3
df40099c6306ca1f47fcc8a62e2fa39486d4e223177afdc51b2ad189691802d8,58798 6 59057 7 59316 9 59575 10 59834 12 60092 14 60351 15 60611 15 60870 15 61130 15 61389 15 61650 12 61910 11 62172 6
df40099c6306ca1f47fcc8a62e2fa39486d4e223177afdc51b2ad189691802d8,28120 6 28379 8 28638 10 28898 10 29157 12 29417 12 29676 13 29936 14 30196 14 30456 14 30716 14 30976 15 31236 15 31496 15 31756 15 32017 14 32277 14 32537 14 32798 12 33058 12 33319 10 33580 8 33841 5
df40099c6306ca1f47fcc8a62e2fa39486d4e223177afdc51b2ad189691802d8,78044 13 78302 18 78561 21 78820 23 79080 23 79339 25 79599 25 79859 25 80119 25 80380 24 80640 24 80901 23 81163 20 81426 17 81688 13 81950 9
df40099c6306ca1f47fcc8a62e2fa39486d4e223177afdc51b2ad189691802d8,65049 1 65306 4 65564 5 65824 5 66083 6 66343 7 66603 7 66863 8 67124 7 67384 9 67645 5
df40099c6306ca1f47fcc8a62e2fa39486d4e223177afdc51b2ad189691802d8,64016 7 64273 10 64532 12 64791 13 65050 14 65310 14 65569 15 65829 14 66089 14 66350 11 66610 10 66871 8 67131 5
df40099c6306ca1f47fcc8a62e2fa39486d4e223177afdc51b2ad189691802d8,41128 1 41387 2 41647 7 41906 14 42166 14 42427 12 42687 12 42948 10 43210 6
df40099c6306ca1f47fcc8a62e2fa39486d4e223177afdc51b2ad189691802d8,37498 3 37505 1 37753 12 38012 13 38272 13 38531 14 38790 16 39049 17 39309 17 39568 19 39828 19 40088 16 40348 15 40609 14 40868 14 41129 12 41389 12 41654 6
df40099c6306ca1f47fcc8a62e2fa39486d4e223177afdc51b2ad189691802d8,36987 3 37246 6 37506 7 37765 8 38025 9 38285 9 38545 9 38806 8 39066 7 39326 7 39587 5 39847 4
df40099c6306ca1f47fcc8a62e2fa39486d4e223177afdc51b2ad189691802d8,50 10 310 11 571 11 831 11 1092 11 1352 11 1613 10 1874 9 2135 8 2396 6 2658 4
df40099c6306ca1f47fcc8a62e2fa39486d4e223177afdc51b2ad189691802d8,24233 7 24493 8 24752 10 25012 8 25271 9 25531 8 25791 8 26051 8 26312 7 26572 7 26833 5 27093 5 27354 4 27614 4 27875 3 28136 2 28397 1 28658 1
df40099c6306ca1f47fcc8a62e2fa39486d4e223177afdc51b2ad189691802d8,25020 3 25280 5 25539 7 25799 8 26059 9 26319 10 26579 11 26838 13 27098 13 27358 14 27618 14 27878 14 28138 13 28398 13 28659 11 28919 10 29180 8 29441 5
df40099c6306ca1f47fcc8a62e2fa39486d4e223177afdc51b2ad189691802d8,51797 5 52056 8 52316 9 52575 10 52835 11 53095 11 53355 11 53615 10 53874 11 54133 11 54393 10 54652 10 54912 10 55173 8 55433 7 55694 5
df40099c6306ca1f47fcc8a62e2fa39486d4e223177afdc51b2ad189691802d8,67668 7 67928 8 68187 10 68447 11 68707 11 68967 12 69227 12 69487 12 69747 11 70007 11 70268 9 70528 7 70790 4
df40099c6306ca1f47fcc8a62e2fa39486d4e223177afdc51b2ad189691802d8,83271 4 83530 8 83790 10 84049 13 84309 14 84569 15 84830 15 85090 16 85351 15 85611 16 85872 15 86132 15 86393 14 86653 14 86914 13 87176 10 87438 8 87700 4
df40099c6306ca1f47fcc8a62e2fa39486d4e223177afdc51b2ad189691802d8,23999 4 24257 7 24517 8 24776 9 25036 10 25295 11 25555 12 25815 12 26075 12 26336 11 26596 11 26857 9 27117 9 27379 6
df40099c6306ca1f47fcc8a62e2fa39486d4e223177afdc51b2ad189691802d8,25055 4 25314 6 25573 8 25833 8 26092 10 26352 10 26611 11 26871 12 27130 13 27390 14 27650 15 27910 16 28170 17 28430 17 28690 18 28950 18 29210 18 29470 18 29730 19 29991 18 30251 17 30512 16 30774 13 31040 6
df40099c6306ca1f47fcc8a62e2fa39486d4e223177afdc51b2ad189691802d8,16998 4 17255 10 17514 12 17773 14 18033 15 18292 17 18552 17 18812 14 19073 11 19333 10 19594 8 19855 6 20116 5 20378 2 20639 1 20900 1
df40099c6306ca1f47fcc8a62e2fa39486d4e223177afdc51b2ad189691802d8,18826 5 19084 8 19343 9 19602 9 19861 10 20121 10 20380 11 20640 11 20901 11 21161 11 21422 11 21683 9 21944 7 22205 5
df40099c6306ca1f47fcc8a62e2fa39486d4e223177afdc51b2ad189691802d8,18058 4 18316 8 18575 10 18833 13 19092 15 19352 16 19611 18 19871 19 20131 19 20391 20 20651 20 20912 19 21172 19 21435 15 21697 13 21959 10 22221 6
df40099c6306ca1f47fcc8a62e2fa39486d4e223177afdc51b2ad189691802d8,44565 1 44823 3 45081 4 45340 5 45599 7 45858 8 46118 9 46377 12 46637 11 46897 11 47157 10 47418 8 47678 6
df40099c6306ca1f47fcc8a62e2fa39486d4e223177afdc51b2ad189691802d8,41200 6 41458 10 41716 12 41975 14 42234 15 42493 16 42752 17 43012 17 43271 18 43531 18 43790 18 44050 18 44309 18 44566 20 44826 20 45085 20 45345 19 45606 18 45866 17 46127 16 46392 10 46653 8 46914 5
df40099c6306ca1f47fcc8a62e2fa39486d4e223177afdc51b2ad189691802d8,85389 5 85646 9 85905 10 86164 12 86422 14 86681 15 86940 15 87200 15 87459 15 87719 15 87978 15 88238 15 88499 12 88759 10 89020 5
df40099c6306ca1f47fcc8a62e2fa39486d4e223177afdc51b2ad189691802d8,68743 5 69002 6 69262 5 69521 6 69781 6 70041 5 70301 5 70562 4 70822 5 71083 4
df40099c6306ca1f47fcc8a62e2fa39486d4e223177afdc51b2ad189691802d8,68748 5 69008 7 69267 9 69527 9 69787 10 70046 11 70306 11 70566 10 70827 9 71087 8
df40099c6306ca1f47fcc8a62e2fa39486d4e223177afdc51b2ad189691802d8,76812 4 77070 8 77328 11 77587 13 77847 14 78106 15 78366 16 78626 16 78886 17 79146 17 79406 18 79666 18 79926 18 80186 18 80446 18 80707 16 80967 16 81228 14 81489 13 81750 6 81760 1 82012 2 82273 1
df40099c6306ca1f47fcc8a62e2fa39486d4e223177afdc51b2ad189691802d8,81756 4 82014 7 82274 7 82533 10 82793 11 83053 13 83312 15 83572 15 83832 16 84093 15 84353 16 84615 14 84876 12 85137 11 85399 8
df40099c6306ca1f47fcc8a62e2fa39486d4e223177afdc51b2ad189691802d8,4012 7 4270 12 4529 15 4788 17 5048 18 5307 19 5567 20 5827 20 6087 21 6348 21 6608 21 6869 21 7129 21 7390 19 7650 19 7911 16 8172 13 8433 11 8693 11 8953 10 9214 9 9474 8 9735 6
df40099c6306ca1f47fcc8a62e2fa39486d4e223177afdc51b2ad189691802d8,54727 4 54985 8 55243 11 55502 12 55761 14 56020 15 56279 16 56539 16 56798 16 57058 16 57317 16 57577 15 57837 15 58097 14 58357 13 58618 11 58878 9 59140 4
df40099c6306ca1f47fcc8a62e2fa39486d4e223177afdc51b2ad189691802d8,59927 9 60185 13 60444 15 60704 15 60963 17 61223 17 61484 15 61744 15 62005 13 62266 10 62528 5
df40099c6306ca1f47fcc8a62e2fa39486d4e223177afdc51b2ad189691802d8,1963 7 2218 12 2476 15 2734 17 2992 19 3250 20 3509 21 3769 20 4028 20 4288 20 4549 19 4809 13 5071 10 5334 3 5596 1
df40099c6306ca1f47fcc8a62e2fa39486d4e223177afdc51b2ad189691802d8,4822 6 5081 8 5337 12 5597 13 5856 15 6117 14 6377 15 6637 15 6898 15 7158 15 7418 15 7678 15 7939 13 8199 13 8460 12 8721 10 8982 9 9243 7 9505 3
df40099c6306ca1f47fcc8a62e2fa39486d4e223177afdc51b2ad189691802d8,12355 8 12612 15 12871 17 13130 19 13390 19 13649 21 13909 21 14169 21 14429 21 14689 20 14950 19 15210 18 15471 16 15732 15 15993 13 16254 11 16515 8 16777 4
df40099c6306ca1f47fcc8a62e2fa39486d4e223177afdc51b2ad189691802d8,71112 2 71372 2 71631 15 71891 16 72151 16 72411 16 72671 16 72931 16 73191 16 73451 15 73711 15 73971 14 74232 13 74492 12 74753 11 75013 10 75274 9 75536 6
df40099c6306ca1f47fcc8a62e2fa39486d4e223177afdc51b2ad189691802d8,65138 1 65397 1 65657 2 65916 3 66176 7 66436 8 66695 10 66954 12 67213 16 67471 18 67731 19 67990 22 68250 22 68510 23 68770 23 69030 23 69291 22 69551 21 69812 20 70073 18 70333 17 70593 15 70853 14 71114 13 71374 12
df40099c6306ca1f47fcc8a62e2fa39486d4e223177afdc51b2ad189691802d8,63066 9 63325 12 63583 15 63842 17 64102 17 64361 19 64620 20 64879 21 65139 20 65398 21 65659 19 65919 18 66183 13 66444 11 66705 9 66966 6
df40099c6306ca1f47fcc8a62e2fa39486d4e223177afdc51b2ad189691802d8,46673 7 46933 9 47192 12 47452 14 47712 15 47972 16 48233 15 48493 16 48753 16 49013 16 49274 15 49534 14 49795 13 50056 11 50317 9 50579 4
df40099c6306ca1f47fcc8a62e2fa39486d4e223177afdc51b2ad189691802d8,75802 5 76061 7 76320 9 76579 10 76838 12 77097 13 77356 14 77616 14 77875 15 78135 15 78394 16 78654 16 78913 17 79173 15 79433 14 79693 13 79953 12 80213 11 80474 10 80734 9 80995 8 81257 4
df40099c6306ca1f47fcc8a62e2fa39486d4e223177afdc51b2ad189691802d8,79188 3 79447 6 79706 8 79965 9 80224 11 80484 11 80743 12 81003 12 81264 11 81524 11 81784 10 82044 10 82304 9 82565 7 82825 6
df40099c6306ca1f47fcc8a62e2fa39486d4e223177afdc51b2ad189691802d8,51112 5 51371 7 51631 7 51891 6 52152 4
df40099c6306ca1f47fcc8a62e2fa39486d4e223177afdc51b2ad189691802d8,88820 4 89079 7 89337 10 89596 12 89856 12 90116 12
df40099c6306ca1f47fcc8a62e2fa39486d4e223177afdc51b2ad189691802d8,10556 5 10816 7 11075 11 11336 12 11596 12 11857 11 12117 12 12378 11 12639 12 12901 10 13162 8 13424 5
df40099c6306ca1f47fcc8a62e2fa39486d4e223177afdc51b2ad189691802d8,3292 8 3550 10 3809 12 4068 13 4327 15 4587 15 4846 16 5106 15 5366 15 5626 15 5887 14 6147 8 6408 3 6669 2
df40099c6306ca1f47fcc8a62e2fa39486d4e223177afdc51b2ad189691802d8,6155 6 6411 10 6671 11 6930 13 7191 13 7451 14 7710 15 7969 17 8229 17 8488 19 8748 19 9008 20 9268 20 9528 20 9788 21 10048 21 10308 21 10568 21 10829 20 11089 20 11348 20 11608 20 11868 19 12129 18 12389 17 12652 13 12914 10 13175 8 13436 5
df40099c6306ca1f47fcc8a62e2fa39486d4e223177afdc51b2ad189691802d8,30064 7 30321 13 30579 17 30837 20 31097 20 31356 22 31616 22 31876 22 32136 21 32397 20 32657 19 32918 17 33179 14 33441 10 33704 5
df40099c6306ca1f47fcc8a62e2fa39486d4e223177afdc51b2ad189691802d8,33457 9 33713 14 33971 16 34231 17 34490 18 34750 18 35010 17 35269 18 35529 18 35790 19 36050 21 36310 21 36570 22 36828 24 37087 25 37346 26 37605 27 37865 26 38124 27 38384 26 38644 25 38904 23 39165 20 39425 16 39686 11 39948 6
df40099c6306ca1f47fcc8a62e2fa39486d4e223177afdc51b2ad189691802d8,19150 2 19408 5 19668 6 19927 7 20187 7 20447 6 20708 5 20969 2
df40099c6306ca1f47fcc8a62e2fa39486d4e223177afdc51b2ad189691802d8,54247 4 54506 4 54766 4 55025 5 55285 6 55545 6 55806 5 56066 6 56327 5
df40099c6306ca1f47fcc8a62e2fa39486d4e223177afdc51b2ad189691802d8,53991 8 54251 8 54510 10 54770 10 55030 10 55291 9 55551 8 55811 8 56072 6 56332 3
df40099c6306ca1f47fcc8a62e2fa39486d4e223177afdc51b2ad189691802d8,63876 7 64134 11 64393 12 64651 15 64910 16 65168 18 65427 19 65686 20 65946 20 66205 20 66465 20 66725 19 66985 19 67245 18 67506 16 67766 14 68028 9
df40099c6306ca1f47fcc8a62e2fa39486d4e223177afdc51b2ad189691802d8,75057 4 75315 8 75574 10 75833 11 76092 13 76352 13 76611 14 76869 15 77128 16 77387 16 77646 16 77906 15 78165 15 78425 13 78685 12 78946 10 79206 8 79467 6
df40099c6306ca1f47fcc8a62e2fa39486d4e223177afdc51b2ad189691802d8,25140 6 25399 8 25658 9 25917 11 26176 12 26435 13 26694 14 26954 13 27213 14 27473 13 27734 10 27994 6
df40099c6306ca1f47fcc8a62e2fa39486d4e223177afdc51b2ad189691802d8,20982 5 21237 10 21496 10 21755 11 22015 11 22274 12 22535 11 22795 11 23056 10 23316 10 23577 9 23839 7 24102 5
df40099c6306ca1f47fcc8a62e2fa39486d4e223177afdc51b2ad189691802d8,20987 6 21247 8 21506 10 21766 10 22026 11 22286 11 22546 12 22806 11 23066 11 23326 10 23586 10 23846 9 24107 7 24367 6
df40099c6306ca1f47fcc8a62e2fa39486d4e223177afdc51b2ad189691802d8,3317 3 3570 11 3828 13 4087 15 4347 15 4606 16 4866 15 5126 15 5387 12 5647 10 5908 8 6170 5
df40099c6306ca1f47fcc8a62e2fa39486d4e223177afdc51b2ad189691802d8,69096 4 69354 8 69613 10 69872 11 70131 13 70390 14 70650 15 70909 16 71169 16 71429 16 71689 16 71949 16 72209 16 72469 16 72729 15 72989 15 73249 14 73510 12 73770 12 74031 10 74291 8 74553 4
df40099c6306ca1f47fcc8a62e2fa39486d4e223177afdc51b2ad189691802d8,60267 3 60526 5 60786 5 61040 4 61045 7 61298 14 61556 17 61815 18 62074 19 62333 20 62593 19 62852 20 63112 18 63372 16 63632 13 63893 10 64153 8
df40099c6306ca1f47fcc8a62e2fa39486d4e223177afdc51b2ad189691802d8,31138 5 31396 6 31655 7 31914 8 32174 8 32433 10 32694 9 32954 9 33215 9 33475 9 33736 10 33999 3
df40099c6306ca1f47fcc8a62e2fa39486d4e223177afdc51b2ad189691802d8,30626 1 30883 4 31143 3 31402 4 31662 4 31922 4 32182 5 32443 4 32703 4 32963 4 33224 4 33484 4
df40099c6306ca1f47fcc8a62e2fa39486d4e223177afdc51b2ad189691802d8,30370 9 30627 12 30887 13 31146 14 31406 14 31666 14 31926 14 32187 12 32447 12 32707 10 32967 9 33228 6 33488 3
df40099c6306ca1f47fcc8a62e2fa39486d4e223177afdc51b2ad189691802d8,11380 5 11637 9 11896 12 12155 16 12415 16 12674 18 12935 17 13195 16 13456 15 13719 6
df40099c6306ca1f47fcc8a62e2fa39486d4e223177afdc51b2ad189691802d8,56359 3 56617 7 56877 8 57136 10 57396 10 57656 11 57916 11 58177 10 58437 10 58698 8 58959 7 59221 4
df40099c6306ca1f47fcc8a62e2fa39486d4e223177afdc51b2ad189691802d8,51692 5 51949 9 52207 12 52466 13 52725 15 52984 16 53243 18 53503 18 53762 19 54022 19 54282 18 54542 18 54802 18 55063 16 55323 16 55585 13 55846 11 56107 8 56370 3
df40099c6306ca1f47fcc8a62e2fa39486d4e223177afdc51b2ad189691802d8,73527 8 73784 13 74043 15 74303 15 74562 17 74822 17 75082 17 75342 18 75603 17 75863 8 75878 2 76124 2 76138 1 76385 1
df40099c6306ca1f47fcc8a62e2fa39486d4e223177afdc51b2ad189691802d8,75871 7 76126 12 76386 13 76645 14 76905 18 77164 21 77424 23 77684 23 77943 25 78203 25 78463 26 78723 26 78983 25 79244 24 79504 23 79765 21 80026 18 80286 16 80548 11
df40099c6306ca1f47fcc8a62e2fa39486d4e223177afdc51b2ad189691802d8,37130 5 37388 8 37647 11 37907 15 38166 19 38426 20 38686 21 38946 21 39206 22 39466 22 39725 23 39985 23 40245 23 40505 22 40766 21 41026 19 41287 17 41548 15 41809 12 42072 7
df40099c6306ca1f47fcc8a62e2fa39486d4e223177afdc51b2ad189691802d8,56385 7 56643 10 56900 13 57159 15 57418 16 57677 17 57936 17 58195 18 58455 17 58714 17 58974 17 59234 16 59494 14 59755 12 60015 10 60276 8 60537 5
df40099c6306ca1f47fcc8a62e2fa39486d4e223177afdc51b2ad189691802d8,6465 6 6724 7 6984 8 7243 9 7503 9 7763 8 8023 8 8284 6 8544 5
df40099c6306ca1f47fcc8a62e2fa39486d4e223177afdc51b2ad189691802d8,45473 5 45731 10 45990 13 46250 13 46509 15 46769 15 47028 16 47288 17 47548 17 47808 17 48068 17 48329 16 48589 16 48849 16 49109 16 49369 15 49630 14 49890 13 50151 12 50412 10 50674 7 50936 3
df40099c6306ca1f47fcc8a62e2fa39486d4e223177afdc51b2ad189691802d8,88121 7 88378 11 88636 13 88895 15 89155 15 89414 16 89674 15 89934 15 90194 14
df40099c6306ca1f47fcc8a62e2fa39486d4e223177afdc51b2ad189691802d8,37419 4 37678 7 37937 8 38197 9 38456 10 38716 11 38976 11 39236 11 39496 11 39756 11 40016 10 40276 10 40536 9 40797 7 41057 6
df40099c6306ca1f47fcc8a62e2fa39486d4e223177afdc51b2ad189691802d8,31963 3 32221 4 32480 5 32739 6 32999 7 33258 8 33519 8 33779 8 34041 8
df40099c6306ca1f47fcc8a62e2fa39486d4e223177afdc51b2ad189691802d8,31450 2 31706 6 31966 5 32225 6 32485 7 32745 7 33006 7 33266 7 33527 8 33787 5
df40099c6306ca1f47fcc8a62e2fa39486d4e223177afdc51b2ad189691802d8,27558 3 27817 4 28075 6 28334 7 28593 8 28853 8 29112 9 29372 9 29632 9 29892 9 30153 8 30413 8 30674 7 30934 7 31194 7 31452 9 31712 9 31971 10 32231 10 32492 9 32752 9 33013 7 33273 4
df40099c6306ca1f47fcc8a62e2fa39486d4e223177afdc51b2ad189691802d8,51730 3 51986 9 52244 11 52503 13 52760 16 53019 17 53279 17 53538 17 53798 17 54058 16 54319 14 54579 10
df40099c6306ca1f47fcc8a62e2fa39486d4e223177afdc51b2ad189691802d8,68631 8 68888 12 69146 15 69405 16 69664 17 69924 17 70183 18 70443 18 70702 19 70962 19 71222 18 71483 16 71743 14 72004 11 72267 5
df40099c6306ca1f47fcc8a62e2fa39486d4e223177afdc51b2ad189691802d8,19236 5 19493 8 19751 10 20010 11 20270 11 20529 12 20789 12 21049 12 21309 12 21570 11 21830 11 22091 10 22353 8
df40099c6306ca1f47fcc8a62e2fa39486d4e223177afdc51b2ad189691802d8,60059 2 60318 3 60576 5 60835 6 61094 7 61354 7 61613 8 61873 8 62133 8 62394 7 62655 5
df40099c6306ca1f47fcc8a62e2fa39486d4e223177afdc51b2ad189691802d8,78779 2 79038 3 79297 4 79557 4 79816 5 80076 5 80337 4 80598 3 80859 2 81119 2
df40099c6306ca1f47fcc8a62e2fa39486d4e223177afdc51b2ad189691802d8,64999 2 65258 3 65517 4 65777 4 66037 4 66297 4 66557 4 66818 3 67079 1
e17b7aedd251a016c01ef9158e6e4aa940d9f1b35942d86028dc1222192a9258,32034 5 32288 12 32542 16 32797 18 33052 19 33308 20 33563 20 33819 20 34074 20 34330 20 34587 18 34843 17 35100 15 35357 12 35614 9 35872 4
e17b7aedd251a016c01ef9158e6e4aa940d9f1b35942d86028dc1222192a9258,45364 4 45617 9 45871 12 46126 14 46381 15 46636 17 46892 17 47147 18 47403 18 47659 18 47915 18 48171 17 48427 17 48684 15 48940 14 49197 12 49454 9
e17b7aedd251a016c01ef9158e6e4aa940d9f1b35942d86028dc1222192a9258,22080 9 22334 13 22589 15 22844 17 23100 17 23355 19 23611 19 23867 19 24124 17 24380 17 24637 15 24894 14 25152 10
e17b7aedd251a016c01ef9158e6e4aa940d9f1b35942d86028dc1222192a9258,6754 7 7008 11 7263 13 7519 14 7774 16 8030 17 8285 19 8541 19 8798 19 9054 19 9311 18 9567 17 9824 16 10081 14 10339 11 10597 7
e17b7aedd251a016c01ef9158e6e4aa940d9f1b35942d86028dc1222192a9258,37513 5 37767 9 38022 11 38277 12 38532 14 38788 14 39043 15 39299 14 39555 14 39812 12 40068 10 40325 8
e17b7aedd251a016c01ef9158e6e4aa940d9f1b35942d86028dc1222192a9258,6342 7 6596 10 6851 11 7106 13 7362 13 7617 15 7873 15 8129 15 8384 15 8640 15 8897 13 9153 12 9410 10 9667 7
eea70a7948d25a9a791dbcb39228af4ea4049fe5ebdee9c04884be8cca3da835,1 14 520 14 1039 11 1560 3
eea70a7948d25a9a791dbcb39228af4ea4049fe5ebdee9c04884be8cca3da835,10383 7 10900 15 11419 18 11938 20 12457 21 12976 23 13495 24 14014 25 14533 27 15052 28 15571 28 16090 29 16609 29 17128 30 17647 31 18166 31 18685 32 19204 32 19723 32 20244 30 20766 27 21287 24 21809 21 22331 16 22854 9
eea70a7948d25a9a791dbcb39228af4ea4049fe5ebdee9c04884be8cca3da835,62809 9 63323 18 63839 24 64357 26 64876 28 65395 29 65914 29 66433 30 66952 30 67471 31 67990 31 68509 31 69028 31 69547 31 70066 31 70585 30 71104 30 71623 29 72142 29 72661 28 73180 28 73699 27 74218 26 74737 25 75256 23 75775 21 76294 19 76813 16 77332 12 77852 4
eea70a7948d25a9a791dbcb39228af4ea4049fe5ebdee9c04884be8cca3da835,45686 2 46202 5 46719 6 47237 7 47755 8 48273 9 48791 10 49310 10 49828 11 50347 11 50866 12 51385 12 51904 12 52424 11 52943 11 53463 10 53983 9 54502 9 55023 8 55543 7
eea70a7948d25a9a791dbcb39228af4ea4049fe5ebdee9c04884be8cca3da835,45688 8 46207 12 46725 15 47244 18 47763 19 48282 20 48801 20 49320 21 49839 21 50358 21 50878 19 51397 19 51916 18 52435 18 52954 17 53473 16 53992 15 54511 13 55031 10 55550 6
eea70a7948d25a9a791dbcb39228af4ea4049fe5ebdee9c04884be8cca3da835,24933 10 25450 12 25967 13 26485 14 27004 14 27522 15 28041 15 28560 15 29079 15 29598 15 30117 15 30637 14 31156 14 31676 13 32195 13 32715 12 33235 11 33756 9 34276 8 34796 7 35317 5 35838 4 36360 1
eea70a7948d25a9a791dbcb39228af4ea4049fe5ebdee9c04884be8cca3da835,24943 3 25462 6 25980 9 26499 11 27018 12 27537 14 28056 15 28575 16 29094 18 29613 19 30132 20 30651 21 31170 22 31689 23 32208 23 32727 24 33246 24 33765 24 34284 24 34803 24 35322 24 35842 23 36361 22 36882 20 37404 16 37926 10
eea70a7948d25a9a791dbcb39228af4ea4049fe5ebdee9c04884be8cca3da835,111622 7 112138 12 112655 16 113173 18 113691 20 114210 21 114728 23 115247 24 115766 25 116284 26 116803 27 117323 26 117842 27 118362 26 118881 26 119401 26 119920 26 120440 25 120959 25 121479 24 121998 25 122518 24 123038 23 123558 21 124078 20 124599 17 125121 13 125645 6
eea70a7948d25a9a791dbcb39228af4ea4049fe5ebdee9c04884be8cca3da835,56092 7 56609 9 57127 9 57644 11 58162 12 58680 13 59198 14 59717 14 60235 15 60754 15 61273 15 61792 15 62312 14 62831 14 63352 12 63874 9 64397 6 64920 2
eea70a7948d25a9a791dbcb39228af4ea4049fe5ebdee9c04884be8cca3da835,55582 1 56099 3 56618 4 57136 5 57655 6 58174 9 58693 10 59212 13 59731 16 60250 16 60769 16 61288 16 61807 16 62326 15 62845 15 63364 14 63883 14 64403 11 64922 10 65443 6
eea70a7948d25a9a791dbcb39228af4ea4049fe5ebdee9c04884be8cca3da835,47297 10 47813 14 48330 16 48847 19 49364 21 49882 22 50399 24 50917 25 51435 26 51953 26 52471 27 52990 27 53508 27 54027 27 54546 26 55065 26 55583 26 56102 25 56622 23 57141 22 57661 20 58183 15 58703 12 59225 6
eea70a7948d25a9a791dbcb39228af4ea4049fe5ebdee9c04884be8cca3da835,49 20 566 23 1085 23 1603 24 2122 24 2640 26 3159 26 3678 26 4197 27 4715 28 5235 24 5754 23 6273 23 6793 21 7312 21 7832 20 8353 15 8873 12 9396 4
eea70a7948d25a9a791dbcb39228af4ea4049fe5ebdee9c04884be8cca3da835,4230 4 4745 10 5259 16 5777 18 6296 18 6814 20 7333 20 7852 20 8372 20 8891 20 9409 21 9928 21 10447 21 10966 21 11485 21 12004 21 12523 21 13042 21 13561 21 14080 21 14600 19 15119 19 15639 18 16159 16 16679 15 17200 11 17722 6
eea70a7948d25a9a791dbcb39228af4ea4049fe5ebdee9c04884be8cca3da835,81038 13 81554 18 82070 22 82587 25 83104 27 83620 31 84137 33 84654 35 85171 37 85689 38 86207 38 86725 39 87243 39 87761 40 88280 39 88798 39 89317 38 89836 37 90355 35 90874 33 91394 30 91913 27 92433 22 92952 18 93473 12
eea70a7948d25a9a791dbcb39228af4ea4049fe5ebdee9c04884be8cca3da835,93000 5 93517 10 94034 13 94552 16 95069 19 95588 19 96106 21 96624 22 97143 23 97661 24 98179 26 98697 27 99215 29 99734 28 100252 29 100771 28 101290 27 101809 26 102329 24 102848 23 103368 20 103887 19 104407 16 104928 12
eea70a7948d25a9a791dbcb39228af4ea4049fe5ebdee9c04884be8cca3da835,113757 10 114274 14 114792 16 115310 19 115828 20 116346 22 116865 23 117383 24 117902 25 118420 26 118939 26 119458 27 119977 27 120496 27 121014 28 121534 27 122053 27 122572 26 123091 26 123610 26 124130 25 124649 24 125168 24 125688 22 126207 22 126727 20 127246 19 127767 16 128289 12 128811 7
eea70a7948d25a9a791dbcb39228af4ea4049fe5ebdee9c04884be8cca3da835,21905 8 22423 11 22942 13 23460 15 23979 16 24498 17 25016 18 25535 19 26054 19 26573 19 27092 19 27611 20 28130 20 28649 21 29168 21 29687 21 30207 20 30726 21 31245 21 31765 21 32284 21 32804 22 33323 22 33843 22 34363 20 34883 19 35403 16 35924 14 36444 12 36966 8
eea70a7948d25a9a791dbcb39228af4ea4049fe5ebdee9c04884be8cca3da835,50457 9 50975 12 51493 15 52011 16 52530 18 53048 19 53567 20 54086 20 54605 21 55124 21 55643 21 56162 21 56681 22 57200 22 57719 22 58238 23 58757 23 59277 22 59796 22 60316 21 60835 21 61355 20 61874 20 62394 19 62913 19 63432 19 63952 17 64471 17 64991 15 65510 15 66031 12 66551 11 67072 7
eea70a7948d25a9a791dbcb39228af4ea4049fe5ebdee9c04884be8cca3da835,79534 9 80049 15 80567 17 81084 20 81602 22 82120 24 82639 24 83157 26 83676 26 84194 28 84713 28 85232 28 85751 28 86270 28 86788 29 87307 29 87826 28 88345 28 88865 26 89384 22 89904 17 90423 15 90943 13 91463 2 91474 1 91982 1 91993 1
eea70a7948d25a9a791dbcb39228af4ea4049fe5ebdee9c04884be8cca3da835,91465 9 91983 10 92502 11 93020 12 93539 12 94057 14 94576 15 95094 18 95613 19 96131 21 96650 22 97169 23 97688 24 98207 24 98726 25 99246 24 99765 24 100285 23 100804 24 101323 24 101842 23 102361 23 102881 22 103400 21 103920 20 104440 18 104961 15 105482 11 106004 6
eea70a7948d25a9a791dbcb39228af4ea4049fe5ebdee9c04884be8cca3da835,125731 5 126247 11 126764 15 127282 17 127801 19 128319 20 128838 21 129356 22 129875 23 130393 24 130912 25
eea70a7948d25a9a791dbcb39228af4ea4049fe5ebdee9c04884be8cca3da835,20894 1 21411 3 21929 5 22448 5 22966 8 23485 9 24003 14 24522 14 25041 14 25560 14 26078 16 26597 16 27116 16 27635 17 28154 16 28673 16 29192 16 29711 15 30231 14 30750 13 31270 12 31789 11 32310 8 32830 6
eea70a7948d25a9a791dbcb39228af4ea4049fe5ebdee9c04884be8cca3da835,8957 6 9474 11 9992 14 10510 17 11028 19 11547 20 12065 22 12584 23 13103 23 13622 24 14141 25 14660 26 15180 13 15699 3 16219 2 16738 1 17258 1
eea70a7948d25a9a791dbcb39228af4ea4049fe5ebdee9c04884be8cca3da835,15193 12 15702 23 16221 23 16739 25 17259 24 17778 25 18298 24 18818 23 19338 23 19858 22 20377 22 20895 22 21414 22 21934 20 22453 20 22974 17 23494 14
eea70a7948d25a9a791dbcb39228af4ea4049fe5ebdee9c04884be8cca3da835,112256 14 112773 18 113290 22 113808 24 114326 26 114844 29 115363 30 115881 32 116400 32 116918 34 117437 34 117956 35 118475 35 118994 35 119513 36 120032 36 120552 35 121071 34 121591 33 122110 33 122630 31 123150 30 123671 27 124191 25 124712 21 125234 16 125757 7
eea70a7948d25a9a791dbcb39228af4ea4049fe5ebdee9c04884be8cca3da835,54647 3 55164 8 55682 10 56200 12 56719 13 57237 15 57756 16 58275 16 58794 17 59313 17 59832 18 60351 18 60870 19 61389 16 61908 15 62427 13 62946 12 63466 10 63985 9 64505 2 65024 2 66063 1
eea70a7948d25a9a791dbcb39228af4ea4049fe5ebdee9c04884be8cca3da835,60895 5 61405 4 61411 10 61923 17 62440 20 62958 21 63476 23 63994 24 64507 30 65026 31 65544 32 66064 31 66583 31 67103 30 67623 29 68143 28 68662 27 69182 26 69701 26 70221 25 70740 24 71260 23 71780 22 72301 19 72824 15 73345 12 73865 10 74385 7
eea70a7948d25a9a791dbcb39228af4ea4049fe5ebdee9c04884be8cca3da835,174 16 691 19 1209 20 1727 22 2245 23 2764 24 3282 25 3801 26 4319 27 4838 27 5357 27 5875 28 6394 28 6912 28 7431 28 7950 27 8469 27 8988 27 9508 25 10027 25 10547 23 11066 23 11586 21 12105 20 12625 18 13146 14 13667 10
eea70a7948d25a9a791dbcb39228af4ea4049fe5ebdee9c04884be8cca3da835,22501 3 23017 9 23534 13 24053 15 24571 17 25090 18 25608 20 26127 21 26646 22 27165 23 27684 23 28203 24 28723 24 29242 24 29762 24 30281 25 30801 24 31320 25 31840 24 32359 25 32879 24 33398 24 33918 24 34438 23 34958 22 35477 22 35997 21 36517 21 37036 20 37556 19 38075 19 38595 17 39115 16 39636 13 40157 10 40678 6
eea70a7948d25a9a791dbcb39228af4ea4049fe5ebdee9c04884be8cca3da835,64025 3 64544 4 65062 6 65581 9 66099 12 66618 13 67136 15 67655 16 68175 16 68694 16 69213 17 69733 16 70252 17 70771 17 71290 17 71809 18 72328 18 72847 18 73366 18 73886 18 74405 18 74924 18 75444 17 75963 17 76483 16 77003 15 77522 14 78042 13 78563 10 79084 6
eea70a7948d25a9a791dbcb39228af4ea4049fe5ebdee9c04884be8cca3da835,98289 10 98806 15 99324 18 99841 23 100360 25 100878 27 101397 29 101915 32 102434 33 102953 34 103472 34 103991 35 104510 35 105029 35 105549 34 106068 34 106588 33 107107 33 107627 31 108147 30 108667 29 109187 27 109708 25 110230 21 110753 16 111275 10
eea70a7948d25a9a791dbcb39228af4ea4049fe5ebdee9c04884be8cca3da835,55223 3 55739 9 56258 10 56776 13 57295 14 57814 15 58333 15 58852 17 59371 18 59890 19 60409 19 60928 17 61448 15 61967 13 62487 10 63006 8 63525 6 64045 4 64564 4 65084 2 65603 2 66123 1
eea70a7948d25a9a791dbcb39228af4ea4049fe5ebdee9c04884be8cca3da835,60945 4 61463 6 61980 9 62497 11 63014 14 63531 16 64049 18 64568 19 65086 20 65605 21 66124 21 66644 20 67163 20 67683 18 68203 17 68724 14 69247 7
eea70a7948d25a9a791dbcb39228af4ea4049fe5ebdee9c04884be8cca3da835,83783 9 84300 13 84818 15 85336 16 85855 17 86373 18 86892 18 87410 20 87929 20 88448 20 88966 21 89485 21 90004 21 90523 20 91042 20 91561 20 92080 20 92599 19 93118 19 93638 17 94157 17 94677 15 95196 14 95716 12 96237 8
eea70a7948d25a9a791dbcb39228af4ea4049fe5ebdee9c04884be8cca3da835,53185 10 53702 15 54220 18 54739 19 55257 22 55776 22 56295 23 56814 23 57333 24 57852 24 58371 24 58890 24 59409 24 59929 23 60448 23 60967 23 61486 23 62005 23 62525 22 63044 22 63563 22 64082 21 64602 20 65121 19 65640 19 66160 17 66679 17 67199 15 67718 15 68239 11 68759 9 69281 3
eea70a7948d25a9a791dbcb39228af4ea4049fe5ebdee9c04884be8cca3da835,129492 8 130009 12 130527 14 131045 15
eea70a7948d25a9a791dbcb39228af4ea4049fe5ebdee9c04884be8cca3da835,260 7 778 9
eea70a7948d25a9a791dbcb39228af4ea4049fe5ebdee9c04884be8cca3da835,95250 3 95766 9 96284 11 96802 14 97321 15 97839 17 98358 18 98876 20 99395 20 99914 21 100433 22 100953 21 101472 22 101991 22 102510 22 103029 23 103548 23 104067 23 104587 23 105106 23 105625 23 106145 22 106664 22 107184 20 107703 20 108223 18 108743 17 109264 14 109786 10
eea70a7948d25a9a791dbcb39228af4ea4049fe5ebdee9c04884be8cca3da835,15337 7 15854 10 16371 13 16888 16 17406 17 17923 20 18441 21 18958 23 19476 24 19994 25 20512 25 21030 26 21548 26 22067 25 22585 25 23104 25 23623 24 24142 23 24660 23 25179 22 25698 22 26217 22 26736 21 27255 21 27775 19 28294 18 28814 16 29334 13 29854 10
eea70a7948d25a9a791dbcb39228af4ea4049fe5ebdee9c04884be8cca3da835,71909 1 72424 5 72941 8 73459 9 73977 12 74495 14 75014 15 75532 18 76051 19 76570 19 77088 21 77607 21 78127 20 78646 10 79165 1 79684 1
eea70a7948d25a9a791dbcb39228af4ea4049fe5ebdee9c04884be8cca3da835,78656 11 79166 20 79685 21 80203 22 80723 21 81242 22 81762 21 82282 21 82801 21 83321 20 83840 20 84360 19 84880 18 85400 16 85920 15 86442 10 86965 3
eea70a7948d25a9a791dbcb39228af4ea4049fe5ebdee9c04884be8cca3da835,56866 7 57383 12 57901 14 58419 16 58937 17 59455 19 59974 19 60492 21 61011 21 61529 22 62048 22 62566 23 63085 23 63604 23 64123 23 64642 23 65161 23 65680 23 66199 23 66718 23 67237 23 67756 23 68276 21 68795 21 69315 20 69834 19 70353 19 70873 17 71392 17 71910 17 72429 16 72949 14 73468 14 73989 10 74509 7 75029 3
eea70a7948d25a9a791dbcb39228af4ea4049fe5ebdee9c04884be8cca3da835,30922 7 31440 11 31958 12 32477 13 32995 14 33514 15 34032 17 34551 19 35070 19 35589 19 36108 19 36627 1 36645 1 37146 1 37164 1
eea70a7948d25a9a791dbcb39228af4ea4049fe5ebdee9c04884be8cca3da835,36628 17 37147 17 37665 19 38184 19 38702 20 39221 20 39740 20 40259 19 40778 19 41298 18 41817 17 42336 17 42855 16 43375 14 43894 13 44414 10 44935 5
eea70a7948d25a9a791dbcb39228af4ea4049fe5ebdee9c04884be8cca3da835,20566 6 21082 10 21599 12 22116 15 22634 16 23153 16 23671 17 24189 18 24708 18 25226 18 25745 18 26263 19 26782 18 27301 18 27820 17 28339 17 28857 17 29376 17 29895 16 30414 16 30932 16 31451 15 31970 15 32490 13 33009 12 33529 9 34049 4
eea70a7948d25a9a791dbcb39228af4ea4049fe5ebdee9c04884be8cca3da835,112934 6 113451 10 113969 12 114487 14 115005 15 115524 16 116042 17 116561 18 117079 19 117597 21 118116 21 118634 22 119152 23 119671 23 120189 25 120708 25 121227 25 121746 25 122265 25 122784 25 123303 25 123823 24 124342 24 124862 23 125381 23 125901 22 126420 22 126939 22 127459 20 127978 20 128498 19 129017 18 129537 17 130056 16 130576 14 131096 12
eea70a7948d25a9a791dbcb39228af4ea4049fe5ebdee9c04884be8cca3da835,67792 7 68309 10 68827 12 69345 13 69864 14 70382 15 70901 15 71419 16 71938 16 72456 17 72975 17 73494 17 74013 16 74532 16 75051 16 75570 1 76089 1
eea70a7948d25a9a791dbcb39228af4ea4049fe5ebdee9c04884be8cca3da835,75571 14 76090 14 76608 16 77127 17 77646 18 78165 19 78684 20 79203 20 79723 20 80242 20 80762 19 81281 19 81800 20 82319 20 82838 21 83357 21 83876 21 84395 21 84914 21 85433 21 85952 21 86471 21 86990 21 87509 21 88028 20 88547 20 89066 19 89586 17 90105 16 90625 13 91146 10 91667 5
eea70a7948d25a9a791dbcb39228af4ea4049fe5ebdee9c04884be8cca3da835,51717 5 52234 8 52752 11 53270 12 53788 14 54307 14 54825 16 55344 16 55863 17 56382 17 56901 17 57420 18 57940 17 58459 17 58978 17 59497 17 60016 18 60535 18 61054 18 61573 18 62093 17 62612 17 63132 16 63651 16 64171 15 64690 15 65210 14 65729 14 66249 12 66769 11 67288 10 67809 6
eea70a7948d25a9a791dbcb39228af4ea4049fe5ebdee9c04884be8cca3da835,73529 8 74047 11 74565 13 75083 14 75601 16 76120 16 76638 18 77157 18 77676 19 78195 19 78714 19 79233 19 79752 19 80271 19 80790 19 81309 19 81828 19 82348 8 82365 1 82867 1 82884 1 83386 1
eea70a7948d25a9a791dbcb39228af4ea4049fe5ebdee9c04884be8cca3da835,82356 9 82868 16 83387 17 83905 18 84424 18 84944 17 85463 17 85982 17 86502 16 87021 15 87541 14 88061 12 88580 12 89101 8
eea70a7948d25a9a791dbcb39228af4ea4049fe5ebdee9c04884be8cca3da835,105713 8 106230 13 106748 17 107266 19 107784 22 108303 23 108821 25 109340 26 109859 26 110378 27 110897 27 111416 28 111935 28 112455 28 112974 28 113494 27 114014 26 114534 25 115054 24 115574 23 116094 22 116615 20 117136 17 117657 15 118179 10 118701 5
eea70a7948d25a9a791dbcb39228af4ea4049fe5ebdee9c04884be8cca3da835,18010 4 18527 8 19046 8 19564 10 20083 10 20601 11 21120 11 21638 11 22157 11 22676 11 23195 10 23715 9 24234 9 24753 8 25273 7 25792 6 26312 5
eea70a7948d25a9a791dbcb39228af4ea4049fe5ebdee9c04884be8cca3da835,72011 10 72529 12 73046 15 73563 17 74082 18 74600 19 75118 20 75637 21 76155 22 76674 22 77193 22 77711 23 78230 23 78749 23 79268 23 79787 22 80307 21 80826 21 81346 20 81865 19 82385 18 82904 17 83424 15 83943 14 84463 12 84984 9 85505 6
eea70a7948d25a9a791dbcb39228af4ea4049fe5ebdee9c04884be8cca3da835,125480 10 125996 15 126512 19 127029 21 127545 25 128062 27 128579 29 129096 31 129613 33 130131 34 130650 34 131168 34
eea70a7948d25a9a791dbcb39228af4ea4049fe5ebdee9c04884be8cca3da835,55410 12 55927 12 56446 12 56963 13 57482 13 58000 14 58519 14 59038 14 59557 14 60076 14 60595 13 61115 12 61634 12 62154 11 62674 10 63193 10 63714 8 64235 6 64756 5
eea70a7948d25a9a791dbcb39228af4ea4049fe5ebdee9c04884be8cca3da835,55939 6 56458 10 56976 14 57495 15 58014 16 58533 16 59052 17 59571 17 60090 17 60608 18 61127 18 61646 18 62165 18 62684 17 63203 17 63722 16 64241 15 64761 12 65280 9
eea70a7948d25a9a791dbcb39228af4ea4049fe5ebdee9c04884be8cca3da835,4553 5 5071 7 5589 9 6107 10 6624 13 7142 15 7661 16 8179 17 8698 18 9216 19 9735 19 10254 20 10772 21 11291 20 11810 20 12329 20 12848 19 13367 19 13886 18 14405 18 14925 16 15444 15 15964 13 16484 8
eea70a7948d25a9a791dbcb39228af4ea4049fe5ebdee9c04884be8cca3da835,82417 10 82933 15 83451 18 83969 19 84486 22 85004 24 85522 25 86041 26 86558 28 87077 28 87595 29 88113 30 88631 31 89149 32 89667 33 90186 32 90704 33 91223 32 91742 31 92261 29 92780 27 93299 25 93819 21 94338 19 94858 17 95378 14 95898 12 96419 8
eea70a7948d25a9a791dbcb39228af4ea4049fe5ebdee9c04884be8cca3da835,32610 3 33128 5 33646 7 34165 8 34683 10 35202 11 35721 12 36239 14 36758 14 37277 15 37795 16 38314 16 38833 16 39352 16 39871 16 40390 16 40909 16 41429 14 41948 14 42468 12 42988 9 43508 6
eea70a7948d25a9a791dbcb39228af4ea4049fe5ebdee9c04884be8cca3da835,115686 15 116201 22 116718 26 117236 27 117753 30 118271 31 118790 31 119308 33 119827 33 120346 32 120866 31 121385 30 121905 29 122424 28 122945 24 123466 19 123989 10
eea70a7948d25a9a791dbcb39228af4ea4049fe5ebdee9c04884be8cca3da835,62233 7 62751 10 63268 13 63786 15 64305 16 64823 18 65342 19 65861 19 66380 20 66898 21 67417 22 67936 22 68454 23 68973 23 69492 23 70011 24 70530 24 71049 24 71568 25 72087 25 72606 25 73125 25 73645 23 74164 23 74684 21 75203 21 75722 21 76241 20 76761 19 77280 18 77800 16 78320 14 78840 11 79362 5
eea70a7948d25a9a791dbcb39228af4ea4049fe5ebdee9c04884be8cca3da835,102213 7 102730 12 103249 14 103767 16 104286 17 104804 19 105323 19 105842 20 106360 22 106880 21 107399 22 107918 23 108437 10 108956 1 109475 1
eea70a7948d25a9a791dbcb39228af4ea4049fe5ebdee9c04884be8cca3da835,108447 13 108957 23 109476 23 109994 25 110514 24 111033 25 111553 24 112072 25 112592 24 113111 24 113631 24 114150 21 114670 16 115190 14 115709 11 116229 9 116749 8 117270 5 117791 3
eea70a7948d25a9a791dbcb39228af4ea4049fe5ebdee9c04884be8cca3da835,114171 4 114686 10 115204 13 115720 18 116238 19 116757 19 117275 20 117794 20 118313 20 118833 19 119352 19 119870 20 120389 20 120909 19 121428 19 121948 18 122467 18 122987 17 123507 16 124026 16 124546 15 125066 14 125585 14 126105 13 126625 12 127146 10 127666 9 128186 8 128706 7 129226 6 129747 4
eea70a7948d25a9a791dbcb39228af4ea4049fe5ebdee9c04884be8cca3da835,14515 5 15032 9 15550 11 16068 14 16586 15 17104 17 17623 17 18141 18 18660 19 19178 20 19697 20 20216 20 20735 20 21254 19 21773 19 22292 19 22812 17 23331 17 23851 16 24370 15 24890 14 25411 11 25933 6
eea70a7948d25a9a791dbcb39228af4ea4049fe5ebdee9c04884be8cca3da835,82000 3 82517 5 83035 6 83551 9 84066 13 84582 16 85100 17 85619 17 86137 18 86656 18 87174 19 87693 19 88212 19 88731 19 89250 19 89769 19 90288 19 90807 19 91326 19 91846 18 92365 18 92885 17 93404 17 93924 16 94443 16 94964 14 95484 13 96005 11 96526 9 97049 3
f0d0ab13ff53adc3c4d57e95a5f83d80b06f2cbc0bf002b52cf7b496612e0ce4,317744 11 318263 13 318782 15 319300 19 319819 21 320339 22 320858 25 321378 26 321897 28 322417 29 322937 29 323456 31 323976 31 324495 33 325015 33 325535 34 326055 34 326575 34 327095 35 327615 35 328135 35 328655 35 329175 35 329695 35 330215 35 330735 35 331255 35 331775 35 332295 35 332815 34 333335 34 333855 34 334375 34 334895 33 335415 33 335936 32 336456 32 336977 31 337497 31 338017 31 338537 31 339057 31 339578 30 340098 30 340618 30 341139 28 341659 28 342179 28 342700 26 343220 26 343741 25 344261 25 344781 25 345302 23 345822 23 346343 21 346864 20 347385 18 347906 16 348428 12 348950 9
f0d0ab13ff53adc3c4d57e95a5f83d80b06f2cbc0bf002b52cf7b496612e0ce4,232102 4 232619 10 233134 18 233653 20 234171 24 234690 26 235209 28 235728 30 236247 32 236767 33 237286 35 237805 37 238325 38 238844 40 239364 41 239884 41 240404 42 240924 42 241444 43 241964 44 242485 43 243005 44 243526 43 244046 43 244567 43 245088 42 245608 42 246129 41 246649 41 247169 41 247690 40 248210 40 248730 40 249251 38 249771 38 250291 38 250812 36 251332 36 251853 34 252373 34 252893 33 253414 32 253934 31 254455 30 254975 29 255496 27 256017 26 256539 23 257060 21 257581 19 258102 17 258623 15 259144 13 259665 11 260188 5
f0d0ab13ff53adc3c4d57e95a5f83d80b06f2cbc0bf002b52cf7b496612e0ce4,274818 7 275336 10 275855 13 276374 15 276893 16 277412 17 277931 17 278451 17 278970 18 279490 18 280010 18 280530 18 281050 18 281570 18 282090 18 282610 18 283130 18 283651 17 284171 17 284692 16 285213 15 285735 13 286259 10 286781 8
f0d0ab13ff53adc3c4d57e95a5f83d80b06f2cbc0bf002b52cf7b496612e0ce4,276391 1 276909 4 277429 4 277948 8 278468 9 278988 14 279508 14 280028 14 280548 14 281068 14 281588 15 282108 15 282628 15 283148 15 283668 15 284188 15 284708 15 285228 14 285748 14 286269 12 286789 12 287315 5
f0d0ab13ff53adc3c4d57e95a5f83d80b06f2cbc0bf002b52cf7b496612e0ce4,261331 6 261848 10 262367 12 262885 15 263404 17 263923 18 264443 19 264962 20 265482 20 266001 22 266521 22 267040 23 267559 25 268079 25 268598 26 269117 26 269637 26 270156 27 270676 26 271195 27 271715 27 272234 27 272754 27 273274 26 273793 26 274313 25 274833 22 275353 20 275872 17 276392 14 276913 12 277433 11 277956 7 278477 6
f0d0ab13ff53adc3c4d57e95a5f83d80b06f2cbc0bf002b52cf7b496612e0ce4,297182 6 297701 8 298220 9 298739 11 299258 12 299777 13 300297 13 300816 14 301336 15 301855 16 302375 16 302405 1 302418 1 302895 17 302925 1 302938 1 303415 17 303444 15 303934 19 303964 16 304454 20 304483 17 304974 21 305003 16 305494 45 306014 45 306534 45 307054 45 307575 43 308095 43 308615 43 309135 43 309655 42 310175 42 310695 41 311215 41 311736 39 312256 38 312776 38 313296 37 313817 34 314337 31 314857 30 315378 28 315898 27 316419 25 316939 24 317460 23 317980 22 318501 20 319022 18 319543 16 320065 11 320586 9
f0d0ab13ff53adc3c4d57e95a5f83d80b06f2cbc0bf002b52cf7b496612e0ce4,296166 5 296686 7 297205 9 297725 10 298245 11 298765 12 299285 12 299805 13 300325 13 300845 14 301365 14 301885 14 302406 12 302926 12
f0d0ab13ff53adc3c4d57e95a5f83d80b06f2cbc0bf002b52cf7b496612e0ce4,2365 1 2882 3 3401 4 3920 5 4439 6 4958 7 5477 8 5995 10 6515 10 7034 11 7553 12 8073 12 8592 13 9111 14 9630 15 10150 15 10669 16 11189 16 11709 17 12228 18 12748 18 13267 19 13787 19 14307 19 14827 19 15347 19 15867 19 16387 19 16907 19 17427 19 17947 19 18467 19 18987 19 19508 18 20028 19 20549 18 21069 20 21591 16 22112 12 22633 9
f0d0ab13ff53adc3c4d57e95a5f83d80b06f2cbc0bf002b52cf7b496612e0ce4,1327 1 1846 2 2366 2 2885 4 3405 4 3925 5 4445 6 4965 7 5485 9 6005 14 6525 29 7045 29 7565 28 8085 28 8605 27 9125 27 9645 26 10165 25 10685 25 11205 24 11726 22 12246 22 12766 21 13286 20 13806 19 14326 18 14846 17 15366 17 15886 16 16406 14 16926 14 17446 12 17966 11 18486 10 19006 8 19526 7 20047 5 20567 3
f0d0ab13ff53adc3c4d57e95a5f83d80b06f2cbc0bf002b52cf7b496612e0ce4,289 31 809 31 1328 32 1848 32 2368 31 2889 30 3409 29 3930 28 4451 26 4972 24 5494 22 6019 16
f0d0ab13ff53adc3c4d57e95a5f83d80b06f2cbc0bf002b52cf7b496612e0ce4,221833 7 222351 12 222870 14 223389 16 223908 17 224427 19 224946 20 225465 21 225985 22 226504 23 227023 24 227543 24 228062 26 228581 27 229101 27 229620 28 230140 28 230659 29 231179 29 231698 30 232218 30 232737 31 233257 31 233777 31 234296 32 234816 32 235335 32 235855 32 236375 32 236895 32 237415 32 237935 31 238456 30 238976 30 239497 29 240018 28 240540 26 241063 23 241584 22 242105 21 242626 20 243147 19 243667 19 244187 19 244708 18 245228 18 245748 18 246268 18 246788 17 247307 18 247827 18 248347 17 248867 17 249387 17 249906 17 250426 17 250946 16 251465 17 251985 16 252505 16 253025 15 253545 15 254065 14 254585 14 255106 12 255626 11 256148 8 256669 5
f0d0ab13ff53adc3c4d57e95a5f83d80b06f2cbc0bf002b52cf7b496612e0ce4,155375 7 155887 20 156405 23 156922 28 157440 32 157959 34 158478 36 158997 38 159516 39 160036 40 160555 41 161075 41 161595 41 162115 42 162635 42 163155 42 163675 43 164195 43 164715 43 165235 43 165756 42 166276 42 166797 42 167317 42 167838 41 168358 40 168879 39 169399 39 169920 38 170440 38 170960 37 171481 36 172001 35 172522 34 173042 33 173563 31 174083 30 174604 25 175125 21 175647 15 176168 10 176690 7
f0d0ab13ff53adc3c4d57e95a5f83d80b06f2cbc0bf002b52cf7b496612e0ce4,185040 3 185559 5 186079 6 186598 8 187118 9 187638 9 188158 10 188679 9 189199 8 189720 7 190240 6 190762 3
f0d0ab13ff53adc3c4d57e95a5f83d80b06f2cbc0bf002b52cf7b496612e0ce4,164247 5 164765 10 165284 9 165802 11 166322 10 166841 11 167361 11 167881 10 168401 10 168922 8 169442 8 169964 6 170486 3 171008 1
f0d0ab13ff53adc3c4d57e95a5f83d80b06f2cbc0bf002b52cf7b496612e0ce4,165293 3 165813 5 166332 7 166852 8 167372 10 167891 12 168411 15 168930 18 169450 20 169970 22 170489 23 171009 24 171530 24 172050 24 172569 26 173089 26 173608 27 174128 28 174647 29 175167 29 175686 30 176206 30 176726 30 177246 30 177766 30 178286 30 178805 31 179325 31 179845 31 180365 30 180885 30 181405 29 181926 28 182446 27 182967 24 183488 21 184009 18 184534 9
f0d0ab13ff53adc3c4d57e95a5f83d80b06f2cbc0bf002b52cf7b496612e0ce4,318181 11 318699 15 319218 18 319736 22 320255 24 320774 26 321294 26 321813 28 322333 29 322852 30 323372 31 323892 31 324412 32 324932 32 325452 33 325973 32 326493 32 327013 32 327533 32 328053 32 328574 31 329094 31 329614 31 330134 31 330655 29 331175 29 331696 27 332217 26 332738 23 333259 21 333780 19 334303 12 334825 8
f0d0ab13ff53adc3c4d57e95a5f83d80b06f2cbc0bf002b52cf7b496612e0ce4,21301 12 21818 18 22337 20 22855 24 23374 25 23893 27 24412 29 24932 29 25451 30 25971 30 26490 31 27010 31 27529 32 28049 32 28568 33 29088 33 29608 33 30128 33 30648 33 31168 33 31688 33 32208 33 32728 33 33248 33 33768 33 34289 32 34809 32 35330 31 35851 30 36371 30 36892 29 37413 27 37934 25 38455 23 38976 20 39497 18 40019 15 40544 7
f0d0ab13ff53adc3c4d57e95a5f83d80b06f2cbc0bf002b52cf7b496612e0ce4,103997 4 104514 7 105031 10 105550 11 106068 13 106587 14 107106 15 107624 17 108144 17 108663 18 109182 19 109702 19 110221 20 110741 20 111260 21 111780 21 112300 21 112820 21 113340 21 113860 21 114380 21 114900 21 115420 21 115940 21 116460 21 116980 21 117500 21 118020 21 118540 21 119061 20 119581 20 120102 19 120622 19 121143 18 121663 18 122184 17 122704 17 123225 16 123746 15 124267 14 124789 12 125314 5
f0d0ab13ff53adc3c4d57e95a5f83d80b06f2cbc0bf002b52cf7b496612e0ce4,157557 4 158077 4 158596 5 159116 5 159636 5 160143 8 160155 6 160663 9 160675 6 161182 19 161702 19 162221 20 162741 20 163261 20 163781 20 164301 20 164821 20 165341 20 165861 20 166382 19 166902 19 167423 18 167944 17 168464 17 168985 16 169505 16 170025 16 170545 16 171065 16 171585 16 172105 16 172626 15 173146 15 173667 14 174188 13 174711 10 175235 4
f0d0ab13ff53adc3c4d57e95a5f83d80b06f2cbc0bf002b52cf7b496612e0ce4,178349 3 178867 6 179387 7 179906 10 180426 11 180946 14 181465 16 181985 16 182505 16 183025 16 183545 16 184065 16 184586 15 185106 15 185627 14 186147 14 186668 13 187189 12 187709 11 188230 9 188753 3
f0d0ab13ff53adc3c4d57e95a5f83d80b06f2cbc0bf002b52cf7b496612e0ce4,233998 3 234517 4 235036 5 235556 5 236075 6 236595 6 237114 7 237634 7 238154 7 238673 8 239193 8 239713 8 240233 8 240754 7 241274 7 241794 7 242314 7 242835 6 243355 6 243876 5 244396 5 244917 4 245438 3
f0d0ab13ff53adc3c4d57e95a5f83d80b06f2cbc0bf002b52cf7b496612e0ce4,267279 2 267797 4 268317 4 268836 5 269356 5 269875 6 270395 6 270915 6 271434 7 271954 1 272474 1
f0d0ab13ff53adc3c4d57e95a5f83d80b06f2cbc0bf002b52cf7b496612e0ce4,271955 6 272475 6 272994 7 273514 1 274034 1
f0d0ab13ff53adc3c4d57e95a5f83d80b06f2cbc0bf002b52cf7b496612e0ce4,273515 6 274035 6 274554 7 275074 7 275594 7 276115 6 276635 6 277155 6 277676 5 278196 5 278717 4 279237 4 279758 3 280279 2
f5effed21f671bbf4551ecebb7fe95f3be1cf09c16a60afe64d2f0b95be9d1eb,91150 2 91660 3 92170 6 92681 7 93191 12 93702 12 94213 12 94724 14 95235 15 95745 17 96257 18 96769 18 97281 18 97793 18 98305 19 98817 19 99329 21 99841 20 100353 20 100378 1 100865 19 100889 2 101377 19 101400 4 101889 27 102401 29 102913 28 103425 28 103937 27 104450 24 104963 22 105476 20 105989 13
f5effed21f671bbf4551ecebb7fe95f3be1cf09c16a60afe64d2f0b95be9d1eb,89110 3 89619 6 90129 9 90640 10 91152 9 91663 10 92176 7 92688 4
f5effed21f671bbf4551ecebb7fe95f3be1cf09c16a60afe64d2f0b95be9d1eb,89630 10 90142 11 90653 13 91165 14 91678 13 92188 16 92698 18 93205 23 93715 25 94227 26 94738 27 95250 26 95762 26 96275 24 96787 24 97299 23 97811 22 98324 19 98836 17 99356 6 99868 5 100379 6 100891 5 101404 4 101916 3
f5effed21f671bbf4551ecebb7fe95f3be1cf09c16a60afe64d2f0b95be9d1eb,253953 10 254465 14 254977 21 255489 25 256001 28 256513 30 257025 32 257537 34 258049 36 258561 37 259073 39 259585 40 260097 41 260609 42 261121 43 261633 44 262145 44 262657 45 263169 46 263681 46 264193 47 264705 48 265217 49 265729 50 266241 52 266753 54 267265 55 267777 56 268290 56 268804 54 269318 53 269831 52 270346 49 270861 47 271375 45 271889 43 272402 41 272916 39 273429 38 273943 35 274457 33 274972 29 275490 22 276006 17 276522 11
f5effed21f671bbf4551ecebb7fe95f3be1cf09c16a60afe64d2f0b95be9d1eb,188430 8 188941 13 189453 17 189964 18 190476 19 190988 19 191012 5 191500 31 192012 32 192524 33 193037 33 193549 35 194062 35 194574 36 195087 37 195600 37 196113 37 196626 37 197139 36 197652 36 198165 35 198678 35 199190 35 199703 35 200216 35 200729 35 201242 35 201756 34 202269 34 202783 32 203297 31 203811 29 204325 27 204838 26 205352 24 205865 23 206378 22 206893 19 207413 6 207926 4 208440 2
f5effed21f671bbf4551ecebb7fe95f3be1cf09c16a60afe64d2f0b95be9d1eb,207419 5 207930 6 208442 7 208953 11 209465 14 209977 15 210488 17 210999 19 211510 21 212020 25 212531 27 213043 28 213554 31 214066 32 214578 33 215091 33 215603 34 216118 31 216635 27 217148 26 217661 25 218173 26 218685 26 219197 26 219710 24 220222 24 220734 23 221246 22 221759 20 222271 18 222784 12
f5effed21f671bbf4551ecebb7fe95f3be1cf09c16a60afe64d2f0b95be9d1eb,255033 6 255543 13 256055 16 256566 16 257078 16 257589 16 258101 16 258613 16 259125 16 259637 16 260149 16 260662 15 261174 15 261687 13 262199 13 262712 11 263225 10 263738 9 264251 8 264764 7 265277 6 265790 5 266304 3 266817 2 267330 2
f5effed21f671bbf4551ecebb7fe95f3be1cf09c16a60afe64d2f0b95be9d1eb,256582 3 257094 5 257605 7 258117 9 258629 7 259141 7 259653 6 260165 6 260677 6 261189 6 261700 7 262212 7 262723 8 263235 8 263747 8 264259 7 264771 7 265283 7 265795 7 266307 7 266819 7 267332 6 267844 6 268358 4 268872 2 269386 1
f5effed21f671bbf4551ecebb7fe95f3be1cf09c16a60afe64d2f0b95be9d1eb,258636 3 259148 5 259659 8 260171 8 260683 8 261195 7 261707 7 262219 7 262731 7 263243 7 263755 7 264266 8 264778 8 265290 8 265802 8 266314 7 266826 7 267338 7 267850 7 268362 7 268874 7 269387 6 269899 6 270413 4 270927 3 271441 1
f5effed21f671bbf4551ecebb7fe95f3be1cf09c16a60afe64d2f0b95be9d1eb,260179 3 260691 5 261202 6 261714 6 262226 5 262738 5 263250 5 263762 5 264274 5 264786 5 265298 5 265810 5 266321 6 266833 6 267345 6 267857 6 268369 6 268881 6 269393 6 269905 6 270417 6 270930 5 271442 5 271956 4 272471 1
f5effed21f671bbf4551ecebb7fe95f3be1cf09c16a60afe64d2f0b95be9d1eb,261208 3 261720 6 262231 11 262743 9 263255 9 263767 8 264279 8 264791 8 265303 8 265815 8 266327 8 266839 8 267351 8 267863 8 268375 7 268887 7 269399 7 269911 7 270423 7 270935 7 271447 7 271960 6 272472 6 272985 6 273500 3
f5effed21f671bbf4551ecebb7fe95f3be1cf09c16a60afe64d2f0b95be9d1eb,262752 5 263264 4 263775 5 264287 4 264799 4 265311 4 265823 4 266335 4 266847 4 267359 4 267871 4 268382 5 268894 4 269406 4 269918 4 270430 4 270942 4 271454 4 271966 4 272478 4 272991 3 273503 3 274016 3
f5effed21f671bbf4551ecebb7fe95f3be1cf09c16a60afe64d2f0b95be9d1eb,263268 5 263780 8 264291 11 264803 15 265315 15 265827 15 266339 14 266851 14 267363 14 267875 14 268387 14 268898 15 269410 15 269922 15 270434 14 270946 14 271458 14 271970 14 272482 14 272994 14 273506 14 274019 13 274531 13 275054 2 275567 2
f5effed21f671bbf4551ecebb7fe95f3be1cf09c16a60afe64d2f0b95be9d1eb,265330 3 265842 5 266353 9 266865 12 267377 15 267889 17 268401 18 268913 20 269425 21 269937 21 270448 23 270960 23 271472 23 271984 24 272496 24 273008 24 273520 24 274032 24 274544 23 275056 23 275569 21 276081 21 276595 18 277109 14
f5effed21f671bbf4551ecebb7fe95f3be1cf09c16a60afe64d2f0b95be9d1eb,224904 22 225413 25 225924 25 226435 26 226947 26 227458 27 227970 27 228482 27 228995 26 229507 26 230020 25 230532 25 231045 24 231560 21 232074 20 232588 18 233101 17 233613 17 234126 16 234639 15 235151 15 235664 14 236177 13 236690 12 237203 11 237717 9 238230 9 238744 7 239258 6
f5effed21f671bbf4551ecebb7fe95f3be1cf09c16a60afe64d2f0b95be9d1eb,223906 5 224415 9 224926 10 225438 11 225949 13 226461 16 226973 16 227485 16 227997 15 228509 15 229021 15 229533 15 230045 15 230557 15 231069 15 231581 15 232094 14 232606 14 233118 14 233630 14 234142 14 234654 14 235166 14 235678 14 236190 14 236702 14 237214 14 237726 14 238239 14 238751 14
f5effed21f671bbf4551ecebb7fe95f3be1cf09c16a60afe64d2f0b95be9d1eb,225459 5 225968 9 226478 15 226989 23 227501 24 228012 26 228524 26 229036 27 229548 27 230060 27 230572 28 231084 28 231596 29 232108 30 232620 32 233132 35 233644 36 234156 36 234668 35 235180 35 235692 35 236204 35 236716 34 237228 34 237740 34 238253 33 238765 34 239286 25 239798 5 239807 8
f5effed21f671bbf4551ecebb7fe95f3be1cf09c16a60afe64d2f0b95be9d1eb,233680 6 234192 9 234703 12 235215 12 235727 13 236239 13 236750 15 237262 15 237774 14 238286 14 238799 12 239311 11 239826 5
f5effed21f671bbf4551ecebb7fe95f3be1cf09c16a60afe64d2f0b95be9d1eb,188062 1 188569 6 189077 9 189585 13 190092 18 190602 20 191114 20 191625 21 192137 21 192649 22 193161 22 193674 21 194186 21 194699 20 195212 19 195725 19 196240 16 196755 15 197272 7
f5effed21f671bbf4551ecebb7fe95f3be1cf09c16a60afe64d2f0b95be9d1eb,186038 10 186538 22 187047 26 187555 29 188063 33 188575 32 189086 32 189598 29 190110 27 190622 24 191134 20 191646 18 192158 17 192671 15 193183 14 193695 12 194207 12 194719 12 195231 12 195744 10 196256 11
f5effed21f671bbf4551ecebb7fe95f3be1cf09c16a60afe64d2f0b95be9d1eb,202431 7 202942 9 203453 11 203963 14 204472 17 204978 24 205488 26 205998 28 206508 31 207019 32 207530 34 208041 35 208552 36 209063 38 209573 42 210085 42 210596 45 211108 46 211619 49 212131 52 212643 55 213155 57 213667 59 214179 60 214691 61 215203 63 215715 63 216227 64 216739 64 217251 65 217764 64 218276 64 218789 63 219302 62 219816 60 220337 51 220854 45 221375 36 221893 29 222407 26 222922 21
f5effed21f671bbf4551ecebb7fe95f3be1cf09c16a60afe64d2f0b95be9d1eb,194731 5 195243 4 195754 5 196267 5 196779 5
f5effed21f671bbf4551ecebb7fe95f3be1cf09c16a60afe64d2f0b95be9d1eb,190146 1 190655 4 191166 4 191676 6 192186 8 192696 10 193205 14 193715 16 194224 19 194736 20 195247 21 195759 23 196272 17 196784 13
f5effed21f671bbf4551ecebb7fe95f3be1cf09c16a60afe64d2f0b95be9d1eb,182489 6 182998 11 183509 13 184021 14 184531 17 185039 22 185548 25 186059 27 186570 28 187080 31 187591 32 188102 33 188613 34 189124 35 189636 34 190147 35 190659 34 191170 34 191682 33 192194 32 192706 31 193219 28 193731 26 194243 22 194756 13 195268 9
f5effed21f671bbf4551ecebb7fe95f3be1cf09c16a60afe64d2f0b95be9d1eb,282835 3 283345 10 283856 13 284368 14 284879 16 285391 18 285903 19 286415 19 286927 20 287440 20 287952 21 288465 22 288978 22 289492 21 290005 21 290518 21 291030 22 291543 22 292055 23 292567 23 293080 23 293592 23 294104 23 294616 23 295129 21 295641 21 296154 19 296666 19 297179 17 297692 15 298205 13 298719 9
fac507fa4d1649e8b24c195d990f1fc3ca3633d917839e1751a9d412a14ab5e3,15362 6 15617 7 15873 8 16129 8 16385 8 16641 8 16897 8 17153 7 17409 7 17665 4 17921 3
fac507fa4d1649e8b24c195d990f1fc3ca3633d917839e1751a9d412a14ab5e3,18177 2 18433 2 18689 3 18945 3 19201 3 19457 4 19713 4 19969 5 20225 5 20481 5 20737 5 20993 4 21249 4 21505 2
fac507fa4d1649e8b24c195d990f1fc3ca3633d917839e1751a9d412a14ab5e3,46595 7 46849 9 47105 10 47361 10 47617 10 47873 10 48129 10 48385 9 48641 9 48897 2 48900 5 49153 2
fac507fa4d1649e8b24c195d990f1fc3ca3633d917839e1751a9d412a14ab5e3,49409 2 49665 2 49921 3 50177 3 50433 4 50689 5 50945 6 51201 6 51457 7 51713 7 51969 7 52225 8 52481 8 52737 8 52993 8 53249 8 53505 9 53761 9 54017 9 54273 9 54529 9 54785 10 55041 10 55297 9 55553 9 55812 4
fac507fa4d1649e8b24c195d990f1fc3ca3633d917839e1751a9d412a14ab5e3,23304 7 23558 10 23812 12 24066 15 24322 15 24577 16 24833 16 25090 14 25346 14 25603 12 25860 10 26117 7 26373 6 26630 3
fac507fa4d1649e8b24c195d990f1fc3ca3633d917839e1751a9d412a14ab5e3,63003 4 63257 7 63512 9 63768 9 64023 11 64279 10 64535 10 64792 8 65048 8 65305 6
fac507fa4d1649e8b24c195d990f1fc3ca3633d917839e1751a9d412a14ab5e3,59935 4 60189 7 60444 8 60700 9 60955 10 61211 10 61466 11 61723 10 61979 9 62237 7 62495 4
fac507fa4d1649e8b24c195d990f1fc3ca3633d917839e1751a9d412a14ab5e3,31780 4 32035 7 32291 8 32546 10 32802 10 33058 11 33314 11 33570 11 33826 10 34083 9 34339 8 34596 6
fac507fa4d1649e8b24c195d990f1fc3ca3633d917839e1751a9d412a14ab5e3,46632 4 46887 7 47142 9 47398 10 47653 12 47909 12 48165 13 48421 13 48677 13 48933 12 49190 11 49446 10 49703 8
fac507fa4d1649e8b24c195d990f1fc3ca3633d917839e1751a9d412a14ab5e3,16681 9 16936 10 17192 11 17447 12 17703 12 17959 12 18215 12 18471 11 18728 10 18984 9 19241 8 19498 5
fac507fa4d1649e8b24c195d990f1fc3ca3633d917839e1751a9d412a14ab5e3,38969 6 39225 7 39480 9 39736 9 39992 10 40249 9 40505 8 40762 7 41019 5
fac507fa4d1649e8b24c195d990f1fc3ca3633d917839e1751a9d412a14ab5e3,58682 6 58937 8 59193 8 59448 10 59704 10 59960 9 60216 9 60472 8 60729 6 60985 5 61242 3
fac507fa4d1649e8b24c195d990f1fc3ca3633d917839e1751a9d412a14ab5e3,321 7 577 7 832 9 1088 9 1344 9 1600 9 1856 9 2113 8 2369 7 2628 4
fac507fa4d1649e8b24c195d990f1fc3ca3633d917839e1751a9d412a14ab5e3,38727 5 38982 9 39236 15 39491 20 39747 21 40002 22 40259 22 40515 22 40772 21 41029 20 41288 16 41546 14 41804 10 42064 5
fac507fa4d1649e8b24c195d990f1fc3ca3633d917839e1751a9d412a14ab5e3,58695 4 58949 8 59204 10 59459 12 59715 12 59970 14 60226 14 60482 14 60738 14 60994 13 61251 12 61507 11 61764 9 62022 5
fac507fa4d1649e8b24c195d990f1fc3ca3633d917839e1751a9d412a14ab5e3,56160 5 56414 8 56669 10 56924 11 57180 12 57435 13 57691 13 57947 12 58204 11 58460 10 58717 8 58974 5
fac507fa4d1649e8b24c195d990f1fc3ca3633d917839e1751a9d412a14ab5e3,54118 5 54374 7 54629 8 54885 9 55141 9 55398 9 55654 9 55911 7 56168 6 56425 4
fac507fa4d1649e8b24c195d990f1fc3ca3633d917839e1751a9d412a14ab5e3,42858 5 43113 7 43369 8 43624 10 43880 10 44136 11 44392 11 44648 12 44905 11 45161 11 45418 10 45675 8 45932 7 46189 5
fac507fa4d1649e8b24c195d990f1fc3ca3633d917839e1751a9d412a14ab5e3,47230 3 47480 10 47736 10 47991 12 48247 12 48504 12 48760 12 49019 10 49274 11 49530 11 49787 10 50043 10 50300 9 50556 9 50813 8 51069 7 51326 6
fac507fa4d1649e8b24c195d990f1fc3ca3633d917839e1751a9d412a14ab5e3,61826 5 62081 7 62337 9 62592 10 62849 10 63105 10 63361 10 63617 10 63872 11 64129 9 64385 9 64642 7
fac507fa4d1649e8b24c195d990f1fc3ca3633d917839e1751a9d412a14ab5e3,51166 3 51421 7 51677 7 51932 7 52188 7 52444 7 52701 6 52957 6 53214 6 53471 5 53728 4 53984 4
fac507fa4d1649e8b24c195d990f1fc3ca3633d917839e1751a9d412a14ab5e3,49897 5 50152 7 50407 8 50662 10 50918 9 51173 10 51428 12 51684 12 51939 13 52195 12 52451 12 52707 11 52963 11 53220 9 53476 9 53734 6 53991 3
fac507fa4d1649e8b24c195d990f1fc3ca3633d917839e1751a9d412a14ab5e3,31719 4 31974 6 32229 9 32485 9 32740 11 32996 11 33252 10 33509 9 33765 7 34022 4
fac507fa4d1649e8b24c195d990f1fc3ca3633d917839e1751a9d412a14ab5e3,16363 6 16619 6 16874 8 17130 8 17385 8 17641 8 17896 10 18152 10 18408 11 18664 11 18921 9 19177 9 19434 7
fac507fa4d1649e8b24c195d990f1fc3ca3633d917839e1751a9d412a14ab5e3,33267 4 33521 7 33776 9 34032 10 34287 11 34543 12 34799 12 35055 11 35312 10 35568 9 35825 3
fac507fa4d1649e8b24c195d990f1fc3ca3633d917839e1751a9d412a14ab5e3,50419 6 50674 7 50929 9 51185 9 51440 10 51697 8 51953 8 52210 6
fac507fa4d1649e8b24c195d990f1fc3ca3633d917839e1751a9d412a14ab5e3,62715 5 62970 7 63225 8 63480 9 63735 10 63991 10 64247 10 64503 10 64759 10 65016 9 65272 9 65528 9
fac507fa4d1649e8b24c195d990f1fc3ca3633d917839e1751a9d412a14ab5e3,32254 3 32509 4 32765 4 33020 5 33276 5 33532 5 33788 5 34045 4 34301 4 34558 3
fe9adb627a6f45747c5a8223b671774791ededf9364f6544be487c540107fa4f,8961 2 9217 3 9473 3 9729 4 9985 4 10241 4 10497 4 10753 4 11009 4 11265 4 11521 3 11777 3 12033 2
fe9adb627a6f45747c5a8223b671774791ededf9364f6544be487c540107fa4f,14850 6 15105 5 15361 5 15617 4 15873 4 16129 4 16385 5 16641 5
fe9adb627a6f45747c5a8223b671774791ededf9364f6544be487c540107fa4f,15110 6 15366 6 15621 8 15877 8 16133 8 16390 6 16646 6
fe9adb627a6f45747c5a8223b671774791ededf9364f6544be487c540107fa4f,23297 3 23553 3 23809 4 24065 5 24321 6 24577 6 24833 6 25089 6 25345 6 25601 6 25857 5 26113 4
fe9adb627a6f45747c5a8223b671774791ededf9364f6544be487c540107fa4f,36098 4 36353 8 36609 9 36865 9 37121 10 37377 10 37633 10 37889 9 38145 9 38402 7
fe9adb627a6f45747c5a8223b671774791ededf9364f6544be487c540107fa4f,54785 3 55041 4 55297 5 55553 10 55809 11 56065 12 56321 12 56577 13 56833 13 57089 12 57345 12 57601 11 57857 10 58113 9 58369 8
fe9adb627a6f45747c5a8223b671774791ededf9364f6544be487c540107fa4f,4869 8 5124 15 5380 17 5635 18 5891 19 6147 18 6404 17 6660 16 6918 12 7175 7
fe9adb627a6f45747c5a8223b671774791ededf9364f6544be487c540107fa4f,11533 4 11788 5 12040 10 12294 12 12550 12 12805 12 13061 12 13318 11 13574 12 13834 8 14091 6 14348 5
fe9adb627a6f45747c5a8223b671774791ededf9364f6544be487c540107fa4f,31243 5 31498 8 31754 9 32009 10 32265 11 32521 12 32777 12 33032 14 33288 15 33545 16 33801 16 34059 15 34315 15 34572 14 34828 14 35085 12 35347 6
fe9adb627a6f45747c5a8223b671774791ededf9364f6544be487c540107fa4f,27403 4 27658 5 27914 6 28169 7 28425 8 28681 8 28937 9 29193 9 29449 8 29705 8 29962 6 30218 5
fe9adb627a6f45747c5a8223b671774791ededf9364f6544be487c540107fa4f,16145 5 16400 9 16655 11 16910 12 17165 14 17420 15 17676 15 17931 16 18187 16 18443 15 18699 15 18956 13 19212 13 19469 11 19726 9 19984 4
fe9adb627a6f45747c5a8223b671774791ededf9364f6544be487c540107fa4f,48400 6 48654 10 48910 11 49165 13 49421 13 49676 15 49932 15 50188 15 50445 14 50701 13 50957 13 51214 11 51470 11 51727 9 51984 7 52241 5
fe9adb627a6f45747c5a8223b671774791ededf9364f6544be487c540107fa4f,25618 4 25874 4 26129 8 26385 13 26641 13 26897 14 27154 13 27410 13 27667 11 27923 11 28180 9 28437 7
fe9adb627a6f45747c5a8223b671774791ededf9364f6544be487c540107fa4f,23320 5 23575 7 23830 8 24086 9 24341 10 24597 10 24854 9 25110 10 25365 10 25622 9 25878 8 26137 5
fe9adb627a6f45747c5a8223b671774791ededf9364f6544be487c540107fa4f,8215 6 8470 7 8726 8 8981 9 9237 8 9492 9 9748 9 10004 9 10260 9 10516 4 10773 2 11029 2
fe9adb627a6f45747c5a8223b671774791ededf9364f6544be487c540107fa4f,10520 4 10775 5 11031 10 11286 12 11542 13 11798 13 12054 14 12310 14 12566 14 12823 12 13079 12 13336 10 13593 8
fe9adb627a6f45747c5a8223b671774791ededf9364f6544be487c540107fa4f,26 11 281 13 536 14 791 16 1047 16 1302 17 1558 17 1814 16 2070 16 2327 14 2583 12 2840 10 3096 8
fe9adb627a6f45747c5a8223b671774791ededf9364f6544be487c540107fa4f,54302 4 54557 7 54813 7 55068 9 55324 9 55580 9 55844 1 56100 1
fe9adb627a6f45747c5a8223b671774791ededf9364f6544be487c540107fa4f,55836 8 56092 8 56347 10 56603 10 56859 8 57115 7 57372 5 57628 5 57885 3 58141 3
fe9adb627a6f45747c5a8223b671774791ededf9364f6544be487c540107fa4f,56867 3 57122 7 57377 10 57633 12 57888 13 58144 14 58400 14 58657 13 58913 12 59168 13 59424 11 59681 9 59937 8 60194 6
fe9adb627a6f45747c5a8223b671774791ededf9364f6544be487c540107fa4f,34080 5 34336 5 34591 8 34846 9 35101 11 35357 11 35612 12 35868 12 36125 11 36381 11 36637 10 36894 9 37150 6
fe9adb627a6f45747c5a8223b671774791ededf9364f6544be487c540107fa4f,42786 8 43041 11 43297 12 43552 13 43808 14 44064 14 44320 14 44576 14 44833 13 45089 12 45346 11 45603 9 45862 4
fe9adb627a6f45747c5a8223b671774791ededf9364f6544be487c540107fa4f,17702 8 17957 10 18212 11 18467 13 18723 13 18978 15 19234 15 19490 15 19745 16 20001 15 20258 14 20514 13 20771 12 21027 10 21284 8
fe9adb627a6f45747c5a8223b671774791ededf9364f6544be487c540107fa4f,2853 4 3108 6 3364 6 3619 8 3875 8 4131 7 4388 6 4644 6 4901 6 5157 6 5414 4 5670 4
fe9adb627a6f45747c5a8223b671774791ededf9364f6544be487c540107fa4f,63527 4 63782 9 64038 10 64293 12 64549 12 64805 13 65061 13 65318 12
fe9adb627a6f45747c5a8223b671774791ededf9364f6544be487c540107fa4f,54060 5 54314 8 54568 10 54824 11 55079 12 55335 12 55592 10 55848 10 56105 8 56362 6
fe9adb627a6f45747c5a8223b671774791ededf9364f6544be487c540107fa4f,60205 4 60459 8 60714 9 60969 11 61225 11 61480 12 61736 12 61992 12 62248 12 62505 11 62761 10 63018 9 63275 7 63531 3
fe9adb627a6f45747c5a8223b671774791ededf9364f6544be487c540107fa4f,36908 5 37162 7 37418 7 37673 7 37929 7 38185 7 38441 7 38697 7 38953 7 39209 6 39466 5 39722 5 39979 4 40236 3 40493 3 40751 1
fe9adb627a6f45747c5a8223b671774791ededf9364f6544be487c540107fa4f,37169 3 37425 4 37680 7 37936 8 38192 9 38448 9 38704 10 38960 10 39215 12 39471 11 39727 11 39983 11 40239 10 40496 9 40752 8
fe9adb627a6f45747c5a8223b671774791ededf9364f6544be487c540107fa4f,21554 5 21808 8 22063 10 22319 10 22574 12 22829 13 23085 13 23340 14 23596 13 23852 13 24109 11 24365 10 24622 6
fe9adb627a6f45747c5a8223b671774791ededf9364f6544be487c540107fa4f,6963 7 7217 10 7473 11 7728 13 7984 14 8240 14 8496 15 8752 15 9008 15 9264 15 9521 14 9777 14 10034 13 10291 11 10548 10 10805 7
fe9adb627a6f45747c5a8223b671774791ededf9364f6544be487c540107fa4f,28214 5 28468 9 28724 11 28979 14 29235 14 29491 15 29747 15 30003 16 30258 17 30514 17 30770 18 31026 18 31282 18 31539 17 31795 16 32052 15 32310 12 32568 9
fe9adb627a6f45747c5a8223b671774791ededf9364f6544be487c540107fa4f,50494 6 50749 8 51004 10 51260 11 51515 12 51771 13 52027 13 52283 14 52539 14 52796 12 53052 12 53309 10 53567 7
fe9adb627a6f45747c5a8223b671774791ededf9364f6544be487c540107fa4f,63 4 318 5 575 4 831 4 1088 3 1345 2
fe9adb627a6f45747c5a8223b671774791ededf9364f6544be487c540107fa4f,67 8 323 8 579 8 835 7 1091 6 1347 5
fe9adb627a6f45747c5a8223b671774791ededf9364f6544be487c540107fa4f,16446 5 16701 8 16957 9 17212 10 17468 11 17724 11 17980 12 18236 12 18493 12 18749 12 19006 11 19262 11 19519 9 19775 9 20033 6
fe9adb627a6f45747c5a8223b671774791ededf9364f6544be487c540107fa4f,2631 6 2885 9 3140 10 3396 11 3651 12 3907 12 4163 12 4420 11 4676 10 4933 9 5191 5
fe9adb627a6f45747c5a8223b671774791ededf9364f6544be487c540107fa4f,8268 4 8523 7 8778 8 9033 10 9289 10 9544 11 9800 11 10055 12 10311 12 10567 12 10823 12 11079 11 11334 12 11590 11 11847 10 12103 9 12360 6
fe9adb627a6f45747c5a8223b671774791ededf9364f6544be487c540107fa4f,24143 7 24398 9 24654 10 24909 11 25165 12 25421 12 25677 12 25933 12 26190 11 26446 11 26703 9 26960 8 27218 4
fe9adb627a6f45747c5a8223b671774791ededf9364f6544be487c540107fa4f,50769 9 51025 11 51280 13 51536 13 51792 12 52048 12 52305 10 52561 10 52818 10 53075 9 53333 7
fe9adb627a6f45747c5a8223b671774791ededf9364f6544be487c540107fa4f,51040 4 51293 9 51549 9 51804 11 52060 11 52315 12 52571 9 52828 7 53084 6 53343 3
fe9adb627a6f45747c5a8223b671774791ededf9364f6544be487c540107fa4f,52580 3 52835 5 53090 6 53346 7 53601 8 53858 7 54113 8 54369 8 54624 9 54880 10 55137 9 55393 9 55650 8 55907 5 56164 4
fe9adb627a6f45747c5a8223b671774791ededf9364f6544be487c540107fa4f,595 6 851 7 1106 9 1362 10 1619 9 1875 10 2132 9 2388 8 2646 6
fe9adb627a6f45747c5a8223b671774791ededf9364f6544be487c540107fa4f,8293 3 8542 10 8796 13 9051 14 9306 15 9562 15 9817 16 10073 16 10328 17 10584 17 10840 16 11096 16 11353 14 11609 13 11866 9 12122 7 12380 3
fe9adb627a6f45747c5a8223b671774791ededf9364f6544be487c540107fa4f,59997 4 60253 8 60508 10 60764 10 61020 11 61276 11 61533 10 61789 10 62046 8 62303 7 62560 5
fe9adb627a6f45747c5a8223b671774791ededf9364f6544be487c540107fa4f,13925 1 14179 3 14434 3 14689 4 14944 5 15199 6 15455 6 15710 8 15966 8 16222 8 16478 8 16735 7 16991 7 17248 7 17505 6
fe9adb627a6f45747c5a8223b671774791ededf9364f6544be487c540107fa4f,13926 7 14182 8 14437 10 14693 10 14949 11 15205 11 15461 11 15718 10 15974 10 16230 9 16486 9 16742 8 16998 7 17255 4 17511 3
fe9adb627a6f45747c5a8223b671774791ededf9364f6544be487c540107fa4f,32354 5 32609 8 32864 10 33119 11 33375 12 33630 13 33886 13 34142 13 34398 13 34655 12 34911 12 35168 11 35424 10 35681 9 35939 6
fe9adb627a6f45747c5a8223b671774791ededf9364f6544be487c540107fa4f,98 8 354 8
fe9adb627a6f45747c5a8223b671774791ededf9364f6544be487c540107fa4f,22381 4 22634 9 22888 13 23143 14 23399 15 23654 16 23910 16 24166 16 24422 16 24679 14 24935 14 25192 12 25449 10 25707 6
fe9adb627a6f45747c5a8223b671774791ededf9364f6544be487c540107fa4f,55912 10 56168 12 56423 16 56679 16 56934 18 57190 18 57447 17 57703 17 57960 15 58216 15 58473 13 58729 13 58986 10 59242 8 59500 2
fe9adb627a6f45747c5a8223b671774791ededf9364f6544be487c540107fa4f,45167 6 45421 9 45675 11 45930 13 46185 14 46441 14 46696 15 46953 14 47209 14 47469 10 47728 7 47984 7 48241 5 48497 5
fe9adb627a6f45747c5a8223b671774791ededf9364f6544be487c540107fa4f,59502 3 59758 3 60013 6 60269 7 60524 8 60780 9 61035 10 61291 11 61547 11 61803 10 62060 9 62316 7 62573 5
fe9adb627a6f45747c5a8223b671774791ededf9364f6544be487c540107fa4f,30075 7 30330 9 30586 10 30841 11 31097 12 31353 12 31609 12 31865 13 32122 12 32378 12 32635 10 32891 10 33148 8 33406 4
fe9adb627a6f45747c5a8223b671774791ededf9364f6544be487c540107fa4f,4483 5 4738 7 4994 7 5249 9 5504 10 5757 14 6012 15 6268 15 6523 17 6779 17 7036 15 7292 15 7549 13 7810 8 8068 5 8325 4
fe9adb627a6f45747c5a8223b671774791ededf9364f6544be487c540107fa4f,8335 4 8587 9 8838 14 9093 16 9348 17 9603 18 9859 18 10114 19 10371 18 10627 17 10884 16 11141 14 11398 12 11655 10 11913 7
fe9adb627a6f45747c5a8223b671774791ededf9364f6544be487c540107fa4f,56981 12 57235 15 57490 18 57746 18 58001 20 58257 20 58512 22 58768 22 59024 23 59280 23 59536 22 59792 22 60049 21 60305 20 60562 19 60819 17 61076 16 61335 12 61593 10 61851 6
fe9adb627a6f45747c5a8223b671774791ededf9364f6544be487c540107fa4f,21141 5 21396 6 21405 1 21652 12 21907 14 22163 14 22419 15 22675 15 22931 16 23187 16 23444 15 23700 15 23957 14 24213 13 24470 12 24727 10 24984 8 25242 4
fe9adb627a6f45747c5a8223b671774791ededf9364f6544be487c540107fa4f,38304 4 38557 9 38811 12 39065 15 39320 17 39575 19 39831 20 40086 21 40341 23 40597 23 40852 24 41108 24 41364 24 41620 24 41876 24 42132 24 42389 22 42645 22 42902 20 43159 18 43416 16 43674 12 43934 6
fe9adb627a6f45747c5a8223b671774791ededf9364f6544be487c540107fa4f,9625 1 9880 2 10136 4 10144 1 10392 9 10648 9 10904 8 11161 7 11417 6 11674 4
fe9adb627a6f45747c5a8223b671774791ededf9364f6544be487c540107fa4f,6811 8 7066 9 7321 11 7577 11 7832 12 8088 12 8344 12 8600 12 8856 11 9113 10 9369 9 9626 7 9882 7 10140 4
fe9adb627a6f45747c5a8223b671774791ededf9364f6544be487c540107fa4f,18077 5 18332 7 18588 7 18843 9 19099 8 19355 8 19609 10 19865 10 20120 10 20376 10 20633 8 20889 7 21146 3 21402 3
fe9adb627a6f45747c5a8223b671774791ededf9364f6544be487c540107fa4f,30630 5 30881 12 31135 14 31391 15 31646 16 31902 16 32158 15 32415 14 32671 13 32928 11 33187 5
fe9adb627a6f45747c5a8223b671774791ededf9364f6544be487c540107fa4f,26531 6 26786 8 27042 8 27297 10 27553 10 27809 11 28066 9 28322 9 28579 7
fe9adb627a6f45747c5a8223b671774791ededf9364f6544be487c540107fa4f,9393 4 9647 7 9902 8 10157 10 10412 14 10668 15 10923 16 11180 16 11436 16 11693 15 11949 14 12206 13 12463 11 12721 8 12979 4
fe9adb627a6f45747c5a8223b671774791ededf9364f6544be487c540107fa4f,6836 6 7092 7 7347 10 7603 11 7859 12 8115 12 8372 12 8628 11 8886 9 9142 8 9397 8 9654 6 9910 5 10167 3
fe9adb627a6f45747c5a8223b671774791ededf9364f6544be487c540107fa4f,19891 5 20145 9 20401 10 20656 11 20912 12 21168 12 21425 11 21681 11 21939 8 22196 7 22454 4
fe9adb627a6f45747c5a8223b671774791ededf9364f6544be487c540107fa4f,3001 4 3256 7 3511 10 3767 11 4022 12 4278 13 4534 13 4790 12 5046 12 5302 11 5559 6 5815 5
fe9adb627a6f45747c5a8223b671774791ededf9364f6544be487c540107fa4f,17084 4 17339 7 17593 9 17849 10 18104 11 18360 11 18615 11 18872 10 19128 9 19385 7 19644 3
fe9adb627a6f45747c5a8223b671774791ededf9364f6544be487c540107fa4f,25023 3 25277 7 25533 8 25788 9 26044 10 26299 11 26555 10 26810 11 27067 9 27323 8 27583 3
fe9adb627a6f45747c5a8223b671774791ededf9364f6544be487c540107fa4f,21697 5 21952 6 22207 8 22462 9 22717 10 22972 11 23228 10 23483 11 23739 10 23996 8 24252 7
fe9adb627a6f45747c5a8223b671774791ededf9364f6544be487c540107fa4f,9155 5 9410 6 9665 8 9920 9 10176 9 10431 11 10687 11 10944 10 11200 9 11457 8
fe9adb627a6f45747c5a8223b671774791ededf9364f6544be487c540107fa4f,27335 7 27590 9 27846 9 28101 11 28358 10 28614 10 28870 9 29127 8 29383 5
fe9adb627a6f45747c5a8223b671774791ededf9364f6544be487c540107fa4f,19143 7 19399 7 19654 9 19910 9 20166 9 20422 9 20679 7 20935 7 21192 5
fe9adb627a6f45747c5a8223b671774791ededf9364f6544be487c540107fa4f,30416 6 30671 9 30926 11 31181 13 31437 13 31692 15 31948 15 32204 15 32460 15 32717 13 32973 13 33231 10 33488 7
fe9adb627a6f45747c5a8223b671774791ededf9364f6544be487c540107fa4f,15320 6 15575 8 15831 9 16086 10 16342 11 16597 12 16853 13 17109 13 17365 12 17622 11 17878 10 18135 7
fe9adb627a6f45747c5a8223b671774791ededf9364f6544be487c540107fa4f,26842 5 27096 8 27351 10 27606 11 27862 12 28117 13 28373 13 28629 12 28886 11 29142 10 29399 9 29658 5
fe9adb627a6f45747c5a8223b671774791ededf9364f6544be487c540107fa4f,41437 3 41690 8 41946 9 42201 11 42457 12 42713 13 42969 13 43225 14 43481 14 43737 15 43994 14 44250 14 44507 13 44763 12 45021 10 45278 8 45537 3
fe9adb627a6f45747c5a8223b671774791ededf9364f6544be487c540107fa4f,20711 3 20965 7 21220 10 21476 11 21731 12 21988 12 22244 12 22500 12 22757 11 23013 11 23270 10 23527 9 23784 8 24042 5 24300 3
fe9adb627a6f45747c5a8223b671774791ededf9364f6544be487c540107fa4f,238 13 494 14 755 7
fe9adb627a6f45747c5a8223b671774791ededf9364f6544be487c540107fa4f,8179 4 8433 5 8688 6 8943 8 9198 9 9453 11 9709 11 9964 12 10221 9 10477 5
fe9adb627a6f45747c5a8223b671774791ededf9364f6544be487c540107fa4f,7674 6 7927 9 8183 10 8438 11 8694 10 8951 9 9207 8 9464 5 9720 3
fe9adb627a6f45747c5a8223b671774791ededf9364f6544be487c540107fa4f,63994 5 64247 10 64501 12 64756 13 65012 13 65267 14 65522 15
fe9adb627a6f45747c5a8223b671774791ededf9364f6544be487c540107fa4f,49407 2 49663 2 49913 8 50169 8 50424 9 50680 9 50935 10 51191 10 51448 9 51704 9 51961 3 51966 3 52222 3 52478 3 52735 2
fe9adb627a6f45747c5a8223b671774791ededf9364f6544be487c540107fa4f,52991 2 53247 2 53499 6 53754 7 54010 7 54265 8 54521 8 54777 8 55033 8 55289 8 55546 7 55802 7 56059 6 56316 5
fe9adb627a6f45747c5a8223b671774791ededf9364f6544be487c540107fa4f,18687 2 18942 3 19198 3 19453 4 19709 4 19964 5 20220 5 20476 5 20733 4 20989 4 21246 3 21503 2
